Name,date,reaction time,wind,time 10m,time 20m,time 30m,time 40m,time 50m,time 60m,time 70m,time 80m,time 90m,time 100m,velocity 10m,velocity 20m,velocity 30m,velocity 40m,velocity 50m,velocity 60m,velocity 70m,velocity 80m,velocity 90m,velocity 100m,lane,place
"Bolt, Usain (JAM) (1986)",16-Aug-09,0.146,0.9 m/s,1.88,2.88,3.78,4.64,5.47,6.29,7.10,7.92,8.74,9.58,5.32,10.00,11.11,11.63,12.05,12.20,12.35,12.20,12.20,11.90,4,1
"Bolt, Usain (JAM) (1986)",05-Aug-12,0.165,1.5 m/s,1.91,2.92,3.84,4.70,5.54,6.36,7.17,7.98,8.80,9.63,5.24,9.90,10.87,11.63,11.90,12.20,12.35,12.35,12.20,12.05,7,1
"Gay, Tyson (USA) (1982)",29-Jun-08,0.132,4.1 m/s,1.95,2.98,3.87,4.74,5.57,6.37,7.17,7.99,8.82,9.68,5.13,9.71,11.24,11.49,12.05,12.50,12.50,12.20,12.05,11.63,4,1
"Bolt, Usain (JAM) (1986)",16-Aug-08,0.165,0.0 m/s,1.86,2.88,3.78,4.65,5.50,6.32,7.14,7.96,8.79,9.69,5.38,9.80,11.11,11.49,11.76,12.20,12.20,12.20,12.05,11.11,4,1
"Gay, Tyson (USA) (1982)",16-Aug-09,0.144,0.9 m/s,1.91,2.93,3.84,4.70,5.54,6.36,7.19,8.02,8.86,9.71,5.24,9.80,21.98,23.26,23.81,24.39,24.10,24.10,23.81,23.53,5,2
"Bolt, Usain (JAM) (1986)",31-May-08,0.157,1.7 m/s,1.87,2.92,3.82,4.67,5.50,6.32,7.15,8.00,8.85,9.72,5.35,9.52,11.11,11.76,12.05,12.20,12.05,11.76,11.76,11.49,4,1
"Powell, Asafa (JAM) (1982)",09-Sep-07,0.137,1.7 m/s,NaN,2.88,3.79,4.65,5.49,6.32,7.15,7.98,8.84,9.74,NaN,6.94,10.99,11.63,11.90,12.05,12.05,12.05,11.63,11.11,5,1
"de Grasse, André (CAN) (1994)",21-Aug-21,0.129,2.9 m/s,NaN,3.0,NaN,4.8,NaN,6.4,NaN,8.1,NaN,9.74,NaN,6.67,NaN,11.11,NaN,12.50,NaN,11.76,NaN,12.20,6,1
"Blake, Yohan (JAM) (1989)",05-Aug-12,0.179,1.5 m/s,1.83,2.86,3.76,4.61,5.47,6.32,7.16,8.01,8.87,9.75,5.46,9.71,11.11,11.76,11.63,11.76,11.90,11.76,11.63,11.36,5,2
"Coleman, Christian (USA) (1996)",28-Sep-19,0.128,0.6 m/s,1.83,2.85,3.77,4.64,5.48,6.32,7.16,8.01,8.88,9.76,5.46,9.80,10.87,11.49,11.90,11.90,11.90,11.76,11.49,11.36,4,1
"Powell, Asafa (JAM) (1982)",14-Jun-05,0.150,1.6 m/s,1.89,2.91,3.83,4.69,5.54,6.39,7.23,8.07,8.92,9.77,5.29,9.80,10.87,11.63,11.76,11.76,11.90,11.90,11.76,11.76,5,1
"Powell, Asafa (JAM) (1982)",11-Jun-06,0.145,1.5 m/s,1.86,2.88,3.81,4.68,5.53,6.37,7.21,8.06,8.91,9.77,5.38,9.80,10.75,11.49,11.76,11.90,11.90,11.76,11.76,11.63,4,1
"Powell, Asafa (JAM) (1982)",18-Aug-06,0.148,1.0 m/s,1.87,2.89,3.81,4.68,5.52,6.36,7.20,8.05,8.91,9.77,5.35,9.80,10.87,11.49,11.90,11.90,11.90,11.76,11.63,11.63,5,1
"Gay, Tyson (USA) (1982)",28-Jun-08,NaN,1.6 m/s,1.90,2.92,3.85,4.74,5.56,6.39,7.22,8.05,8.89,9.77,5.26,9.80,10.75,11.24,12.20,12.05,12.05,12.05,11.90,11.36,2,1
"Montgomery, Tim (USA) (1975)",14-Sep-02,0.104,2.0 m/s,1.89,2.92,3.83,4.70,5.54,6.37,7.21,8.05,8.90,9.78,5.29,9.71,10.99,11.49,11.90,12.05,11.90,11.90,11.76,11.36,5,4
"Kerley, Fred (USA) (1995)",21-Aug-21,0.137,2.9 m/s,NaN,3.0,NaN,4.8,NaN,6.5,NaN,8.1,NaN,9.78,NaN,6.67,NaN,11.11,NaN,11.76,NaN,12.50,NaN,11.90,5,2
"Johnson, Ben (CAN) (1961)",24-Sep-88,0.132,1.1 m/s,1.83,2.87,3.80,4.66,5.50,6.33,7.17,8.02,8.89,9.79,5.46,9.62,10.75,11.63,11.90,12.05,11.90,11.76,11.49,11.11,6,4
"Greene, Maurice (USA) (1974)",16-Jun-99,0.162,0.1 m/s,1.86,2.89,3.81,4.69,5.57,6.40,7.23,8.09,8.94,9.79,5.38,9.71,10.87,11.36,11.36,12.05,12.05,11.63,11.76,11.76,4,1
"Gatlin, Justin (USA) (1982)",05-Aug-12,0.178,1.5 m/s,NaN,NaN,3.80,NaN,NaN,6.37,NaN,8.05,NaN,9.79,NaN,NaN,7.89,NaN,NaN,11.67,NaN,11.90,NaN,11.49,6,3
"Lyles, Noah (USA) (1997)",04-Aug-24,0.178,1.0 m/s,1.95,2.98,3.90,4.76,5.61,6.44,7.26,8.09,8.93,9.79,5.13,9.71,10.87,11.63,11.76,12.05,12.20,12.05,11.90,11.63,7,1
"Thompson, Kishane (JAM) (2001)",04-Aug-24,0.176,1.0 m/s,1.90,2.93,3.84,4.72,5.56,6.41,7.24,8.07,8.92,9.79,5.26,9.71,10.99,11.36,11.90,11.76,12.05,12.05,11.76,11.49,4,2
"Bednarek, Kenneth (USA) (1998)",03-May-25,0.160,2.4 m/s,1.94,2.94,3.85,4.73,5.58,6.44,7.28,8.09,8.95,9.79,5.15,10.00,10.99,11.36,11.76,11.63,11.90,12.35,11.63,11.90,5,1
"Greene, Maurice (USA) (1974)",22-Aug-99,0.132,0.2 m/s,1.73,2.76,3.68,4.56,5.42,6.26,7.11,7.96,8.81,9.67,5.78,9.71,10.87,11.36,11.63,11.90,11.76,11.76,11.76,11.63,5,1
"Dix, Walter (USA) (1986)",29-Jun-08,0.142,4.1 m/s,2.00,3.02,3.95,4.80,5.66,6.47,7.29,8.11,8.94,9.80,5.00,9.80,10.75,11.76,11.63,12.35,12.20,12.20,12.05,11.63,3,2
"Jacobs, Lamont Marcell (ITA) (1994)",01-Aug-21,0.161,0.1 m/s,NaN,NaN,3.67,NaN,NaN,6.41,NaN,8.08,NaN,9.80,NaN,NaN,8.17,NaN,NaN,10.95,NaN,5.90,NaN,11.63,3,1
"Thompson, Kishane (JAM) (2001)",04-Aug-24,0.157,0.5 m/s,1.88,2.91,3.83,4.70,5.55,6.40,7.24,8.08,8.94,9.80,5.32,9.71,10.87,11.49,11.76,11.76,11.90,11.90,11.63,11.63,4,1
"Powell, Asafa (JAM) (1982)",04-Jul-15,NaN,1.3 m/s,NaN,NaN,3.81,NaN,NaN,6.37,NaN,8.07,NaN,9.81,NaN,NaN,7.87,NaN,NaN,11.72,NaN,11.76,NaN,11.49,4,1
"Bolt, Usain (JAM) (1986)",14-Aug-16,0.155,0.2 m/s,NaN,NaN,3.84,NaN,NaN,6.41,NaN,8.08,NaN,9.81,NaN,NaN,7.81,NaN,NaN,11.67,NaN,11.98,NaN,11.56,6,1
"Lyles, Noah (USA) (1997)",20-Jul-24,0.164,-0.3 m/s,1.95,2.99,3.91,4.79,5.63,6.47,7.30,8.14,8.98,9.81,5.13,9.62,10.87,11.36,11.90,11.90,12.05,11.90,11.90,12.05,5,1
"Seville, Oblique (JAM) (2001)",04-Aug-24,0.146,0.7 m/s,1.87,2.90,3.83,4.71,5.55,6.40,7.24,8.09,8.94,9.81,5.35,9.71,10.75,11.36,11.90,11.76,11.90,11.76,11.76,11.49,6,1
"Kerley, Fred (USA) (1995)",04-Aug-24,0.108,1.0 m/s,1.87,2.92,3.85,4.73,5.58,6.41,7.25,8.09,8.94,9.81,5.35,9.52,10.75,11.36,11.76,12.05,11.90,11.90,11.76,11.49,3,3
"Greene, Maurice (USA) (1974)",05-Aug-01,0.132,-0.2 m/s,1.83,2.83,3.75,4.64,5.50,6.33,7.19,8.05,8.91,9.82,5.46,10.00,10.87,11.24,11.63,12.05,11.63,11.63,11.63,10.99,4,1
"Baker, Ronnie (USA) (1993)",21-Aug-21,0.138,2.9 m/s,NaN,3.0,NaN,4.7,NaN,6.4,NaN,8.1,NaN,9.82,NaN,6.67,NaN,11.76,NaN,11.76,NaN,11.76,NaN,11.63,2,3
"Simbine, Akani (RSA) (1993)",04-Aug-24,0.149,1.0 m/s,1.90,2.95,3.87,4.75,5.60,6.46,7.27,8.11,8.96,9.82,5.26,9.52,10.87,11.36,11.76,11.63,12.35,11.90,11.76,11.63,5,4
"Johnson, Ben (CAN) (1961)",30-Aug-87,0.109,1.0 m/s,1.84,2.86,3.80,4.67,5.53,6.38,7.23,8.10,8.96,9.83,5.43,9.80,10.64,11.49,11.63,11.76,11.76,11.49,11.63,11.49,5,4
"Powell, Asafa (JAM) (1982)",22-Sep-07,0.146,-0.3 m/s,NaN,2.93,3.84,4.70,NaN,6.41,NaN,8.10,NaN,9.83,NaN,6.83,10.99,11.63,NaN,11.70,NaN,11.83,NaN,11.56,4,1
Su Bingtian (CHN) (1989),01-Aug-21,0.142,0.9 m/s,NaN,NaN,3.73,NaN,NaN,6.29,NaN,8.03,NaN,9.83,NaN,NaN,8.04,NaN,NaN,11.72,NaN,5.65,NaN,11.11,4,1
"Baker, Ronnie (USA) (1993)",01-Aug-21,0.190,0.9 m/s,NaN,NaN,3.82,NaN,NaN,6.37,NaN,8.06,NaN,9.83,NaN,NaN,7.85,NaN,NaN,11.76,NaN,5.78,NaN,11.30,6,2
"Coleman, Christian (USA) (1996)",16-Sep-23,0.147,0.1 m/s,1.87,2.89,3.80,4.67,5.52,6.36,7.21,8.07,8.93,9.83,5.35,9.80,10.99,11.49,11.76,11.90,11.76,11.63,11.63,11.11,4,1
"Lyles, Noah (USA) (1997)",04-Aug-24,0.167,0.7 m/s,1.92,2.97,3.90,4.79,5.64,6.48,7.32,8.16,9.00,9.83,5.21,9.52,10.75,11.24,11.76,11.90,11.90,11.90,11.90,12.05,4,2
"Bailey, Donovan (CAN) (1967)",27-Jul-96,0.174,0.7 m/s,1.90,2.93,3.84,4.71,5.55,6.39,7.24,8.09,8.95,9.84,5.26,9.71,10.99,11.49,11.90,11.90,11.76,11.76,11.63,11.24,6,1
"Surin, Bruny (CAN) (1967)",22-Aug-99,0.127,0.2 m/s,1.75,2.75,3.66,4.55,5.40,6.25,7.11,7.97,8.83,9.71,5.71,10.00,10.99,11.24,11.76,11.76,11.63,11.63,11.63,11.36,6,2
"Powell, Asafa (JAM) (1982)",07-May-05,0.174,1.8 m/s,NaN,NaN,3.84,NaN,NaN,6.41,NaN,8.10,NaN,9.84,NaN,NaN,7.81,NaN,NaN,11.67,NaN,11.83,NaN,11.49,NaN,1
"Gay, Tyson (USA) (1982)",18-Aug-06,0.152,1.0 m/s,1.90,2.93,3.87,4.75,5.61,6.46,7.30,8.14,8.99,9.84,5.26,9.71,10.64,11.36,11.63,11.76,11.90,11.90,11.76,11.76,6,2
"Powell, Asafa (JAM) (1982)",14-Sep-07,0.148,-0.3 m/s,NaN,2.91,3.82,4.69,5.54,6.38,7.23,8.08,8.95,9.84,NaN,6.87,10.99,11.49,11.76,11.90,11.76,11.76,11.49,11.24,NaN,1
"Patton, Darvis (USA) (1977)",29-Jun-08,0.169,4.1 m/s,1.97,2.98,3.89,4.77,5.60,6.47,7.29,8.11,8.93,9.84,5.08,9.90,10.99,11.36,12.05,11.49,12.20,12.20,12.20,10.99,5,3
"Powell, Asafa (JAM) (1982)",16-Aug-09,0.134,0.9 m/s,1.88,2.90,3.83,4.71,5.56,6.40,7.24,8.09,8.95,9.84,5.32,9.80,10.75,11.36,11.76,11.90,11.90,11.76,11.63,11.24,6,3
"Jacobs, Lamont Marcell (ITA) (1994)",01-Aug-21,0.179,0.9 m/s,NaN,NaN,3.84,NaN,NaN,6.40,NaN,8.08,NaN,9.84,NaN,NaN,7.81,NaN,NaN,11.72,NaN,5.81,NaN,11.36,5,3
"Kerley, Fred (USA) (1995)",01-Aug-21,0.128,0.1 m/s,NaN,NaN,3.79,NaN,NaN,6.39,NaN,8.10,NaN,9.84,NaN,NaN,7.92,NaN,NaN,11.54,NaN,5.80,NaN,11.49,5,2
"Kerley, Fred (USA) (1995)",04-Aug-24,0.151,0.5 m/s,1.84,2.88,3.81,4.71,5.57,6.42,7.27,8.12,8.97,9.84,5.43,9.62,10.75,11.11,11.63,11.76,11.76,11.76,11.76,11.49,7,2
"Seville, Oblique (JAM) (2001)",03-May-25,0.190,2.4 m/s,1.95,2.95,3.87,4.74,5.60,6.42,7.27,8.13,8.97,9.84,5.13,10.00,10.87,11.49,11.63,12.20,11.76,11.63,11.90,11.49,4,2
"Bromell, Trayon (USA) (1995)",06-Jun-25,0.112,1.1 m/s,1.77,2.83,3.75,4.64,5.50,6.35,7.19,8.04,8.90,9.84,5.65,9.43,10.87,11.24,11.63,11.76,11.90,11.76,11.63,10.64,4,1
"Montgomery, Tim (USA) (1975)",05-Aug-01,0.157,-0.2 m/s,1.86,2.88,3.83,4.73,5.59,6.44,7.28,8.13,8.98,9.85,5.38,9.80,10.53,11.11,11.63,11.76,11.90,11.76,11.76,11.49,3,2
"Gatlin, Justin (USA) (1982)",22-Aug-04,0.188,0.6 m/s,1.87,2.90,NaN,NaN,5.56,6.41,7.27,NaN,8.98,9.85,5.35,9.71,NaN,NaN,11.28,11.76,11.63,NaN,11.70,11.49,3,1
"Fasuba, Olusoji A. (NGR) (1984)",12-May-06,0.158,1.7 m/s,1.83,2.85,3.79,4.65,5.50,6.35,7.21,8.08,8.96,9.85,5.46,9.80,10.64,11.63,11.76,11.76,11.63,11.49,11.36,11.24,NaN,2-1
"Gay, Tyson (USA) (1982)",26-Aug-07,0.143,-0.5 m/s,1.90,2.94,3.86,4.73,5.59,6.44,7.28,8.13,8.99,9.85,5.26,9.62,10.87,11.49,11.63,11.76,11.90,11.76,11.63,11.63,5,1
"Gay, Tyson (USA) (1982)",29-Jun-08,NaN,2.2 m/s,2.04,3.04,3.92,4.81,5.61,6.45,7.29,8.12,8.97,9.85,4.90,10.00,11.36,11.24,12.50,11.90,11.90,12.05,11.76,11.36,4,1
"Padgett, Travis (USA) (1986)",29-Jun-08,NaN,4.1 m/s,1.95,2.95,3.86,4.76,5.58,6.46,7.28,8.11,8.99,9.85,5.13,10.00,10.99,11.11,12.20,11.36,12.20,12.05,11.36,11.63,6,4
"Thompson, Kishane (JAM) (2001)",02-Sep-23,0.145,0.4 m/s,1.87,2.91,3.82,4.69,5.55,6.40,7.25,8.10,8.97,9.85,5.35,9.62,10.99,11.49,11.63,11.76,11.76,11.76,11.49,11.36,10,2
"Lyles, Noah (USA) (1997)",16-Sep-23,0.155,0.1 m/s,1.94,2.98,3.90,4.78,5.64,6.48,7.31,8.15,8.99,9.85,5.15,9.62,10.87,11.36,11.63,11.90,12.05,11.90,11.90,11.63,5,2
"Omanyala, Ferdinand (KEN) (1996)",16-Sep-23,0.135,0.1 m/s,1.91,2.92,3.84,4.71,5.56,6.40,7.24,8.10,8.97,9.85,5.24,9.90,10.87,11.49,11.76,11.90,11.90,11.63,11.49,11.36,3,3
"Jacobs, Lamont Marcell (ITA) (1994)",04-Aug-24,0.114,1.0 m/s,1.87,2.92,3.85,4.74,5.60,6.44,7.28,8.13,8.98,9.85,5.35,9.52,10.75,11.24,11.63,11.90,11.90,11.76,11.76,11.49,9,5
"Blake, Ackeem (JAM) (2002)",03-May-25,0.160,2.4 m/s,1.92,2.92,3.85,4.72,5.58,6.42,7.26,8.17,8.97,9.85,5.21,10.00,10.75,11.49,11.63,11.90,11.90,10.99,12.50,11.36,3,3
"Lewis, Carl (USA) (1961)",25-Aug-91,0.140,1.2 m/s,1.88,2.96,3.88,4.77,5.61,6.46,7.30,8.13,9.00,9.86,5.32,9.26,10.87,11.24,11.90,11.76,11.90,12.05,11.49,11.63,5,1
"Greene, Maurice (USA) (1974)",03-Aug-97,0.134,0.2 m/s,1.71,2.75,3.67,4.55,5.42,6.27,7.12,7.98,8.85,9.73,5.85,9.62,10.87,11.36,11.49,11.76,11.76,11.63,11.49,11.36,3,1
"Greene, Maurice (USA) (1974)",01-Sep-00,0.142,-0.2 m/s,NaN,2.87,3.80,4.68,5.54,6.39,NaN,8.11,NaN,9.86,NaN,6.97,10.75,11.36,11.63,11.76,NaN,11.63,NaN,11.43,9.86,1
"Obikwelu, Francis (POR) (1978)",22-Aug-04,0.163,0.6 m/s,1.90,2.93,NaN,NaN,5.60,6.44,7.29,NaN,9.00,9.86,5.26,9.71,NaN,NaN,11.24,11.90,11.76,NaN,11.70,11.63,9.86 5,2
"Vicaut, Jimmy (FRA) (1992)",04-Jul-15,NaN,1.3 m/s,NaN,NaN,3.87,NaN,NaN,6.44,NaN,8.13,NaN,9.86,NaN,NaN,7.75,NaN,NaN,11.67,NaN,11.83,NaN,11.56 10.14 45.2 7.75 11.67,9.86 3,2
"Bromell, Trayvon (USA) (1995)",21-Aug-21,0.134,2.9 m/s,NaN,3.0,NaN,4.8,NaN,6.5,NaN,8.2,NaN,9.86 9.86 7/4,NaN,6.67,NaN,11.11,NaN,11.76,NaN,11.76,NaN,12.05 10.14 46.0,9.86 9.86 7,4
"Simbine, Akani (RSA) (1993)",20-Jul-24,0.132,-0.3 m/s,1.94,2.98,3.91,4.80,5.65,6.50,7.33,8.18,9.03,9.86 9.86 7/2,5.15,9.62,10.75,11.24,11.76,11.76,12.05,11.76,11.76,12.05 10.14 47.0 7.67 11.58 11.86,9.86 9.86 7,2
"Tebogo, Letsile (BOT) (2003)",04-Aug-24,0.178,1.0 m/s,1.90,2.94,3.87,4.75,5.61,6.45,7.29,8.13,8.98,9.86 9.86 8/6,5.26,9.62,10.75,11.36,11.63,11.90,11.90,11.90,11.76,11.36,9.86 9.86 8,6
"Bednarek, Kenneth (USA) (1998)",01-Jun-25,0.200,0.8 m/s,1.99,3.00,3.87,4.75,5.61,6.44,7.27,8.14,9.00,9.86,5.03,9.90,11.49,11.36,11.63,12.05,12.05,11.49,11.63,11.63,4,1
"Seville, Oblique (JAM) (2001)",19-Jul-25,0.133,-0.6 m/s,NaN,NaN,NaN,4.62,5.50,6.35,7.20,8.06,8.92,9.86,NaN,NaN,NaN,8.66,11.36,11.76,11.76,11.63,11.63,10.64,4,1
"Christie, Linford (GBR) (1960)",15-Aug-93,0.140,0.3 m/s,NaN,NaN,3.85,NaN,NaN,6.45,NaN,8.15,NaN,9.87,NaN,NaN,7.79,NaN,NaN,11.54,NaN,11.76,NaN,11.63,4,1
"Greene, Maurice (USA) (1974)",23-Sep-00,0.197,-0.3 m/s,1.94,2.96,3.88,4.78,5.63,6.45,7.28,8.12,8.97,9.87,5.15,9.80,10.87,11.11,11.76,12.20,12.05,11.90,11.76,11.11,5,1
"Chambers, Dwain (GBR) (1978)",14-Sep-02,0.140,2.0 m/s,1.89,2.92,3.84,4.72,5.57,6.41,7.26,8.11,8.98,9.87,5.29,9.71,10.87,11.36,11.76,11.90,11.76,11.76,11.49,11.24,4,2
"Greene, Maurice (USA) (1974)",22-Aug-04,0.151,0.6 m/s,1.88,2.92,NaN,NaN,5.60,6.44,7.29,NaN,9.01,9.87,5.32,9.62,NaN,NaN,11.19,11.90,11.76,NaN,11.63,11.63,7,3
"Powell, Asafa (JAM) (1982)",13-Sep-08,0.153,0.4 m/s,NaN,2.95,3.88,4.76,5.61,6.47,7.27,8.14,NaN,9.87,NaN,6.78,10.75,11.36,11.76,11.63,12.50,11.49,NaN,11.56,5,1
"Kiryu, Yoshihide (JPN) (1995)",28-Mar-15,NaN,3.3 m/s,NaN,NaN,3.88,NaN,NaN,6.45,NaN,NaN,8.99,9.87,NaN,NaN,7.73,NaN,NaN,11.67,NaN,NaN,11.81,2.03,4,1
"Kerley, Fred (USA) (1995)",09-Sep-21,0.134,-0.4 m/s,NaN,2.9,NaN,4.8,NaN,6.5,NaN,8.2,NaN,9.87,NaN,6.90,NaN,10.53,NaN,11.76,NaN,11.76,NaN,11.98,5,1
"Thompson, Kishane (JAM) (2001)",16-Sep-23,0.129,0.1 m/s,1.87,2.89,3.81,4.68,5.53,6.38,7.24,8.09,8.96,9.87,5.35,9.80,10.87,11.49,11.76,11.76,11.63,11.76,11.49,10.99,7,4
"Simbine, Akani (RSA) (1993)",04-Aug-24,0.143,0.0 m/s,1.94,2.97,3.91,4.79,5.65,6.50,7.34,8.18,9.03,9.87,5.15,9.71,10.64,11.36,11.63,11.76,11.90,11.90,11.76,11.90,5,1
"Kerley, Fred (USA) (1995)",25-Aug-24,0.155,1.9 m/s,1.87,2.92,3.86,4.75,5.61,6.46,7.30,8.14,9.00,9.87,5.35,9.52,10.64,11.24,11.63,11.76,11.90,11.90,11.63,11.49,4,1
"Tebogo, Letsile (BOT) (2003)",30-Aug-24,0.136,0.3 m/s,1.84,2.87,3.80,4.69,5.56,6.41,7.26,8.11,8.97,9.87,5.43,9.71,10.75,11.24,11.49,11.76,11.76,11.76,11.63,11.11,6,1
"Hughes, Zharnel (GBR) (1995)",03-May-25,0.120,2.4 m/s,2.02,3.04,3.95,4.82,5.67,6.51,7.35,8.19,9.02,9.87,4.95,9.80,10.99,11.49,11.76,11.90,11.90,11.90,12.05,11.76,6,4
"Thompson, Kishane (JAM) (2001)",16-Aug-25,0.143,0.3 m/s,1.83,2.88,3.80,4.68,5.54,6.40,7.26,8.12,8.99,9.87,5.46,9.52,10.87,11.36,11.63,11.63,11.63,11.63,11.49,11.36,5,1
"Seville, Oblique (JAM) (2001)",25-Aug-91,0.120,1.2 m/s,1.83,2.89,3.80,4.68,5.55,6.41,7.28,8.12,9.01,9.88,5.46,9.43,10.99,11.36,11.49,11.63,11.49,11.90,11.24,11.49,3,2
"Bailey, Donovan (CAN) (1967)",12-Jun-96,NaN,4.0 m/s,1.90,NaN,3.84,NaN,NaN,6.41,NaN,8.12,NaN,9.88,5.26,NaN,10.31,NaN,NaN,11.67,NaN,11.70,NaN,11.36,NaN,1
"Tebogo, Letsile (BOT) (2003)",20-Jul-24,0.159,-0.3 m/s,1.92,2.96,3.89,4.78,5.64,6.48,7.33,8.17,9.04,9.88,5.21,9.62,10.75,11.24,11.63,11.90,11.76,11.90,11.49,11.90,4,3
"Bednarek, Kenneth (USA) (1998)",04-Aug-24,0.163,1.0 m/s,1.91,2.96,3.88,4.75,5.61,6.46,7.29,8.14,9.00,9.88,5.24,9.52,10.87,11.49,11.63,11.76,12.05,11.76,11.63,11.36,2,7
"Omanyala, Ferdinand (KEN) (1996)",25-Aug-24,0.139,1.9 m/s,1.88,2.93,3.86,4.73,5.58,6.42,7.26,8.12,8.99,9.88,5.32,9.52,10.75,11.49,11.76,11.90,11.90,11.63,11.49,11.24,3,2
"Fredericks, Frank (NAM) (1967)",27-Jul-96,0.143,0.7 m/s,1.84,2.87,3.80,4.69,5.55,6.41,7.27,8.13,9.00,9.89,5.43,9.71,10.75,11.24,11.63,11.63,11.63,11.63,11.49,11.24,5,2
"Crawford, Shawn (USA) (1978)",22-Aug-04,0.161,0.6 m/s,1.89,2.93,NaN,NaN,5.61,6.45,7.29,NaN,9.01,9.89,5.29,9.62,NaN,NaN,11.19,11.90,11.90,NaN,11.63,11.36,4,4
"Padgett, Travis (USA) (1986)",28-Jun-08,NaN,1.6 m/s,1.83,2.90,3.86,4.75,5.60,6.44,7.32,8.14,9.01,9.89,5.46,9.35,10.42,11.24,11.76,11.90,11.36,12.20,11.49,11.36,3,1
"Patton, Darvis (USA) (1977)",28-Jun-08,NaN,1.6 m/s,1.88,2.98,3.88,4.75,5.60,6.47,7.32,8.15,8.98,9.89,5.32,9.09,11.11,11.49,11.76,11.49,11.76,12.05,12.05,10.99,4,1
"Thompson, Richard (TTO) (1985)",16-Aug-08,0.133,0.0 m/s,NaN,NaN,3.78,NaN,NaN,6.40,NaN,8.13,NaN,9.89,NaN,NaN,7.94,NaN,NaN,11.45,NaN,11.56,NaN,11.36,5,2
"Bolt, Usain (JAM) (1986)",16-Aug-09,0.135,0.2 m/s,NaN,2.89,3.81,4.68,NaN,6.41,NaN,8.11,NaN,9.89,NaN,6.92,10.87,11.49,NaN,11.56,NaN,11.76,NaN,11.24,6,1
"Gatlin, Justin (USA) (1982)",28-Sep-19,0.148,0.6 m/s,1.84,2.88,3.81,4.70,5.56,6.42,7.27,8.13,9.00,9.89,5.43,9.62,10.75,11.24,11.63,11.63,11.76,11.63,11.49,11.24,3,2
"de Grasse, André (CAN) (1994)",01-Aug-21,0.155,0.1 m/s,NaN,NaN,3.88,NaN,NaN,6.48,NaN,8.17,NaN,9.89,NaN,NaN,7.73,NaN,NaN,11.54,NaN,5.87,NaN,11.63,9,3
"de Grasse, André (CAN) (1994)",09-Sep-21,0.110,-0.4 m/s,NaN,3.0,NaN,4.8,NaN,6.5,NaN,8.2,NaN,9.89,NaN,6.67,NaN,11.11,NaN,11.76,NaN,11.76,NaN,11.83,6,2
"Blake, Ackeem (JAM) (2002)",25-Aug-24,0.154,1.9 m/s,1.89,2.92,3.85,4.73,5.60,6.45,7.29,8.15,9.01,9.89,5.29,9.71,10.75,11.36,11.49,11.76,11.90,11.63,11.63,11.36,2,3
"Boldon, Ato (TTO) (1973)",27-Jul-96,0.164,0.7 m/s,1.89,2.91,3.83,4.71,5.56,6.40,7.25,8.12,9.00,9.90,5.29,9.80,10.87,11.36,11.76,11.90,11.76,11.49,11.36,11.11,3,3
"Greene, Maurice (USA) (1974)",13-Jun-97,NaN,0.2 m/s,NaN,NaN,NaN,NaN,5.56,NaN,NaN,NaN,NaN,9.90,NaN,NaN,NaN,NaN,8.99,NaN,NaN,NaN,NaN,11.52,NaN,1
"de Grasse, Andre (CAN) (1994)",28-Sep-19,0.140,0.6 m/s,1.88,2.94,3.88,4.77,5.63,6.48,NaN,8.17,9.03,9.99,5.32,9.43,10.64,11.24,11.63,11.76,11.90,11.76,11.63,10.42,NaN,NaN
"Simbine, Akani (RSA) (1993)",01-Aug-21,0.140,0.9 m/s,NaN,NaN,3.86,NaN,NaN,6.46,NaN,8.16,NaN,9.90,NaN,NaN,7.77,NaN,NaN,11.54,NaN,5.81,NaN,11.49,7,4
"Norman, Michael (USA) (1997)",21-Aug-21,0.133,2.9 m/s,NaN,3.0,NaN,4.8,NaN,6.5,NaN,8.2,NaN,9.90,NaN,6.67,NaN,11.11,NaN,11.76,NaN,11.76,NaN,11.76,9,5
"Lewis, Carl (USA) (1961)",24-Sep-88,0.136,1.1 m/s,1.89,2.96,3.90,4.79,5.65,6.48,7.33,8.18,9.04,9.92,5.29,9.35,10.64,11.24,11.63,12.05,11.76,11.76,11.63,11.36,3,2-1
"Christie, Linford (GBR) (1960)",25-Aug-91,0.126,1.2 m/s,1.85,2.91,3.83,4.72,5.57,6.43,7.29,8.14,9.04,9.92,5.41,9.43,10.87,11.24,11.76,11.63,11.63,11.76,11.11,11.36,4,4
"Cason, André (USA) (1969)",15-Aug-93,0.183,0.3 m/s,NaN,NaN,3.83,NaN,NaN,6.43,NaN,8.15,NaN,9.92,NaN,NaN,7.83,NaN,NaN,11.54,NaN,11.63,NaN,11.30,6,2
"Mitchell, Dennis (USA) (1966)",15-Jun-96,NaN,1.1 m/s,1.83,NaN,3.80,NaN,5.53,NaN,NaN,NaN,8.93,9.92,5.46,NaN,10.15,NaN,11.56,NaN,NaN,NaN,11.76,10.10,5,1
"Montgomery, Tim (USA) (1975)",13-Jun-97,NaN,0.2 m/s,NaN,NaN,NaN,NaN,5.56,NaN,NaN,NaN,NaN,9.92,NaN,NaN,NaN,NaN,8.99,NaN,NaN,NaN,NaN,11.47,NaN,2
"Surin, Bruny (CAN) (1967)",13-Jun-99,0.123,1.1 m/s,NaN,2.90,3.83,4.71,NaN,6.43,NaN,8.15,NaN,9.92,NaN,6.90,10.75,11.36,NaN,11.63,NaN,11.63,NaN,11.30,NaN,1
"Gatlin, Justin (USA) (1982)",11-Jul-04,0.157,0.0 m/s,1.94,2.94,3.87,4.75,5.60,6.47,7.32,8.17,9.04,9.92,5.15,10.00,10.75,11.36,11.76,11.49,11.76,11.76,11.49,11.36,5,2
"Lemaitre, Christophe (FRA) (1990)",04-Jun-11,NaN,-1.1 m/s,NaN,NaN,3.93,NaN,NaN,6.50,NaN,8.19,NaN,9.92,NaN,NaN,7.63,NaN,NaN,11.67,NaN,11.83,NaN,11.56,6,1
"Blake, Yohan (JAM) (1989)",28-Aug-11,0.174,-1.4 m/s,1.87,2.89,3.83,4.70,5.56,6.41,7.27,8.13,9.00,9.88,5.35,9.80,10.64,11.49,11.63,11.76,11.63,11.63,11.49,11.36,6,1
"Gatlin, Justin (USA) (1982)",05-Aug-17,0.138,-0.8 m/s,1.88,2.90,3.81,4.71,5.59,6.45,7.31,8.18,9.05,9.92,5.32,9.80,10.99,11.11,11.36,11.63,11.63,11.49,11.49,11.49,8,1
Su Bingtian (CHN) (1989),26-Aug-18,0.143,0.8 m/s,1.80,2.83,3.76,4.65,5.52,6.38,7.25,8.13,9.01,9.92,5.56,9.71,10.75,11.24,11.49,11.63,11.49,11.36,11.36,10.99,6,1
"Lyles, Noah (USA) (1997)",12-Jul-19,0.149,0.3 m/s,NaN,NaN,NaN,5.7,NaN,NaN,NaN,NaN,9.92,9.92,NaN,NaN,NaN,8.77,NaN,NaN,NaN,NaN,11.85,10.08,5,2
"Kerley, Fred (USA) (1995)",09-Jun-22,0.137,-0.2 m/s,NaN,2.93,NaN,4.76,NaN,6.48,NaN,8.18,NaN,9.92,NaN,6.83,NaN,10.93,NaN,11.63,NaN,11.76,NaN,11.49,5,1
"Omanyala, Ferdinand (KEN) (1996)",21-Jul-23,0.156,0.6 m/s,1.91,2.95,3.88,4.75,5.61,6.47,7.32,8.18,9.05,9.92,5.24,9.62,10.75,11.49,11.63,11.63,11.76,11.63,11.49,11.49,4,1
"Jacobs, Lamont Marcell (ITA) (1994)",04-Aug-24,0.135,0.0 m/s,1.89,2.95,3.89,4.77,5.64,6.49,7.35,8.21,9.06,9.92,5.29,9.43,10.64,11.36,11.49,11.76,11.63,11.63,11.76,11.63,8,3
"Coleman, Christian (USA) (1996)",30-Aug-24,0.141,0.3 m/s,1.88,2.89,3.82,4.69,5.56,6.41,7.28,8.15,9.03,9.92,5.32,9.90,10.75,11.49,11.49,11.76,11.49,11.49,11.36,11.24,3,2
"Lewis, Carl (USA) (1961)",30-Aug-87,0.196,1.0 m/s,1.94,2.96,3.91,4.78,5.64,6.50,7.36,8.22,9.07,9.93,5.15,9.80,10.53,11.49,11.63,11.63,11.63,11.63,11.76,11.63,6,2-1
"Crawford, Shawn (USA) (1978)",11-Jul-04,0.179,0.0 m/s,1.95,3.00,3.91,4.78,5.63,6.49,7.34,8.19,9.05,9.93,5.13,9.52,10.99,11.49,11.76,11.63,11.76,11.76,11.63,11.36,6,3
"Gatlin, Justin (USA) (1982)",23-Jun-06,NaN,-1.2 m/s,1.92,2.98,3.87,4.73,5.59,6.46,7.29,8.16,9.06,9.93,5.21,9.43,11.24,11.63,11.63,11.49,12.05,11.49,11.11,11.49,4,4
"Dix, Walter (USA) (1986)",29-Jun-08,NaN,2.2 m/s,2.00,3.04,3.97,4.86,5.70,6.54,7.37,8.22,9.09,9.93,5.00,9.62,10.75,11.24,11.90,11.90,12.05,11.76,11.49,11.90,2,2
"Martina, Churandy (AHO) (1984)",16-Aug-08,0.169,0.0 m/s,NaN,NaN,3.92,NaN,NaN,6.53,NaN,8.23,NaN,9.93,NaN,NaN,7.65,NaN,NaN,11.48,NaN,11.79,NaN,11.76,9,4
"Gay, Tyson (USA) (1982)",16-Aug-09,0.143,-0.2 m/s,NaN,2.99,3.92,4.80,NaN,6.54,NaN,8.21,NaN,9.93,NaN,6.69,10.75,11.36,NaN,11.49,NaN,11.98,NaN,11.63,5,1
"Thompson, Richard (TTO) (1985)",16-Aug-09,0.119,0.9 m/s,NaN,2.90,3.83,4.71,NaN,6.45,NaN,8.17,NaN,9.93,NaN,6.90,10.75,11.36,NaN,11.49,NaN,11.63,NaN,11.36,8,5
"Simbine, Akani (RSA) (1993)",28-Sep-19,0.117,0.6 m/s,1.87,2.92,3.85,4.74,5.60,6.46,7.31,8.17,9.04,9.93,5.35,9.52,10.75,11.24,11.63,11.63,11.76,11.63,11.49,11.24,5,4
"Simbine, Akani (RSA) (1993)",01-Aug-21,0.141,0.1 m/s,NaN,NaN,3.88,NaN,NaN,6.50,NaN,8.20,NaN,9.93,NaN,NaN,7.73,NaN,NaN,11.45,NaN,5.83,NaN,11.56,2,4
"Gatlin, Justin (USA) (1982)",21-Aug-21,0.142,2.9 m/s,NaN,3.0,NaN,4.8,NaN,6.5,NaN,8.2,NaN,9.93,NaN,6.67,NaN,11.11,NaN,11.76,NaN,11.76,NaN,11.56,3,6
"Bromell, Trayvon (USA) (1995)",28-May-22,0.123,-0.2 m/s,NaN,2.87,NaN,4.70,NaN,6.45,NaN,8.17,NaN,9.93,NaN,6.97,NaN,10.93,NaN,11.43,NaN,11.63,NaN,11.36,6,1
"Tebogo, Letsile (BOT) (2003)",21-Jul-23,0.138,0.6 m/s,1.87,2.92,3.87,4.77,5.64,6.50,7.35,8.21,9.06,9.93,5.35,9.52,10.53,11.11,11.49,11.63,11.76,11.63,11.76,11.49,5,2
"Bednarek, Kenneth (USA) (1998)",04-Aug-24,0.161,0.0 m/s,1.93,2.97,3.90,4.78,5.64,6.49,7.35,8.21,9.08,9.93,5.18,9.62,10.75,11.36,11.63,11.76,11.63,11.63,11.49,11.76,7,4
"Jacobs, Lamont Marcell (ITA) (1994)",25-Aug-24,0.145,1.9 m/s,1.92,2.96,3.90,4.78,5.64,6.49,7.34,8.18,9.05,9.93,5.21,9.62,10.64,11.36,11.63,11.76,11.76,11.90,11.49,11.36,6,4
"Blake, Ackeem (JAM) (2002)",13-Sep-24,0.151,0.1 m/s,1.89,2.92,3.85,4.74,5.60,6.46,7.32,8.18,9.06,9.93,5.29,9.71,10.75,11.24,11.63,11.63,11.63,11.63,11.36,11.49,3,1
"Bailey, Donovan (CAN) (1967)",13-Jun-97,NaN,0.5 m/s,1.92,2.94,3.85,4.72,5.58,6.43,7.31,8.18,9.06,9.94,5.21,9.80,10.99,11.49,11.63,11.76,11.36,11.49,11.36,11.36,NaN,1
"Montgomery, Tim (USA) (1975)",03-Aug-97,0.134,0.2 m/s,1.73,2.76,3.69,4.57,5.43,6.29,7.15,8.02,8.90,9.80,5.78,9.71,10.75,11.36,11.63,11.63,11.63,11.49,11.36,11.11,7,3
"Williams, Ivory (USA) (1985)",28-Jun-08,NaN,1.6 m/s,1.86,2.87,3.85,4.72,5.59,6.44,7.31,8.15,9.00,9.94,5.38,9.90,10.20,11.49,11.49,11.76,11.49,11.90,11.76,10.64,3,2
"Coleman, Christian (USA) (1996)",05-Aug-17,0.123,-0.8 m/s,1.87,2.87,3.77,4.65,5.52,6.38,7.26,8.14,9.02,9.94,5.35,10.00,11.11,11.36,11.49,11.63,11.36,11.36,11.36,10.87,5,2
"Kerley, Fred (USA) (1995)",03-Sep-21,0.149,0.1 m/s,NaN,3.0,NaN,4.8,NaN,6.5,NaN,8.3,NaN,9.94,NaN,6.67,NaN,11.11,NaN,11.76,NaN,11.11,NaN,12.20,5,1
"Bromell, Trayvon (USA) (1995)",08-Sep-22,0.147,-0.3 m/s,NaN,2.89,NaN,4.72,NaN,6.45,NaN,8.18,NaN,9.94,NaN,6.92,NaN,10.93,NaN,11.56,NaN,11.56,NaN,11.36,5,1
"Kerley, Fred (USA) (1995)",28-May-23,0.149,0.1 m/s,1.88,2.91,3.85,4.74,5.61,6.48,7.33,8.19,9.05,9.94,5.32,9.71,10.64,11.24,11.49,11.49,11.76,11.63,11.63,11.24,5,1
"Kerley, Fred (USA) (1995)",02-Jun-23,0.157,0.0 m/s,1.92,2.94,3.88,4.77,5.64,6.50,7.35,8.21,9.06,9.94,5.21,9.80,10.64,11.24,11.49,11.63,11.76,11.63,11.76,11.36,4,1
"Hines, Jim (USA) (1946)",14-Oct-68,NaN,0.3 m/s,NaN,NaN,NaN,3.84,NaN,6.48,NaN,8.20,NaN,9.95,NaN,NaN,NaN,7.81,NaN,11.36,NaN,11.63,NaN,11.43,3,1
"Johnson, Ben (CAN) (1961)",09-Jul-86,NaN,0.8 m/s,NaN,NaN,NaN,3.86,NaN,6.47,NaN,NaN,NaN,9.95,NaN,NaN,NaN,7.77,NaN,11.49,NaN,NaN,NaN,11.49,4,4
"Fredericks, Frank (NAM) (1967)",25-Aug-91,0.151,1.2 m/s,1.86,2.92,3.84,4.73,5.60,6.47,7.33,8.18,9.07,9.95,5.38,9.43,10.87,11.24,11.49,11.49,11.63,11.76,11.24,11.36,7,5
"Fredericks, Frank (NAM) (1967)",03-Aug-97,0.129,0.2 m/s,1.73,2.77,3.70,4.59,5.46,6.32,7.18,8.05,8.93,9.82,5.78,9.62,10.75,11.24,11.49,11.63,11.63,11.49,11.36,11.24,2,4
"Gatlin, Justin (USA) (1982)",06-May-06,NaN,-0.1 m/s,1.93,2.95,3.88,4.77,5.63,6.49,7.35,8.21,9.07,9.95,5.18,9.80,10.75,11.24,11.63,11.63,11.63,11.63,11.63,11.36,NaN,-4
"Martin, Rodney (USA) (1982)",28-Jun-08,interval,1.6 m/s,1.85,2.92,3.94,4.82,5.67,6.52,7.37,8.21,9.07,9.95,5.41,9.35,9.80,11.36,11.76,11.76,11.76,11.90,11.63,11.36,5,2
"Powell, Asafa (JAM) (1982)",16-Aug-08,0.134,0.0 m/s,NaN,3.81,NaN,NaN,6.42,NaN,8.17,NaN,9.95,9.95,NaN,7.87,NaN,NaN,11.49,NaN,11.43,NaN,11.24,10.05,7,5
"Powell, Asafa (JAM) (1982)",15-Aug-09,0.130,-0.4 m/s,NaN,2.89,3.81,4.69,NaN,6.41,NaN,8.10,NaN,9.95,NaN,6.92,10.87,11.36,NaN,11.63,NaN,11.83,NaN,10.81,1,1
"Powell, Asafa (JAM) (1982)",16-Aug-09,0.133,-0.2 m/s,NaN,2.92,3.85,4.73,NaN,6.47,NaN,8.17,NaN,9.95,NaN,6.85,10.75,11.36,NaN,11.49,NaN,11.76,NaN,11.24,4,2
"Saidy Ndure, Jaysuma (NOR) (1984)",28-Jul-13,NaN,3.0 m/s,NaN,NaN,3.90,NaN,NaN,6.49,NaN,8.20,NaN,9.95,NaN,NaN,7.69,NaN,NaN,11.58,NaN,11.70,NaN,11.43,5,1
"Bolt, Usain (JAM) (1986)",05-Aug-17,0.183,-0.8 m/s,1.96,2.98,3.88,4.76,5.64,6.49,7.34,8.20,9.06,9.95,5.10,9.80,11.11,11.36,11.36,11.76,11.76,11.63,11.63,11.24,4,3
"Yamagata, Ryota (JPN) (1992)",06-Jun-21,0.127,2.0 m/s,1.83,2.88,3.82,4.71,5.58,6.44,7.30,8.17,9.05,9.95,5.46,9.52,10.64,11.24,11.49,11.63,11.63,11.49,11.36,11.11,6,1
"Baker, Ronnie (USA) (1993)",01-Aug-21,0.148,0.1 m/s,NaN,NaN,3.81,NaN,NaN,6.43,NaN,8.15,NaN,9.95,NaN,NaN,7.87,NaN,NaN,11.45,NaN,5.68,NaN,11.11,7,5
"Simbine, Akani (RSA) (1993)",21-Aug-21,0.132,2.9 m/s,NaN,3.0,NaN,4.8,NaN,6.6,NaN,8.3,NaN,9.95,NaN,6.67,NaN,11.11,NaN,11.11,NaN,11.76,NaN,12.12,4,7
"Bromell, Trayvon (USA) (1995)",06-Aug-22,0.138,-0.7 m/s,NaN,2.89,NaN,4.73,NaN,6.47,NaN,8.19,NaN,9.95,NaN,6.92,NaN,10.87,NaN,11.49,NaN,11.63,NaN,11.36,4,1
"Coleman, Christian (USA) (1996)",25-May-24,0.132,1.2 m/s,1.87,2.90,3.82,4.70,5.57,6.42,7.28,8.16,9.06,9.95,5.35,9.71,10.87,11.36,11.49,11.76,11.63,11.36,11.11,11.24,5,1
"Richardson, Benjamin (RSA) (2003)",04-Aug-24,0.148,0.5 m/s,1.87,2.91,3.83,4.71,5.57,6.44,7.30,8.16,9.05,9.95,5.35,9.62,10.87,11.36,11.63,11.49,11.63,11.63,11.24,11.11,9,3
"Kerley, Fred (USA) (1995)",30-Aug-24,0.144,0.3 m/s,1.89,2.94,3.88,4.78,5.65,6.51,7.36,8.22,9.09,9.95,5.29,9.52,10.64,11.11,11.49,11.63,11.76,11.63,11.49,11.63,4,3
"Stewart, Raymond (JAM) (1965)",25-Aug-91,0.114,1.2 m/s,1.81,2.88,3.79,4.68,5.54,6.41,7.29,8.16,9.06,9.96,5.52,9.35,10.99,11.24,11.63,11.49,11.36,11.49,11.11,11.11,2,6
"Christie, Linford (GBR) (1960)",1-Aug-92,0.139,0.5 m/s,NaN,2.93,NaN,4.74,NaN,6.48,NaN,8.22,NaN,9.98,NaN,6.83,NaN,11.05,NaN,11.49,NaN,11.49,NaN,11.36,5,1
"Drummond, Jon (USA) (1968)",01-Sep-00,0.120,-0.2 m/s,NaN,2.84,3.77,4.65,5.53,6.38,NaN,8.13,NaN,9.96,NaN,7.04,10.75,11.36,11.36,11.76,NaN,11.43,NaN,10.93,NaN,2
"Chambers, Dwain (GBR) (1978)",07-Aug-02,0.129,-0.3 m/s,NaN,2.94,3.87,4.75,NaN,6.47,NaN,8.20,NaN,9.96,NaN,6.80,10.75,11.36,NaN,11.63,NaN,11.56,NaN,11.36,5,-4
"Powell, Asafa (JAM) (1982)",26-Aug-07,0.145,-0.5 m/s,1.87,2.91,3.83,4.71,5.57,6.42,7.28,8.15,9.03,9.96,5.35,9.62,10.87,11.36,11.63,11.76,11.63,11.49,11.36,10.75,4,3
"Dix, Walter (USA) (1986)",28-Jun-08,NaN,1.7 m/s,1.95,3.02,3.89,4.79,5.66,6.51,7.34,8.17,9.06,9.96,5.13,9.35,11.49,11.11,11.49,11.76,12.05,12.05,11.24,11.11,2,1
"Bailey, Daniel (ANT) (1986)",16-Aug-09,0.135,0.2 m/s,NaN,2.93,3.86,4.74,NaN,6.49,NaN,8.19,NaN,9.96,NaN,6.83,10.75,11.36,NaN,11.43,NaN,11.76,NaN,11.30,4,2
"Simbine, Akani (RSA) (1993)",17-Sep-20,0.144,0.3 m/s,NaN,3.0,NaN,4.8,NaN,6.5,NaN,8.2,NaN,9.96,NaN,6.62,NaN,11.24,NaN,11.76,NaN,11.76,NaN,11.36,5,1
"Bromell, Trayon (USA) (1995)",09-Sep-21,0.127,-0.4 m/s,NaN,2.9,NaN,4.8,NaN,6.5,NaN,8.2,NaN,9.96,NaN,6.90,NaN,10.53,NaN,11.76,NaN,11.76,NaN,11.36,7,4
"Kerley, Fred (USA) (1995)",02-Sep-23,0.159,0.4 m/s,1.89,2.94,3.88,4.78,5.64,6.50,7.36,8.22,9.08,9.96,5.29,9.52,10.64,11.11,11.63,11.63,11.63,11.63,11.63,11.36,5,3
"Sani Brown, Abdul Hakim (JPN) (1999)",04-Aug-24,0.150,0.5 m/s,1.88,2.92,3.85,4.74,5.61,6.51,7.34,8.19,9.07,9.96,5.32,9.62,10.75,11.24,11.49,11.11,12.05,11.76,11.36,11.24,5,4
"Bednarek, Kenneth (USA) (1998)",16-Aug-25,0.154,0.3 m/s,1.93,2.96,3.88,4.77,5.63,6.50,7.35,8.21,9.09,9.96,5.18,9.71,10.87,11.24,11.63,11.49,11.76,11.63,11.36,11.49,6,3
"Coleman, Christian (USA) (1996)",16-Aug-25,0.140,0.3 m/s,1.86,2.90,3.82,4.72,5.58,6.44,7.31,8.18,9.06,9.96,5.38,9.62,10.87,11.11,11.63,11.63,11.49,11.49,11.36,11.11,8,4
"Lewis, Carl (USA) (1961)",24-Sep-88,NaN,0.6 m/s,1.95,2.99,3.93,4.81,5.69,6.55,7.41,8.26,9.11,9.97,5.13,9.62,10.64,11.36,11.36,11.63,11.63,11.76,11.76,11.63,5,1
"Christie, Linford (GBR) (1960)",24-Sep-88,0.138,1.1 m/s,1.92,2.97,3.92,4.81,5.66,6.50,7.36,8.22,9.09,9.97,5.21,9.52,10.53,11.24,11.76,11.90,11.63,11.63,11.49,11.36,4,4-2
"Chambers, Dwain (GBR) (1978)",22-Aug-99,0.140,0.2 m/s,1.73,2.75,3.67,4.57,5.43,6.28,7.15,8.04,8.93,9.83,5.78,9.80,10.87,11.11,11.63,11.76,11.49,11.24,11.24,11.11,4,3
"Drummond, Jon (USA) (1968)",14-Sep-02,0.131,2.0 m/s,1.89,2.91,3.84,4.73,5.60,6.44,7.30,8.17,9.07,9.97,5.29,9.80,10.75,11.24,11.49,11.90,11.63,11.49,11.11,11.11,2,-4-1
"Martin, Rodney (USA) (1982)",29-Jun-08,0.189,4.1 m/s,1.97,3.00,3.95,4.82,5.66,6.53,7.37,8.21,9.07,9.97,5.08,9.71,10.53,11.49,11.90,11.49,11.90,11.90,11.63,11.11,7,5
"Frater, Michael (JAM) (1982)",16-Aug-08,0.147,0.0 m/s,NaN,NaN,3.85,NaN,NaN,6.48,NaN,8.21,NaN,9.97,NaN,NaN,7.79,NaN,NaN,11.41,NaN,11.56,NaN,11.36,2,6
"Blake, Yohan (JAM) (1989)",28-Sep-19,0.142,0.6 m/s,1.89,2.88,3.85,4.73,5.60,6.45,7.32,8.18,9.05,9.97,5.29,10.10,10.31,11.36,11.49,11.76,11.49,11.63,11.49,10.87,8,5
"Bromell, Trayvon (USA) (1995)",03-Sep-21,0.138,0.1 m/s,NaN,2.9,NaN,4.8,NaN,6.5,NaN,8.2,NaN,9.97,NaN,6.90,NaN,10.53,NaN,11.76,NaN,11.76,NaN,11.30,3,2
"Lyles, Noah (USA) (1997)",09-Jun-23,0.167,-0.9 m/s,1.94,2.99,3.93,4.82,5.69,6.54,7.39,8.24,9.09,9.97,5.15,9.52,10.64,11.24,11.49,11.76,11.76,11.76,11.76,11.36,4,1
"Simbine, Akani (RSA) (1993)",16-Jul-23,0.150,0.0 m/s,1.92,2.97,3.91,4.80,5.66,6.52,7.37,8.23,9.09,9.97,5.21,9.52,10.64,11.24,11.63,11.63,11.76,11.63,11.63,11.36,4,1
"Hinchliffe, Louie (GBR) (2002)",20-Jul-24,0.185,-0.3 m/s,1.99,3.04,3.99,4.88,5.74,6.59,7.43,8.27,9.14,9.97,5.03,9.52,10.53,11.24,11.63,11.76,11.90,11.90,11.49,12.05,6,4
"Blake, Ackem (JAM) (2002)",20-Jul-24,0.155,-0.3 m/s,1.89,2.94,3.88,4.76,5.63,6.49,7.35,8.22,9.10,9.97,5.29,9.52,10.64,11.36,11.49,11.63,11.63,11.49,11.36,11.49,8,4
"Bednarek, Kenneth (USA) (1998)",03-Aug-24,0.174,0.3 m/s,1.93,2.97,3.90,4.79,5.65,6.50,7.36,8.22,9.10,9.97,5.18,9.62,10.75,11.24,11.63,11.76,11.63,11.63,11.36,11.49,2,1
"Kerley, Fred (USA) (1995)",03-Aug-24,0.150,0.2 m/s,1.88,2.93,3.87,4.77,5.65,6.51,7.38,8.24,9.08,9.97,5.32,9.52,10.64,11.11,11.36,11.63,11.49,11.63,11.90,11.24,5,1
"Hinchliffe, Louie (GBR) (2002)",04-Aug-24,0.145,0.7 m/s,1.91,2.99,3.94,4.83,5.70,6.55,7.40,8.25,9.13,9.97,5.24,9.26,10.53,11.24,11.49,11.76,11.76,11.76,11.36,11.90,5,3
"Bromell, Trayon (USA) (1995)",16-Aug-25,0.146,0.3 m/s,1.89,2.93,3.87,4.77,5.64,6.49,7.34,8.21,9.07,9.97,5.29,9.62,10.64,11.11,11.49,11.76,11.76,11.49,11.63,11.11,3,5
"Coleman, Christian (USA) (1996)",28-Aug-25,0.137,-0.4 m/s,1.86,2.89,3.82,4.71,5.59,6.45,7.32,8.19,9.07,9.97,5.38,9.71,10.75,11.24,11.36,11.63,11.49,11.49,11.36,11.11,7,1
"Collins, Kim (SKN) (1976)",14-Sep-02,0.158,2.0 m/s,1.94,2.96,NaN,NaN,5.64,6.48,7.34,8.21,9.09,9.98,5.15,9.80,NaN,NaN,11.19,11.90,11.63,11.49,11.36,11.24,3,-4-2
"Obikwelu, Francis (NGR) (1978)",31-Aug-01,0.134,0.6 m/s,NaN,2.92,3.86,4.75,NaN,6.48,NaN,8.21,NaN,9.98,NaN,6.85,10.64,11.24,NaN,11.56,NaN,11.56,NaN,11.30,NaN,1
"Gay, Tyson (USA) (1982)",15-Aug-09,0.155,0.1 m/s,NaN,2.97,3.90,4.79,NaN,6.53,NaN,8.22,NaN,9.98,NaN,6.73,10.75,11.24,NaN,11.49,NaN,11.83,NaN,11.36,6,1
"Patton, Darvis (USA) (1977)",16-Aug-09,0.152,0.2 m/s,NaN,2.96,3.89,4.78,NaN,6.51,NaN,8.21,NaN,9.98,NaN,6.76,10.75,11.24,NaN,11.56,NaN,11.76,NaN,11.30,3,3
"Thompson, Richard (TTO) (1985)",16-Aug-09,0.132,-0.2 m/s,NaN,2.92,3.85,4.74,NaN,6.51,NaN,8.22,NaN,9.98,NaN,6.85,10.75,11.24,NaN,11.30,NaN,11.70,NaN,11.36,3,3
"Forte, Julian (JAM) (1993)",28-Jul-13,interval,3.0 m/s,NaN,NaN,3.90,NaN,NaN,6.49,NaN,8.20,NaN,9.98,NaN,NaN,7.69,NaN,11.58,NaN,11.70,NaN,11.24,10.02,4,2
"Kiryu, Yoshihide (JPN) (1995)",09-Sep-17,0.139,1.8 m/s,1.85,2.92,3.87,4.77,5.64,6.50,7.36,8.22,9.09,9.98,5.41,9.35,10.53,11.11,11.49,11.63,11.63,11.63,11.49,11.24,NaN,1
"Koike, Yuki (JPN) (1995)",20-Jul-19,0.137,0.5 m/s,1.88,2.91,3.85,4.74,5.61,6.47,7.34,8.21,9.09,9.98,5.32,9.71,10.64,11.24,11.49,11.63,11.49,11.49,11.36,11.24,2,4
"Lyles, Noah (USA) (1997)",29-Aug-19,0.154,-0.4 m/s,NaN,3.1,NaN,4.9,NaN,6.6,NaN,8.3,NaN,9.98,NaN,6.45,NaN,11.11,NaN,11.76,NaN,11.76,NaN,11.90,4,1
"Simbine, Akani (RSA) (1993)",09-Jul-21,0.153,0.3 m/s,NaN,3.0,NaN,4.8,NaN,6.6,NaN,8.3,NaN,9.98,NaN,6.67,NaN,11.11,NaN,11.11,NaN,11.76,NaN,11.90,4,2
"Bromell, Trayvon (USA) (1995)",13-Jul-21,0.173,0.4 m/s,NaN,3.0,NaN,4.8,NaN,6.5,NaN,8.3,NaN,9.98,NaN,6.67,NaN,11.11,NaN,11.76,NaN,11.11,NaN,11.90,4,1
Su Bingtian (CHN) (1989),01-Aug-21,0.167,0.1 m/s,NaN,NaN,3.87,NaN,NaN,6.48,NaN,8.20,NaN,9.98,NaN,NaN,7.75,NaN,NaN,11.49,NaN,5.71,NaN,11.24,6,6
"Young, Isiah (USA) (1990)",21-Aug-21,0.120,2.9 m/s,NaN,3.0,NaN,4.8,NaN,6.5,NaN,8.3,NaN,9.98,NaN,6.67,NaN,11.11,NaN,11.76,NaN,11.11,NaN,11.90,8,8
"Norman, Michael (USA) (1997)",03-Sep-21,0.141,0.1 m/s,NaN,2.9,NaN,4.8,NaN,6.5,NaN,8.2,NaN,9.98,NaN,6.90,NaN,10.53,NaN,11.76,NaN,11.76,NaN,11.24,7,3
"Kerley, Fred (USA) (1995)",28-May-22,0.137,-0.2 m/s,NaN,2.90,NaN,4.75,NaN,6.50,NaN,8.24,NaN,9.98,NaN,6.90,NaN,10.81,NaN,11.43,NaN,11.49,NaN,11.49,4,2
"Omanyala, Ferdinand (KEN) (1996)",09-Jun-23,0.159,-0.9 m/s,1.90,2.94,3.87,4.74,5.61,6.48,7.33,8.19,9.07,9.98,5.26,9.62,10.75,11.49,11.49,11.49,11.76,11.63,11.36,10.99,6,2
"Kerley, Fred (USA) (1995)",16-Jul-23,0.152,0.0 m/s,1.90,2.93,3.87,4.77,5.64,6.50,7.36,8.23,9.10,9.98,5.26,9.71,10.64,11.11,11.49,11.63,11.63,11.49,11.49,11.36,5,2
"Eseme, Emmanuel (CMR) (1993)",16-Jul-23,0.141,0.0 m/s,1.91,2.97,3.91,4.81,5.68,6.54,7.38,8.24,9.09,9.98,5.24,9.43,10.64,11.11,11.49,11.63,11.90,11.63,11.76,11.24,1,3
"Omanyala, Ferdinand (KEN) (1996)",25-May-24,0.137,1.2 m/s,1.92,2.97,3.91,4.79,5.65,6.51,7.35,8.22,9.10,9.98,5.21,9.52,10.64,11.36,11.63,11.63,11.90,11.49,11.36,11.36,4,2
"Hinchliffe, Louie (GBR) (2002)",03-Aug-24,0.146,-0.2 m/s,1.94,3.01,3.95,4.84,5.70,6.55,7.40,8.26,9.12,9.98,5.15,9.35,10.64,11.24,11.63,11.76,11.76,11.63,11.63,11.63,3,1
"Eseme, Emmanuel (CMR) (1993)",03-Aug-24,0.154,0.3 m/s,1.96,3.00,3.96,4.86,5.72,6.57,7.42,8.26,9.13,9.98,5.10,9.62,10.42,11.11,11.63,11.76,11.76,11.90,11.49,11.76,1,2
"de Grasse, André (CAN) (1994)",04-Aug-24,0.133,0.5 m/s,1.89,2.97,3.91,4.80,5.66,6.53,7.37,8.23,9.09,9.98,5.29,9.26,10.64,11.24,11.63,11.49,11.90,11.63,11.63,11.24,2,5
"Simbine, Akani (RSA) (1993)",03-May-25,0.156,0.5 m/s,1.93,2.97,3.91,4.80,5.68,6.54,7.39,8.24,9.11,9.98,5.18,9.62,10.64,11.24,11.36,11.63,11.76,11.76,11.49,11.49,5,1
"Hicklin, Brandon (USA) (1999)",03-May-25,0.180,2.4 m/s,1.97,3.00,3.95,4.82,5.69,6.59,7.38,8.29,9.17,9.98,5.08,9.71,10.53,11.49,11.49,11.11,12.66,10.99,11.36,12.35,2,5
"Simbine, Akani (RSA) (1993)",28-Aug-25,0.143,-0.4 m/s,1.90,2.94,3.87,4.76,5.64,6.50,7.37,8.23,9.10,9.98,5.26,9.62,10.75,11.24,11.36,11.63,11.49,11.63,11.49,11.36,5,2
"Smith, Calvin (USA) (1961)",24-Sep-88,0.176,1.1 m/s,1.92,2.95,3.90,4.79,5.65,6.50,7.36,8.23,9.10,9.99,5.21,9.71,10.53,11.24,11.63,11.76,11.63,11.49,11.49,11.24,5,4-3
"Mitchell, Dennis (USA) (1966)",15-Aug-93,0.128,0.3 m/s,NaN,NaN,3.83,NaN,NaN,6.46,NaN,8.22,NaN,9.99,NaN,NaN,7.83,NaN,NaN,11.41,NaN,11.36,NaN,11.30,7,3
"Mitchell, Dennis (USA) (1966)",27-Jul-96,0.145,0.7 m/s,1.84,2.87,3.81,4.70,5.57,6.44,7.31,8.18,9.06,9.99,5.43,9.71,10.64,11.24,11.49,11.49,11.49,11.49,11.36,10.75,4,4
"Miller, Coby (USA) (1976)",11-Jul-04,0.152,0.0 m/s,1.96,2.97,3.90,4.78,5.62,6.50,7.35,8.20,9.08,9.99,5.10,9.90,10.75,11.36,11.90,11.36,11.76,11.76,11.36,10.99,7,4
"Jelks, Mark (USA) (1984)",28-Jun-08,NaN,1.6 m/s,1.83,2.90,3.86,4.74,5.63,6.47,7.35,8.19,9.04,9.99,5.46,9.35,10.42,11.36,11.24,11.90,11.36,11.90,11.76,10.53,4,3
"Dixon, Leroy (USA) (1983)",29-Jun-08,0.157,4.1 m/s,1.93,2.99,3.88,4.77,5.62,6.47,7.34,8.17,9.07,9.99,5.18,9.43,11.24,11.24,11.76,11.76,11.49,12.05,11.11,10.87,2,6
"Blake, Yohan (JAM) (1989)",05-Aug-17,0.137,-0.8 m/s,1.89,2.92,3.83,4.73,5.62,6.50,7.37,8.25,9.12,9.99,5.29,9.71,10.99,11.11,11.24,11.36,11.49,11.36,11.49,11.49,7,4
"Sani Brown, Abdul Hakim (JPN) (1999)",11-May-19,NaN,1.8 m/s,NaN,NaN,3.86,NaN,NaN,6.48,NaN,NaN,9.09,9.99,NaN,NaN,7.77,NaN,NaN,11.45,NaN,NaN,11.49,11.11,5,1
"Jacobs, Lamont Marcell (ITA) (1994)",09-Jul-21,0.204,0.3 m/s,NaN,3.0,NaN,4.8,NaN,6.6,NaN,8.3,NaN,9.99,NaN,6.67,NaN,11.11,NaN,11.11,NaN,11.76,NaN,11.83,7,3
"Simbine, Akani (RSA) (1993)",28-May-23,0.162,0.1 m/s,1.93,2.98,3.92,4.81,5.68,6.54,7.39,8.24,9.11,9.99,5.18,9.52,10.64,11.24,11.49,11.63,11.76,11.76,11.49,11.36,3,2
"Prescod, Reece (GBR) (1996)",04-Jun-23,0.126,0.4 m/s,1.90,2.95,3.89,4.79,5.66,6.53,7.39,8.25,9.10,9.99,5.26,9.52,10.64,11.11,11.49,11.49,11.63,11.63,11.76,11.24,6,1
"Charleston, Cravont (USA) (1998)",16-Jul-23,0.151,0.0 m/s,1.86,2.88,3.81,4.71,5.58,6.45,7.32,8.19,9.08,9.99,5.38,9.80,10.75,11.11,11.49,11.49,11.49,11.49,11.24,10.99,6,4
"Seville, Oblique (JAM) (2001)",03-Aug-24,0.162,0.0 m/s,1.91,2.96,3.90,4.79,5.66,6.51,7.38,8.24,9.11,9.99,5.24,9.52,10.64,11.24,11.49,11.76,11.49,11.63,11.49,11.36,6,1
"Simbine, Akani (RSA) (1993)",26-Apr-25,0.145,0.2 m/s,1.92,2.96,3.90,4.80,5.67,6.52,7.37,8.23,9.10,9.99,5.21,9.62,10.64,11.11,11.49,11.76,11.76,11.63,11.49,11.24,5,1
"Thompson, Kishane (JAM) (2001)",03-May-25,0.165,0.5 m/s,1.90,2.94,3.86,4.76,5.62,6.49,7.35,8.22,9.10,9.99,5.26,9.62,10.87,11.11,11.63,11.49,11.63,11.49,11.36,11.24,4,2
"Eseme, Emmanuel (CMR) (1993)",06-Jun-25,0.161,1.1 m/s,1.87,2.91,3.85,4.74,5.61,6.46,7.31,8.17,9.03,9.99,5.35,9.62,10.64,11.24,11.49,11.76,11.76,11.63,11.63,10.42,1,2
"Blake, Ackeem (JAM) (2002)",28-Aug-25,0.185,-0.4 m/s,1.87,2.92,3.84,4.73,5.61,6.47,7.34,8.21,9.08,9.99,5.35,9.52,10.87,11.24,11.36,11.63,11.49,11.49,11.49,10.99,6,3
"Marsh, Michael (USA) (1967)",15-Jun-96,NaN,1.1 m/s,2.00,NaN,3.96,NaN,5.68,NaN,NaN,NaN,9.07,10.00,5.00,NaN,10.20,NaN,11.63,NaN,NaN,NaN,11.80,10.75,4,2
"Thompson, Obadele, (BAR) (1976)",22-Aug-99,0.145,0.2 m/s,1.77,2.79,3.71,4.61,5.50,6.36,7.22,8.10,8.97,9.86,5.65,9.80,10.87,11.11,11.24,11.63,11.63,11.36,11.49,11.24,1,4
"Collins, Kim (SKN) (1976)",22-Aug-04,0.175,0.6 m/s,1.85,2.89,NaN,NaN,5.58,6.44,7.32,NaN,9.09,10.00,5.41,9.62,NaN,NaN,11.15,11.63,11.36,NaN,11.30,10.99,1,6
"Gay, Tyson (USA) (1982)",26-Aug-07,0.170,0.1 m/s,1.95,3.00,3.93,4.82,5.69,6.54,7.39,8.25,9.12,10.00,5.13,9.52,10.75,11.24,11.49,11.76,11.76,11.63,11.49,11.36,4,1
"Carter, Xavier (USA) (1985)",28-Jun-08,NaN,1.6 m/s,1.96,3.07,3.94,4.85,5.70,6.57,7.39,8.27,9.06,10.00,5.10,9.01,11.49,10.99,11.76,11.49,12.20,11.36,12.66,10.64,8,3
"Chambers, Dwain (GBR) (1978)",16-Aug-09,0.123,0.9 m/s,NaN,2.93,3.86,4.75,NaN,6.50,NaN,8.22,NaN,10.00,NaN,6.83,10.75,11.24,NaN,11.43,NaN,11.63,NaN,11.24,1,6
"Burns, Marc (TTO) (1983)",16-Aug-09,0.165,0.9 m/s,NaN,2.94,3.87,4.76,NaN,6.52,NaN,8.24,NaN,10.00,NaN,6.80,10.75,11.24,NaN,11.36,NaN,11.63,NaN,11.36,2,7
"Ogunode, Tosin (QAT) (1994)",26-Aug-18,0.125,0.8 m/s,1.81,2.87,3.81,4.71,5.59,6.45,7.32,8.20,9.09,10.00,5.52,9.43,10.64,11.11,11.36,11.63,11.49,11.36,11.24,10.99,8,2
"Yamagata, Ryota (JPN) (1992)",26-Aug-18,0.133,0.8 m/s,1.83,2.88,3.82,4.72,5.59,6.45,7.32,8.20,9.09,10.00,5.46,9.52,10.64,11.11,11.49,11.63,11.49,11.36,11.24,10.99,4,3
"de Grasse, André (CAN) (1994)",09-Jul-21,0.148,0.3 m/s,NaN,3.0,NaN,4.9,NaN,6.6,NaN,8.3,NaN,10.00,NaN,6.67,NaN,10.53,NaN,11.76,NaN,11.76,NaN,11.76,2,4
"Bracy, Marvin (USA) (1993)",06-Aug-22,0.130,-0.7 m/s,NaN,2.90,NaN,4.73,NaN,6.46,NaN,8.20,NaN,10.00,NaN,6.90,NaN,10.93,NaN,11.56,NaN,11.49,NaN,11.11,6,2
"Blake, Ackeem (JAM) (2002)",06-Aug-22,0.159,-0.7 m/s,NaN,2.92,NaN,4.75,NaN,6.46,NaN,8.22,NaN,10.00,NaN,6.85,NaN,10.93,NaN,11.70,NaN,11.36,NaN,11.24,1,3
"Blake, Ackeem (JAM) (2002)",21-Jul-23,0.140,0.6 m/s,1.87,2.90,3.83,4.72,5.60,6.47,7.34,8.22,9.11,10.00,5.35,9.71,10.75,11.24,11.36,11.49,11.49,11.36,11.24,11.24,3,3
"Hughes, Zharnel (GBR) (1995)",20-Jul-24,0.126,-0.3 m/s,1.98,3.04,3.98,4.86,5.72,6.57,7.42,8.28,9.15,10.00,5.05,9.43,10.64,11.36,11.63,11.76,11.76,11.63,11.49,11.76,3,6
"Thompson, Kishane (JAM) (2001)",03-Aug-24,0.160,0.6 m/s,1.93,2.99,3.89,4.77,5.62,6.47,7.34,8.20,9.10,10.00,5.18,9.43,11.11,11.36,11.76,11.76,11.49,11.63,11.11,11.11,5,1
"Eseme, Emmanuel (CMR) (1993)",04-Aug-24,0.154,0.7 m/s,1.96,3.03,3.97,4.87,5.73,6.58,7.45,8.29,9.14,10.00,5.10,9.35,10.64,11.11,11.63,11.76,11.49,11.90,11.76,11.63,7,4
"Coleman, Christian (USA) (1996)",13-Sep-24,0.154,0.1 m/s,1.89,2.92,3.84,4.72,5.59,6.45,7.32,8.20,9.09,10.00,5.29,9.71,10.87,11.36,11.49,11.63,11.49,11.36,11.24,10.99,6,2
"Lyles, Noah (USA) (1997)",19-Jul-25,0.162,-0.6 m/s,1.85,2.90,3.83,4.72,5.60,6.46,7.32,8.18,9.05,10.00,5.41,9.52,10.75,11.24,11.36,11.63,11.63,11.63,11.49,10.53,4,1
"Drummond, Jon (USA) (1968)",15-Jun-96,NaN,1.1 m/s,1.87,NaN,3.85,NaN,5.58,NaN,NaN,NaN,9.06,10.01,5.35,NaN,10.10,NaN,11.56,NaN,NaN,NaN,11.49,10.53,6,3
"Montgomery, Tim (USA) (1975)",01-Sep-00,0.162,-0.2 m/s,NaN,2.93,3.87,4.77,NaN,6.52,NaN,NaN,NaN,10.01,NaN,6.83,10.64,11.11,NaN,11.43,NaN,NaN,NaN,11.46,NaN,3
"Demps, Jeff (USA) (1990)",28-Jun-08,NaN,1.6 m/s,1.78,2.95,3.88,4.80,5.66,6.51,7.35,8.25,9.12,10.01,5.62,8.55,10.75,10.87,11.63,11.76,11.90,11.11,11.49,11.24,4,2
"Rodgers, Michael (USA) (1985)",29-Jun-08,0.166,4.1 m/s,1.96,2.97,3.90,4.78,5.67,6.51,7.39,8.25,9.13,10.01,5.10,9.90,10.75,11.36,11.24,11.90,11.36,11.63,11.36,11.36,1,7
"Burns, Marc (TTO) (1983)",16-Aug-08,0.145,0.0 m/s,NaN,NaN,3.83,NaN,NaN,6.47,NaN,8.23,NaN,10.01,NaN,NaN,7.83,NaN,NaN,11.36,NaN,11.36,NaN,11.24,8,7
"Rodgers, Michael (USA) (1985)",15-Aug-09,0.147,0.4 m/s,NaN,2.91,3.84,4.72,NaN,6.47,NaN,8.20,NaN,10.01,NaN,6.87,10.75,11.36,NaN,11.43,NaN,11.56,NaN,11.05,6,1
"Burns, Marc (TTO) (1983)",16-Aug-09,0.159,0.2 m/s,NaN,2.95,3.88,4.76,NaN,6.52,NaN,8.23,NaN,10.01,NaN,6.78,10.75,11.36,NaN,11.36,NaN,11.70,NaN,11.24,8,4
"Kiryu, Yoshihide (JPN) (1995)",29-Apr-13,NaN,0.9 m/s,1.89,2.90,3.81,4.69,5.55,6.41,7.27,8.15,9.06,10.01,5.29,9.90,10.99,11.36,11.63,11.63,11.63,11.36,10.99,10.53,3,1
"Simbine, Akani (RSA) (1993)",05-Aug-17,0.141,-0.8 m/s,1.92,2.95,3.87,4.79,5.66,6.50,7.36,8.23,9.11,10.01,5.21,9.71,10.87,10.87,11.49,11.90,11.63,11.49,11.36,11.11,6,5
"Yamagata, Ryota (JPN) (1992)",23-Sep-18,0.116,0.0 m/s,1.83,2.89,3.83,4.73,5.60,6.46,7.33,8.20,9.09,10.01,5.46,9.43,10.64,11.11,11.49,11.63,11.49,11.49,11.24,10.87,7,1
"Kiryu, Yoshihide (JPN) (1995)",19-May-19,0.138,1.7 m/s,1.86,2.90,3.84,4.74,5.61,6.47,7.33,8.20,9.09,10.01,5.38,9.62,10.64,11.11,11.49,11.63,11.63,11.49,11.24,10.87,4,2
"Rodgers, Michael (USA) (1985)",05-Jul-19,0.147,0.2 m/s,NaN,NaN,NaN,NaN,5.7,NaN,NaN,NaN,NaN,10.01,NaN,NaN,NaN,NaN,8.77,NaN,NaN,NaN,NaN,11.60,5,2
"Rodgers, Michael (USA) (1985)",12-Jul-19,0.133,0.3 m/s,NaN,NaN,NaN,NaN,5.7,NaN,NaN,NaN,NaN,10.01,NaN,NaN,NaN,NaN,8.77,NaN,NaN,NaN,NaN,11.60,7,3
"Bromell, Trayvon (USA) (1995)",09-Jul-21,0.147,0.3 m/s,NaN,3.0,NaN,4.8,NaN,6.5,NaN,8.3,NaN,10.01,NaN,6.67,NaN,11.11,NaN,11.76,NaN,11.11,NaN,11.70,5,5
"Blake, Yohan (JAM) (1989)",16-Jul-23,0.166,0.0 m/s,1.89,2.93,3.86,4.76,5.64,6.50,7.37,8.23,9.11,10.01,5.29,9.62,10.75,11.11,11.36,11.63,11.49,11.63,11.36,11.11,2,5
"Blake, Yohan (JAM) (1989)",21-Jul-23,0.159,0.6 m/s,1.88,2.92,3.86,4.75,5.63,6.49,7.36,8.24,9.11,10.01,5.32,9.62,10.64,11.24,11.36,11.63,11.49,11.36,11.49,11.11,2,4
"Carnes, Brandon (USA) (1995)",02-Sep-23,0.127,0.4 m/s,1.87,2.93,3.88,4.78,5.66,6.52,7.38,8.25,9.12,10.01,5.35,9.43,10.53,11.11,11.36,11.63,11.63,11.49,11.49,11.24,1,4
"Bracy-Williams, Marvin (USA) (1993)",16-Sep-23,0.136,0.1 m/s,1.90,2.93,3.86,4.75,5.62,6.48,7.35,8.21,9.09,10.01,5.26,9.71,10.75,11.24,11.49,11.63,11.49,11.63,11.36,10.87,8,5
"Tebogo, Letsile (BOT) (2003)",03-Aug-24,0.170,0.2 m/s,1.90,2.95,3.88,4.77,5.64,6.49,7.36,8.23,9.09,10.01,5.26,9.52,10.75,11.24,11.49,11.76,11.49,11.49,11.63,10.87,2,2
"Hughes, Zharnel (GBR) (1995)",04-Aug-24,0.135,0.5 m/s,1.95,3.00,3.94,4.83,5.69,6.54,7.40,8.26,9.13,10.01,5.13,9.52,10.64,11.24,11.63,11.76,11.63,11.63,11.49,11.36,3,6
"Kerley, Fred (USA) (1995)",13-Sep-24,0.141,0.1 m/s,1.92,2.96,3.91,4.82,5.69,6.56,7.41,8.27,9.14,10.01,5.21,9.62,10.53,10.99,11.49,11.49,11.76,11.63,11.49,11.49,4,3
"Akintan, Sunday Ogun (NGR) (2004)",16-May-25,0.147,1.1 m/s,1.78,2.80,3.72,4.61,5.48,6.36,7.24,8.13,9.03,10.01,5.62,9.80,10.87,11.24,11.49,11.36,11.36,11.24,11.11,10.20,4,1
"Omanyala, Ferdinand (KEN) (1996)",06-Jun-25,0.127,1.1 m/s,1.79,2.86,3.80,4.69,5.56,6.42,7.28,8.15,9.03,10.01,5.59,9.35,10.64,11.24,11.49,11.63,11.63,11.49,11.36,10.20,7,3
"Fredericks, Frank (NAM) (1967)",1-Aug-92,0.138,0.5 m/s,NaN,2.91,NaN,4.74,NaN,6.50,NaN,8.26,NaN,10.03,NaN,6.87,NaN,10.93,NaN,11.36,NaN,11.36,NaN,11.30,3,2
"Surin, Bruny (CAN) (1967)",15-Aug-93,0.148,0.3 m/s,NaN,NaN,3.86,NaN,NaN,6.49,NaN,8.24,NaN,10.02,NaN,NaN,7.77,NaN,NaN,11.41,NaN,11.43,NaN,11.24,2,5
"Boldon, Ato (TTO) (1973)",03-Aug-97,0.123,0.2 m/s,1.72,2.77,3.70,4.59,5.46,6.33,7.20,8.08,8.98,9.90,5.81,9.52,10.75,11.24,11.49,11.49,11.49,11.36,11.11,10.87,6,5
"Harden, Tim (USA) (1974)",23-Aug-03,0.136,0.2 m/s,1.73,2.75,3.67,4.57,5.46,6.32,7.19,8.08,8.97,9.88,5.78,9.80,10.87,11.11,11.24,11.63,11.49,11.24,11.24,10.99,3,5
"Capel, John (USA) (1978)",11-Jul-04,0.146,0.0 m/s,1.95,2.94,3.87,4.77,5.62,6.50,7.37,8.24,9.11,10.02,5.13,10.10,10.75,11.11,11.76,11.36,11.49,11.49,11.49,10.99,4,5
"Atkins, Derrick (BAH) (1984)",25-Aug-07,0.150,0.8 m/s,1.89,2.93,3.88,4.76,5.63,6.49,7.35,8.21,9.09,10.02,5.29,9.62,10.53,11.36,11.49,11.63,11.63,11.63,11.36,10.75,8,2
"Dix, Walter (USA) (1986)",28-Jun-08,NaN,1.6 m/s,1.83,2.98,3.93,4.85,5.70,6.55,7.39,8.26,9.10,10.02,5.46,8.70,10.53,10.87,11.76,11.76,11.90,11.49,11.90,10.87,3,3
"Dixon, Leroy (USA) (1983)",28-Jun-08,NaN,1.6 m/s,1.85,3.00,3.87,4.77,5.63,6.49,7.37,8.23,9.11,10.02,5.41,8.70,11.49,11.11,11.63,11.63,11.36,11.63,11.36,10.99,NaN,NaN
"Bailey, Daniel (ANT) (1986)",15-Aug-09,0.149,0.1 m/s,NaN,2.99,3.89,4.74,NaN,6.49,NaN,8.20,NaN,10.02,NaN,6.69,11.11,11.76,NaN,11.43,NaN,11.70,NaN,10.99,3,1
"Gatlin, Justin (USA) (1982)",11-May-14,NaN,-3.5 m/s,1.88,2.90,3.83,4.71,5.59,6.46,7.33,8.21,9.11,10.02,5.32,9.80,10.75,11.36,11.36,11.49,11.49,11.36,11.11,10.99,3,1
"Gatlin, Justin (USA) (1982)",08-May-16,NaN,-0.4 m/s,1.84,2.90,3.84,4.73,5.61,6.48,7.34,8.22,9.11,10.02,5.43,9.43,10.64,11.24,11.36,11.49,11.63,11.36,11.24,10.99,5,1
"Sani Brown, Abdul Hakim (JPN) (1999)",28-Jun-19,0.153,-0.3 m/s,1.90,2.93,3.86,4.75,5.62,6.48,7.35,8.22,9.11,10.02,5.26,9.71,10.75,11.24,11.49,11.63,11.49,11.49,11.24,10.99,4,1
"Johnson, Ben (CAN) (1961)",24-Sep-88,NaN,-1.2 m/s,1.89,2.92,3.82,4.70,5.58,6.44,7.32,8.20,9.10,10.03,5.29,9.71,11.11,11.36,11.36,11.63,11.36,11.36,11.11,10.75,6,-4
"Fredericks, Frank (NAM) (1967)",15-Aug-93,0.146,0.3 m/s,NaN,NaN,3.87,NaN,NaN,6.50,NaN,8.25,NaN,10.03,NaN,NaN,7.75,NaN,NaN,11.41,NaN,11.43,NaN,11.24,1,6
"Patton, Darvis (USA) (1977)",16-Aug-08,0.142,0.0 m/s,NaN,NaN,3.89,NaN,NaN,6.55,NaN,8.28,NaN,10.03,NaN,NaN,7.71,NaN,NaN,11.28,NaN,11.56,NaN,11.43,3,8
"Bailey, Daniel (ANT) (1986)",14-Jun-09,0.204,1.4 m/s,NaN,2.96,3.89,4.78,NaN,6.51,NaN,8.26,NaN,10.03,NaN,6.76,10.75,11.24,NaN,11.56,NaN,11.43,NaN,11.30,NaN,1
"Bolt, Usain (JAM) (1986)",15-Aug-09,0.155,0.1 m/s,NaN,2.93,3.85,4.73,NaN,6.47,NaN,8.20,NaN,10.03,NaN,6.83,10.87,11.36,NaN,11.49,NaN,11.56,NaN,10.93,4,2
"Harvey, Jacques (JAM) (1989)",31-Jul-11,NaN,2.8 m/s,NaN,NaN,3.91,NaN,NaN,6.53,NaN,8.24,NaN,10.03,NaN,NaN,7.67,NaN,NaN,11.45,NaN,11.70,NaN,11.17,3,1
"Kiryu, Yoshihide (JPN) (1995)",29-Apr-13,NaN,2.7 m/s,1.89,2.92,3.84,4.72,5.58,6.44,7.30,8.18,9.09,10.03,5.29,9.71,10.87,11.36,11.63,11.63,11.63,11.36,10.99,10.64,4,1
Su Bingtian (CHN) (1989),05-Aug-17,0.166,-0.2 m/s,1.88,2.93,3.87,4.76,5.64,6.50,7.37,8.24,9.13,10.03,5.32,9.52,10.64,11.24,11.36,11.63,11.49,11.49,11.24,11.11,4,1
"Zohri, Lalu Muhammad (INA) (2000)",19-May-19,0.179,1.7 m/s,1.90,2.94,3.87,4.77,5.64,6.50,7.36,8.24,9.12,10.03,5.26,9.62,10.75,11.11,11.49,11.63,11.63,11.36,11.36,10.99,9,3
Xie Zhenye (CHN) (1993),02-Aug-19,NaN,0.1 m/s,1.92,2.94,3.90,4.78,5.66,6.52,7.38,8.25,9.13,10.03,5.21,9.80,10.42,11.36,11.36,11.63,11.63,11.49,11.36,11.11,5,1
"Hughes, Zharnel (GBR) (1995)",28-Sep-19,0.119,0.6 m/s,1.91,2.97,3.91,4.80,5.66,6.52,7.37,8.23,9.11,10.03,5.24,9.43,10.64,11.24,11.63,11.63,11.76,11.63,11.36,10.87,7,6
"Simbine, Akani (RSA) (1993)",03-Aug-24,0.152,-1.1 m/s,1.96,3.01,3.95,4.85,5.73,6.58,7.45,8.31,9.17,10.03,5.10,9.52,10.64,11.11,11.36,11.76,11.49,11.63,11.63,11.63,5,1
"Hughes, Zharnel (GBR) (1995)",03-Aug-24,0.136,0.2 m/s,1.94,3.00,3.92,4.81,5.68,6.53,7.40,8.26,9.13,10.03,5.15,9.43,10.87,11.24,11.49,11.76,11.49,11.63,11.49,11.11,4,3
"Blake, Ackeem (JAM) (2002)",30-Aug-24,0.148,0.3 m/s,1.90,2.96,3.89,4.79,5.66,6.53,7.39,8.26,9.14,10.03,5.26,9.43,10.75,11.11,11.49,11.49,11.63,11.49,11.36,11.24,2,4
"Tebogo, Letsile (BOT) (2003)",03-May-25,0.161,0.5 m/s,1.91,2.96,3.90,4.81,5.69,6.57,7.43,8.29,9.17,10.03,5.24,9.52,10.64,10.99,11.36,11.36,11.63,11.63,11.36,11.63,3,3
"Azu, Jeremiah (GBR) (2001)",28-Aug-25,0.150,-0.4 m/s,1.89,2.92,3.86,4.76,5.64,6.51,7.38,8.25,9.13,10.03,5.29,9.71,10.64,11.11,11.36,11.49,11.49,11.49,11.36,11.11,3,4
"Mitchell, Dennis (USA) (1966)",24-Sep-88,0.186,1.1 m/s,1.92,2.97,3.93,4.83,5.69,6.54,7.41,8.28,9.16,10.04,5.21,9.52,10.42,11.11,11.63,11.76,11.49,11.49,11.36,11.36,8,4
"Mitchell, Dennis (USA) (1966)",1-Aug-92,0.143,0.5 m/s,NaN,2.93,NaN,4.76,NaN,6.52,NaN,8.28,NaN,10.05,NaN,6.83,NaN,10.93,NaN,11.36,NaN,11.36,NaN,11.30,4,3
"Effiong, Daniel (NGR) (1972)",15-Aug-93,0.164,0.3 m/s,NaN,NaN,3.89,NaN,NaN,6.50,NaN,8.25,NaN,10.04,NaN,NaN,7.71,NaN,NaN,11.49,NaN,11.43,NaN,11.17,5,7
"Christie, Linford (GBR) (1960)",21-Jun-97,NaN,0.2 m/s,1.92,NaN,3.89,NaN,NaN,6.52,NaN,NaN,NaN,10.04,5.21,NaN,10.15,NaN,NaN,11.41,NaN,NaN,NaN,11.36,NaN,1
"Greene, Maurice (USA) (1974)",13-Jul-97,NaN,0.0 m/s,NaN,NaN,3.81,NaN,NaN,6.48,NaN,8.28,NaN,10.04,NaN,NaN,7.87,NaN,NaN,11.24,NaN,11.11,NaN,11.36,NaN,2
"Montgomery, Tim (USA) (1975)",22-Aug-99,0.136,0.2 m/s,1.76,2.80,3.73,4.62,5.51,6.37,7.24,8.12,9.01,9.90,5.68,9.62,10.75,11.24,11.24,11.63,11.49,11.36,11.24,11.24,8,6
"Williams, Bernard (USA) (1978)",11-Jul-04,0.129,0.0 m/s,1.90,2.95,3.88,4.77,5.62,6.50,7.36,8.22,9.12,10.04,5.26,9.52,10.75,11.24,11.76,11.36,11.63,11.63,11.11,10.87,2,6
"Atkins, Derrick (BAH) (1984)",26-Aug-07,0.166,0.3 m/s,1.92,2.97,3.90,4.79,5.66,6.52,7.37,8.24,9.11,10.04,5.21,9.52,10.75,11.24,11.49,11.63,11.76,11.49,11.49,10.75,6,1
"Patton, Darvis (USA) (1977)",28-Jun-08,NaN,1.4 m/s,1.97,3.03,3.95,4.83,5.70,6.54,7.39,8.26,9.15,10.04,5.08,9.43,10.87,11.36,11.49,11.90,11.76,11.49,11.24,11.24,7,1
"Patton, Darvis (USA) (1977)",29-Jun-08,NaN,0.5 m/s,1.96,2.98,3.90,4.83,5.67,6.52,7.40,8.26,9.14,10.04,5.10,9.80,10.87,10.75,11.90,11.76,11.36,11.63,11.36,11.11,5,1
"Rodgers, Michael (USA) (1985)",16-Aug-09,0.154,0.2 m/s,NaN,2.95,3.89,4.79,NaN,6.55,NaN,8.27,NaN,10.04,NaN,6.78,10.64,11.11,NaN,11.36,NaN,11.63,NaN,11.30,5,5
"Chambers, Dwain (GBR) (1978)",16-Aug-09,0.182,-0.2 m/s,NaN,2.96,3.90,4.79,NaN,6.55,NaN,8.26,NaN,10.04,NaN,6.76,10.64,11.24,NaN,11.36,NaN,11.70,NaN,11.24,6,4
"Chambers, Dwain (GBR) (1978)",15-Aug-09,0.150,-0.7 m/s,NaN,2.94,3.87,4.76,NaN,6.52,NaN,8.25,NaN,10.04,NaN,6.80,10.75,11.24,NaN,11.36,NaN,11.56,NaN,11.17,3,1
"Yamagata, Ryota (JPN) (1992)",29-Apr-13,NaN,2.7 m/s,1.88,2.91,3.83,4.72,5.59,6.45,7.32,8.21,9.11,10.04,5.32,9.71,10.87,11.24,11.49,11.63,11.49,11.24,11.11,10.75,5,2
"Kiryu, Yoshihide (JPN) (1995)",11-Mar-17,NaN,1.4 m/s,NaN,NaN,NaN,NaN,NaN,6.56,NaN,NaN,NaN,10.04,NaN,NaN,NaN,NaN,NaN,9.15,NaN,NaN,NaN,11.49,NaN,1
"Kiryu, Yoshihide (JPN) (1995)",29-Apr-17,NaN,-0.3 m/s,1.81,2.86,3.81,4.72,5.60,6.47,7.35,8.23,9.13,10.04,5.52,9.52,10.53,10.99,11.36,11.49,11.36,11.36,11.11,10.99,NaN,1
Xie Zhenye (CHN) (1993),03-Sep-17,0.14,0.3 m/s,1.86,2.90,3.81,4.72,5.61,6.47,7.33,8.21,9.10,10.04,5.38,9.62,10.99,10.99,11.24,11.63,11.63,11.36,11.24,10.64,4,1
Xie Zhenye (CHN) (1993),29-Aug-19,0.143,-0.4 m/s,NaN,3.0,NaN,4.8,NaN,6.6,NaN,8.3,NaN,10.04,NaN,6.67,NaN,11.11,NaN,11.11,NaN,11.76,NaN,11.49,9,2
"Cissé, Arthur (CIV) (1996)",17-Sep-20,0.136,0.3 m/s,NaN,3.0,NaN,4.8,NaN,6.5,NaN,8.2,NaN,10.04,NaN,6.67,NaN,11.05,NaN,11.83,NaN,11.76,NaN,10.87,2,2
"Coleman, Christian (USA) (1996)",28-May-22,0.136,-0.2 m/s,NaN,2.88,NaN,4.70,NaN,6.45,NaN,8.23,NaN,10.04,NaN,6.94,NaN,10.99,NaN,11.43,NaN,11.24,NaN,11.05,5,3
"Thompson, Kishane (JAM) (2001)",21-Jul-23,0.186,0.6 m/s,1.92,2.95,3.88,4.76,5.63,6.49,7.36,8.23,9.12,10.04,5.21,9.71,10.75,11.36,11.49,11.63,11.49,11.49,11.24,10.87,7,5
"Blake, Yohan (JAM) (1989)",02-Sep-23,0.143,0.4 m/s,1.87,2.92,3.86,4.77,5.65,6.52,7.38,8.26,9.14,10.04,5.35,9.52,10.64,10.99,11.36,11.49,11.63,11.36,11.36,11.11,3,6
"Lyles, Noah (USA) (1997)",03-Aug-24,0.161,-0.2 m/s,1.94,3.00,3.94,4.83,5.70,6.56,7.42,8.29,9.16,10.04,5.15,9.43,10.64,11.24,11.49,11.63,11.63,11.49,11.49,11.36,6,2
"Blake, Jerome (CAN) (1995)",03-May-25,0.200,2.4 m/s,2.03,3.07,4.02,4.90,5.77,6.66,7.52,8.43,9.20,10.04,4.93,9.62,10.53,11.36,11.49,11.24,11.63,10.99,12.99,11.90,1,7
"Hicklin, Brandon (USA) (1999)",06-Jun-25,0.150,1.1 m/s,1.77,2.84,3.79,4.70,5.57,6.44,7.31,8.19,9.07,10.04,5.65,9.35,10.53,10.99,11.49,11.49,11.49,11.36,11.36,10.31,3,4
"Lewis, Carl (USA) (1961)",29-Aug-87,NaN,1.5 m/s,1.92,2.98,3.93,4.82,5.70,6.57,7.42,8.27,9.13,10.05,5.21,9.43,10.53,11.24,11.36,11.49,11.76,11.76,11.63,10.87,7,1
"Williams, Bernard (USA) (1978)",01-Sep-00,0.151,-0.2 m/s,NaN,2.93,3.87,4.76,NaN,6.50,NaN,NaN,NaN,10.05,NaN,6.83,10.64,11.24,NaN,11.49,NaN,NaN,NaN,11.27,NaN,4
"Zakari, Abdul Aziz (GHA) (1976)",31-Aug-01,0.151,0.6 m/s,NaN,2.93,3.87,4.76,NaN,6.50,NaN,8.25,NaN,10.05,NaN,6.83,10.64,11.24,NaN,11.49,NaN,11.43,NaN,11.11,NaN,2
"Bolt, Usain (JAM) (1986)",28-Aug-11,0.164,-1.0 m/s,1.89,2.93,3.86,4.74,5.60,6.45,7.30,8.16,9.05,10.04,5.29,9.62,10.75,11.36,11.63,11.76,11.76,11.63,11.24,10.10,3,1
"Sani Brown, Abdul Hakim (JPN) (1999)",24-Jun-17,0.156,0.5 m/s,1.88,2.92,3.86,4.76,5.63,6.50,7.37,8.25,9.14,10.05,5.32,9.62,10.64,11.11,11.49,11.49,11.49,11.36,11.24,10.99,NaN,1
"Yamagata, Ryota (JPN) (1992)",23-Jun-18,0.141,0.6 m/s,1.85,2.89,3.84,4.73,5.61,6.48,7.35,8.23,9.13,10.05,5.41,9.62,10.53,11.24,11.36,11.49,11.49,11.36,11.11,10.87,7,1
"Jacobs, Lamont Marcell (ITA) (1994)",04-Jul-21,0.138,-0.8 m/s,NaN,3.0,NaN,4.8,NaN,6.5,NaN,8.3,NaN,10.05,NaN,6.67,NaN,11.11,NaN,11.76,NaN,11.11,NaN,11.43,3,2
"Lyles, Noah (USA) (1997)",28-May-22,0.144,-0.2 m/s,NaN,3.00,NaN,4.84,NaN,6.58,NaN,8.31,NaN,10.05,NaN,6.67,NaN,10.87,NaN,11.49,NaN,11.56,NaN,11.49,7,4
"de Grasse, André (CAN) (1994)",16-Jun-22,0.146,0.5 m/s,NaN,2.97,NaN,4.82,NaN,6.58,NaN,8.30,NaN,10.05,NaN,6.73,NaN,10.81,NaN,11.36,NaN,11.63,NaN,11.43,5,1
"Blake, Yohan (JAM) (1989)",08-Sep-22,0.187,-0.3 m/s,NaN,2.95,NaN,4.78,NaN,6.52,NaN,8.27,NaN,10.05,NaN,6.78,NaN,10.93,NaN,11.49,NaN,11.43,NaN,11.24,4,2
"Omanyala, Ferdinand (KEN) (1996)",28-May-23,0.164,0.1 m/s,1.91,2.98,3.90,4.78,5.65,6.51,7.36,8.26,9.12,10.05,5.24,9.35,10.87,11.36,11.49,11.63,11.76,11.11,11.63,10.75,4,3
Xie Zhenye (CHN) (1993),02-Jun-23,0.123,0.1 m/s,1.92,2.90,NaN,4.73,5.62,6.49,7.35,8.24,9.14,10.05,5.21,10.20,NaN,10.93,11.24,11.49,11.63,11.24,11.11,10.99,4,1
"Omanyala, Ferdinand (KEN) (1996)",02-Jun-23,0.172,0.0 m/s,1.94,2.97,3.90,4.79,5.66,6.53,7.38,8.26,9.14,10.05,5.15,9.71,10.75,11.24,11.49,11.47,11.79,11.36,11.36,10.99,7,2
"Blake, Yohan (JAM) (1989)",04-Jun-23,0.140,0.4 m/s,1.85,2.90,3.85,4.75,5.64,6.52,7.39,8.26,9.14,10.05,5.41,9.52,10.53,11.11,11.24,11.36,11.49,11.49,11.36,10.99,4,2
"Tebogo, Letsile (BOT) (2003)",09-Jun-23,0.148,-0.9 m/s,1.86,2.92,3.87,4.77,5.66,6.54,7.40,8.26,9.14,10.05,5.38,9.43,10.53,11.11,11.24,11.36,11.63,11.63,11.36,10.99,7,3
"Jacobs, Lamont Marcell (ITA) (1994)",02-Sep-23,0.131,0.4 m/s,1.89,2.95,3.89,4.79,5.66,6.52,7.38,8.26,9.14,10.05,5.29,9.43,10.64,11.11,11.49,11.63,11.63,11.36,11.36,10.99,6,7
"Jacobs, Lamont Marcell (ITA) (1994)",03-Aug-24,0.142,-0.3 m/s,1.90,2.96,3.90,4.81,5.68,6.53,7.41,8.28,9.15,10.05,5.26,9.43,10.64,10.99,11.49,11.76,11.36,11.49,11.49,11.11,4,2
"Saminu, Abdul-Rasheed (GHA) (1997)",04-Aug-24,0.160,0.5 m/s,1.89,2.95,3.90,4.80,5.68,6.55,7.42,8.28,9.13,10.05,5.29,9.43,10.53,11.11,11.36,11.49,11.49,11.63,11.76,10.87,8,7
"Azu, Jeremiah (GBR) (2001)",25-Aug-24,0.171,1.9 m/s,1.91,2.94,3.88,4.77,5.66,6.51,7.38,8.23,9.14,10.05,5.24,9.71,10.64,11.24,11.24,11.76,11.49,11.76,10.99,10.99,8,5
"Sani Brown, Abdul Hakim (JPN) (1999)",30-Aug-24,0.155,0.3 m/s,1.90,2.94,3.86,4.75,5.63,6.49,7.37,8.24,9.14,10.05,5.26,9.62,10.87,11.24,11.36,11.63,11.36,11.49,11.11,10.99,1,5
"de Grasse, André (CAN) (1994)",03-May-25,0.190,2.4 m/s,2.02,3.07,3.99,4.86,5.73,6.57,7.43,8.31,9.16,10.05,4.95,9.52,10.87,11.49,11.49,11.90,11.63,11.36,11.76,11.24,7,8
"Hughes, Zharnel (GBR) (1995)",01-Jun-25,0.146,0.8 m/s,2.01,3.08,4.00,4.89,5.75,6.60,7.45,8.32,9.17,10.05,4.98,9.35,10.87,11.24,11.63,11.76,11.76,11.49,11.76,11.36,5,3
"Lindsey, Courtney (USA) (1998)",16-Aug-25,0.135,0.3 m/s,1.86,2.92,3.87,4.77,5.65,6.52,7.39,8.26,9.14,10.05,5.38,9.43,10.53,11.11,11.36,11.49,11.49,11.49,11.36,10.99,1,6
"Simbine, Akani (RSA) (1993)",20-Aug-25,0.144,-0.3 m/s,1.91,2.97,3.91,4.81,5.69,6.56,7.42,8.28,9.16,10.05,5.24,9.43,10.64,11.11,11.36,11.49,11.63,11.63,11.36,11.24,4,4
"Crawford, Hasely (TTO) (1950)",24-Jul-76,NaN,0.0 m/s,NaN,NaN,NaN,NaN,NaN,NaN,NaN,NaN,NaN,NaN,NaN,NaN,NaN,NaN,NaN,NaN,NaN,NaN,NaN,NaN,NaN,NaN
"Obikwelu, Francis (POR) (1978)",07-Aug-02,0.158,-0.3 m/s,NaN,2.96,3.90,4.80,NaN,6.54,NaN,8.29,NaN,10.06,NaN,6.76,10.64,11.11,NaN,11.49,NaN,11.43,NaN,11.30,6,2-1
"Gay, Tyson (USA) (1982)",25-Aug-07,0.203,-0.5 m/s,1.97,3.02,3.95,4.83,5.69,6.55,7.41,8.27,9.14,10.06,5.08,9.52,10.75,11.36,11.63,11.63,11.63,11.63,11.49,10.87,4,1
"Saidy Ndure, Jaysuma (NOR) (1984)",22-Sep-07,0.150,-0.3 m/s,NaN,2.99,3.93,4.82,NaN,6.57,NaN,8.30,NaN,10.06,NaN,6.69,10.64,11.24,NaN,11.43,NaN,11.56,NaN,11.36,7,2
"Padgett, Travis (USA) (1986)",28-Jun-08,NaN,1.8 m/s,1.91,2.98,3.88,4.80,5.65,6.51,7.40,8.26,9.14,10.06,5.24,9.35,11.11,10.87,11.76,11.63,11.24,11.63,11.36,10.87,7,1
"Capel, John (USA) (1978)",28-Jun-08,NaN,1.6 m/s,1.90,3.00,3.91,4.79,5.67,6.53,7.41,8.25,9.16,10.06,5.26,9.09,10.99,11.36,11.36,11.63,11.36,11.90,10.99,11.11,6,4
"Edwards, Monzavous (Rae) (USA) (1981)",28-Jun-08,NaN,1.6 m/s,1.87,2.98,3.91,4.80,5.67,6.55,7.42,8.25,9.16,10.06,5.35,9.01,10.75,11.24,11.49,11.36,11.49,12.05,10.99,11.11,5,5
"Yamagata, Ryota (JPN) (1992)",05-Jun-16,NaN,-0.5 m/s,1.85,2.90,3.83,4.73,5.61,6.49,7.37,8.25,9.15,10.06,5.41,9.52,10.75,11.11,11.36,11.36,11.36,11.36,11.11,10.99,NaN,1
"Yamagata, Ryota (JPN) (1992)",11-Mar-17,NaN,1.3 m/s,NaN,NaN,NaN,NaN,NaN,6.52,NaN,NaN,NaN,10.06,NaN,NaN,NaN,NaN,NaN,9.20,NaN,NaN,NaN,11.30,NaN,1
"Gatlin, Justin (USA) (1982)",20-May-18,0.154,-0.7 m/s,1.86,2.91,3.86,4.76,5.64,6.51,7.38,8.25,9.15,10.06,5.38,9.52,10.53,11.11,11.36,11.49,11.49,11.49,11.11,10.99,3,1
"Kiryu, Yoshihide (JPN) (1995)",29-Aug-20,NaN,1.0 m/s,1.84,2.91,3.86,4.77,5.65,6.52,7.39,8.27,9.16,10.06,5.43,9.35,10.53,10.99,11.36,11.49,11.49,11.36,11.24,11.11,NaN,2
"Prescod, Reece (GBR) (1996)",16-Jun-22,NaN,0.5 m/s,NaN,NaN,NaN,NaN,NaN,NaN,NaN,NaN,NaN,NaN,NaN,NaN,NaN,NaN,NaN,NaN,NaN,NaN,NaN,NaN,NaN,NaN
"Gardener, Jason (GBR) (1975)",22-Aug-99,0.142,0.2 m/s,1.77,2.79,3.71,4.61,5.50,6.37,7.25,8.14,9.03,9.93,5.65,9.80,10.87,11.11,11.24,11.49,11.36,11.24,11.24,11.11,7,7
"Gay, Tyson (USA) (1982)",23-Jun-06,NaN,-1.2 m/s,1.99,3.04,3.96,4.82,5.71,6.57,7.41,8.27,9.18,10.07,5.03,9.52,10.87,11.63,11.24,11.63,11.90,11.63,10.99,11.24,6,-2-1
"Williams, Ivory (USA) (1985)",28-Jun-08,NaN,1.7 m/s,1.95,3.07,3.90,4.80,5.69,6.54,7.40,8.31,9.16,10.07,5.13,8.93,12.05,11.11,11.24,11.76,11.63,10.99,11.76,10.99,6,2
"Rodgers, Michael (USA) (1985)",28-Jun-08,NaN,1.6 m/s,1.88,2.98,3.92,4.82,5.67,6.51,7.37,8.27,9.14,10.07,5.32,9.09,10.64,11.11,11.76,11.90,11.63,11.11,11.49,10.75,1,5
"Spearmon, Wallace (USA) (1984)",28-Jun-08,NaN,1.6 m/s,1.93,3.07,4.02,4.93,5.79,6.66,7.51,8.32,9.19,10.07,5.18,8.77,10.53,10.99,11.63,11.49,11.76,12.35,11.49,11.36,5,6
"Carter, Nesta (JAM) (1985)",13-Sep-08,0.154,0.4 m/s,NaN,2.96,3.90,4.79,5.68,6.56,7.39,8.29,NaN,10.07,NaN,6.76,10.64,11.24,11.24,11.36,12.05,11.11,NaN,11.24,3,2
"Eriguchi, Masashi (JPN) (1988)",28-Jun-09,NaN,1.9 m/s,1.91,2.94,3.86,4.74,5.61,6.48,7.35,8.24,9.14,10.07,5.24,9.71,10.87,11.36,11.49,11.49,11.49,11.24,11.11,10.75,3,1
"Brown, Aaron (CAN) (1992)",05-Jul-19,0.142,0.2 m/s,NaN,NaN,NaN,NaN,5.8,NaN,NaN,NaN,NaN,10.07,NaN,NaN,NaN,NaN,8.62,NaN,NaN,NaN,NaN,11.71,8,3
"Blake, Yohan (JAM) (1989)",18-Aug-19,0.144,2.0 m/s,NaN,3.0,NaN,4.9,NaN,6.6,NaN,8.3,NaN,10.07,NaN,6.67,NaN,10.53,NaN,11.76,NaN,11.76,NaN,11.30,4,1
"Gemili, Adam (GBR) (1993)",18-Aug-19,0.136,2.0 m/s,NaN,3.0,NaN,4.9,NaN,6.6,NaN,8.4,NaN,10.07,NaN,6.67,NaN,10.53,NaN,11.76,NaN,11.11,NaN,11.98,6,2
"Blake, Yohan (JAM) (1989)",29-Aug-19,0.170,-0.4 m/s,NaN,3.0,NaN,4.9,NaN,6.6,NaN,8.4,NaN,10.07,NaN,6.67,NaN,10.53,NaN,11.76,NaN,11.11,NaN,11.98,2,3
"Tortu, Filippo (ITA) (1998)",28-Sep-19,0.158,0.6 m/s,1.92,2.94,3.87,4.76,5.64,6.52,7.39,8.27,9.15,10.07,5.21,9.80,10.75,11.24,11.36,11.36,11.49,11.36,11.36,10.87,2,7
"Simbine, Akani (RSA) (1993)",03-Aug-22,0.141,-0.2 m/s,NaN,2.9,NaN,4.8,NaN,6.5,NaN,8.3,NaN,10.07,NaN,6.90,NaN,10.53,NaN,11.76,NaN,11.11,NaN,11.30,4,1
"Simbine, Akani (RSA) (1993)",08-Sep-22,0.142,-0.3 m/s,NaN,2.97,NaN,4.81,NaN,6.56,NaN,8.30,NaN,10.07,NaN,6.73,NaN,10.87,NaN,11.43,NaN,11.49,NaN,11.30,3,4
"de Grasse, André (CAN) (1994)",03-Aug-24,0.144,0.3 m/s,1.93,3.01,3.97,4.85,5.72,6.59,7.44,8.31,9.19,10.07,5.18,9.26,10.42,11.36,11.49,11.49,11.76,11.49,11.36,11.36,5,3
"King, Kyree (USA) (1994)",30-Aug-24,0.166,0.3 m/s,1.91,2.96,3.90,4.80,5.68,6.55,7.42,8.29,9.18,10.07,5.24,9.52,10.64,11.11,11.36,11.49,11.49,11.49,11.24,11.24,9,6
"Omanyala, Ferdinand (KEN) (1996)",14-Sep-24,0.126,0.0 m/s,1.89,2.95,3.88,4.78,5.66,6.52,7.40,8.27,9.17,10.07,5.29,9.43,10.75,11.11,11.36,11.63,11.36,11.49,11.11,11.11,5,1
"Eseme, Emmanuel (CMR) (1993)",03-May-25,0.144,0.5 m/s,1.86,3.01,3.95,4.86,5.73,6.60,7.46,8.32,9.19,10.07,5.38,8.70,10.64,10.99,11.49,11.49,11.63,11.63,11.49,11.36,2,4
"Amo-Dadzie, Eugene (GBR) (1992)",27-Jun-25,0.136,0.0 m/s,1.84,2.88,3.82,4.71,5.59,6.47,7.33,8.22,9.11,10.07,5.43,9.62,10.64,11.24,11.36,11.36,11.63,11.24,11.24,10.42,6,1
"Stewart, Raymond (JAM) (1965)",30-Aug-87,0.235,1.0 m/s,1.99,3.04,3.98,4.89,5.76,6.62,7.49,8.35,9.22,10.08,5.03,9.52,10.64,10.99,11.49,11.63,11.49,11.63,11.49,11.63,3,-2
"Chambers, Dwain (GBR) (1978)",06-Aug-02,0.143,0.1 m/s,NaN,2.96,3.90,4.79,NaN,6.52,NaN,8.27,NaN,10.08,NaN,6.76,10.64,11.24,NaN,11.56,NaN,11.43,NaN,11.05,NaN,+
"Gatlin, Justin (USA) (1982)",25-Jun-05,NaN,-2.3 m/s,1.97,3.02,3.95,4.84,5.72,6.58,7.43,8.33,9.22,10.08,5.08,9.52,10.75,11.24,11.36,11.63,11.76,11.11,11.24,11.63,7,1
"Powell, Asafa (JAM) (1982)",26-Aug-07,NaN,0.3 m/s,1.89,2.93,3.84,4.71,5.57,6.44,7.32,8.22,9.14,10.08,5.29,9.62,10.99,11.49,11.63,11.49,11.36,11.11,10.87,10.64,4,2
"Martina, Churandy (AHO) (1984)",26-Aug-07,0.180,-0.5 m/s,2.07,3.10,4.04,4.92,5.79,6.64,7.50,8.35,9.21,10.08,4.83,9.71,10.64,11.36,11.49,11.76,11.63,11.76,11.63,11.49,8,5
"Martin, Rodney (USA) (1982)",29-Jun-08,NaN,2.2 m/s,2.02,3.04,4.00,4.87,5.72,6.60,7.46,8.35,9.21,10.08,4.95,9.80,10.42,11.49,11.76,11.36,11.63,11.24,11.63,11.49,3,3
"Thompson, Richard (TTO) (1985)",15-Aug-09,0.145,-0.7 m/s,NaN,2.92,3.86,4.76,NaN,6.54,NaN,8.28,NaN,10.08,NaN,6.85,10.64,11.11,NaN,11.24,NaN,11.49,NaN,11.11,4,2
"Dix, Walter (USA) (1986)",28-Aug-11,0.175,-1.4 m/s,NaN,2.94,3.92,4.81,5.71,6.56,7.43,8.29,9.19,10.08,NaN,6.80,10.20,11.24,11.11,11.76,11.49,11.63,11.11,11.24,4,2
"Yamagata, Ryota (JPN) (1992)",11-Mar-17,NaN,-0.1 m/s,NaN,NaN,NaN,NaN,NaN,6.54,NaN,NaN,NaN,10.08,NaN,NaN,NaN,NaN,NaN,9.17,NaN,NaN,NaN,11.30,NaN,1
"Iizuka, Shota (JPN) (1991)",04-Jun-17,NaN,1.9 m/s,1.88,2.95,3.90,4.80,5.69,6.57,7.44,8.31,9.19,10.08,5.32,9.35,10.53,11.11,11.24,11.36,11.49,11.49,11.36,11.24,NaN,1
"Cambridge, Aska (JPN) (1993)",23-Jun-17,0.123,-0.9 m/s,1.87,2.93,3.87,4.77,5.65,6.51,7.38,8.26,9.16,10.08,5.35,9.43,10.64,11.11,11.36,11.63,11.49,11.36,11.11,10.87,NaN,1
"Vicaut, Jimmy (FRA) (1992)",05-Aug-17,0.152,-0.8 m/s,1.95,2.98,3.88,4.77,5.64,6.51,7.39,8.28,9.18,10.08,5.13,9.71,11.11,11.24,11.49,11.49,11.36,11.24,11.11,11.11,3,6
"Cissé, Arthur (CIV) (1996)",05-Jul-19,0.154,0.2 m/s,NaN,NaN,NaN,NaN,5.7,NaN,NaN,NaN,NaN,10.08,NaN,NaN,NaN,NaN,8.77,NaN,NaN,NaN,NaN,11.42,4,4
"Gemili, Adam (GBR) (1993)",18-Aug-19,0.138,0.7 m/s,NaN,3.0,NaN,4.9,NaN,6.6,NaN,8.3,NaN,10.08,NaN,6.67,NaN,10.53,NaN,11.76,NaN,11.76,NaN,11.24,7,1
"Gatlin, Justin (USA) (1982)",29-Aug-19,0.153,-0.4 m/s,NaN,3.0,NaN,4.9,NaN,6.6,NaN,8.3,NaN,10.08,NaN,6.67,NaN,10.53,NaN,11.76,NaN,11.76,NaN,11.24,3,4
"Brown, Aaron (CAN) (1992)",28-Sep-19,0.155,0.6 m/s,1.86,2.90,3.87,4.78,5.67,6.55,7.41,8.28,9.17,10.08,5.38,9.62,10.31,10.99,11.24,11.36,11.63,11.49,11.24,10.99,9,8
"Simbine, Akani (RSA) (1993)",10-Jun-21,0.147,-0.1 m/s,NaN,3.0,NaN,4.9,NaN,6.6,NaN,8.3,NaN,10.08,NaN,6.67,NaN,10.53,NaN,11.76,NaN,11.76,NaN,11.24,5,1
"Blake, Yohan (JAM) (1989)",16-Sep-23,0.147,0.1 m/s,1.88,2.92,3.87,4.78,5.67,6.54,7.41,8.28,9.17,10.08,5.32,9.62,10.53,10.99,11.24,11.49,11.49,11.49,11.24,10.99,1,6
"Hicklin, Brandon (USA) (1999)",25-May-24,0.142,1.2 m/s,1.89,2.95,3.90,4.79,5.67,6.54,7.41,8.28,9.17,10.08,5.29,9.43,10.53,11.24,11.36,11.49,11.49,11.49,11.24,10.99,6,3
"Azamati, Benjamin (GHA) (1998)",03-Aug-24,0.176,0.6 m/s,1.98,3.04,3.96,4.87,5.73,6.58,7.46,8.33,9.22,10.08,5.05,9.43,10.87,10.99,11.63,11.76,11.36,11.49,11.24,11.63,6,2
"Omanyala, Ferdinand (KEN) (1996)",03-Aug-24,0.148,0.2 m/s,1.91,2.96,3.91,4.80,5.67,6.52,7.39,8.25,9.14,10.08,5.24,9.52,10.53,11.24,11.49,11.76,11.49,11.63,11.24,10.64,2,1
"Matadi, Emmanuel (LBR) (1991)",03-Aug-24,0.157,0.3 m/s,1.93,2.99,3.92,4.81,5.69,6.56,7.42,8.29,9.19,10.08,5.18,9.43,10.75,11.24,11.36,11.49,11.63,11.49,11.11,11.24,4,4
"Ashe, Favour (NGR) (2002)",04-Aug-24,0.149,0.7 m/s,1.87,2.94,3.87,4.76,5.65,6.51,7.39,8.27,9.17,10.08,5.35,9.35,10.75,11.24,11.24,11.63,11.36,11.36,11.11,10.99,1,6
"Omanyala, Ferdinand (KEN) (1996)",04-Aug-24,0.145,0.5 m/s,1.91,2.96,3.89,4.78,5.64,6.50,7.37,8.24,9.15,10.08,5.24,9.52,10.75,11.24,11.63,11.63,11.49,11.49,10.99,10.75,6,1
"Omanyala, Ferdinand (KEN) (1996)",30-Aug-24,0.138,0.3 m/s,1.89,2.95,3.89,4.77,5.65,6.51,7.37,8.26,9.15,10.08,5.29,9.43,10.64,11.36,11.36,11.63,11.63,11.24,11.24,10.75,7,7
"Blake, Ackeem (JAM) (2002)",19-Jul-25,0.156,-0.6 m/s,1.83,2.86,3.80,4.69,5.57,6.44,7.32,8.20,9.10,10.08,5.46,9.71,10.64,11.24,11.36,11.49,11.36,11.36,11.11,10.20,2,4
"Surin, Bruny (CAN) (1967)",1-Aug-92,0.124,0.5 m/s,NaN,2.89,NaN,4.72,NaN,6.50,NaN,8.28,NaN,10.07,NaN,6.92,NaN,10.93,NaN,11.24,NaN,11.24,NaN,11.17,1,4
"Samuels, J-Mee (USA) (1987)",28-Jun-08,NaN,1.6 m/s,1.85,3.00,3.92,4.80,5.67,6.56,7.44,8.29,9.19,10.09,5.41,8.70,10.87,11.36,11.49,11.24,11.36,11.76,11.11,11.11,7,7
"Carter, Xavier (USA) (1985)",29-Jun-08,NaN,2.2 m/s,2.02,3.05,4.00,4.89,5.72,6.59,7.47,8.36,9.19,10.09,4.95,9.71,10.53,11.24,12.05,11.49,11.36,11.24,12.05,11.11,6,4
"Williams, Ivory (USA) (1985)",29-Jun-08,NaN,2.2 m/s,1.95,2.99,3.92,4.84,5.64,6.55,7.40,8.32,9.19,10.09,5.13,9.62,10.75,10.87,12.50,10.99,11.76,10.87,11.49,11.11,5,5
"Tsukahara, Naoki (JPN) (1985)",27-Jun-09,NaN,1.8 m/s,1.92,2.96,3.89,4.79,5.67,6.54,7.42,8.30,9.19,10.09,5.21,9.62,10.75,11.11,11.36,11.49,11.36,11.36,11.24,11.11,6,1
"Tsukahara, Naoki (JPN) (1985)",28-Jun-09,NaN,2.4 m/s,NaN,NaN,3.89,NaN,NaN,6.54,NaN,NaN,NaN,10.09,NaN,NaN,NaN,7.71,NaN,11.32,NaN,NaN,NaN,11.27,NaN,1
"Frater, Michael (JAM) (1982)",15-Aug-09,0.142,0.1 m/s,NaN,2.95,3.89,4.78,NaN,6.54,NaN,8.28,NaN,10.09,NaN,6.78,10.64,11.24,NaN,11.36,NaN,11.49,NaN,11.05,5,2
"Collins, Kim (SKN) (1976)",28-Aug-11,0.155,-1.4 m/s,NaN,2.86,3.82,4.71,5.60,6.48,7.36,8.24,9.16,10.09,NaN,6.99,10.42,11.24,11.24,11.36,11.36,11.36,10.87,10.75,3,3
"Brown, Kemarley (JAM) (1992)",20-Jul-14,NaN,1.5 m/s,NaN,NaN,3.90,NaN,NaN,6.53,NaN,8.29,NaN,10.09,NaN,NaN,7.69,NaN,NaN,11.41,NaN,11.36,NaN,11.11,4,1
"Koffi, Wilfried (CIV) (1987)",10-May-15,NaN,-0.1 m/s,1.98,3.01,3.94,4.83,5.70,6.56,7.43,8.31,9.20,10.09,5.05,9.71,10.75,11.24,11.49,11.63,11.49,11.36,11.24,11.24,3,1
"Takase, Kei (JPN) (1988)",10-May-15,NaN,-0.1 m/s,1.89,2.93,3.87,4.76,5.62,6.50,7.38,8.27,9.17,10.09,5.29,9.62,10.64,11.24,11.63,11.36,11.36,11.24,11.11,10.87,6,2
"Kiryu, Yoshihide (JPN) (1995)",05-Jun-16,NaN,-0.5 m/s,1.87,2.91,3.84,4.73,5.61,6.49,7.37,8.26,9.16,10.09,5.35,9.62,10.75,11.24,11.36,11.36,11.36,11.24,11.11,10.75,NaN,2
"Rodgers, Michael (USA) (1985)",18-Aug-19,0.147,2.0 m/s,NaN,3.0,4.9,NaN,6.6,NaN,8.4,NaN,10.09,10.09,NaN,6.67,10.53,NaN,11.76,NaN,11.11,NaN,11.83,9.91,7,3
"Tortu, Filippo (ITA) (1998)",17-Sep-20,0.151,0.3 m/s,NaN,3.0,4.9,NaN,6.6,NaN,8.4,NaN,10.09,10.09,NaN,6.58,10.99,NaN,11.36,NaN,11.24,NaN,11.83,5.95,6,3
"Gillespie, Cravon (USA) (1996)",21-Aug-21,0.145,2.9 m/s,NaN,3.0,4.8,NaN,6.6,NaN,8.3,NaN,10.09,10.09,NaN,6.67,11.11,NaN,11.11,NaN,11.76,NaN,11.17,9.91,1,9
"Simbine, Akani (RSA) (1993)",16-Jun-22,0.136,0.5 m/s,NaN,2.96,4.81,NaN,6.57,NaN,8.32,NaN,10.09,10.09,NaN,6.76,10.81,NaN,11.36,NaN,11.43,NaN,11.30,9.91,4,3
"Tebogo, Letsile (BOT) (2003)",28-May-23,0.173,0.1 m/s,1.91,2.96,3.92,4.83,5.71,6.59,7.46,8.32,9.19,10.09,5.24,9.52,10.42,10.99,11.36,11.36,11.49,11.63,11.49,11.11,8,4
"Bromell, Trayvon (USA) (1995)",02-Jun-23,0.162,0.0 m/s,1.90,2.93,3.88,4.78,5.66,6.54,7.41,8.29,9.17,10.09,5.26,9.71,10.53,11.11,11.36,11.36,11.49,11.36,11.36,10.87,6,3
"Simbine, Akani (RSA) (1993)",02-Jun-23,0.164,0.0 m/s,1.95,3.00,3.95,4.89,5.80,6.70,7.47,8.34,9.20,10.09,5.13,9.52,10.53,10.64,10.99,11.11,12.99,11.49,11.63,11.24,3,4
"Bouju, Raphael (NED) (2002)",04-Jun-23,0.140,0.4 m/s,1.86,2.91,3.86,4.76,5.65,6.53,7.41,8.29,9.17,10.09,5.38,9.52,10.53,11.11,11.24,11.36,11.36,11.36,11.36,10.87,8,3
Xie Zhenye (CHN) (1993),27-Jun-23,0.167,0.7 m/s,1.92,2.95,3.89,4.79,5.65,6.52,7.38,8.25,9.16,10.09,5.21,9.71,10.64,11.11,11.63,11.49,11.63,11.49,10.99,10.75,5,1
"Eseme, Emmanuel (CMR) (1993)",13-Sep-24,0.195,0.1 m/s,1.98,3.03,3.97,4.87,5.74,6.60,7.46,8.34,9.20,10.09,5.05,9.52,10.64,11.11,11.49,11.63,11.63,11.36,11.63,11.24,8,4
"Hughes, Zharnel (GBR) (1995)",20-Aug-25,0.152,-0.3 m/s,1.93,3.03,3.98,4.87,5.74,6.60,7.45,8.31,9.19,10.09,5.18,9.09,10.53,11.24,11.49,11.63,11.76,11.63,11.36,11.11,7,5
"Christie, Linford (GBR) (1960)",08-Sep-89,0.147,0.5 m/s,NaN,2.96,NaN,4.80,5.71,6.59,7.46,8.32,NaN,10.10,NaN,6.76,NaN,10.87,10.99,11.36,11.49,11.63,NaN,11.24,8,1
"Burrell, Leroy (USA) (1967)",1-Aug-92,0.165,0.5 m/s,NaN,2.99,NaN,4.82,NaN,6.58,NaN,8.32,NaN,10.11,NaN,6.69,NaN,10.93,NaN,11.36,NaN,11.49,NaN,11.17,6,5
"Ezinwa, Davidson (NGR) (1971)",03-Aug-97,0.135,0.2 m/s,1.77,2.82,3.76,4.65,5.52,6.39,7.26,8.14,9.03,9.96,5.65,9.52,10.64,11.24,11.49,11.49,11.49,11.36,11.24,10.75,5,6
"Martina, Churandy (AHO) (1984)",25-Aug-07,0.141,-0.6 m/s,1.96,2.99,3.94,4.84,5.72,6.58,7.45,8.31,9.19,10.10,5.10,9.71,10.53,11.11,11.36,11.63,11.49,11.63,11.36,10.99,4,1
"Martin, Rodney (USA) (1982)",28-Jun-08,NaN,0.8 m/s,2.00,3.02,4.00,4.89,5.76,6.59,7.43,8.28,9.21,10.10,5.00,9.80,10.20,11.24,11.49,12.05,11.90,11.76,10.75,11.24,2,1
"Frater, Michael (JAM) (1982)",13-Sep-08,0.137,0.4 m/s,NaN,2.99,3.93,4.83,5.71,6.59,7.42,8.31,NaN,10.10,NaN,6.69,10.64,11.11,11.36,11.36,12.05,11.24,NaN,11.17,4,3
"Bolt, Usain (JAM) (1986)",27-Aug-11,0.153,-0.7 m/s,1.89,2.93,3.86,4.74,5.60,6.46,7.32,8.20,9.11,10.10,5.29,9.62,10.75,11.36,11.63,11.63,11.63,11.36,10.99,10.10,6,1
"Kiryu, Yoshihide (JPN) (1995)",29-Apr-14,NaN,2.0 m/s,1.94,2.98,3.91,4.81,5.68,6.56,7.42,8.30,9.19,10.10,5.15,9.62,10.75,11.11,11.49,11.36,11.63,11.36,11.24,10.99,4,1
"Afrifa, Elvis (NED) (1997)",27-Jun-25,0.144,0.0 m/s,1.83,2.88,3.84,4.74,5.63,6.51,7.38,8.26,9.14,10.10,5.46,9.52,10.42,11.11,11.24,11.36,11.49,11.36,11.36,10.42,5,2
"Simbine, Akani (RSA) (1993)",16-Aug-25,0.147,0.3 m/s,1.93,2.99,3.94,4.84,5.72,6.59,7.46,8.32,9.20,10.10,5.18,9.43,10.53,11.11,11.36,11.49,11.49,11.63,11.36,11.11,4,7
"Christie, Linford (GBR) (1960)",24-Sep-88,NaN,-1.2 m/s,1.92,2.96,3.90,4.80,5.69,6.56,7.44,8.32,9.20,10.11,5.21,9.62,10.64,11.11,11.24,11.49,11.36,11.36,11.36,10.99,3,2-1
"da Silva, Robson Caetano (BRA) (1964)",24-Sep-88,0.155,1.1 m/s,1.92,2.97,3.93,4.83,5.70,6.57,7.45,8.33,9.22,10.11,5.21,9.52,10.42,11.11,11.49,11.49,11.36,11.36,11.24,11.24,1,4-5
"Williams, Desai (CAN) (1959)",24-Sep-88,0.149,1.1 m/s,1.88,2.92,3.86,4.75,5.61,6.47,7.37,8.27,9.18,10.11,5.32,9.62,10.64,11.24,11.63,11.63,11.11,11.11,10.99,10.75,7,7-6
"Emedolu, Uchenna (NGR) (1976)",31-Aug-01,0.172,0.6 m/s,NaN,3.00,3.94,4.83,NaN,6.58,NaN,8.32,NaN,10.11,NaN,6.67,10.64,11.24,NaN,11.43,NaN,11.49,NaN,11.17,NaN,3
"Williams, Bernard (USA) (1978)",20-Jun-03,NaN,1.6 m/s,1.94,2.98,3.95,4.84,5.72,6.56,7.42,8.31,9.19,10.11,5.15,9.62,10.31,11.24,11.36,11.90,11.63,11.24,11.36,10.87,3,1
"Frater, Michael (JAM) (1982)",22-Sep-07,0.149,-0.3 m/s,NaN,2.98,3.93,4.83,NaN,6.59,NaN,8.34,NaN,10.11,NaN,6.71,10.53,11.11,NaN,11.36,NaN,11.43,NaN,11.30,5,3
"Padgett, Travis (USA) (1986)",29-Jun-08,NaN,0.5 m/s,1.95,2.98,3.91,4.85,5.71,6.59,7.44,8.32,9.19,10.11,5.13,9.71,10.75,10.64,11.63,11.36,11.76,11.36,11.49,10.87,4,2
"Carter, Xavier (USA) (1985)",29-Jun-08,0.148,4.1 m/s,1.98,3.05,3.98,4.88,5.74,6.62,7.46,8.31,9.20,10.11,5.05,9.35,10.75,11.11,11.63,11.36,11.90,11.76,11.24,10.99,8,8
"Rodgers, Michael (USA) (1985)",11-May-14,NaN,-3.5 m/s,1.95,2.97,3.90,4.80,5.68,6.55,7.42,8.31,9.20,10.11,5.13,9.80,10.75,11.11,11.36,11.49,11.49,11.24,11.24,10.99,5,2
"Yamagata, Ryota (JPN) (1992)",19-May-19,0.119,1.7 m/s,1.88,2.94,3.88,4.78,5.66,6.53,7.40,8.29,9.19,10.11,5.32,9.43,10.64,11.11,11.36,11.49,11.49,11.24,11.11,10.87,5,5
"Jacobs, Lamont Marcell (ITA) (1994)",17-Sep-20,0.134,0.3 m/s,NaN,3.0,NaN,4.8,NaN,6.6,NaN,8.4,NaN,10.11,NaN,6.67,NaN,11.11,NaN,11.11,NaN,11.11,NaN,11.70,4,4
"Blake, Yohan (JAM) (1989)",06-Jun-22,0.140,-0.3 m/s,NaN,2.9,NaN,4.7,NaN,6.5,NaN,8.3,NaN,10.11,NaN,6.90,NaN,11.11,NaN,11.11,NaN,11.11,NaN,11.05,4,1
"Espinosa, Reynaldo R. (CUB) (2003)",03-Aug-24,0.151,0.6 m/s,1.96,3.05,3.98,4.87,5.75,6.61,7.49,8.36,9.26,10.11,5.10,9.17,10.75,11.24,11.36,11.63,11.36,11.49,11.11,11.76,1,3
"Larsson, Henrik (SWE) (1999)",27-Jun-25,0.140,0.0 m/s,1.85,2.90,3.86,4.77,5.65,6.52,7.40,8.26,9.14,10.11,5.41,9.52,10.42,10.99,11.36,11.49,11.36,11.63,11.36,10.31,9,3
"Simbine, Akani (RSA) (1993)",19-Jul-25,0.157,-0.6 m/s,1.85,2.91,3.86,4.76,5.65,6.52,7.39,8.26,9.15,10.11,5.41,9.43,10.53,11.11,11.24,11.49,11.49,11.49,11.24,10.42,7,5
"Azu, Jeremiah (GBR) (2001)",19-Jul-25,0.131,-0.6 m/s,1.79,2.84,3.79,4.70,5.60,6.48,7.36,8.25,9.14,10.11,5.59,9.52,10.53,10.99,11.11,11.36,11.36,11.24,11.24,10.31,8,6
"Blake, Ackem (JAM) (2002)",16-Aug-25,0.156,0.3 m/s,1.88,2.95,3.89,4.78,5.66,6.53,7.41,8.30,9.19,10.11,5.32,9.35,10.64,11.24,11.36,11.49,11.36,11.24,11.24,10.87,2,8
"Stewart, Raymond (JAM) (1965)",30-Aug-87,NaN,-1.3 m/s,1.94,3.00,3.96,4.86,5.74,6.60,7.47,8.35,9.23,10.12,5.15,9.43,10.42,11.11,11.36,11.63,11.49,11.36,11.36,11.24,3,2
"da Silva, Robson Caetano (BRA) (1964)",15-Aug-91,0.172,1.2 m/s,1.91,2.97,3.90,4.79,5.67,6.56,7.45,8.32,9.22,10.12,5.24,9.43,10.75,11.24,11.36,11.24,11.24,11.49,11.11,11.11,8,7
"Adeniken, Olapade (NGR) (1969)",1-Aug-92,0.183,0.5 m/s,NaN,3.01,NaN,4.84,NaN,6.58,NaN,8.34,NaN,10.12,NaN,6.64,NaN,10.93,NaN,11.49,NaN,11.36,NaN,11.24,8,6
"Montgomery, Tim (USA) (1975)",15-Jun-96,NaN,1.1 m/s,NaN,1.93,NaN,3.91,NaN,5.66,NaN,NaN,NaN,9.20,5.18,NaN,NaN,10.10,NaN,11.43,NaN,NaN,NaN,11.30,1,7
"Obikwelu, Francis (POR) (1978)",07-Aug-02,0.156,0.1 m/s,NaN,2.97,3.91,4.81,NaN,6.56,NaN,8.31,NaN,10.12,NaN,6.73,10.64,11.11,NaN,11.43,NaN,11.43,NaN,11.05,NaN,1
"Brunson, Marcus (USA) (1978)",06-May-06,NaN,-0.1 m/s,1.97,3.00,3.93,4.82,5.69,6.56,7.44,8.32,9.21,10.12,5.08,9.71,10.75,11.24,11.49,11.49,11.36,11.36,11.24,10.99,NaN,2-1
"Perry, Willie (USA) (1987)",22-Jun-06,NaN,1.5 m/s,2.02,3.09,4.01,4.94,5.79,6.66,7.51,8.36,9.24,10.12,4.95,9.35,10.87,10.75,11.76,11.49,11.76,11.76,11.36,11.36,4,1
"Suetsugu, Shingo (JPN) (1980)",24-Sep-06,NaN,2.2 m/s,1.97,3.00,3.93,4.82,5.69,6.56,7.44,8.32,9.21,10.12,5.08,9.71,10.75,11.24,11.49,11.49,11.36,11.36,11.24,10.99,6,1
"Devonish, Marlon (GBR) (1976)",26-Aug-07,0.154,0.1 m/s,1.93,2.99,3.93,4.83,5.71,6.58,7.45,8.33,9.22,10.12,5.18,9.43,10.64,11.11,11.36,11.49,11.49,11.36,11.24,11.11,7,2
"Demps, Jeff (USA) (1990)",28-Jun-08,NaN,1.8 m/s,1.95,3.02,3.98,4.87,5.76,6.62,7.45,8.34,9.24,10.12,5.13,9.35,10.42,11.24,11.24,11.63,12.05,11.24,11.11,11.36,5,2
"Spearmon, Wallace (USA) (1984)",28-Jun-08,NaN,1.4 m/s,2.03,3.08,4.03,4.96,5.82,6.64,7.50,8.39,9.24,10.12,4.93,9.52,10.53,10.75,11.63,12.20,11.63,11.24,11.76,11.36,3,2
"Hargrett, Chrisdon (USA) (1984)",28-Jun-08,NaN,1.6 m/s,1.87,2.98,3.90,4.82,5.71,6.59,7.45,8.31,9.19,10.12,5.35,9.01,10.87,10.87,11.24,11.36,11.63,11.63,11.36,10.75,8,4
"Stevens, Kendall (USA) (1983)",28-Jun-08,NaN,1.6 m/s,1.87,2.93,3.92,4.82,5.70,6.56,7.42,8.27,9.19,10.12,5.35,9.43,10.10,11.11,11.36,11.63,11.63,11.76,10.87,10.75,6,5
"Edgar, Tyrone (GBR) (1982)",15-Aug-09,0.149,0.4 m/s,NaN,2.96,3.91,4.81,NaN,6.59,NaN,8.31,NaN,10.12,NaN,6.76,10.53,11.11,NaN,11.24,NaN,11.63,NaN,11.05,7,2
"Burns, Marc (TTO) (1983)",15-Aug-09,0.184,-0.4 m/s,NaN,2.97,3.91,4.81,NaN,6.59,NaN,8.32,NaN,10.12,NaN,6.73,10.64,11.11,NaN,11.24,NaN,11.56,NaN,11.11,8,3
"Yamagata, Ryota (JPN) (1992)",03-Jun-18,NaN,-0.7 m/s,1.84,2.90,3.86,4.76,5.65,6.52,7.40,8.28,9.19,10.12,5.43,9.43,10.42,11.11,11.24,11.49,11.36,11.36,10.99,10.75,NaN,1
"Tada, Shuhei (JPN) (1996)",19-May-19,0.157,1.7 m/s,1.86,2.90,3.85,4.74,5.62,6.49,7.37,8.26,9.18,10.12,5.38,9.62,10.53,11.24,11.36,11.49,11.36,11.24,10.87,10.64,2,6
"Burrell, Cameron (USA) (1994)",19-May-19,0.138,1.7 m/s,1.88,2.92,3.86,4.76,5.63,6.51,7.38,8.27,9.18,10.12,5.32,9.62,10.64,11.11,11.49,11.36,11.49,11.24,10.99,10.64,6,7
"Rodgers, Michael (USA) (1985)",17-Sep-20,0.153,0.3 m/s,NaN,3.0,NaN,4.8,NaN,6.6,NaN,8.4,NaN,10.12,NaN,6.67,NaN,11.11,NaN,11.11,NaN,11.11,NaN,11.63,3,5
"Tebogo, Letsile (BOT) (2003)",28-May-22,0.169,-0.2 m/s,NaN,2.95,NaN,4.79,NaN,6.55,NaN,8.31,NaN,10.12,NaN,6.78,NaN,10.87,NaN,11.36,NaN,11.36,NaN,11.05,8,5
Xie Zhenye (CHN) (1993),02-Sep-23,0.151,0.4 m/s,1.93,2.96,3.90,4.79,5.67,6.54,7.42,8.30,9.19,10.12,5.18,9.71,10.64,11.24,11.36,11.49,11.36,11.36,11.24,10.75,2,8
"Blake, Ackeem (JAM) (2002)",25-May-24,0.176,1.2 m/s,1.93,2.96,3.89,4.79,5.67,6.54,7.41,8.31,9.22,10.12,5.18,9.71,10.75,11.11,11.36,11.49,11.49,11.11,10.99,11.11,3,4
"Amo-Dadzie, Eugene (GBR) (1992)",20-Jul-24,0.157,2.1 m/s,1.90,2.95,3.90,4.80,5.68,6.55,7.42,8.31,9.20,10.12,5.26,9.52,10.53,11.11,11.36,11.49,11.49,11.24,11.24,10.87,6,1
"Ali, Chituru (ITA) (1999)",03-Aug-24,0.145,0.2 m/s,1.93,2.99,3.95,4.86,5.74,6.62,7.47,8.34,9.22,10.12,5.18,9.43,10.42,10.99,11.36,11.36,11.76,11.49,11.36,11.11,1,2
"Coleman, Christian (USA) (1996)",01-Jun-25,0.163,0.8 m/s,1.94,2.97,3.88,4.76,5.65,6.51,7.42,8.30,9.19,10.12,5.15,9.71,10.99,11.36,11.24,11.63,10.99,11.36,11.24,10.75,6,4
"Tebogo, Letsile (BOT) (2003)",19-Jul-25,0.170,-0.6 m/s,1.85,2.90,3.84,4.75,5.64,6.52,7.38,8.26,9.15,10.12,5.41,9.52,10.64,10.99,11.24,11.36,11.63,11.36,11.24,10.31,6,7
"Lewis-Francis, Mark (GBR) (1982)",23-Jun-01,NaN,1.4 m/s,NaN,2.99,3.94,4.85,NaN,6.60,NaN,8.34,10.13,10.13,NaN,6.69,10.53,10.99,NaN,11.43,NaN,11.49,11.17,9.87,NaN,1
"Montgomery, Tim (USA) (1975)",11-Jul-04,0.188,0.0 m/s,1.98,3.00,3.97,4.84,5.71,6.61,7.45,8.32,9.21,10.13,5.05,9.80,10.31,11.49,11.49,11.11,11.90,11.49,11.24,10.87,1,2
"Devonish, Marlon (GBR) (1976)",25-Aug-07,0.138,-1.0 m/s,1.92,2.97,3.91,4.80,5.68,6.56,7.43,8.31,9.20,10.13,5.21,9.52,10.64,11.24,11.36,11.36,11.49,11.36,11.24,10.75,4,1
"Devonish, Marlon (GBR) (1976)",25-Aug-07,0.154,-0.5 m/s,1.95,2.99,3.93,4.83,5.71,6.59,7.46,8.33,9.22,10.13,5.13,9.62,10.64,11.11,11.36,11.36,11.49,11.49,11.24,10.99,7,2
"Stevens, Kendall (USA) (1983)",28-Jun-08,NaN,1.7 m/s,1.93,2.98,3.90,4.80,5.67,6.57,7.47,8.34,9.27,10.13,5.18,9.52,10.87,11.11,11.49,11.11,11.11,11.49,10.75,11.63,8,3
"Edwards, Monzavous (Rae) (USA) (1981)",28-Jun-08,NaN,0.8 m/s,1.96,3.02,3.94,4.84,5.71,6.59,7.42,8.31,9.21,10.13,5.10,9.43,10.87,11.11,11.49,11.36,12.05,11.24,11.11,10.87,7,2
"Jelks, Mark (USA) (1984)",28-Jun-08,NaN,0.8 m/s,1.94,2.98,3.89,4.80,5.69,6.52,7.41,8.31,9.21,10.13,5.15,9.62,10.99,10.99,11.24,12.05,11.24,11.11,11.11,10.87,8,3
"Tsukahara, Naoki (JPN) (1985)",09-May-09,NaN,0.8 m/s,NaN,NaN,3.93,NaN,NaN,6.57,NaN,NaN,NaN,10.13,NaN,NaN,7.63,NaN,NaN,11.36,NaN,NaN,NaN,11.24,NaN,1
"Williamson, Simeon (GBR) (1986)",14-Jun-09,0.187,1.4 m/s,NaN,2.95,3.90,4.80,NaN,6.55,NaN,8.33,NaN,10.13,NaN,6.78,10.53,11.11,NaN,11.43,NaN,11.24,NaN,11.11,NaN,2
"Eriguchi, Masashi (JPN) (1988)",05-Sep-09,NaN,1.2 m/s,NaN,NaN,3.89,NaN,NaN,6.55,NaN,NaN,NaN,10.13,NaN,NaN,7.71,NaN,NaN,11.28,NaN,NaN,NaN,11.17,NaN,1
"Gay, Tyson (USA) (1982)",23-Sep-09,NaN,0.5 m/s,1.93,2.99,3.92,4.82,5.69,6.56,7.43,8.30,9.20,10.13,5.18,9.43,10.75,11.11,11.49,11.49,11.49,11.49,11.11,10.75,NaN,1
"Hara, Shota (JPN) (1992)",04-Jun-17,NaN,1.9 m/s,1.87,2.94,3.90,4.80,5.68,6.56,7.44,8.33,9.22,10.13,5.35,9.35,10.42,11.11,11.36,11.36,11.36,11.24,11.24,10.99,NaN,3
Xie Zhenye (CHN) (1993),05-Aug-17,0.161,-0.6 m/s,1.87,2.92,3.86,4.77,5.65,6.52,7.40,8.29,9.20,10.13,5.35,9.52,10.64,10.99,11.36,11.49,11.36,11.24,10.99,10.75,6,3
"Yamagata, Ryota (JPN) (1992)",20-May-18,0.142,-0.7 m/s,1.87,2.91,3.86,4.76,5.64,6.52,7.40,8.30,9.20,10.13,5.35,9.62,10.53,11.11,11.36,11.36,11.36,11.11,11.11,10.75,5,2
"Young, Isiah (USA) (1990)",20-May-18,0.140,-0.7 m/s,1.87,2.93,3.88,4.79,5.67,6.55,7.42,8.31,9.21,10.13,5.35,9.43,10.53,10.99,11.36,11.36,11.49,11.24,11.11,10.87,8,3
"Belcher, Christopher (USA) (1994)",18-Aug-19,0.153,2.0 m/s,NaN,3.0,NaN,4.9,NaN,6.7,NaN,8.4,NaN,10.13,NaN,6.67,NaN,10.53,NaN,11.11,NaN,11.76,NaN,11.56,5,4
"de Grasse, Andre (CAN) (1994)",18-Aug-19,0.133,2.0 m/s,NaN,3.1,NaN,4.9,NaN,6.7,NaN,8.4,NaN,10.13,NaN,6.45,NaN,11.11,NaN,11.11,NaN,11.76,NaN,11.56,8,5
"Young, Isiah (USA) (1990)",04-Jul-21,0.142,-0.8 m/s,NaN,3.0,NaN,4.8,NaN,6.6,NaN,8.4,NaN,10.13,NaN,6.67,NaN,11.11,NaN,11.11,NaN,11.11,NaN,11.56,2,4
"Hughes, Zharnel (GBR) (1995)",13-Jul-21,0.139,0.4 m/s,NaN,3.1,NaN,4.9,NaN,6.7,NaN,8.4,NaN,10.13,NaN,6.45,NaN,11.11,NaN,11.11,NaN,11.76,NaN,11.56,6,3
"de Grasse, André (CAN) (1994)",13-Jul-21,0.176,0.4 m/s,NaN,3.1,NaN,5.0,NaN,6.7,NaN,8.4,NaN,10.13,NaN,6.45,NaN,10.53,NaN,11.76,NaN,11.76,NaN,11.56,3,4
"Kerley, Fred (USA) (1995)",13-Jul-21,0.118,0.4 m/s,NaN,3.0,NaN,4.9,NaN,6.6,NaN,8.4,NaN,10.13,NaN,6.67,NaN,10.53,NaN,11.76,NaN,11.11,NaN,11.56,5,5
"Brown, Aaron (CAN) (1992)",21-May-22,0.149,-0.2 m/s,NaN,2.94,NaN,4.82,NaN,6.61,NaN,8.37,NaN,10.13,NaN,6.80,NaN,10.64,NaN,11.17,NaN,11.36,NaN,11.36,8,1
"Omanyala, Ferdinand (KEN) (1996)",26-Apr-25,0.149,0.2 m/s,1.95,3.00,3.94,4.85,5.72,6.60,7.47,8.35,9.24,10.13,5.13,9.52,10.64,10.99,11.49,11.36,11.49,11.36,11.24,11.24,3,2
"Coleman, Christian (USA) (1996)",03-May-25,0.152,0.5 m/s,1.92,2.97,3.89,4.80,5.69,6.55,7.43,8.32,9.22,10.13,5.21,9.52,10.87,10.99,11.24,11.63,11.36,11.24,11.11,10.99,6,5
"Leotlela, Gift (RSA) (1998)",22-Aug-25,0.142,-0.6 m/s,1.90,2.96,3.90,4.80,5.67,6.55,7.43,8.32,9.21,10.13,5.26,9.43,10.64,11.11,11.49,11.36,11.36,11.24,11.24,10.87,5,1
"Borzov, Valeriy (URS) (1949)",01-Sep-72,NaN,0.3 m/s,1.91,2.95,3.91,4.82,5.72,6.58,7.46,8.35,9.24,10.14,5.24,9.62,10.42,10.99,11.11,11.63,11.36,11.24,11.24,11.11,2,1
"Borzov, Valeriy (URS) (1949)",24-Jul-76,NaN,0.0 m/s,NaN,NaN,3.88,NaN,NaN,6.61,NaN,8.33,NaN,10.14,NaN,NaN,7.73,NaN,NaN,10.99,NaN,11.63,NaN,11.05,3,3
"Ray, Eugen (GDR) (1957)",01-Jul-77,NaN,1.6 m/s,NaN,NaN,3.92,NaN,NaN,6.60,NaN,8.36,NaN,10.14,NaN,NaN,7.65,NaN,NaN,11.19,NaN,11.36,NaN,11.24,NaN,1
"Stewart, Raymond (JAM) (1965)",29-Aug-87,NaN,-0.4 m/s,1.92,2.97,3.92,4.83,5.72,6.59,7.46,8.33,9.21,10.14,5.21,9.52,10.53,10.99,11.24,11.49,11.49,11.49,11.36,10.75,5,1
"Johnson, Ben (CAN) (1961)",29-Aug-87,NaN,-0.4 m/s,1.88,2.88,3.82,4.72,5.60,6.48,7.35,8.25,9.16,10.14,5.32,10.00,10.64,11.11,11.36,11.36,11.49,11.11,10.99,10.20,4,2
"Christie, Linford (GBR) (1960)",30-Aug-87,0.155,1.0 m/s,1.97,3.01,3.97,4.87,5.76,6.62,7.49,8.37,9.26,10.14,5.08,9.62,10.42,11.11,11.24,11.63,11.49,11.36,11.24,11.36,8,4-3
"Surin, Bruny (CAN) (1967)",25-Aug-91,0.148,1.2 m/s,1.88,2.95,3.87,4.77,5.66,6.56,7.44,8.31,9.22,10.14,5.32,9.35,10.87,11.11,11.24,11.11,11.36,11.49,10.99,10.87,1,8
"Asahara, Nobuharu (JPN) (1972)",25-Aug-07,0.147,1.0 m/s,1.90,2.94,3.88,4.77,5.64,6.51,7.38,8.27,9.18,10.14,5.26,9.62,10.64,11.24,11.49,11.49,11.49,11.24,10.99,10.42,1,1
"Gay, Tyson (USA) (1982)",28-Jun-08,NaN,0.8 m/s,1.96,2.99,3.88,4.79,5.63,6.47,7.31,8.20,9.14,10.14,5.10,9.71,11.24,10.99,11.90,11.90,11.90,11.24,10.64,10.00,4,4
"Carter, Xavier (USA) (1985)",28-Jun-08,NaN,0.8 m/s,2.00,3.05,3.99,4.86,5.72,6.60,7.46,8.31,9.19,10.14,5.00,9.52,10.64,11.49,11.63,11.36,11.63,11.76,11.36,10.53,6,5
"Eriguchi, Masashi (JPN) (1988)",28-Jun-09,NaN,1.9 m/s,NaN,NaN,3.90,NaN,NaN,6.54,NaN,NaN,NaN,10.09,NaN,NaN,7.69,NaN,NaN,11.36,NaN,NaN,NaN,11.27,NaN,1
"Frater, Michael (JAM) (1982)",16-Aug-09,0.153,-0.2 m/s,NaN,2.97,3.91,4.81,NaN,6.59,NaN,8.31,NaN,10.14,NaN,6.73,10.64,11.11,NaN,11.24,NaN,11.63,NaN,10.93,7,5
"Edwards, Monzavous (Rae) (USA) (1981)",16-Aug-09,0.146,-0.2 m/s,NaN,3.01,3.97,4.89,NaN,6.67,NaN,8.38,NaN,10.14,NaN,6.64,10.42,10.87,NaN,11.24,NaN,11.70,NaN,11.36,2,6
"Takase, Kei (JPN) (1988)",29-Apr-14,NaN,2.6 m/s,1.92,2.95,3.89,4.79,5.67,6.55,7.43,8.32,9.22,10.14,5.21,9.71,10.64,11.11,11.36,11.36,11.36,11.24,11.11,10.87,4,1
"Cambridge, Aska (JPN) (1993)",23-Jun-18,0.143,0.6 m/s,1.92,2.99,3.95,4.85,5.73,6.60,7.46,8.34,9.23,10.14,5.21,9.35,10.42,11.11,11.36,11.49,11.63,11.36,11.24,10.99,NaN,2
"Gillespie, Cravon (USA) (1996)",12-Jul-19,0.141,0.3 m/s,NaN,NaN,NaN,NaN,5.8,NaN,NaN,NaN,NaN,10.14,NaN,NaN,NaN,NaN,8.62,NaN,NaN,NaN,NaN,11.52,6,5
"de Grasse, Andre (CAN) (1994)",18-Aug-19,0.136,0.7 m/s,NaN,3.1,NaN,4.9,NaN,6.7,NaN,8.4,NaN,10.14,NaN,6.45,NaN,11.11,NaN,11.11,NaN,11.76,NaN,11.49,4,3
"Tracey, Tyquendo (JAM) (1993)",18-Aug-19,0.133,2.0 m/s,NaN,3.0,NaN,4.9,NaN,6.6,NaN,8.4,NaN,10.14,NaN,6.67,NaN,10.53,NaN,11.76,NaN,11.11,NaN,11.49,3,6
Xie Zhenye (CHN) (1993),28-Sep-19,0.188,-0.1 m/s,1.93,2.98,3.91,4.81,5.68,6.55,7.43,8.31,9.21,10.14,5.18,9.52,10.75,11.11,11.49,11.49,11.36,11.36,11.11,10.75,9,4
"Browning, Rohan (AUS) (1997)",03-Sep-21,0.120,0.1 m/s,NaN,3.0,NaN,4.8,NaN,6.6,NaN,8.4,NaN,10.14,NaN,6.67,NaN,11.11,NaN,11.11,NaN,11.11,NaN,11.49,2,5
"Knighton, Erriyon (USA) (2004)",28-May-22,0.133,-0.2 m/s,NaN,2.96,NaN,4.78,NaN,6.54,NaN,8.31,NaN,10.14,NaN,6.76,NaN,10.99,NaN,11.36,NaN,11.30,NaN,10.93,1,6
"King, Kyree (USA) (1994)",09-Jun-22,0.147,-0.2 m/s,NaN,2.95,NaN,4.80,NaN,6.56,NaN,8.33,NaN,10.14,NaN,6.78,NaN,10.81,NaN,11.36,NaN,11.30,NaN,11.05,6,2
"Eseme, Emmanuel (CMR) (1993)",03-Aug-22,0.172,-1.2 m/s,NaN,3.0,NaN,4.8,NaN,6.6,NaN,8.3,NaN,10.14,NaN,6.67,NaN,11.11,NaN,11.11,NaN,11.76,NaN,10.87,6,2
"Abeykoon, Yupun (SRI) (1994)",03-Aug-22,NaN,-0.9 m/s,NaN,2.9,NaN,4.8,NaN,6.5,NaN,8.3,NaN,10.14,NaN,6.90,NaN,10.53,NaN,11.76,NaN,11.11,NaN,10.87,2,3
"Hall, Elijah (USA) (1994)",06-Aug-22,0.119,-0.7 m/s,NaN,3.00,NaN,4.86,NaN,6.61,NaN,8.35,NaN,10.14,NaN,6.67,NaN,10.75,NaN,11.43,NaN,11.49,NaN,11.17,2,6
"Abeykoon, Yupun (SRI) (1994)",08-Sep-22,0.137,-0.3 m/s,NaN,2.98,NaN,4.83,NaN,6.58,NaN,8.34,NaN,10.14,NaN,6.71,NaN,10.81,NaN,11.43,NaN,11.36,NaN,11.11,1,5
"Prescod, Reece (GBR) (1996)",02-Jul-23,0.110,1.0 m/s,1.92,2.99,3.93,4.83,5.71,6.58,7.45,8.32,9.21,10.14,5.21,9.35,10.64,11.11,11.36,11.49,11.49,11.49,11.24,10.75,4,2
"Prescod, Reece (GBR) (1996)",20-Jul-24,0.148,2.1 m/s,1.95,3.03,3.99,4.90,5.79,6.65,7.52,8.38,9.25,10.14,5.13,9.26,10.42,10.99,11.24,11.63,11.49,11.63,11.49,11.24,4,2
"Ujah, Chijindu (GBR) (1994)",20-Jul-24,0.128,2.1 m/s,1.90,2.96,3.90,4.80,5.68,6.55,7.43,8.31,9.22,10.14,5.26,9.43,10.64,11.11,11.36,11.49,11.36,11.36,10.99,10.87,5,3
"Ali, Chituru (ITA) (1999)",04-Aug-24,0.141,0.7 m/s,1.92,2.99,3.95,4.85,5.73,6.61,7.48,8.36,9.25,10.14,5.21,9.35,10.42,11.11,11.36,11.36,11.49,11.36,11.24,11.24,8,7
"Bunson, Phooripol (THA) (2006)",04-Aug-24,0.158,0.5 m/s,1.93,3.00,3.96,4.88,5.76,6.63,7.50,8.37,9.25,10.14,5.18,9.35,10.42,10.87,11.36,11.49,11.49,11.49,11.36,11.24,1,9
"Tsukahara, Naoki (JPN) (1985)",15-Aug-09,0.128,0.4 m/s,1.90,2.95,3.90,4.80,5.70,6.58,7.46,8.34,9.23,10.15,5.26,9.52,10.53,11.11,11.11,11.36,11.36,11.36,11.24,10.87,4,3
"Edwards, Monzavous (Rae) (USA) (1981)",15-Aug-09,0.157,0.1 m/s,NaN,3.01,3.97,4.88,NaN,6.66,NaN,8.38,NaN,10.15,NaN,6.64,10.42,10.99,NaN,11.24,NaN,11.63,NaN,11.30,7,3
"Eriguchi, Masashi (JPN) (1988)",29-Apr-13,NaN,2.7 m/s,1.89,2.92,3.86,4.75,5.63,6.51,7.38,8.28,9.20,10.15,5.29,9.71,10.64,11.24,11.36,11.36,11.49,11.11,10.87,10.53,3,3
"Kiryu, Yoshihide (JPN) (1995)",07-Jun-14,NaN,1.4 m/s,1.95,2.98,3.92,4.81,5.69,6.57,7.44,8.32,9.22,10.15,5.13,9.71,10.64,11.24,11.36,11.36,11.49,11.36,11.11,10.75,7,1
"Simbine, Akani (RSA) (1993)",18-Aug-19,0.139,0.7 m/s,NaN,3.0,NaN,4.9,NaN,6.6,NaN,8.4,NaN,10.15,NaN,6.67,NaN,10.53,NaN,11.76,NaN,11.11,NaN,11.43,5,4
"Simbine, Akani (RSA) (1993)",18-Aug-19,0.122,2.0 m/s,NaN,3.1,NaN,4.9,NaN,6.7,NaN,8.4,NaN,10.15,NaN,6.45,NaN,11.11,NaN,11.11,NaN,11.76,NaN,11.43,2,7
"Hughes, Zharnel (GBR) (1995)",29-Aug-19,0.113,-0.4 m/s,NaN,3.1,NaN,5.0,NaN,6.7,NaN,8.4,NaN,10.15,NaN,6.45,NaN,10.53,NaN,11.76,NaN,11.76,NaN,11.43,6,6
"Gemili, Adam (GBR) (1993)",29-Aug-19,0.130,-0.4 m/s,NaN,3.1,NaN,4.9,NaN,6.7,NaN,8.4,NaN,10.15,NaN,6.45,NaN,11.11,NaN,11.11,NaN,11.76,NaN,11.43,1,7
"Forte, Julian (JAM) (1993)",17-Sep-20,0.132,0.3 m/s,NaN,3.0,NaN,4.8,NaN,6.6,NaN,8.4,NaN,10.15,NaN,6.67,NaN,11.11,NaN,11.11,NaN,11.11,NaN,11.43,7,6
"Blake, Jerome (CAN) (1995)",04-Jul-21,0.140,0.5 m/s,NaN,3.0,NaN,4.9,NaN,6.7,NaN,8.4,NaN,10.15,NaN,6.67,NaN,10.53,NaN,11.11,NaN,11.76,NaN,11.43,3,1
"Kerley, Fred (USA) (1995)",09-Jul-21,0.153,0.3 m/s,NaN,3.0,NaN,4.9,NaN,6.6,NaN,8.4,NaN,10.15,NaN,6.67,NaN,10.53,NaN,11.76,NaN,11.11,NaN,11.43,6,6
"Prescod, Reece (GBR) (1996)",30-Jun-22,0.163,-0.5 m/s,NaN,3.05,NaN,4.90,NaN,6.64,NaN,8.37,NaN,10.15,NaN,6.56,NaN,10.81,NaN,11.49,NaN,11.56,NaN,11.24,6,2
"Azu, Jeremiah (GBR) (2001)",03-Aug-22,0.153,0.4 m/s,NaN,2.9,NaN,4.8,NaN,6.5,NaN,8.3,NaN,10.15,NaN,6.90,NaN,10.53,NaN,11.76,NaN,11.11,NaN,10.81,1,2
"Sani Brown, Abdul Hakim (JPN) (1999)",06-Aug-22,0.155,-0.7 m/s,NaN,2.93,NaN,4.78,NaN,6.54,NaN,8.31,NaN,10.15,NaN,6.83,NaN,10.81,NaN,11.36,NaN,11.30,NaN,10.87,8,7
"Browning, Rohan (AUS) (1997)",02-Jun-23,0.128,0.0 m/s,1.93,3.00,3.93,4.83,5.68,6.58,7.45,8.34,9.23,10.15,5.18,9.35,10.75,11.11,11.76,11.11,11.49,11.24,11.24,10.87,1,6
"Blake, Yohan (JAM) (1989)",02-Jun-23,0.143,0.0 m/s,1.87,2.92,3.87,4.77,5.66,6.55,7.44,8.33,9.22,10.15,5.35,9.52,10.53,11.11,11.24,11.24,11.24,11.24,11.24,10.75,2,7
"Brown, Aaron (CAN) (1992)",04-Jun-23,0.186,0.4 m/s,1.87,2.93,3.88,4.80,5.70,6.59,7.47,8.36,9.24,10.15,5.35,9.43,10.53,10.87,11.11,11.24,11.36,11.24,11.36,10.99,3,6
"Blake, Ackeem (JAM) (2002)",16-Jul-23,0.148,0.0 m/s,1.90,2.93,3.87,4.77,5.66,6.53,7.42,8.30,9.20,10.15,5.26,9.71,10.64,11.11,11.24,11.49,11.24,11.36,11.11,10.53,7,7
"Hartmann, Joshua (GER) (1999)",21-Jul-23,0.159,0.6 m/s,1.93,2.99,3.94,4.84,5.72,6.59,7.47,8.35,9.24,10.15,5.18,9.43,10.53,11.11,11.36,11.49,11.36,11.36,11.24,10.99,1,6
"Brathwaite, Rikkoi (IVB) (1999)",04-Aug-24,0.129,0.7 m/s,1.86,2.94,3.91,4.81,5.70,6.57,7.45,8.34,9.24,10.15,5.38,9.26,10.31,11.11,11.24,11.49,11.36,11.24,11.11,10.99,2,8
"de Grasse, André (CAN) (1994)",01-Jun-25,0.176,0.8 m/s,2.01,3.06,3.98,4.91,5.77,6.63,7.50,8.39,9.27,10.15,4.98,9.52,10.87,10.75,11.63,11.63,11.49,11.24,11.36,11.36,3,5
"Ansah-Peprah, Lucas (GER) (2000)",27-Jun-25,0.145,0.0 m/s,1.88,2.95,3.90,4.81,5.70,6.57,7.44,8.31,9.19,10.15,5.32,9.35,10.53,10.99,11.24,11.49,11.49,11.49,11.36,10.42,7,4
"Asahara, Nobuharu (JPN) (1972)Quarter-Final 1 - 2007 IAAF World Championships (Osaka, JPN)",25-Aug-07,0.143,0.8 m/s,1.91,2.95,3.90,4.80,5.69,6.57,7.44,8.33,9.24,10.16,5.24,9.62,10.53,11.11,11.24,11.36,11.49,11.24,10.99,10.87,4,4
"Dixon, Leroy (USA) (1983)Heat 2 - 2008 USA Olympic Trials (Eugene, OR)",28-Jun-08,NaN,1.8 m/s,1.91,2.95,3.87,4.82,5.65,6.52,7.37,8.27,9.20,10.16,5.24,9.62,10.87,10.53,12.05,11.49,11.76,11.11,10.75,10.42,2,3
"Capel, John (USA) (1978)Heat 3 - 2008 USA Olympic Trials (Eugene, OR)",28-Jun-08,NaN,1.4 m/s,1.98,3.03,3.95,4.87,5.74,6.59,7.47,8.39,9.26,10.16,5.05,9.52,10.87,10.87,11.49,11.76,11.36,10.87,11.49,11.11,4,3
"Scales, Mardy (USA) (1981)Heat 3 - 2008 USA Olympic Trials (Eugene, OR)",28-Jun-08,NaN,1.4 m/s,1.86,2.90,3.83,4.75,5.62,6.48,7.36,8.29,9.22,10.16,5.38,9.62,10.75,10.87,11.49,11.63,11.36,10.75,10.75,10.64,6,4
"Edwards, Monzavous (Rae) (USA) (1981)Semi-Final 1 - 2008 USA Olympic Trials (Eugene, OR)",29-Jun-08,NaN,2.2 m/s,1.97,3.01,3.95,4.84,5.71,6.59,7.46,8.34,9.22,10.16,5.08,9.62,10.64,11.24,11.49,11.36,11.49,11.36,11.36,10.64,1,6
"Edwards, Monzavous (Rae) (USA) (1981)FINAL - 2009 ISTAF (Berlin, GER)",14-Jun-09,0.184,1.4 m/s,NaN,3.02,3.97,4.88,NaN,6.63,NaN,8.39,NaN,10.16,NaN,6.62,10.53,10.99,NaN,11.43,NaN,11.36,NaN,11.30,NaN,4
"Gay, Tyson (USA) (1982)Heat 11 - 2009 IAAF World Championships (Berlin, GER)",15-Aug-09,0.194,-0.2 m/s,NaN,3.02,3.96,4.85,NaN,6.62,NaN,8.35,NaN,10.16,NaN,6.62,10.64,11.24,NaN,11.30,NaN,11.56,NaN,11.05,8,1
"Phiri, Gerald (ZAM) (1988)Quarter-Final 2 - 2009 IAAF World Championships (Berlin, GER)",15-Aug-09,0.146,0.4 m/s,NaN,2.93,3.87,4.77,NaN,6.57,NaN,8.33,NaN,10.16,NaN,6.83,10.64,11.11,NaN,11.11,NaN,11.36,NaN,10.93,5,4
"Saidy Ndure, Jaysuma (NOR) (1984)Quarter-Final 4 - 2009 IAAF World Championships (Berlin, GER)",15-Aug-09,0.146,0.1 m/s,NaN,2.96,3.90,4.79,NaN,6.58,NaN,8.33,NaN,10.16,NaN,6.76,10.64,11.24,NaN,11.17,NaN,11.43,NaN,10.93,3,3
"Eriguchi, Masashi (JPN) (1988)Heat 4 - 2010 Japanese National Championships (Marugame, JPN)",05-Jun-10,0.116,1.8 m/s,1.91,2.95,3.89,4.78,5.66,6.53,7.41,8.30,9.22,10.16,5.24,9.62,10.64,11.24,11.36,11.49,11.36,11.24,10.87,10.64,5,1
"Collio, Simone (ITA) (1979)FINAL - 2011 Windsprint (Sundsvall, SWE)",31-Jul-11,NaN,2.8 m/s,NaN,NaN,3.93,NaN,NaN,6.60,NaN,8.34,NaN,10.16,NaN,NaN,7.63,NaN,NaN,11.24,NaN,11.49,NaN,10.99,4,2
"Cambridge, Aska (JPN) (1993)",25-Jun-16,0.139,-0.3 m/s,1.89,2.96,3.91,4.82,5.70,6.58,7.46,8.35,9.25,10.16,5.29,9.35,10.53,10.99,11.36,11.36,11.36,11.24,11.11,10.99,5,1
"Kiryu, Yoshihide (JPN) (1995)",23-Jun-18,0.144,0.6 m/s,1.90,2.97,3.92,4.82,5.71,6.58,7.46,8.34,9.24,10.16,5.26,9.35,10.53,11.11,11.24,11.49,11.36,11.36,11.11,10.87,4,3
"Rodgers, Michael (USA) (1985)",18-Aug-19,0.164,-0.3 m/s,NaN,3.1,NaN,4.9,NaN,6.6,NaN,8.4,NaN,10.16,NaN,6.45,NaN,11.11,NaN,11.76,NaN,11.11,NaN,11.36,7,1
"Rodgers, Michael (USA) (1985)",29-Aug-19,0.146,-0.4 m/s,NaN,3.0,NaN,4.9,NaN,6.6,NaN,8.4,NaN,10.16,NaN,6.67,NaN,10.53,NaN,11.76,NaN,11.11,NaN,11.36,8,8
"Matadi, Emmanuel (LBR) (1991)",10-Jun-21,0.146,-0.1 m/s,NaN,3.0,NaN,4.9,NaN,6.6,NaN,8.4,NaN,10.16,NaN,6.67,NaN,10.53,NaN,11.76,NaN,11.11,NaN,11.36,7,3
"Mudiyanselage, Yupun Abeykoon (SRI)",10-Jun-21,0.153,-0.1 m/s,NaN,3.0,NaN,4.9,NaN,6.6,NaN,8.4,NaN,10.16,NaN,6.67,NaN,10.53,NaN,11.76,NaN,11.11,NaN,11.36,1,4
"Fall, Mouhamadou (FRA) (1992)",04-Jul-21,0.154,0.5 m/s,NaN,3.0,NaN,4.9,NaN,6.7,NaN,8.4,NaN,10.16,NaN,6.67,NaN,10.53,NaN,11.11,NaN,11.76,NaN,11.36,5,2
"King, Kyree (USA) (1994)",28-May-22,0.167,-0.2 m/s,NaN,2.97,NaN,4.81,NaN,6.58,NaN,8.36,NaN,10.16,NaN,6.73,NaN,10.87,NaN,11.30,NaN,11.24,NaN,11.11,2,7
"Abeykoon, Yupun (SRI) (1994)",16-Jun-22,0.171,0.5 m/s,NaN,3.01,NaN,4.86,NaN,6.60,NaN,8.35,NaN,10.16,NaN,6.64,NaN,10.81,NaN,11.49,NaN,11.43,NaN,11.05,7,5
"Azamati, Benjamin (GHA) (1998)",03-Aug-22,NaN,-0.9 m/s,NaN,3.0,NaN,4.8,NaN,6.6,NaN,8.3,NaN,10.16,NaN,6.67,NaN,11.11,NaN,11.11,NaN,11.76,NaN,10.75,1,4
"Prescod, Reece (GBR) (1996)",08-Sep-22,0.165,-0.3 m/s,NaN,3.00,NaN,4.86,NaN,6.62,NaN,8.37,NaN,10.16,NaN,6.67,NaN,10.75,NaN,11.36,NaN,11.43,NaN,11.17,6,6
"Lindsey, Courtney (USA) (1998)",21-Jul-23,0.171,0.6 m/s,1.92,2.96,3.91,4.82,5.71,6.59,7.46,8.35,9.25,10.16,5.21,9.62,10.53,10.99,11.24,11.36,11.49,11.24,11.11,10.99,6,7
"Eseme, Emmanuel (CMR) (1993)",02-Jun-24,0.138,-1.0 m/s,1.94,2.99,3.94,4.86,5.75,6.63,7.51,8.39,9.28,10.16,5.15,9.52,10.53,10.87,11.24,11.36,11.36,11.36,11.24,11.36,4,1
"Hartmann, Joshua (GER) (1999)",03-Aug-24,0.143,0.2 m/s,1.93,2.98,3.92,4.82,5.70,6.59,7.46,8.34,9.24,10.16,5.18,9.52,10.64,11.11,11.36,11.24,11.49,11.36,11.11,10.87,7,3
Xie Zhenye (CHN) (1993),03-Aug-24,0.158,-0.2 m/s,1.92,2.97,3.93,4.82,5.69,6.57,7.45,8.34,9.24,10.16,5.21,9.52,10.42,11.24,11.49,11.36,11.36,11.24,11.11,10.87,7,4
"Ashe, Favour (NGR) (2002)",03-Aug-24,0.148,0.0 m/s,1.92,2.98,3.92,4.82,5.69,6.55,7.43,8.32,9.22,10.16,5.21,9.43,10.64,11.11,11.49,11.63,11.36,11.24,11.11,10.64,3,4
"Hartmann, Joshua (GER) (1999)",04-Aug-24,0.141,0.0 m/s,1.92,2.97,3.92,4.83,5.71,6.59,7.48,8.36,9.26,10.16,5.21,9.52,10.53,10.99,11.36,11.36,11.24,11.36,11.11,11.11,9,7
"Florence, Derrick (USA) (1968)",17-Jul-86,NaN,0.8 m/s,1.93,3.00,3.97,4.83,5.72,6.61,7.46,8.43,9.25,10.17,5.18,9.35,10.31,11.63,11.24,11.24,11.76,10.31,12.20,10.87,NaN,1
"Sangouma, Daniel (FRA) (1965)",08-Sep-89,0.162,0.5 m/s,NaN,2.97,NaN,4.83,5.72,6.61,7.48,8.37,NaN,10.17,NaN,6.73,NaN,10.75,11.24,11.24,11.49,11.24,NaN,11.11,2,3
"Moen, Geir (NOR) (1969)",20-Jul-94,NaN,1.8 m/s,NaN,NaN,4.01,NaN,NaN,6.64,NaN,8.37,NaN,10.17,NaN,NaN,7.48,NaN,NaN,11.41,NaN,11.56,NaN,11.11,NaN,1
"Crawford, Shawn (USA) (1978)",25-Jun-05,NaN,-2.3 m/s,1.97,3.02,3.99,4.88,5.77,6.66,7.51,8.41,9.29,10.17,5.08,9.52,10.31,11.24,11.24,11.24,11.76,11.11,11.36,11.36,5,2
"Obikwelu, Francis (POR) (1978)",22-Sep-07,0.113,-0.3 m/s,NaN,3.00,3.94,4.84,NaN,6.61,NaN,8.36,NaN,10.17,NaN,6.67,10.64,11.11,NaN,11.30,NaN,11.43,NaN,11.05,2,4
"Crawford, Shawn (USA) (1978)",28-Jun-08,NaN,1.7 m/s,2.03,2.95,3.98,4.88,5.77,6.63,7.49,8.36,9.27,10.17,4.93,10.87,9.71,11.11,11.24,11.63,11.63,11.49,10.99,11.11,7,6
"Samuels, J-Mee (USA) (1987)",28-Jun-08,NaN,1.4 m/s,1.90,3.00,3.90,4.83,5.68,6.56,7.44,8.36,9.24,10.17,5.26,9.09,11.11,10.75,11.76,11.36,11.36,10.87,11.36,10.75,5,5
"Holliday, Trindon (USA) (1986)",29-Jun-08,NaN,2.2 m/s,1.95,2.98,3.92,4.82,5.67,6.56,7.42,8.35,9.21,10.17,5.13,9.71,10.64,11.11,11.76,11.24,11.63,10.75,11.63,10.42,8,7
"Dixon, Leroy (USA) (1983)",29-Jun-08,NaN,0.5 m/s,1.97,3.00,3.93,4.84,5.72,6.59,7.47,8.33,9.25,10.17,5.08,9.71,10.75,10.99,11.36,11.49,11.36,11.63,10.87,10.87,2,3
"Saidy Ndure, Jaysuma (NOR) (1984)",20-Jul-14,NaN,1.5 m/s,NaN,NaN,3.91,NaN,NaN,6.58,NaN,8.34,NaN,10.17,NaN,NaN,7.67,NaN,NaN,11.24,NaN,11.36,NaN,10.93,6,fs
"Yamagata, Ryota (JPN) (1992)",25-Jun-16,0.139,-0.3 m/s,1.86,2.92,3.86,4.76,5.65,6.54,7.43,8.33,9.25,10.17,5.38,9.43,10.64,11.11,11.24,11.24,11.24,11.11,10.87,10.87,4,2
"Fujimitsu, Kenji (JPN) (1986)",04-Jun-17,NaN,2.9 m/s,1.92,2.99,3.94,4.85,5.74,6.62,7.49,8.37,9.26,10.17,5.21,9.35,10.53,10.99,11.24,11.36,11.49,11.36,11.24,10.99,NaN,2
"Prescod, Reece (GBR) (1996)",05-Aug-17,0.145,-0.8 m/s,2.04,3.09,4.01,4.93,5.82,6.68,7.54,8.41,9.29,10.17,4.90,9.52,10.87,10.87,11.24,11.63,11.63,11.49,11.36,11.36,9,7
Kim Kuk-Young (KOR) (1991),29-Apr-18,NaN,2.7 m/s,1.88,2.95,3.90,4.80,5.69,6.56,7.44,8.33,9.24,10.17,5.32,9.35,10.53,11.11,11.24,11.49,11.36,11.24,10.99,10.75,3,1
"Yamagata, Ryota (JPN) (1992)",29-Apr-18,NaN,1.3 m/s,1.87,2.93,3.88,4.79,5.67,6.55,7.44,8.33,9.24,10.17,5.35,9.43,10.53,10.99,11.36,11.36,11.24,11.24,10.99,10.75,6,1
"Kiryu, Yoshihide (JPN) (1995)",20-May-18,0.135,-0.7 m/s,1.88,2.93,3.88,4.78,5.67,6.55,7.44,8.33,9.24,10.17,5.32,9.52,10.53,11.11,11.24,11.36,11.24,11.24,10.99,10.75,4,4
"Koike, Yuki (JPN) (1995)",23-Jun-18,0.162,0.6 m/s,1.88,2.94,3.89,4.80,5.68,6.56,7.44,8.33,9.24,10.17,5.32,9.43,10.53,10.99,11.36,11.36,11.36,11.24,10.99,10.75,6,4
Yang Chun-Han (TPE) (1997),26-Aug-18,0.146,0.8 m/s,1.88,2.95,3.90,4.81,5.70,6.57,7.45,8.34,9.24,10.17,5.32,9.35,10.53,10.99,11.24,11.49,11.36,11.24,11.11,10.75,5,5
"Vicaut, Jimmy (FRA) (1992)",12-Jul-19,0.160,0.3 m/s,NaN,NaN,NaN,NaN,5.8,NaN,NaN,NaN,NaN,10.17,NaN,NaN,NaN,NaN,8.62,NaN,NaN,NaN,NaN,11.44,8,6
Xie Zhenye (CHN) (1993),18-Aug-19,0.153,2.0 m/s,NaN,3.1,NaN,4.9,NaN,6.6,NaN,8.4,NaN,10.17,NaN,6.45,NaN,11.11,NaN,11.76,NaN,11.11,NaN,11.30,9,8
"Tortu, Filippo (ITA) (1998)",09-Jul-21,0.179,0.3 m/s,NaN,3.1,NaN,4.9,NaN,6.7,NaN,8.4,NaN,10.17,NaN,6.45,NaN,11.11,NaN,11.11,NaN,11.76,NaN,11.30,1,7
"Vicaut, Jimmy (FRA) (1992)",09-Jul-21,0.216,0.3 m/s,NaN,3.1,NaN,5.0,NaN,6.7,NaN,8.4,NaN,10.17,NaN,6.45,NaN,10.53,NaN,11.76,NaN,11.76,NaN,11.30,8,--
"Rodgers, Michael (USA) (1985)",13-Jul-21,0.175,0.4 m/s,NaN,3.0,NaN,4.9,NaN,6.6,NaN,8.4,NaN,10.17,NaN,6.67,NaN,10.53,NaN,11.76,NaN,11.11,NaN,11.30,7,6
"Charleston, Cravont (USA) (1998)",09-Jun-22,0.139,-0.2 m/s,NaN,2.97,NaN,4.82,NaN,6.58,NaN,8.35,NaN,10.17,NaN,6.73,NaN,10.81,NaN,11.36,NaN,11.30,NaN,10.99,3,3
"Ellis, Nigel (JAM) (1997)",09-Jun-22,0.131,-0.2 m/s,NaN,2.94,NaN,4.81,NaN,6.56,NaN,8.33,NaN,10.17,NaN,6.80,NaN,10.70,NaN,11.43,NaN,11.30,NaN,10.87,NaN,NaN
"Browning, Rohan (AUS) (1997)",03-Aug-22,0.134,-0.2 m/s,NaN,NaN,NaN,4.8,NaN,6.5,NaN,8.3,NaN,10.17,NaN,NaN,NaN,8.33,NaN,11.76,NaN,11.11,NaN,10.70,7,2
"Baker, Ronnie (USA) (1993)",09-Jun-23,0.151,-0.9 m/s,1.86,2.91,3.85,4.76,5.65,6.54,7.43,8.32,9.22,10.17,5.38,9.52,10.64,10.99,11.24,11.24,11.24,11.24,11.11,10.53,8,5
"Kerley, Fred (USA) (1995)",20-Apr-24,0.135,-0.6 m/s,1.90,2.95,3.92,4.84,5.74,6.62,7.50,8.39,9.28,10.17,5.26,9.52,10.31,10.87,11.11,11.36,11.36,11.24,11.24,11.24,5,2
"Asemota, Duan (CAN) (1996)",03-Aug-24,0.143,0.0 m/s,1.95,3.02,3.98,4.89,5.76,6.64,7.52,8.39,9.29,10.17,5.13,9.35,10.42,10.99,11.49,11.36,11.36,11.49,11.11,11.36,5,5
"Sakai, Ryuichiro (JPN) (1998)",03-Aug-24,0.161,0.3 m/s,1.89,2.94,3.89,4.78,5.67,6.56,7.44,8.34,9.26,10.17,5.29,9.52,10.53,11.24,11.24,11.24,11.36,11.11,10.87,10.99,6,5
"Greene, Cejhae (ANT) (1995)",03-Aug-24,0.135,0.2 m/s,1.87,2.94,3.89,4.80,5.69,6.57,7.45,8.34,9.23,10.17,5.35,9.35,10.53,10.99,11.24,11.36,11.36,11.24,11.24,10.64,3,4
"Azamati, Benjamin (GHA) (1998)",04-Aug-24,0.136,0.7 m/s,1.89,2.95,3.92,4.83,5.72,6.60,7.48,8.37,9.26,10.17,5.29,9.43,10.31,10.99,11.24,11.36,11.36,11.24,11.24,10.99,3,9
"Azu, Jeremiah (GBR) (2001)",30-Aug-24,0.150,0.3 m/s,1.90,2.96,3.91,4.82,5.71,6.59,7.47,8.36,9.26,10.17,5.26,9.43,10.53,10.99,11.24,11.36,11.36,11.24,11.11,10.99,8,8
"Azu, Jeremiah (GBR) (2001)",26-Apr-25,0.137,0.2 m/s,1.90,2.95,3.90,4.82,5.72,6.59,7.46,8.35,9.25,10.17,5.26,9.52,10.53,10.87,11.11,11.49,11.49,11.24,11.11,10.87,7,3
"Cunningham, Trey (USA) (1998)",04-May-25,0.170,0.7 m/s,1.98,2.99,3.93,4.83,5.75,6.67,7.61,8.29,9.36,10.17,5.05,9.90,10.64,11.11,10.87,10.87,10.64,14.71,9.35,12.35,3,1
"Stewart, Raymond (JAM) (1965)",24-Sep-88,NaN,0.6 m/s,1.94,2.98,3.92,4.83,5.73,6.61,7.59,8.38,9.27,10.18,5.15,9.62,10.64,10.99,11.11,11.36,10.25,12.59,11.24,10.99,2,3
"Christie, Linford (GBR) (1960)",29-Jun-91,NaN,0.5 m/s,NaN,NaN,NaN,NaN,NaN,NaN,NaN,NaN,NaN,NaN,NaN,NaN,NaN,NaN,NaN,NaN,NaN,NaN,NaN,NaN,NaN,NaN
"Stewart, Raymond (JAM) (1965)",15-Aug-93,0.166,0.3 m/s,NaN,NaN,NaN,NaN,NaN,NaN,NaN,NaN,NaN,NaN,NaN,NaN,NaN,NaN,NaN,NaN,NaN,NaN,NaN,NaN,NaN,NaN
"Moen, Geir (NOR) (1969)",21-Jun-97,NaN,0.2 m/s,1.94,NaN,NaN,NaN,NaN,NaN,NaN,NaN,NaN,NaN,5.15,NaN,NaN,NaN,NaN,NaN,NaN,NaN,NaN,NaN,NaN,NaN
"Drummond, Jon (USA) (1968)",20-Jun-03,NaN,1.6 m/s,1.89,2.95,3.92,4.82,5.72,6.61,7.46,8.37,9.29,10.18,5.29,9.43,10.31,11.11,11.11,11.24,11.76,10.99,10.87,11.24,7,2-2
"Fasuba, Olusoji (NGR) (1984)",26-Aug-07,0.140,0.1 m/s,1.90,2.94,3.89,4.78,5.67,6.56,7.44,8.34,9.25,10.18,5.26,9.62,10.53,11.24,11.24,11.24,11.36,11.11,10.99,10.75,9,4
"Devonish, Marlon (GBR) (1976)",22-Sep-07,0.140,-0.3 m/s,NaN,2.99,3.94,4.84,NaN,6.62,NaN,8.34,NaN,10.18,NaN,6.69,10.53,11.11,NaN,11.24,NaN,11.36,NaN,11.11,6,5
"Williams, Rubin (USA) (1983)",28-Jun-08,NaN,1.8 m/s,1.95,2.98,3.92,4.78,5.68,6.57,7.42,8.34,9.26,10.18,5.13,9.71,10.64,11.63,11.11,11.24,11.76,10.87,10.87,10.87,6,4
"Rodgers, Michael (USA) (1985)",29-Jun-08,NaN,0.5 m/s,1.98,3.00,3.93,4.83,5.72,6.57,7.47,8.33,9.26,10.18,5.05,9.80,10.75,11.11,11.24,11.76,11.11,11.63,10.75,10.87,1,4
"Spearmon, Wallace (USA) (1984)",29-Jun-08,NaN,0.5 m/s,1.99,3.11,4.04,4.98,5.82,6.69,7.55,8.41,9.30,10.18,5.03,8.93,10.75,10.64,11.90,11.49,11.63,11.63,11.24,11.36,8,5
"Chambers, Dwain (GBR) (1978)",15-Aug-09,0.148,-0.1 m/s,NaN,2.99,3.93,4.83,NaN,6.60,NaN,8.35,NaN,10.18,NaN,6.69,10.64,11.11,NaN,11.30,NaN,11.43,NaN,10.93,6,1
"Mbandjock, Martial (FRA) (1985)",16-Aug-09,0.138,0.2 m/s,NaN,3.06,4.01,4.92,NaN,6.69,NaN,8.41,NaN,10.18,NaN,6.54,10.53,10.99,NaN,11.30,NaN,11.63,NaN,11.30,1,6
"Barnes, Winston (JAM) (1988)",25-Jul-09,NaN,1.0 m/s,NaN,NaN,3.90,NaN,NaN,6.57,NaN,8.32,NaN,10.18,NaN,NaN,7.69,NaN,NaN,11.24,NaN,11.43,NaN,10.75,NaN,1
Wu Zhiqiang (CHN) (1994),22-Apr-19,0.145,1.5 m/s,1.87,2.92,3.88,4.79,5.69,6.58,7.46,8.36,9.26,10.18,5.35,9.52,10.42,10.99,11.11,11.24,11.36,11.11,11.11,10.87,9,3
"Burrell, Cameron (USA) (1994)",05-Jul-19,0.126,0.2 m/s,NaN,NaN,NaN,NaN,5.8,NaN,NaN,NaN,NaN,10.18,NaN,NaN,NaN,NaN,8.62,NaN,NaN,NaN,NaN,11.42,NaN,NaN
"Blake, Yohan (JAM) (1989)",18-Aug-19,0.144,-0.3 m/s,NaN,3.0,NaN,4.9,NaN,6.6,NaN,8.4,NaN,10.18,NaN,6.67,NaN,10.53,NaN,11.76,NaN,11.11,NaN,11.24,NaN,NaN
"Tada, Shuhei (JPN) (1996)",29-Aug-20,NaN,1.5 m/s,1.84,2.91,3.86,4.77,5.66,6.54,7.43,8.33,9.24,10.18,5.43,9.35,10.53,10.99,11.24,11.36,11.24,11.11,10.99,10.64,NaN,1
"Brown, Aaron (CAN) (1992)",04-Jul-21,0.147,-0.8 m/s,NaN,3.0,NaN,4.9,NaN,6.7,NaN,8.4,NaN,10.18,NaN,6.67,NaN,10.53,NaN,11.11,NaN,11.76,NaN,11.24,8,5
"Blake, Jerome (CAN) (1995)",04-Jul-21,0.147,-0.8 m/s,NaN,3.0,NaN,4.9,NaN,6.7,NaN,8.4,NaN,10.18,NaN,6.67,NaN,10.53,NaN,11.11,NaN,11.76,NaN,11.24,1,6
"Simbine, Akani (RSA) (1993)",03-Sep-21,0.150,0.1 m/s,NaN,3.0,NaN,4.9,NaN,6.7,NaN,8.4,NaN,10.18,NaN,6.67,NaN,10.53,NaN,11.11,NaN,11.76,NaN,11.24,4,6
"Browning, Rohan (AUS) (1997)",09-Sep-21,0.127,-0.4 m/s,NaN,3.0,NaN,4.8,NaN,6.6,NaN,8.4,NaN,10.18,NaN,6.67,NaN,11.11,NaN,11.11,NaN,11.11,NaN,11.24,2,6
"Blake, Yohan (JAM) (1989)",21-May-22,0.145,-0.2 m/s,NaN,2.93,NaN,4.80,NaN,6.58,NaN,8.36,NaN,10.18,NaN,6.83,NaN,10.70,NaN,11.24,NaN,11.24,NaN,10.99,2,2
"Bednarek, Kenneth (USA) (1998)",28-May-22,0.160,-0.2 m/s,NaN,2.99,NaN,4.86,NaN,6.62,NaN,8.38,NaN,10.18,NaN,6.69,NaN,10.70,NaN,11.36,NaN,11.36,NaN,11.11,9,8
"Sani Brown, Abdul Hakim (JPN) (1999)",16-Jun-22,0.168,0.5 m/s,NaN,2.98,NaN,4.82,NaN,6.58,NaN,8.36,NaN,10.18,NaN,6.71,NaN,10.87,NaN,11.36,NaN,11.24,NaN,10.99,8,6
"Azamati, Benjamin (GHA) (1998)",03-Aug-22,0.180,0.4 m/s,NaN,2.9,NaN,4.8,NaN,6.6,NaN,8.3,NaN,10.18,NaN,6.90,NaN,10.53,NaN,11.11,NaN,11.76,NaN,10.64,6,3
"King, Kyree (USA) (1994)",08-Sep-22,0.151,-0.3 m/s,NaN,2.98,NaN,4.84,NaN,6.61,NaN,8.38,NaN,10.18,NaN,6.71,NaN,10.75,NaN,11.30,NaN,11.30,NaN,11.11,7,7
"Blake, Yohan (JAM) (1989)",28-May-23,0.148,0.1 m/s,1.84,2.92,3.87,4.78,5.68,6.58,7.46,8.35,9.25,10.18,5.43,9.26,10.53,10.99,11.11,11.11,11.36,11.24,11.11,10.75,7,6
"Azamati, Benjamin (GHA) (1998)",04-Jun-23,0.123,0.4 m/s,1.92,2.97,3.91,4.80,5.69,6.56,7.45,8.34,9.24,10.18,5.21,9.52,10.64,11.24,11.49,11.24,11.24,11.11,10.64,9.82,2,7
Shi Yuhao (CHN) (1998),27-Jun-23,0.149,0.7 m/s,1.92,2.95,3.89,4.80,5.68,6.55,7.42,8.31,9.24,10.18,5.21,9.71,10.64,10.99,11.36,11.49,11.49,11.24,10.75,10.64,3,2
"Watson, Rohan (JAM) (2002)",02-Sep-23,0.140,0.4 m/s,1.91,2.98,3.95,4.86,5.75,6.63,7.50,8.38,9.27,10.18,5.24,9.35,10.31,10.99,11.24,11.36,11.49,11.36,11.24,10.99,9,9
"Edoburun, Ojie (GBR) (1996)",20-Jul-24,0.177,2.1 m/s,1.97,3.03,3.99,4.89,5.77,6.63,7.51,8.39,9.28,10.18,5.08,9.43,10.42,11.11,11.36,11.63,11.36,11.36,11.24,11.11,3,4
"Bardi, Felipe (BRA) (1998)",03-Aug-24,0.137,0.6 m/s,1.97,3.02,3.97,4.88,5.76,6.63,7.52,8.40,9.31,10.18,5.08,9.52,10.53,10.99,11.36,11.49,11.24,11.36,10.99,11.49,2,4
"Taftian, Hassan (IRI) (1993)",03-Aug-24,0.147,-0.3 m/s,1.93,2.99,3.94,4.84,5.72,6.59,7.47,8.36,9.25,10.18,5.18,9.43,10.53,11.11,11.36,11.49,11.36,11.24,11.24,10.75,1,5
"Matadi, Emmanuel (LBR) (1991)",04-Aug-24,0.143,0.0 m/s,1.93,2.99,3.94,4.85,5.73,6.62,7.50,8.39,9.28,10.18,5.18,9.43,10.53,10.99,11.36,11.24,11.36,11.24,11.24,11.11,2,8
"Watson, Rohan (JAM) (2002)",25-Aug-24,0.180,1.9 m/s,1.92,2.98,3.93,4.83,5.72,6.60,7.48,8.36,9.26,10.18,5.21,9.43,10.53,11.11,11.24,11.36,11.36,11.36,11.11,10.87,9,7
"Coleman, Christian (USA) (1996)",26-Apr-25,0.149,0.2 m/s,1.89,2.94,3.90,4.79,5.68,6.55,7.43,8.32,9.24,10.18,5.29,9.52,10.42,11.24,11.24,11.49,11.36,11.24,10.87,10.64,4,4
"Kennedy, Lachlan (AUS) (2003)",26-Apr-25,0.141,0.2 m/s,1.93,2.96,3.91,4.82,5.71,6.58,7.45,8.35,9.25,10.18,5.18,9.71,10.53,10.99,11.24,11.49,11.49,11.11,11.11,10.75,10,5
"Lindsey, Courtney (USA) (1998)",06-Jun-25,0.156,1.1 m/s,1.83,2.88,3.83,4.74,5.63,6.52,7.40,8.29,9.19,10.18,5.46,9.52,10.53,10.99,11.24,11.24,11.36,11.24,11.11,10.10,6,6
"Walaza, Bayanda (RSA) (2006)",22-Aug-25,0.148,-0.6 m/s,1.89,2.92,3.86,4.76,5.65,6.53,7.42,8.32,9.25,10.18,5.29,9.71,10.64,11.11,11.24,11.36,11.24,11.11,10.75,10.75,7,2
"Okeke, Aham (NOR) (1969)FINAL - 1994 (Tønsberg, NOR)",20-Jul-94,NaN,1.8 m/s,NaN,NaN,3.99,NaN,NaN,6.64,NaN,8.38,NaN,10.19,NaN,NaN,7.52,NaN,NaN,11.32,NaN,11.49,NaN,11.05,NaN,2
"Fedoriv, Andrey (RUS) (1963)FINAL - 1997 European Cup (Munich, GER)",21-Jun-97,NaN,0.2 m/s,1.98,NaN,3.97,NaN,NaN,6.62,NaN,NaN,NaN,10.19,5.05,NaN,10.05,NaN,NaN,11.32,NaN,NaN,NaN,11.20,NaN,3
"Douglas, Troy (NED) (1962)FINAL - 2001 ISTAF (Berlin, GER)",31-Aug-01,0.146,0.6 m/s,NaN,3.00,3.96,4.88,NaN,6.64,NaN,8.39,NaN,10.19,NaN,6.67,10.42,10.87,NaN,11.36,NaN,11.43,NaN,11.11,NaN,4
"Wilks, Terrell (USA) (1989)FINAL - 2008 USATF National Junior Championships (Columbus, OH)",20-Jun-08,NaN,1.1 m/s,1.97,3.02,3.98,4.87,5.75,6.60,7.49,8.37,9.28,10.19,5.08,9.52,10.42,11.24,11.36,11.76,11.24,11.36,10.99,10.99,7,1
"Hargrett, Chrisdon (USA) (1984)Heat 4 - 2008 USA Olympic Trials (Eugene, OR)",28-Jun-08,NaN,0.8 m/s,1.98,3.00,3.97,4.84,5.69,6.60,7.46,8.32,9.25,10.19,5.05,9.80,10.31,11.49,11.76,10.99,11.63,11.63,10.75,10.64,5,6
"Ogho-Ogene, Egwero (NGR) (1988)Quarter-Final 2 - 2009 IAAF World Championships (Berlin, GER)",15-Aug-09,0.161,0.4 m/s,NaN,2.95,3.89,4.78,NaN,6.56,NaN,8.31,NaN,10.19,NaN,6.78,10.64,11.24,NaN,11.24,NaN,11.43,NaN,10.64,8,5
"Martina, Churandy (AHO) (1984)Quarter-Final 5 - 2009 IAAF World Championships (Berlin, GER)",15-Aug-09,0.205,0.1 m/s,NaN,3.10,4.06,4.97,NaN,6.74,NaN,8.44,NaN,10.19,NaN,6.45,10.42,10.99,NaN,11.30,NaN,11.76,NaN,11.43,8,4
"Phiri, Gerald (ZAM) (1988)Semi-Final 2 - 2009 IAAF World Championships (Berlin, GER)",16-Aug-09,0.143,-0.2 m/s,NaN,2.93,3.88,4.79,NaN,6.59,NaN,8.36,NaN,10.19,NaN,6.83,10.53,10.99,NaN,11.11,NaN,11.30,NaN,10.93,1,7
"Lemaitre, Christophe (FRA) (1990)FINAL - 2011 IAAF World Championships (Daegu, KOR)",28-Aug-11,0.179,-1.4 m/s,NaN,2.96,3.94,4.83,5.73,6.59,7.47,8.34,9.26,10.19,NaN,6.76,10.20,11.24,11.11,11.63,11.36,11.49,10.87,10.75,8,4
"Forte, Julian (JAM) (1993)",20-Jul-14,NaN,1.5 m/s,NaN,NaN,3.96,NaN,NaN,6.65,NaN,8.40,NaN,10.19,NaN,NaN,7.58,NaN,NaN,11.15,NaN,11.43,NaN,11.17,3,2
"Yamagata, Ryota (JPN) (1992)",29-Apr-14,NaN,2.4 m/s,1.90,2.94,3.88,4.79,5.67,6.56,7.45,8.35,9.26,10.19,5.26,9.62,10.64,10.99,11.36,11.24,11.24,11.11,10.99,10.75,3,1
"Cambridge, Aska (JPN) (1993)",20-May-18,0.145,-0.7 m/s,1.91,2.98,3.94,4.85,5.73,6.61,7.49,8.37,9.27,10.19,5.24,9.35,10.42,10.99,11.36,11.36,11.36,11.36,11.11,10.87,7,5
"Shiraishi, Kirara (JPN) (1996)",28-Apr-19,NaN,1.2 m/s,1.91,2.98,3.94,4.85,5.74,6.63,7.51,8.39,9.28,10.19,5.24,9.35,10.42,10.99,11.24,11.24,11.36,11.36,11.24,10.99,5,1
"Quinn, Devin (USA) (1996)",05-Jul-19,0.151,0.2 m/s,NaN,NaN,NaN,NaN,5.8,NaN,NaN,NaN,NaN,10.19,NaN,NaN,NaN,NaN,8.62,NaN,NaN,NaN,NaN,11.39,3,6
Su Bingtian (CHN) (1989),02-Aug-19,NaN,0.1 m/s,1.86,2.89,3.85,4.76,5.65,6.53,7.42,8.33,9.24,10.19,5.38,9.71,10.42,10.99,11.24,11.36,11.24,10.99,10.99,10.53,4,2
"Tracey, Tyquendo (JAM) (1993)",18-Aug-19,0.142,0.7 m/s,NaN,3.0,NaN,4.9,NaN,6.7,NaN,8.4,NaN,10.19,NaN,6.67,NaN,10.53,NaN,11.11,NaN,11.76,NaN,11.17,3,5
"Uzawa, Towa (JPN) (2002)",05-Aug-19,NaN,2.9 m/s,1.92,2.98,3.93,4.83,5.71,6.59,7.47,8.36,9.26,10.19,5.21,9.43,10.53,11.11,11.36,11.36,11.36,11.24,11.11,10.75,5,1
Xie Zhenye (CHN) (1993),18-Aug-19,0.160,-0.3 m/s,NaN,3.0,NaN,4.9,NaN,6.6,NaN,8.4,NaN,10.19,NaN,6.67,NaN,10.53,NaN,11.76,NaN,11.11,NaN,11.17,5,3
"Koike, Yuki (JPN) (1995)",29-Aug-20,NaN,1.0 m/s,1.93,3.01,3.97,4.88,5.76,6.64,7.51,8.39,9.28,10.19,5.18,9.26,10.42,10.99,11.36,11.36,11.49,11.36,11.24,10.99,NaN,3
"Bracy, Marvin (USA) (1993)",04-Jul-21,0.132,-0.8 m/s,NaN,3.0,NaN,4.8,NaN,6.6,NaN,8.4,NaN,10.19,NaN,6.67,NaN,11.11,NaN,11.11,NaN,11.11,NaN,11.17,5,7
"Fall, Mouhamadou (FRA) (1992)",03-Sep-21,0.147,0.1 m/s,NaN,3.0,NaN,4.9,NaN,6.7,NaN,8.4,NaN,10.19,NaN,6.67,NaN,10.53,NaN,11.11,NaN,11.76,NaN,11.17,8,7
"Emmelmann, Frank (GDR) (1961)",21-Aug-82,NaN,1.7 m/s,NaN,NaN,3.99,NaN,NaN,6.66,NaN,8.42,NaN,10.20,NaN,NaN,7.52,NaN,NaN,11.24,NaN,11.36,NaN,11.24,NaN,1
"Kovács, Attila (HUN) (1960)",30-Aug-87,0.201,1.0 m/s,1.97,3.01,3.98,4.89,5.77,6.67,7.55,8.44,9.33,10.20,5.08,9.62,10.31,10.99,11.36,11.11,11.36,11.24,11.24,11.49,4,5-4
"Sangouma, Daniel (FRA) (1965)",29-Jun-91,NaN,0.5 m/s,NaN,NaN,3.90,NaN,NaN,6.59,NaN,8.37,NaN,10.20,NaN,NaN,7.69,NaN,NaN,11.15,NaN,11.24,NaN,10.93,3,2
"Tsukahara, Naoki (JPN) (1985)",25-Aug-07,0.132,-0.1 m/s,1.87,2.92,3.87,4.78,5.68,6.57,7.47,8.36,9.27,10.20,5.35,9.52,10.53,10.99,11.11,11.24,11.11,11.24,10.99,10.75,3,2
"Takahira, Shinji (JPN) (1984)",29-Apr-08,NaN,2.7 m/s,1.93,2.98,3.94,4.85,5.74,6.62,7.50,8.39,9.29,10.20,5.18,9.52,10.42,10.99,11.24,11.36,11.36,11.24,11.11,10.99,NaN,2
"Unger, Tobias (GER) (1979)",05-Jul-08,NaN,-0.2 m/s,NaN,2.95,3.89,4.79,NaN,6.56,NaN,8.35,NaN,10.20,NaN,6.78,10.64,11.11,NaN,11.30,NaN,11.17,NaN,10.81,NaN,1
"Bolt, Usain (JAM) (1986)",15-Aug-09,0.144,-0.5 m/s,NaN,2.94,3.88,4.77,NaN,6.55,NaN,8.33,NaN,10.20,NaN,6.80,10.64,11.24,NaN,11.24,NaN,11.24,NaN,10.70,3,1
"Collins, Kim (SKN) (1976)",15-Aug-09,0.157,-0.4 m/s,NaN,2.94,3.89,4.80,NaN,6.61,NaN,8.37,NaN,10.20,NaN,6.80,10.53,10.99,NaN,11.05,NaN,11.36,NaN,10.93,5,4
"Francis, Samuel (QAT) (1987)",15-Aug-09,0.147,-0.4 m/s,NaN,2.95,3.90,4.80,NaN,6.60,NaN,8.35,NaN,10.20,NaN,6.78,10.53,11.11,NaN,11.11,NaN,11.43,NaN,10.81,6,5
"Saidy Ndure, Jaysuma (NOR) (1984)",16-Aug-09,0.143,0.2 m/s,NaN,2.96,3.91,4.81,NaN,6.60,NaN,8.36,NaN,10.20,NaN,6.76,10.53,11.11,NaN,11.17,NaN,11.36,NaN,10.87,2,7
"Engel, Roscoe (RSA) (1989)",28-Jul-13,NaN,3.0 m/s,NaN,NaN,4.02,NaN,NaN,6.68,NaN,8.43,NaN,10.20,NaN,NaN,7.46,NaN,NaN,11.28,NaN,11.43,NaN,11.30,8,4
"Kuki, Takumi (JPN) (1992)",04-Jun-17,interval,1.9 m/s,1.86,2.93,3.88,4.79,5.68,6.57,7.46,8.36,9.28,10.20,5.38,9.35,10.53,10.99,11.24,11.24,11.24,11.11,10.87,10.87,NaN,4
"Browning, Rohan (AUS) (1997)",16-Feb-18,NaN,0.4 m/s,1.95,2.97,3.91,4.83,5.71,6.57,7.45,8.36,9.28,10.21,5.13,9.80,10.64,10.87,11.36,11.63,11.36,10.99,10.87,10.75,6,2
"Zohri, Lalu Muhammad (INA) (2000)",26-Aug-18,0.145,0.8 m/s,1.90,2.95,3.90,4.80,5.68,6.55,7.43,8.33,9.25,10.20,5.26,9.52,10.53,11.11,11.36,11.49,11.36,11.11,10.87,10.53,7,5
"Fisher, Andrew (BRN) (1991)",22-Apr-19,0.140,1.5 m/s,1.86,2.91,3.85,4.76,5.65,6.54,7.43,8.33,9.26,10.20,5.38,9.52,10.64,10.99,11.24,11.24,11.24,11.11,10.75,10.64,5,4
"Williams, Kendal (USA) (1995)",19-May-19,0.145,1.7 m/s,1.89,2.97,3.94,4.85,5.74,6.62,7.50,8.38,9.28,10.20,5.29,9.26,10.31,10.99,11.24,11.36,11.36,11.36,11.11,10.87,8,8
"Cambridge, Aska (JPN) (1993)",27-Jun-19,0.129,0.1 m/s,1.87,2.95,3.91,4.82,5.71,6.59,7.47,8.36,9.27,10.20,5.35,9.26,10.42,10.99,11.24,11.36,11.36,11.24,10.99,10.75,7,2
"Williams, Kendal (USA) (1995)",05-Jul-19,0.138,0.2 m/s,NaN,NaN,NaN,NaN,5.8,NaN,NaN,NaN,NaN,10.20,NaN,NaN,NaN,NaN,8.62,NaN,NaN,NaN,NaN,11.36,7,7
Xu Zhouzheng (CHN) (1995),02-Aug-19,NaN,0.1 m/s,1.94,2.95,3.90,4.81,5.70,6.57,7.46,8.36,9.26,10.20,5.15,9.90,10.53,10.99,11.24,11.49,11.24,11.11,11.11,10.64,3,3
"Rodgers, Michael (USA) (1985)",09-Sep-19,0.152,-1.1 m/s,NaN,NaN,NaN,NaN,5.85,NaN,NaN,NaN,NaN,10.20,NaN,NaN,NaN,NaN,8.55,NaN,NaN,NaN,NaN,11.49,3,1
"Blake, Jerome (CAN) (1995)",21-May-22,0.154,-0.2 m/s,NaN,3.02,NaN,4.90,NaN,6.67,NaN,8.42,NaN,10.20,NaN,6.62,NaN,10.64,NaN,11.30,NaN,11.43,NaN,11.24,4,3
"Abeykoon, Yupun (SRI) (1994)",03-Aug-22,0.149,0.4 m/s,NaN,2.9,NaN,4.8,NaN,6.5,NaN,8.3,NaN,10.20,NaN,6.90,NaN,10.53,NaN,11.76,NaN,11.11,NaN,10.53,7,4
"Browning, Rohan (AUS) (1997)",03-Aug-22,NaN,-0.9 m/s,NaN,2.9,NaN,4.7,NaN,6.5,NaN,8.3,NaN,10.20,NaN,6.90,NaN,11.11,NaN,11.11,NaN,11.11,NaN,10.53,8,6
"Azu, Jeremiah (GBR) (2001)",28-May-23,0.166,0.1 m/s,1.91,2.97,3.92,4.83,5.73,6.62,7.50,8.38,9.27,10.20,5.24,9.43,10.53,10.99,11.11,11.24,11.36,11.36,11.24,10.75,9,7
"Azamati, Benjamin (GHA) (1998)",09-Jun-23,0.187,-0.9 m/s,1.89,2.94,3.88,4.79,5.68,6.56,7.45,8.35,9.25,10.20,5.29,9.52,10.64,10.99,11.24,11.36,11.24,11.11,11.11,10.53,1,6
"Blake, Ackeem (JAM) (2002)",20-Apr-24,0.148,-0.6 m/s,1.90,2.96,3.91,4.82,5.72,6.61,7.49,8.38,9.28,10.20,5.26,9.43,10.53,10.99,11.11,11.24,11.36,11.24,11.11,10.87,7,3
Shi Yuhao (CHN) (1998),28-May-24,0.149,-0.2 m/s,1.95,2.97,3.90,4.79,5.69,6.59,7.47,8.37,9.27,10.20,5.13,9.80,10.75,11.24,11.11,11.11,11.36,11.11,11.11,10.75,5,1
"Azzopardi, Joshua (AUS) (1999)",03-Aug-24,0.142,0.2 m/s,1.93,3.00,3.95,4.86,5.75,6.64,7.52,8.40,9.30,10.20,5.18,9.35,10.53,10.99,11.24,11.24,11.36,11.36,11.11,11.11,4,4
"Jacobs, Lamont Marcell (ITA) (1994)",30-Aug-24,0.128,0.3 m/s,1.89,2.96,3.90,4.79,5.67,6.53,7.40,8.28,9.19,10.20,5.29,9.35,10.64,11.24,11.36,11.63,11.49,11.36,10.99,9.90,5,9
"Tebogo, Letsile (BOT) (2003)",26-Apr-25,0.159,0.2 m/s,1.93,3.00,3.95,4.86,5.74,6.61,7.48,8.36,9.26,10.20,5.18,9.35,10.53,10.99,11.36,11.49,11.49,11.36,11.11,10.64,6,7
"Britt, Jamal (USA) (1998)",04-May-25,0.160,0.7 m/s,1.97,3.00,3.95,4.86,5.75,6.67,7.48,8.43,9.23,10.20,5.08,9.71,10.53,10.99,11.24,10.87,12.35,10.53,12.50,10.31,1,2
"Onwuzurike, Udodi (NGR) (2003)",01-Jun-25,0.187,0.8 m/s,1.99,3.01,3.94,4.87,5.76,6.63,7.51,8.41,9.30,10.20,5.03,9.80,10.75,10.75,11.24,11.49,11.36,11.11,11.24,11.11,1,6
"Brown, Aaron (CAN) (1992)",01-Jun-25,0.198,0.8 m/s,1.96,3.02,3.97,4.87,5.78,6.63,7.51,8.42,9.29,10.20,5.10,9.43,10.53,11.11,10.99,11.76,11.36,10.99,11.49,10.99,8,7
"Hicklin, Brandon (USA) (1999)",20-Aug-25,0.204,-0.3 m/s,1.94,3.00,3.96,4.86,5.74,6.62,7.50,8.39,9.29,10.20,5.15,9.43,10.42,11.11,11.36,11.36,11.36,11.24,11.11,10.99,1,6
"Smith, Calvin (USA) (1961)",08-Aug-83,0.130,-0.3 m/s,NaN,2.92,NaN,4.88,5.78,6.64,7.50,8.39,NaN,10.21,NaN,6.85,NaN,10.20,11.11,11.63,11.63,11.24,NaN,10.99,8,2
"Mahorn, Atlee (CAN) (1965)",15-Aug-93,NaN,0.3 m/s,NaN,3.96,NaN,NaN,6.64,NaN,8.42,NaN,10.21,10.21,NaN,7.58,NaN,NaN,11.19,NaN,11.24,NaN,11.17,9.79,2,5
"Lewis, Carl (USA) (1961)",15-Jun-96,NaN,1.1 m/s,1.95,NaN,3.99,NaN,5.74,NaN,NaN,9.23,10.21,10.21,5.13,NaN,9.80,NaN,11.43,NaN,NaN,11.46,10.20,9.79,8,8
"Capel, John (USA) (1978)",29-Jun-08,NaN,0.5 m/s,1.96,3.02,3.95,4.87,5.72,6.65,7.48,8.36,9.30,10.21,5.10,9.43,10.75,10.87,11.76,10.75,12.05,11.36,10.64,10.99,7,6
"Kimura, Shintaro (JPN) (1987)",27-Jun-09,NaN,1.4 m/s,1.89,2.93,3.87,4.78,5.68,6.58,7.47,8.37,9.28,10.21,5.29,9.62,10.64,10.99,11.11,11.11,11.24,11.11,10.99,10.75,6,1
"Francis, Samuel (QAT) (1987)",15-Aug-09,0.159,0.0 m/s,NaN,2.99,3.93,4.83,NaN,6.62,NaN,8.39,NaN,10.21,NaN,6.69,10.64,11.11,NaN,11.17,NaN,11.30,NaN,10.99,5,1
"Roach, Kimmari (JAM) (1990)",08-Aug-10,NaN,0.7 m/s,NaN,NaN,3.91,NaN,NaN,6.58,NaN,8.35,NaN,10.21,NaN,NaN,7.67,NaN,NaN,11.24,NaN,11.30,NaN,10.75,NaN,1
"Kotani, Yusuke (JPN) (1989)",29-Apr-12,NaN,1.3 m/s,1.90,2.95,3.90,4.81,5.70,6.59,7.48,8.38,9.28,10.21,5.26,9.52,10.53,10.99,11.24,11.24,11.24,11.11,11.11,10.75,3,2
"Kiryu, Yoshihide (JPN) (1995)",08-Jun-14,NaN,-0.5 m/s,1.93,2.97,3.90,4.80,5.68,6.56,7.44,8.34,9.25,10.21,5.18,9.62,10.75,11.11,11.36,11.36,11.36,11.11,10.99,10.42,5,1
"Yamagata, Ryota (JPN) (1992)",08-May-16,NaN,-0.4 m/s,1.86,2.94,3.89,4.79,5.68,6.56,7.45,8.36,9.27,10.21,5.38,9.26,10.53,11.11,11.24,11.36,11.24,10.99,10.99,10.64,6,2
"Kiryu, Yoshihide (JPN) (1995)",05-Jun-16,NaN,-0.6 m/s,1.85,2.89,3.83,4.74,5.63,6.52,7.42,8.32,9.25,10.21,5.41,9.62,10.64,10.99,11.24,11.24,11.11,11.11,10.75,10.42,NaN,1
"lizuka, Shota (JPN) (1991)",03-Jun-18,NaN,-0.7 m/s,1.86,2.94,3.90,4.82,5.71,6.59,7.47,8.36,9.28,10.21,5.38,9.26,10.42,10.87,11.24,11.36,11.36,11.24,10.87,10.75,NaN,2
Liang Jinsheng (CHN) (1996),02-Aug-19,NaN,0.1 m/s,1.92,2.98,3.92,4.84,5.73,6.63,7.52,8.40,9.29,10.21,5.21,9.43,10.64,10.87,11.24,11.11,11.24,11.36,11.24,10.87,6,4
Su Bingtian (CHN) (1989),27-Sep-19,0.129,-0.3 m/s,1.86,2.92,3.88,4.79,5.68,6.57,7.46,8.36,9.28,10.21,5.38,9.43,10.42,10.99,11.24,11.24,11.24,11.11,10.87,10.75,8,5
"Tada, Shuhei (JPN) (1996)",29-Aug-20,NaN,1.0 m/s,1.87,2.93,3.88,4.79,5.68,6.56,7.45,8.35,9.27,10.21,5.35,9.43,10.53,10.99,11.24,11.36,11.24,11.11,10.87,10.64,NaN,4
"Young, Isiah (USA) (1990)",13-Jul-21,0.168,0.4 m/s,NaN,3.0,NaN,4.9,NaN,6.7,NaN,8.4,NaN,10.21,NaN,6.67,NaN,10.53,NaN,11.11,NaN,11.76,NaN,11.05,1,7
"Gemili, Adam (GBR) (1993)",13-Jul-21,0.149,0.4 m/s,NaN,3.1,NaN,5.0,NaN,6.7,NaN,8.5,NaN,10.21,NaN,6.45,NaN,10.53,NaN,11.76,NaN,11.11,NaN,11.70,8,8
"de Grasse, André (CAN) (1994)",28-May-22,0.136,-0.2 m/s,NaN,3.01,NaN,4.88,NaN,6.66,NaN,8.43,NaN,10.21,NaN,6.64,NaN,10.70,NaN,11.24,NaN,11.30,NaN,11.24,3,9
"Abeykoon, Yupun (SRI) (1994)",30-Jun-22,0.279,-0.5 m/s,NaN,3.14,NaN,4.98,NaN,6.71,NaN,8.45,NaN,10.21,NaN,6.37,NaN,10.87,NaN,11.56,NaN,11.49,NaN,11.36,4,4
"Simbine, Akani (RSA) (1993)",06-Aug-22,0.120,-0.7 m/s,NaN,2.99,NaN,4.88,NaN,6.65,NaN,8.41,NaN,10.21,NaN,6.69,NaN,10.58,NaN,11.30,NaN,11.36,NaN,11.11,7,8
"de Grasse, André (CAN) (1994)",08-Sep-22,0.137,-0.3 m/s,NaN,3.02,NaN,4.89,NaN,6.65,NaN,8.41,NaN,10.21,NaN,6.62,NaN,10.70,NaN,11.36,NaN,11.36,NaN,11.11,2,8
"Azu, Jeremiah (GBR) (2001)",04-Jun-23,0.135,0.4 m/s,1.88,2.93,3.88,4.79,5.69,6.58,7.47,8.37,9.27,10.21,5.32,9.52,10.53,10.99,11.11,11.24,11.24,11.11,11.11,10.64,9,8
Deng Xinrui (CHN) (2003),09-Jun-23,0.154,0.5 m/s,1.92,2.96,3.92,4.82,5.71,6.57,7.45,8.35,9.23,10.21,5.21,9.62,10.42,11.11,11.24,11.63,11.36,11.11,11.36,10.20,5,1
"Jacobs, Lamont Marcell (ITA) (1994)",09-Jun-23,0.140,-0.9 m/s,1.87,2.92,3.87,4.77,5.66,6.55,7.43,8.33,9.25,10.21,5.35,9.52,10.53,11.11,11.24,11.24,11.36,11.11,10.87,10.42,5,7
"Cissé, Arthur (CIV) (1996)",21-Jul-23,0.156,0.6 m/s,1.91,2.96,3.89,4.78,5.67,6.54,7.43,8.33,9.25,10.21,5.24,9.52,10.75,11.24,11.24,11.49,11.24,11.11,10.87,10.42,8,8
Chen Guanfeng (CHN) (2000),27-Jun-23,0.161,0.7 m/s,1.92,2.96,3.90,4.80,5.67,6.54,7.42,8.33,9.24,10.21,5.21,9.62,10.64,11.11,11.49,11.49,11.36,10.99,10.99,10.31,6,3
"Azamati, Benjamin (GHA) (1998)",25-May-24,0.178,1.2 m/s,1.96,3.01,3.97,4.88,5.76,6.63,7.51,8.39,9.30,10.21,5.10,9.52,10.42,10.99,11.36,11.49,11.36,11.36,10.99,10.99,2,7
"Camara, Ebrahima (GAM) (1996)",03-Aug-24,0.144,-1.1 m/s,1.90,2.98,3.91,4.81,5.70,6.58,7.47,8.36,9.27,10.21,5.26,9.26,10.75,11.11,11.24,11.36,11.24,11.24,10.99,10.64,1,4
"Espinosa, Reynaldo R. (CUB) (2003)",04-Aug-24,0.144,0.0 m/s,1.91,3.00,3.96,4.87,5.77,6.64,7.52,8.41,9.31,10.21,5.24,9.17,10.42,10.99,11.11,11.49,11.36,11.24,11.11,11.11,1,9
"Hinchliffe, Louie (GBR) (2002)",19-Jul-25,0.139,-0.6 m/s,1.84,2.93,3.89,4.80,5.69,6.58,7.46,8.35,9.23,10.21,5.43,9.17,10.42,10.99,11.24,11.24,11.36,11.24,11.36,10.20,1,8
"Thieme, Alexander (GDR) (1954)",01-Jul-77,NaN,1.6 m/s,NaN,NaN,3.95,NaN,NaN,6.63,NaN,8.42,NaN,10.22,NaN,NaN,7.59,NaN,NaN,11.19,NaN,11.17,NaN,11.11,NaN,2
"Schröder, Thomas (GDR) (1962)",08-Jun-83,NaN,1.0 m/s,NaN,NaN,3.98,NaN,NaN,6.66,NaN,8.42,NaN,10.22,NaN,NaN,7.54,NaN,NaN,11.19,NaN,11.36,NaN,11.11,NaN,1
"Kovács, Attila (HUN) (1960)",30-Aug-87,NaN,-1.3 m/s,NaN,NaN,3.95,NaN,NaN,6.62,NaN,NaN,NaN,10.22,NaN,NaN,7.59,NaN,NaN,11.24,NaN,NaN,NaN,11.11,1,3
"Stewart, Raymond (JAM) (1965)",1-Aug-92,0.134,0.5 m/s,NaN,2.95,NaN,4.78,NaN,6.56,NaN,8.36,NaN,10.22,NaN,6.78,NaN,10.93,NaN,11.24,NaN,11.11,NaN,10.75,2,7
"Grimes, Mickey (USA) (1976)",28-Jun-08,NaN,1.6 m/s,1.88,2.98,3.97,4.85,5.74,6.61,7.49,8.34,9.25,10.22,5.32,9.09,10.10,11.36,11.24,11.49,11.36,11.76,10.99,10.31,7,7
"Burns, Marc (TTO) (1983)",13-Sep-08,0.153,0.4 m/s,2.98,3.93,4.84,5.73,6.66,7.50,8.40,NaN,10.22,10.22,6.71,10.53,10.99,11.24,10.75,11.90,11.11,NaN,10.99,9.78,6,5
"Mbandjock, Martial (FRA) (1985)",14-Jun-09,0.151,1.4 m/s,3.06,4.01,4.92,NaN,6.68,NaN,8.44,NaN,10.22,10.22,6.54,10.53,10.99,NaN,11.36,NaN,11.36,NaN,11.24,9.78,NaN,6
"Arao, Shogo (JPN) (1988)",28-Jun-09,NaN,1.9 m/s,1.91,2.96,3.90,4.81,5.69,6.58,7.47,8.37,9.28,10.22,5.24,9.52,10.64,10.99,11.36,11.24,11.24,11.11,10.99,10.64,5,2
"Mbandjock, Martial (FRA) (1985)",15-Aug-09,0.150,-0.7 m/s,3.06,4.02,4.93,NaN,6.72,NaN,8.44,NaN,10.22,10.22,6.54,10.42,10.99,NaN,11.17,NaN,11.63,NaN,11.24,9.78,5,3
"Yamagata, Ryota (JPN) (1992)",08-Jun-14,NaN,0.8 m/s,1.91,2.97,3.92,4.82,5.72,6.60,7.48,8.38,9.29,10.22,5.24,9.43,10.53,11.11,11.11,11.36,11.36,11.11,10.99,10.75,7,1
"Kiryu, Yoshihide (JPN) (1995)",08-Jun-14,NaN,0.6 m/s,1.96,2.99,3.93,4.83,5.71,6.60,7.49,8.39,9.29,10.22,5.10,9.71,10.64,11.11,11.36,11.24,11.24,11.11,11.11,10.75,6,1
"Adams, Harry (USA) (1989)",10-May-15,NaN,-0.1 m/s,1.92,2.98,3.92,4.82,5.71,6.59,7.48,8.37,9.28,10.22,5.21,9.43,10.64,11.11,11.24,11.36,11.24,11.24,10.99,10.64,4,4
"Dasaolu, James (GBR) (1987)",05-Aug-17,0.145,-0.5 m/s,1.89,2.95,3.91,4.82,5.72,6.61,7.50,8.39,9.30,10.22,5.29,9.43,10.42,10.99,11.11,11.24,11.24,11.24,10.99,10.87,4,5
"Tada, Shuhei (JPN) (1996)",23-Jun-18,0.147,0.6 m/s,1.87,2.92,3.87,4.78,5.67,6.55,7.45,8.35,9.27,10.22,5.35,9.52,10.53,10.99,11.24,11.36,11.11,11.11,10.87,10.53,8,5
"Kiryu, Yoshihide (JPN) (1995)",23-Sep-18,0.130,0.0 m/s,1.90,2.97,3.93,4.84,5.73,6.61,7.49,8.38,9.29,10.22,5.26,9.35,10.42,10.99,11.24,11.36,11.36,11.24,10.99,10.75,5,2
"Kawakami, Takuya (JPN) (1995)",01-Sep-19,NaN,1.0 m/s,1.83,2.88,3.83,4.74,5.63,6.53,7.42,8.34,9.27,10.22,5.46,9.52,10.53,10.99,11.24,11.11,11.24,10.87,10.75,10.53,3,4
"Mouhamadou, Fall (FRA) (1992)",09-Jun-23,0.152,-0.9 m/s,1.91,2.98,3.93,4.84,5.73,6.61,7.50,8.39,9.28,10.22,5.24,9.35,10.53,10.99,11.24,11.36,11.24,11.24,11.24,10.64,2,8
Chen Guanfeng (CHN) (2000),27-Jun-23,0.133,0.5 m/s,1.87,2.91,3.85,4.76,5.64,6.54,7.43,8.34,9.28,10.22,5.35,9.62,10.64,10.99,11.36,11.11,11.24,10.99,10.64,10.64,4,1
Chen Jiapeng (CHN) (2002),27-Jun-23,0.164,0.7 m/s,1.95,3.01,3.95,4.84,5.71,6.59,7.45,8.36,9.26,10.22,5.13,9.43,10.64,11.24,11.49,11.36,11.63,10.99,11.11,10.42,4,4
"Forde, Ryiem (JAM) (2001)",02-Jun-24,0.130,-1.0 m/s,NaN,2.93,3.90,4.82,5.72,6.61,7.50,8.40,9.31,10.22,NaN,6.83,10.31,10.87,11.11,11.24,11.24,11.11,10.99,10.99,6,4
"Abeykoon, Yupun (SRI) (1994)",02-Jun-24,0.157,-1.6 m/s,1.94,2.98,3.95,4.86,5.74,6.65,7.56,8.41,9.31,10.22,5.15,9.62,10.31,10.99,11.36,10.99,10.99,11.76,11.11,10.99,6,1
"Ansah, Owen (GER) (2000)",03-Aug-24,0.164,-0.2 m/s,2.00,3.05,4.00,4.90,5.77,6.65,7.54,8.42,9.32,10.22,5.00,9.52,10.53,11.11,11.49,11.36,11.24,11.36,11.11,11.11,5,5
"Abdel Wahed, Saif Raad (IRQ) (2002)",16-May-25,0.161,1.4 m/s,1.87,2.96,3.91,4.81,5.71,6.59,7.47,8.37,9.26,10.22,5.35,9.17,10.53,11.11,11.11,11.36,11.36,11.11,11.24,10.42,3,1
"Al Balushi, Malham (OMA) (2000)",16-May-25,0.159,1.4 m/s,1.82,2.85,3.79,4.69,5.59,6.49,7.39,8.29,9.20,10.22,5.49,9.71,10.64,11.11,11.11,11.11,11.11,11.11,10.99,9.80,5,2
"Kerr, Stanley (USA) (1967)",17-Jul-86,NaN,0.8 m/s,2.01,3.09,4.03,4.90,5.77,6.64,7.54,8.49,9.31,10.23,4.98,9.26,10.64,11.49,11.49,11.49,11.11,10.53,12.20,10.87,NaN,2
"Stewart, Raymond (JAM) (1965)",29-Aug-87,NaN,1.8 m/s,1.99,3.05,4.00,4.92,5.79,6.65,7.52,8.39,9.28,10.23,5.03,9.43,10.53,10.87,11.49,11.63,11.49,11.49,11.24,10.53,1,1
"Bryzgin, Viktor (URS) (1962)",30-Aug-87,NaN,-1.3 m/s,NaN,NaN,NaN,NaN,NaN,NaN,NaN,NaN,NaN,NaN,NaN,NaN,NaN,NaN,NaN,NaN,NaN,NaN,NaN,NaN,NaN,NaN
"Chambers, Dwain (GBR) (1978)",06-Aug-02,0.126,0.2 m/s,NaN,3.02,3.97,4.88,NaN,6.62,NaN,8.39,NaN,10.23,NaN,6.62,10.53,10.99,NaN,11.49,NaN,11.30,NaN,10.87,NaN,+
"Martina, Churandy (AHO) (1984)",22-Sep-07,0.151,-0.3 m/s,NaN,3.05,4.00,4.91,NaN,6.69,NaN,8.45,NaN,10.23,NaN,6.56,10.53,10.99,NaN,11.24,NaN,11.36,NaN,11.24,3,6
"Suetsugu, Shingo (JPN) (1980)",05-May-07,NaN,0.4 m/s,1.94,2.98,3.93,4.84,5.73,6.61,7.50,8.39,9.30,10.23,5.15,9.62,10.53,10.99,11.24,11.36,11.24,11.24,10.99,10.75,NaN,1
"Gay, Tyson (USA) (1982)",30-Sep-07,NaN,-1.4 m/s,1.98,3.05,4.00,4.91,5.79,6.67,7.55,8.43,9.32,10.23,5.05,9.35,10.53,10.99,11.36,11.36,11.36,11.36,11.24,10.99,NaN,1
"Lemaitre, Christophe (FRA) (1990)",15-Aug-09,0.177,-0.8 m/s,NaN,3.05,4.00,4.90,NaN,6.68,NaN,8.44,NaN,10.23,NaN,6.56,10.53,11.11,NaN,11.24,NaN,11.36,NaN,11.17,6,1
"Hinds, Andrew (BAR) (1984)",15-Aug-09,0.128,0.1 m/s,NaN,2.96,3.91,4.82,NaN,6.61,NaN,8.38,NaN,10.23,NaN,6.76,10.53,10.99,NaN,11.17,NaN,11.30,NaN,10.81,4,4
"Williamson, Simeon (GBR) (1986)",15-Aug-09,0.156,0.1 m/s,NaN,3.00,3.95,4.86,NaN,6.64,NaN,8.40,NaN,10.23,NaN,6.67,10.53,10.99,NaN,11.24,NaN,11.36,NaN,10.93,5,5
"Oseto, Kazuma (JPN) (1994)",29-Apr-12,NaN,1.3 m/s,1.92,2.96,3.90,4.81,5.70,6.60,7.50,8.39,9.30,10.23,5.21,9.62,10.64,10.99,11.24,11.11,11.11,11.24,10.99,10.75,7,3
"Kuki, Takumi (JPN) (1992)",08-Jun-12,NaN,1.3 m/s,1.92,2.97,3.90,4.81,5.70,6.58,7.47,8.38,9.29,10.23,5.21,9.52,10.75,10.99,11.24,11.36,11.24,10.99,10.99,10.64,3,2
"Takase, Kei (JPN) (1988)",29-Apr-13,NaN,0.9 m/s,1.92,2.96,3.90,4.80,5.70,6.58,7.47,8.38,9.30,10.23,5.21,9.62,10.64,11.11,11.11,11.36,11.24,10.99,10.87,10.75,8,2
"Yamagata, Ryota (JPN) (1992)",05-Jun-16,NaN,-0.6 m/s,1.88,2.94,3.88,4.81,5.71,6.60,7.50,8.40,9.31,10.23,5.32,9.43,10.64,10.75,11.11,11.24,11.11,11.11,10.99,10.87,NaN,2
"Norman, Michael (USA) (1997)",09-Sep-21,0.152,-0.4 m/s,NaN,3.0,NaN,4.9,NaN,6.6,NaN,8.4,NaN,10.23,NaN,6.67,NaN,10.53,NaN,11.76,NaN,11.11,NaN,10.93,NaN,NaN
"King, Kyree (USA) (1994)",06-Jun-22,0.153,-0.3 m/s,NaN,3.0,NaN,4.8,NaN,6.6,NaN,8.3,NaN,10.23,NaN,6.67,NaN,11.11,NaN,11.11,NaN,11.76,NaN,10.36,5,2
"Bracy-Williams, Marvin (USA) (1993)",02-Jun-23,0.212,0.0 m/s,1.94,2.98,3.92,4.82,5.70,6.58,7.46,8.34,9.24,10.23,5.15,9.62,10.64,11.11,11.36,11.36,11.36,11.36,11.11,10.10,5,8
"Hartmann, Joshua (GER) (1999)",02-Jul-23,0.153,-0.1 m/s,1.96,3.02,3.98,4.89,5.78,6.67,7.54,8.43,9.33,10.23,5.10,9.43,10.42,10.99,11.24,11.24,11.49,11.24,11.11,11.11,5,1
"Hartmann, Joshua (GER) (1999)",02-Jul-23,0.160,1.0 m/s,1.89,2.97,3.93,4.85,5.75,6.64,7.53,8.43,9.35,10.23,5.29,9.26,10.42,10.87,11.11,11.24,11.24,11.11,10.87,11.36,8,3
"Austin, Pjai (USA) (2000)",16-Jul-23,0.155,0.0 m/s,1.92,2.97,3.93,4.83,5.72,6.61,7.49,8.38,9.30,10.23,5.21,9.52,10.42,11.11,11.24,11.24,11.36,11.24,10.87,10.75,8,8
Deng Xinrui (CHN) (2003),21-Jul-23,0.145,0.2 m/s,1.88,2.90,3.86,NaN,5.64,6.50,7.40,8.32,9.26,10.23,5.32,9.80,10.42,NaN,11.24,11.63,11.11,10.87,10.64,10.31,6,1
"Blake, Yohan (JAM) (1989)",20-Jul-24,0.177,-0.3 m/s,1.93,2.99,3.94,4.85,5.74,6.62,7.51,8.40,9.32,10.23,5.18,9.43,10.53,10.99,11.24,11.36,11.24,11.24,10.87,10.99,1,8
Wang Shengjie (CHN) (2000),15-Sep-24,0.163,0.7 m/s,1.97,3.02,3.98,4.89,5.79,6.66,7.54,8.43,9.33,10.23,5.08,9.52,10.42,10.99,11.11,11.49,11.36,11.24,11.11,11.11,7,1
Xie Zhenye (CHN) (1993),26-Apr-25,0.145,0.2 m/s,1.96,3.00,3.96,4.86,5.74,6.61,7.48,8.38,9.30,10.23,5.10,9.62,10.42,11.11,11.36,11.49,11.49,11.11,10.87,10.75,9,8
Xie Zhenye (CHN) (1993),03-May-25,0.183,0.5 m/s,1.96,3.01,3.96,4.88,5.78,6.66,7.53,8.41,9.31,10.23,5.10,9.52,10.53,10.87,11.11,11.36,11.49,11.36,11.11,10.87,9,8
"Taylor, Robert (USA) (1948)",01-Sep-72,NaN,0.3 m/s,NaN,NaN,NaN,NaN,NaN,NaN,NaN,NaN,NaN,NaN,NaN,NaN,NaN,NaN,NaN,NaN,NaN,NaN,NaN,NaN,4,2
"Pavoni, Pierfrancesco (ITA) (1963)",29-Aug-87,NaN,1.6 m/s,NaN,NaN,4.01,NaN,NaN,6.67,NaN,NaN,NaN,10.24,NaN,NaN,7.48,NaN,NaN,11.28,NaN,NaN,NaN,11.20,NaN,1
"Johnson, Ben (CAN) (1961)",29-Aug-87,NaN,0.6 m/s,1.91,2.93,3.87,4.78,5.67,6.55,7.44,8.34,9.26,10.24,5.24,9.80,10.64,10.99,11.24,11.36,11.24,11.11,10.87,10.20,6,4
"Williams, Desai (CAN) (1961)",24-Sep-88,NaN,0.6 m/s,1.89,2.92,3.85,4.75,5.65,6.53,7.44,8.36,9.28,10.24,5.29,9.71,10.75,11.11,11.11,11.36,10.99,10.87,10.87,10.42,4,4
"da Silva, Robson Caetano (BRA) (1959)",24-Sep-88,NaN,-1.20 m/s,1.97,3.01,3.96,4.86,5.76,6.64,7.54,8.44,9.33,10.24,5.08,9.62,10.53,11.11,11.11,11.36,11.11,11.11,11.24,10.99,4,4 - 3
"Blume, Marc (GER) (1973)",12-Jun-94,NaN,1.9 m/s,NaN,NaN,3.94,NaN,NaN,6.62,NaN,8.41,NaN,10.24,NaN,NaN,7.61,NaN,NaN,11.19,NaN,11.17,NaN,10.93,NaN,NaN
"Jackson, Tim (AUS) (1969)",20-Jul-94,NaN,1.8 m/s,NaN,NaN,3.99,NaN,NaN,6.64,NaN,8.40,NaN,10.24,NaN,NaN,7.52,NaN,NaN,11.32,NaN,11.36,NaN,10.87,NaN,3
"Pavlakakis, Ággelos (GRE) (1976)",21-Jun-97,NaN,0.2 m/s,1.95,NaN,3.95,NaN,NaN,6.63,NaN,NaN,NaN,10.24,5.13,NaN,10.00,NaN,NaN,11.19,NaN,NaN,NaN,11.08,NaN,4
"Streete-Thompson, Kareem (CAY) (1973)",22-Aug-99,0.173,0.2 m/s,1.80,2.82,3.76,4.66,5.56,6.44,7.32,8.21,9.14,10.07,5.56,9.80,10.64,11.11,11.11,11.36,11.36,11.24,10.75,10.75,2,8
"Theodoridis, Yeóryios (GRE) (1972)",06-Aug-02,0.134,0.4 m/s,NaN,2.98,3.93,4.84,NaN,6.62,NaN,8.40,NaN,10.24,NaN,6.71,10.53,10.99,NaN,11.24,NaN,11.24,NaN,10.87,NaN,1
"Theodoridis, Yeóryios (GRE) (1972)",07-Aug-02,0.117,0.1 m/s,NaN,2.94,3.89,4.80,NaN,6.57,NaN,8.37,NaN,10.24,NaN,6.80,10.53,10.99,NaN,11.30,NaN,11.11,NaN,10.70,NaN,2
"Johnson, Joshua J. (USA) (1976)",20-Jun-03,NaN,1.6 m/s,2.05,3.12,4.09,5.00,5.87,6.74,7.60,8.48,9.36,10.24,4.88,9.35,10.31,10.99,11.49,11.49,11.63,11.36,11.36,11.36,5,5 - 4
"Williams, Teddy (USA) (1988)",28-Jun-08,NaN,1.6 m/s,1.82,3.02,3.90,4.82,5.72,6.60,7.48,8.39,9.30,10.24,5.49,8.33,11.36,10.87,11.11,11.36,11.36,10.99,10.99,10.64,8,8
"Jelks, Mark (USA) (1984)",29-Jun-08,NaN,0.5 m/s,1.95,2.98,3.92,4.85,5.72,6.64,7.50,8.36,9.29,10.24,5.13,9.71,10.64,10.75,11.49,10.87,11.63,11.63,10.75,10.53,6,7
"Callender, Emmanuel (TTO) (1984)",15-Aug-09,0.151,0.0 m/s,NaN,2.98,3.93,4.84,NaN,6.63,NaN,8.40,NaN,10.24,NaN,6.71,10.53,10.99,NaN,11.17,NaN,11.30,NaN,10.87,6,2
"Palacios, Rolando (HON) (1987)",15-Aug-09,0.215,0.1 m/s,NaN,3.06,4.01,4.91,NaN,6.70,NaN,8.45,NaN,10.24,NaN,6.54,10.53,11.11,NaN,11.17,NaN,11.43,NaN,11.17,2,6
"Frater, Michael (JAM) (1982)",08-May-10,NaN,0.0 m/s,1.93,3.00,3.94,4.84,5.73,6.62,7.50,8.40,9.31,10.24,5.18,9.35,10.64,11.11,11.24,11.24,11.36,11.11,10.99,10.75,NaN,1
"Dwyer, Rasheed (JAM) (1989)",31-Jul-11,NaN,2.8 m/s,NaN,NaN,3.94,NaN,NaN,6.65,NaN,8.42,NaN,10.24,NaN,NaN,7.61,NaN,NaN,11.07,NaN,11.30,NaN,10.99,6,3
"Magakwe, Simon (RSA) (1985)",28-Jul-13,NaN,3.0 m/s,NaN,NaN,4.01,NaN,NaN,6.66,NaN,8.43,NaN,10.24,NaN,NaN,7.48,NaN,NaN,11.32,NaN,11.30,NaN,11.05,7,5
"Eriguchi, Masashi (JPN) (1988)",29-Apr-14,NaN,2.0 m/s,1.90,2.96,3.90,4.81,5.69,6.57,7.45,8.35,9.28,10.24,5.26,9.43,10.64,10.99,11.36,11.36,11.36,11.11,10.75,10.42,6,2
"Cambridge, Aska (JPN) (1993)",29-Apr-14,NaN,2.6 m/s,1.96,3.03,3.99,4.90,5.80,6.68,7.56,8.44,9.34,10.24,5.10,9.35,10.42,10.99,11.11,11.36,11.36,11.36,11.11,11.11,6,2
"Kuki, Takumi (JPN) (1992)",29-Apr-14,NaN,2.6 m/s,1.91,2.96,3.90,4.81,5.70,6.59,7.48,8.38,9.30,10.24,5.24,9.52,10.64,10.99,11.24,11.24,11.24,11.11,10.87,10.64,5,3
Zhang Peiming (CHN) (1987),10-May-15,NaN,-0.1 m/s,1.93,2.99,3.93,4.84,5.73,6.62,7.50,8.40,9.31,10.24,5.18,9.43,10.64,10.99,11.24,11.24,11.36,11.11,10.99,10.75,7,5
Kim Kuk-Young (KOR) (1991),05-Aug-17,0.107,0.9 m/s,1.85,2.90,3.85,4.75,5.64,6.52,7.42,8.33,9.27,10.24,5.41,9.52,10.53,11.11,11.24,11.36,11.11,10.99,10.64,10.31,3,3
"Yamagata, Ryota (JPN) (1992)",23-Jun-17,0.123,0.0 m/s,1.86,2.92,3.88,4.80,5.69,6.58,7.47,8.37,9.29,10.24,5.38,9.43,10.42,10.87,11.24,11.24,11.24,11.11,10.87,10.53,NaN,1
"Koike, Yuki (JPN) (1995)",03-Jun-18,NaN,-0.7 m/s,1.87,2.94,3.91,4.83,5.72,6.61,7.49,8.39,9.30,10.24,5.35,9.35,10.31,10.87,11.24,11.24,11.36,11.11,10.99,10.64,NaN,4
"Iizuka, Shota (JPN) (1991)",28-Jun-19,0.154,-0.3 m/s,1.91,2.97,3.93,4.84,5.73,6.61,7.50,8.39,9.31,10.24,5.24,9.43,10.42,10.99,11.24,11.36,11.24,11.24,10.87,10.75,9,4
"de Grasse, André (CAN) (1994)",21-May-22,0.141,-0.2 m/s,NaN,3.01,NaN,4.89,NaN,6.67,NaN,8.43,NaN,10.24,NaN,6.64,NaN,10.64,NaN,11.24,NaN,11.36,NaN,11.05,6,4
"Fall, Mouhamadou (FRA) (1992)",30-Jun-22,0.152,-0.5 m/s,NaN,3.03,NaN,4.89,NaN,6.67,NaN,8.45,NaN,10.24,NaN,6.60,NaN,10.75,NaN,11.24,NaN,11.24,NaN,11.17,8,5
"Ashe, Favour (NGR) (2002)",03-Aug-22,0.157,-1.2 m/s,NaN,2.9,NaN,4.7,NaN,6.5,NaN,8.3,NaN,10.24,NaN,6.90,NaN,11.11,NaN,11.11,NaN,11.11,NaN,10.31,7,3
"Thethere, Stephen (KEN) (1992)",03-Aug-22,0.136,0.4 m/s,NaN,2.9,NaN,4.8,NaN,6.6,NaN,8.4,NaN,10.24,NaN,6.90,NaN,10.53,NaN,11.11,NaN,11.11,NaN,10.87,4,5
"Eseme, Emmanuel (CMR) (1993)",03-Aug-22,NaN,-0.9 m/s,NaN,3.0,NaN,4.9,NaN,6.6,NaN,8.4,NaN,10.24,NaN,6.67,NaN,10.53,NaN,11.76,NaN,11.11,NaN,10.87,5,7
"Bouju, Raphael (NED) (2002)",02-Jul-23,0.142,1.0 m/s,1.89,2.96,3.93,4.84,5.74,6.63,7.51,8.41,9.31,10.24,5.29,9.35,10.31,10.99,11.11,11.24,11.36,11.11,11.11,10.75,6,4
"Richardson, Benjamin (RSA) (2003)",02-Jul-23,0.163,-0.1 m/s,1.94,3.01,3.97,4.88,5.77,6.65,7.54,8.42,9.33,10.24,5.15,9.35,10.42,10.99,11.24,11.36,11.24,11.36,10.99,10.99,7,2
Lu Weiyi (CHN) (2000),21-Jul-23,0.163,0.2 m/s,1.92,2.96,3.92,NaN,5.74,6.62,7.52,8.43,9.31,10.24,5.21,9.62,10.42,NaN,10.99,11.36,11.11,10.99,11.36,10.75,7,2
"Howell, Davonte (CAY) (2005)",03-Aug-24,0.156,-0.3 m/s,1.94,3.01,3.96,4.87,5.76,6.64,7.53,8.42,9.33,10.24,5.15,9.35,10.53,10.99,11.24,11.36,11.24,11.24,10.99,10.99,3,6
"Larsson, Henrik (SWE) (1999)",03-Aug-24,0.141,-0.3 m/s,1.93,3.00,3.97,4.89,5.78,6.67,7.55,8.43,9.32,10.24,5.18,9.35,10.31,10.87,11.24,11.24,11.36,11.36,11.24,10.87,9,7
"McCoy, Wanya (RAH) (2003)",03-Aug-24,0.157,-1.1 m/s,1.97,2.99,3.96,4.86,5.76,6.63,7.55,8.44,9.33,10.24,5.08,9.80,10.31,11.11,11.11,11.49,10.87,11.24,11.24,10.99,2,5
Suo Gaofei (CHN) (2001),15-Sep-24,0.164,0.7 m/s,1.99,3.04,4.00,4.92,5.81,6.68,7.55,8.44,9.34,10.24,5.03,9.52,10.42,10.87,11.24,11.49,11.49,11.24,11.11,11.11,6,2
"Abrahams, Guy (PAN) (1953)",24-Jul-76,NaN,0.0 m/s,NaN,NaN,3.81,NaN,NaN,6.57,NaN,8.43,NaN,10.25,NaN,NaN,7.87,NaN,NaN,10.87,NaN,10.75,NaN,10.99,8,5
"Prenzler, Olaf (GDR) (1958)",09-Jul-82,NaN,2.1 m/s,NaN,NaN,4.02,NaN,NaN,6.68,NaN,8.46,NaN,10.25,NaN,NaN,7.46,NaN,NaN,11.28,NaN,11.24,NaN,11.17,NaN,3
"Bryzgin, Viktor (URS) (1962)",29-Aug-87,NaN,1.6 m/s,NaN,NaN,3.96,NaN,NaN,6.61,NaN,NaN,NaN,10.25,NaN,NaN,7.58,NaN,NaN,11.32,NaN,NaN,NaN,10.99,NaN,2
"Christie, Linford (GBR) (1960)",30-Aug-87,NaN,-0.3 m/s,NaN,NaN,3.96,NaN,NaN,6.66,NaN,NaN,NaN,10.25,NaN,NaN,7.58,NaN,NaN,11.11,NaN,NaN,NaN,11.14,7,2-1
"Bryzgin, Viktor (URS) (1962)",30-Aug-87,0.139,1.0 m/s,1.94,3.00,3.97,4.87,5.77,6.66,7.56,8.45,9.35,10.25,5.15,9.43,10.31,11.11,11.11,11.24,11.11,11.24,11.11,11.11,1,2-5
"Karlsson, Peter (SWE) (1970)",20-Jul-94,NaN,1.8 m/s,NaN,NaN,3.96,NaN,NaN,6.64,NaN,8.40,NaN,10.25,NaN,NaN,7.58,NaN,NaN,11.19,NaN,11.36,NaN,10.81,NaN,4
"Németh, Roland (HUN) (1974)",06-Aug-02,0.128,1.0 m/s,NaN,2.97,3.93,4.85,NaN,6.63,NaN,8.41,NaN,10.25,NaN,6.73,10.42,10.87,NaN,11.24,NaN,11.24,NaN,10.87,NaN,1
"Theodoridis, Yeóryios (GRE) (1972)",06-Aug-02,0.125,-0.1 m/s,NaN,2.96,3.92,4.83,NaN,6.61,NaN,8.40,NaN,10.25,NaN,6.76,10.42,10.99,NaN,11.24,NaN,11.17,NaN,10.81,NaN,1
"Edwards, Monzavous (Rae) (USA) (1981)",20-Jun-03,NaN,1.6 m/s,2.00,3.07,4.04,4.95,5.84,6.69,7.55,8.43,9.32,10.25,5.00,9.35,10.31,10.99,11.24,11.76,11.63,11.36,11.24,10.75,4,€-5
"Smoots, Jason (USA) (1980)",23-Jun-06,NaN,-1.2 m/s,1.96,3.04,3.95,4.84,5.72,6.61,7.49,8.39,9.34,10.25,5.10,9.26,10.99,11.24,11.36,11.24,11.36,11.11,10.53,10.99,4,3
"Atkins, Derrick (BAH) (1984)",25-Aug-07,0.158,1.0 m/s,1.92,3.00,3.96,4.88,5.77,6.65,7.54,8.43,9.33,10.25,5.21,9.26,10.42,10.87,11.24,11.36,11.24,11.24,11.11,10.87,5,3
"Devonish, Marlon (GBR) (1976)",14-Jun-09,0.164,0.2 m/s,NaN,3.00,3.95,4.86,NaN,6.65,NaN,8.45,NaN,10.25,NaN,6.67,10.53,10.99,NaN,11.17,NaN,11.11,NaN,11.11,NaN,1
"Rodgers, Michael (USA) (1985)",15-Aug-09,0.157,-0.4 m/s,NaN,2.96,3.91,4.81,NaN,6.62,NaN,8.40,NaN,10.25,NaN,6.76,10.53,11.11,NaN,11.05,NaN,11.24,NaN,10.81,3,1
"Fasuba, Olusoji (NGR) (1984)",15-Aug-09,0.174,-0.4 m/s,NaN,2.96,3.91,4.81,NaN,6.62,NaN,8.40,NaN,NaN,NaN,6.76,10.53,11.11,NaN,11.05,NaN,11.24,NaN,NaN,NaN,NaN
"Tsukahara, Naoki (JPN) (1985)",16-Aug-09,0.152,-0.2 m/s,NaN,2.98,3.94,4.86,NaN,6.67,NaN,8.44,NaN,NaN,NaN,6.71,10.42,10.87,NaN,11.05,NaN,11.30,NaN,NaN,NaN,NaN
"Miyagi, Tatsuro (JPN) (1997)",01-Sep-19,NaN,0.9 m/s,1.92,3.00,3.97,4.89,5.79,6.67,7.56,8.44,9.34,10.25,5.21,9.26,10.31,10.87,11.11,11.36,11.24,11.36,11.11,10.99,6,1
"Belcher, Christopher (USA) (1994)",09-Sep-19,0.158,-1.1 m/s,NaN,NaN,NaN,NaN,5.89,NaN,NaN,NaN,NaN,10.25,NaN,NaN,NaN,NaN,8.49,NaN,NaN,NaN,NaN,11.47,9,2
"Takeda, Ippei (JPN) (1997)",23-Aug-20,0.149,0.7 m/s,1.87,2.95,3.91,4.83,5.73,6.63,7.52,8.42,9.33,10.25,5.35,9.26,10.42,10.87,11.11,11.11,11.24,11.11,10.99,10.87,9,3
"Iizuka, Shota (JPN) (1991)",06-Sep-20,NaN,-0.9 m/s,1.88,2.96,3.93,4.85,5.75,6.63,7.52,8.41,9.32,10.25,5.32,9.26,10.31,10.87,11.11,11.36,11.24,11.24,10.99,10.75,NaN,1
"Rodgers, Michael (USA) (1985)",10-Jun-21,0.139,-0.1 m/s,NaN,3.0,NaN,4.9,NaN,6.7,NaN,8.4,NaN,10.25,NaN,6.67,NaN,10.53,NaN,11.11,NaN,11.76,NaN,10.81,4,5
"Mudiyanselage, Yupun Abeykoon (SRI)",09-Sep-21,0.120,-0.4 m/s,NaN,3.0,NaN,4.9,NaN,6.7,NaN,8.4,NaN,10.25,NaN,6.67,NaN,10.53,NaN,11.11,NaN,11.76,NaN,10.81,1,9
"Wicki, Silvan (SUI) (1995)",09-Sep-21,0.127,-0.4 m/s,NaN,3.0,NaN,4.9,NaN,6.7,NaN,8.5,NaN,10.25,NaN,6.67,NaN,10.53,NaN,11.11,NaN,11.11,NaN,11.43,9,8
"Ali, Chituru (ITA) (1999)",09-Jun-22,0.121,-0.2 m/s,NaN,2.97,NaN,4.85,NaN,6.63,NaN,8.41,NaN,10.25,NaN,6.73,NaN,10.64,NaN,11.24,NaN,11.24,NaN,10.87,8,6
"Erasmus, Emile (RSA) (1992)",06-Jun-22,0.137,-0.3 m/s,NaN,2.9,NaN,4.8,NaN,6.5,NaN,8.3,NaN,10.35,NaN,6.90,NaN,10.53,NaN,11.76,NaN,11.11,NaN,9.76,6,3
"Azamati, Benjamin (GHA) (1998)",18-Jun-22,0.182,-1.6 m/s,NaN,2.99,NaN,4.86,NaN,6.66,NaN,8.44,NaN,10.25,NaN,6.69,NaN,10.70,NaN,11.11,NaN,11.24,NaN,11.05,4,1
"Bailey-Cole, Kemar (JAM) (1992)",03-Aug-22,0.169,-1.2 m/s,NaN,3.0,NaN,4.8,NaN,6.6,NaN,8.3,NaN,10.25,NaN,6.67,NaN,11.11,NaN,11.11,NaN,11.76,NaN,10.26,9,4
"Saleh, Tamer (LBN) (2003)",10-May-24,0.144,3.8 m/s,1.96,3.01,3.96,4.87,5.76,6.65,7.54,8.44,9.35,10.25,5.10,9.52,10.53,10.99,11.24,11.24,11.24,11.11,10.99,11.11,2,1
"Watson, Rohan (JAM) (2002)",13-Sep-24,0.144,0.1 m/s,1.92,2.97,3.93,4.85,5.75,6.65,7.54,8.44,9.34,10.25,5.21,9.52,10.42,10.87,11.11,11.11,11.24,11.11,11.11,10.99,1,8
"Omanyala, Ferdinand (KEN) (1996)",03-May-25,0.146,0.5 m/s,1.90,2.96,3.92,4.83,5.71,6.59,7.48,8.38,9.30,10.25,5.26,9.43,10.42,10.99,11.36,11.36,11.24,11.11,10.87,10.53,7,9
"Aguessy, William (BEN) (2001)",20-Jun-25,0.160,2.8 m/s,1.85,2.92,3.87,4.79,5.67,6.56,7.45,8.35,9.26,10.25,5.41,9.35,10.53,10.87,11.36,11.24,11.24,11.11,10.99,10.10,8,2
"Illovsky, Dominik (HUN) (2002)",27-Jun-25,0.143,0.1 m/s,1.81,2.86,3.79,4.69,5.60,6.48,7.38,8.29,9.23,10.25,5.52,9.52,10.75,11.11,10.99,11.36,11.11,10.99,10.64,9.80,NaN,2
"Santos, Delvis (POR) (1999)",27-Jun-25,0.150,0.0 m/s,1.88,2.96,3.90,4.81,5.69,6.57,7.47,8.35,9.27,10.25,5.32,9.26,10.64,10.99,11.36,11.36,11.11,11.36,10.87,10.20,4,5
"Erius, Jeff (FRA) (2004)",27-Jun-25,0.138,0.0 m/s,1.90,2.96,3.90,4.81,5.69,6.58,7.48,8.35,9.26,10.25,5.26,9.43,10.64,10.99,11.36,11.24,11.11,11.49,10.99,10.10,8,5
"Kovács, Attila (HUN) (1960)",29-Aug-87,NaN,1.5 m/s,NaN,NaN,3.97,NaN,NaN,6.65,NaN,NaN,NaN,10.26,NaN,NaN,7.56,NaN,NaN,11.19,NaN,NaN,NaN,11.08,5,2
"Ezinwa, Davidson (NGR) (1971)",1-Aug-92,0.172,0.5 m/s,NaN,2.99,NaN,4.84,NaN,6.62,NaN,8.42,NaN,10.26,NaN,6.69,NaN,10.81,NaN,11.24,NaN,11.11,NaN,10.87,7,8
"Tsukahara, Naoki (JPN) (1985)",06-May-06,NaN,-0.1 m/s,1.97,3.02,3.96,4.87,5.76,6.64,7.53,8.42,9.34,10.26,5.08,9.52,10.64,10.99,11.24,11.36,11.24,11.24,10.87,10.87,7,2
"Conwright, Kaaron (USA) (1976)",23-Jun-06,NaN,-1.2 m/s,1.93,2.97,3.92,4.82,5.72,6.62,7.50,8.42,9.56,10.26,5.18,9.62,10.53,11.11,11.11,11.11,11.36,10.87,8.77,14.29,2,4
"Takahira, Shinji (JPN) (1984)",24-Sep-06,NaN,2.2 m/s,1.97,3.02,3.96,4.87,5.76,6.64,7.53,8.42,9.34,10.26,5.08,9.52,10.64,10.99,11.24,11.36,11.24,11.24,10.87,10.87,NaN,2
"Grimes, Mickey (USA) (1976)",28-Jun-08,NaN,1.8 m/s,1.94,3.00,3.95,4.83,5.72,6.62,7.52,8.42,9.29,10.26,5.15,9.43,10.53,11.36,11.24,11.11,11.11,11.11,11.49,10.31,8,5
"Hall, Jeremy (USA) (1988)",28-Jun-08,NaN,1.8 m/s,1.98,2.97,3.97,4.87,5.75,6.64,7.47,8.41,9.32,10.26,5.05,10.10,10.00,11.11,11.36,11.24,12.05,10.64,10.99,10.64,4,6
"Williams, Rubin (USA) (1983)",28-Jun-08,NaN,1.6 m/s,1.86,2.98,3.95,4.84,5.71,6.59,7.49,8.38,9.29,10.26,5.38,8.93,10.31,11.24,11.49,11.36,11.11,11.24,10.99,10.31,1,8
"Hall, Jeremy (USA) (1988)",28-Jun-08,NaN,1.6 m/s,1.98,3.07,3.97,4.89,5.77,6.67,7.56,8.44,9.32,10.26,5.05,9.17,11.11,10.87,11.36,11.11,11.24,11.36,11.36,10.64,7,8
"Patton, Darvis (USA) (1977)",15-Aug-09,0.160,-0.2 m/s,NaN,2.98,3.93,4.83,NaN,6.58,NaN,8.35,NaN,10.26,NaN,6.71,10.53,11.11,NaN,11.43,NaN,11.30,NaN,10.47,4,1
"Bailey, Daniel (ANT) (1977)",15-Aug-09,0.164,-0.7 m/s,NaN,2.99,3.93,4.83,NaN,6.63,NaN,8.42,NaN,10.26,NaN,6.69,10.64,11.11,NaN,11.11,NaN,11.17,NaN,10.87,6,1
"Martina, Churandy (AHO) (1984)",15-Aug-09,0.151,0.0 m/s,NaN,3.06,4.02,4.94,NaN,6.73,NaN,8.47,NaN,10.26,NaN,6.54,10.42,10.87,NaN,11.17,NaN,11.49,NaN,11.17,7,3
"Di Gregorio, Emanuele (ITA) (1980)",15-Aug-09,0.156,-0.7 m/s,NaN,2.98,3.94,4.85,NaN,6.65,NaN,8.42,NaN,10.26,NaN,6.71,10.42,10.99,NaN,11.11,NaN,11.30,NaN,10.87,6,4
"Lemaitre, Christophe (FRA) (1990)",19-Sep-10,NaN,-1.6 m/s,1.96,3.02,3.97,4.89,5.78,6.67,7.55,8.45,9.35,10.26,5.10,9.43,10.53,10.87,11.24,11.24,11.36,11.11,11.11,10.99,4,1
"Carter, Nesta (JAM) (1985)",27-Aug-11,0.164,-1.2 m/s,1.88,2.92,3.86,4.76,5.64,6.53,7.42,8.33,9.27,10.25,5.32,9.62,10.64,11.11,11.36,11.24,11.24,10.99,10.64,10.20,3,1
"Frater, Michael (JAM) (1982)",27-Aug-11,0.149,-1.2 m/s,1.93,2.99,3.93,4.74,5.71,6.59,7.47,8.37,9.30,10.27,5.18,9.43,10.64,12.35,10.31,11.36,11.36,11.11,10.75,10.31,5,1
"Bailey, Daniel (ANT) (1986)",28-Aug-11,0.165,-1.4 m/s,NaN,2.96,3.95,4.84,5.73,6.61,7.50,8.37,9.28,10.26,NaN,6.76,10.10,11.24,11.24,11.36,11.24,11.49,10.99,10.20,2,5
"Kiryu, Yoshihide (JPN) (1995)",20-Apr-14,NaN,0.6 m/s,1.93,2.97,3.91,4.82,5.71,6.59,7.48,8.39,9.31,10.26,5.18,9.62,10.64,10.99,11.24,11.36,11.24,10.99,10.87,10.53,5,1
"Takase, Kei (JPN) (1988)",20-Apr-14,NaN,2.6 m/s,1.95,3.00,3.93,4.84,5.73,6.62,7.51,8.41,9.33,10.26,5.13,9.52,10.75,10.99,11.24,11.24,11.24,11.11,10.87,10.75,3,1
"Yamagata, Ryota (JPN) (1992)",29-Apr-14,NaN,0.7 m/s,1.91,2.96,3.90,4.80,5.69,6.57,7.47,8.39,9.31,10.26,5.24,9.52,10.64,11.11,11.24,11.36,11.11,10.87,10.87,10.53,1,4
"Gittens, Ramon (BAR) (1987)",08-May-16,NaN,-0.4 m/s,1.87,2.95,3.91,4.82,5.72,6.60,7.49,8.39,9.31,10.26,5.35,9.26,10.42,10.99,11.11,11.36,11.24,11.11,10.87,10.53,8,3
"Yamagata, Ryota (JPN) (1992)",25-Jun-16,0.139,-1.4 m/s,1.86,2.93,3.88,4.80,5.70,6.59,7.49,8.41,9.33,10.26,5.38,9.35,10.53,10.87,11.11,11.24,11.11,10.87,10.87,10.75,5,1
"Baba, Tomoya (JPN) (1990)",04-Jun-17,NaN,2.1 m/s,1.90,2.97,3.93,4.85,5.74,6.62,7.50,8.41,9.33,10.26,5.26,9.35,10.42,10.87,11.24,11.36,11.36,10.99,10.87,10.75,NaN,1
"Cambridge, Aska (JPN) (1993)",29-Apr-18,NaN,1.3 m/s,1.91,2.97,3.94,4.85,5.75,6.64,7.53,8.42,9.33,10.26,5.24,9.43,10.31,10.99,11.11,11.24,11.24,11.24,10.99,10.75,5,2
"Oduduru, Divine (NGR) (1996)",12-Jul-19,0.148,0.3 m/s,NaN,NaN,NaN,NaN,5.7,NaN,NaN,NaN,NaN,10.26,NaN,NaN,NaN,NaN,8.77,NaN,NaN,NaN,NaN,10.96,4,8
"Mizukubo, Soshi (JPN) (1999)",29-Aug-20,NaN,1.5 m/s,1.86,2.94,3.92,4.85,5.75,6.64,7.53,8.42,9.33,10.26,5.38,9.26,10.20,10.75,11.11,11.24,11.24,11.24,10.99,10.75,NaN,2
"Youssouf, Mahamat Goubaye (CHA) (15)",28-May-21,NaN,0.9 m/s,NaN,3.2,NaN,5.0,NaN,6.8,NaN,8.5,NaN,10.26,NaN,6.25,NaN,11.11,NaN,11.11,NaN,11.76,NaN,11.36,4,2
Xie Zhenye (CHN) (1993),02-Jun-23,0.194,-0.3 m/s,1.98,3.01,3.95,4.84,5.72,6.62,7.50,8.38,9.31,10.26,5.05,9.71,10.64,11.24,11.36,11.11,11.36,11.36,10.75,10.53,4,1
Chen Jiapeng (CHN) (2002),27-Jun-23,0.174,0.5 m/s,1.96,3.03,3.99,4.88,5.77,6.64,7.52,8.40,9.32,10.26,5.10,9.35,10.42,11.24,11.24,11.49,11.36,11.36,10.87,10.64,6,2
"Yanagita, Hiroki (JPN) (2003)",25-May-24,0.130,1.2 m/s,1.91,2.96,3.92,4.82,5.71,6.59,7.48,8.39,9.32,10.26,5.24,9.52,10.42,11.11,11.24,11.36,11.24,10.99,10.75,10.64,8,8
Wang Shengjie (CHN) (2000),29-Jun-24,0.150,1.1 m/s,1.95,2.99,3.93,4.87,5.76,6.65,7.53,8.43,9.36,10.26,5.13,9.62,10.64,10.64,11.24,11.24,11.36,11.11,10.75,11.11,3,2
"Borzor, Christopher (HAI) (1999)",03-Aug-24,0.147,0.2 m/s,1.96,3.04,4.00,4.92,5.81,6.68,7.57,8.46,9.36,10.26,5.10,9.26,10.42,10.87,11.24,11.49,11.24,11.24,11.11,11.11,2,1
"Zohri, Lalu Muhammad (INA) (2000)",03-Aug-24,0.153,0.6 m/s,1.94,3.00,3.95,4.85,5.74,6.62,7.53,8.44,9.36,10.26,5.15,9.43,10.53,11.11,11.24,11.36,10.99,10.99,10.87,11.11,3,6
"Al-Balushi, Ali Anwar (OMA) (2002)",03-Aug-24,0.161,-0.2 m/s,1.92,2.99,3.93,4.83,5.70,6.57,7.47,8.39,9.30,10.26,5.21,9.35,10.64,11.11,11.49,11.49,11.11,10.87,10.99,10.42,8,6
Li Zeyang (CHN) (2000),15-Sep-24,0.152,0.6 m/s,1.95,3.00,3.97,4.90,5.81,6.71,7.58,8.46,9.37,10.26,5.13,9.52,10.31,10.75,10.99,11.11,11.49,11.36,10.99,11.24,7,2
"Garaggánis, Sotirios (GRE) (1999)",27-Jun-25,0.145,0.1 m/s,1.84,2.91,3.87,4.79,5.67,6.57,7.45,8.36,9.26,10.26,5.43,9.35,10.42,10.87,11.36,11.11,11.36,10.99,11.11,10.00,NaN,3
"Crespi, Guillem (ESP) (2002)",27-Jun-25,0.173,0.1 m/s,1.89,2.96,3.91,4.83,5.75,6.63,7.51,8.39,9.30,10.26,5.29,9.35,10.53,10.87,10.87,11.36,11.36,11.36,10.99,10.42,NaN,4
"Jones, Johnny (USA) (1958)",24-Jul-76,NaN,0.0 m/s,NaN,NaN,NaN,NaN,NaN,NaN,NaN,NaN,NaN,NaN,NaN,NaN,NaN,NaN,NaN,NaN,NaN,NaN,NaN,NaN,NaN,NaN
"Németh, Roland (HUN) (1974)",07-Aug-02,0.140,-0.3 m/s,2.98,3.95,4.87,NaN,6.66,NaN,8.45,NaN,10.27,10.27,6.71,10.31,10.87,NaN,11.17,NaN,11.17,NaN,10.99,9.74,NaN,4-3
"Vaden, Jordan (USA) (1978)",23-Jun-06,NaN,-1.2 m/s,2.01,3.08,4.01,4.89,5.79,6.69,7.54,8.48,9.36,10.27,4.98,9.35,10.75,11.36,11.11,11.11,11.76,10.64,11.36,10.99,3,4-3
"Fasuba, Olusoji A. (NGR) (1984)",25-Aug-07,0.190,1.0m/s,1.95,3.02,3.96,4.87,5.76,6.65,7.54,8.44,9.36,10.27,5.13,9.35,10.64,10.99,11.24,11.24,11.24,11.11,10.87,10.99,9,4
"Williams, Teddy (USA) (1988)",28-Jun-08,NaN,1.4 m/s,1.97,2.97,3.92,4.80,5.70,6.64,7.54,8.42,9.34,10.27,5.08,10.00,10.53,11.36,11.11,10.64,11.11,11.36,10.87,10.75,8,6
"Rodgers, Michael (USA) (1985)",13-Sep-08,0.182,0.4 m/s,NaN,3.04,3.99,4.90,5.79,6.72,7.55,8.44,NaN,10.27,NaN,6.58,10.53,10.99,11.24,10.75,12.05,11.24,NaN,10.93,8,6
"Pognon, Ronald (FRA) (1982)",13-Sep-08,0.121,0.4 m/s,NaN,3.03,3.99,4.90,5.78,6.71,7.54,8.44,NaN,10.27,NaN,6.60,10.42,10.99,11.36,10.75,12.05,11.11,NaN,10.93,1,7
"Grueso, Daniel (COL) (1985)",15-Aug-09,0.155,0.0 m/s,NaN,3.05,4.01,4.92,NaN,6.71,NaN,8.46,NaN,10.27,NaN,6.56,10.42,10.99,NaN,11.17,NaN,11.43,NaN,11.05,8,4
"Pognon, Ronald (FRA) (1982)",15-Aug-09,0.149,-0.4 m/s,NaN,2.99,3.94,4.85,NaN,6.64,NaN,8.42,NaN,10.27,NaN,6.69,10.53,10.99,NaN,11.17,NaN,11.24,NaN,10.81,7,7
"Callender, Emmanuel (TTO) (1984)",15-Aug-09,0.149,0.1 m/s,NaN,2.98,3.94,4.85,NaN,6.65,NaN,8.42,NaN,10.27,NaN,6.71,10.42,10.99,NaN,11.11,NaN,11.30,NaN,10.81,6,7
"Vicaut, Jimmy (FRA) (1992)",28-Aug-11,0.162,-1.4 m/s,NaN,2.92,3.90,4.81,5.71,6.59,7.48,8.38,9.32,10.27,NaN,6.85,10.20,10.99,11.11,11.36,11.24,11.11,10.64,10.53,1,6
"Fujimitsu, Kenji (JPN) (1986)",20-Apr-14,NaN,2.6 m/s,1.97,3.02,3.97,4.88,5.78,6.66,7.55,8.45,9.35,10.27,5.08,9.52,10.53,10.99,11.11,11.36,11.24,11.11,11.11,10.87,4,2
"Kiryu, Yoshihide (JPN) (1995)",08-May-16,NaN,-0.4 m/s,1.90,2.95,3.90,4.80,5.69,6.58,7.47,8.38,9.31,10.27,5.26,9.52,10.53,11.11,11.24,11.24,11.24,10.99,10.75,10.42,4,4
Su Bingtian (CHN) (1989),05-Aug-17,0.224,-0.8 m/s,2.03,3.06,3.98,4.89,5.78,6.67,7.56,8.45,9.35,10.27,4.93,9.71,10.87,10.99,11.24,11.24,11.24,11.24,11.11,10.87,2,8
Wu Zhiqiang (CHN) (1994),02-Aug-19,NaN,0.1 m/s,1.93,2.99,3.94,4.86,5.74,6.62,7.52,8.42,9.33,10.27,5.18,9.43,10.53,10.87,11.36,11.36,11.11,11.11,10.99,10.64,7,5
"Yanagita, Hiroki (JPN) (2003)",23-Aug-20,0.157,0.7 m/s,1.87,2.95,3.91,4.83,5.73,6.63,7.52,8.42,9.33,10.25,5.35,9.26,10.42,10.87,11.11,11.11,11.24,11.11,10.99,10.87,3,4
"Almas, Deniz (GER) (1997)",17-Sep-20,0.143,0.3 m/s,NaN,3.0,NaN,4.9,NaN,6.7,NaN,8.5,NaN,10.27,NaN,6.67,NaN,10.53,NaN,11.11,NaN,11.11,NaN,11.30,8,7
"Kiryu, Yoshihide (JPN) (1995)",02-Oct-20,0.127,-0.2 m/s,1.86,2.92,3.89,4.81,5.70,6.60,7.49,8.40,9.32,10.27,5.38,9.43,10.31,10.87,11.24,11.11,11.24,10.99,10.87,10.53,7,1
"Brown, Aaron (CAN) (1992)",02-Jul-23,0.147,1.0 m/s,1.92,2.98,3.94,4.85,5.72,6.61,7.49,8.39,9.30,10.27,5.21,9.43,10.42,10.99,11.49,11.24,11.36,11.11,10.99,10.31,7,5
Deng Xinrui (CHN) (2003),27-Jun-23,0.145,-0.2 m/s,1.88,2.94,3.88,4.77,5.66,6.56,7.45,8.37,9.31,10.27,5.32,9.43,10.64,11.24,11.24,11.11,11.24,10.87,10.64,10.42,4,1
Suo Gaofei (CHN) (2001),27-Jun-23,0.170,0.7 m/s,2.02,3.05,3.98,4.88,5.77,6.64,7.52,8.42,9.32,10.27,4.95,9.71,10.75,11.11,11.24,11.49,11.36,11.11,11.11,10.53,9,5
Wang Shuang (CHN) (2004),02-Sep-23,0.130,0.7 m/s,1.93,2.99,3.95,4.86,5.75,6.64,7.53,8.43,9.35,10.27,5.18,9.43,10.42,10.99,11.24,11.24,11.24,11.11,10.87,10.87,2,1
"Watson, Rohan (JAM) (2002)",20-Apr-24,0.149,-0.6 m/s,1.93,2.99,3.95,4.87,5.76,6.67,7.56,8.45,9.36,10.27,5.18,9.43,10.42,10.87,11.24,10.99,11.24,11.24,10.99,10.99,8,4
"Bibi, Noah (MRI) (2000)",03-Aug-24,0.148,0.1 m/s,1.90,2.97,3.90,4.80,5.69,6.57,7.47,8.39,9.32,10.27,5.26,9.35,10.75,11.11,11.24,11.36,11.11,10.87,10.75,10.53,2,1
He Jinxian (CHN) (2006),15-Sep-24,0.157,-0.2 m/s,1.97,3.00,3.96,4.88,5.77,6.64,7.53,8.44,9.35,10.27,5.08,9.71,10.42,10.87,11.24,11.49,11.24,10.99,10.99,10.87,5,1
Liu Chang (CHN) (2003),15-Sep-24,0.194,0.6 m/s,1.98,3.04,4.00,4.91,5.78,6.67,7.56,8.45,9.37,10.27,5.05,9.43,10.42,10.99,11.49,11.24,11.24,11.24,10.87,11.11,3,3
"Lindsey, Courtney (USA) (1998)",20-Aug-25,0.222,-0.3 m/s,1.94,3.00,3.95,4.86,5.76,6.64,7.52,8.42,9.32,10.27,5.15,9.43,10.53,10.99,11.11,11.36,11.36,11.11,11.11,10.53,2,7
"Pavoni, Pierfrancesco (ITA) (1963)",29-Aug-87,NaN,-0.1 m/s,NaN,NaN,3.90,NaN,NaN,6.60,NaN,NaN,NaN,10.28,NaN,NaN,7.69,NaN,NaN,11.11,NaN,NaN,NaN,10.87,4,3
"Gardener, Jason (GBR) (1975)",06-Aug-02,0.122,-0.1 m/s,NaN,2.93,3.89,4.81,NaN,6.60,NaN,8.41,NaN,10.22,NaN,6.83,10.42,10.87,NaN,11.17,NaN,11.05,NaN,11.05,NaN,2
"Tsukahara, Naoki (JPN) (1985)",29-Apr-09,NaN,1.8 m/s,1.96,3.02,3.97,4.88,5.78,6.66,7.55,8.45,9.35,10.28,5.10,9.43,10.53,10.99,11.11,11.36,11.24,11.11,11.11,10.75,NaN,1
"Wells, Evander (USA) (1987)",28-Jun-08,NaN,1.8 m/s,1.93,2.98,3.95,4.87,5.75,6.64,7.47,8.42,9.32,10.28,5.18,9.52,10.31,10.87,11.36,11.24,12.05,10.53,11.11,10.42,3,7
"Perry, Preston (USA) (1983)",28-Jun-08,NaN,0.8 m/s,1.96,2.98,3.97,4.87,5.76,6.62,7.49,8.41,9.33,10.28,5.10,9.80,10.10,11.11,11.24,11.63,11.49,10.87,10.87,10.53,1,7
"Takahira, Shinji (JPN) (1984)",29-Apr-09,NaN,1.8 m/s,1.96,3.02,3.97,4.88,5.78,6.66,7.55,8.45,9.35,10.28,5.10,9.43,10.53,10.99,11.11,11.36,"11,24",11.11,11.11,10.75,NaN,1
"Mbandjock, Martial (FRA) (1985)",15-Aug-09,0.156,-0.4 m/s,NaN,3.08,4.03,4.94,NaN,6.73,NaN,8.48,NaN,10.28,NaN,6.49,10.53,10.99,NaN,11.17,NaN,11.43,NaN,11.11,8,1
"Palacios, Rolando (HON) (1987)",15-Aug-09,0.178,0.0 m/s,NaN,3.02,3.98,4.90,NaN,6.71,NaN,8.48,NaN,10.28,NaN,6.62,10.42,10.87,NaN,11.05,NaN,11.30,NaN,11.11,1,5
"Tsukahara, Naoki (JPN) (1985)",15-Aug-09,0.145,-0.4 m/s,2.95,3.91,4.82,NaN,6.64,NaN,8.44,NaN,10.28,10.28,6.78,10.42,10.99,NaN,10.99,NaN,11.11,NaN,10.87,9.73,2,2
"Griffith, Adrian (BAH) (1984)",15-Aug-09,0.160,0.1 m/s,3.02,3.97,4.88,NaN,6.68,NaN,8.45,NaN,10.28,10.28,6.62,10.53,10.99,NaN,11.11,NaN,11.30,NaN,10.93,9.73,1,5
"Iizuka, Shota (JPN) (1991)",29-Apr-13,NaN,0.9 m/s,1.92,2.98,3.94,4.84,5.73,6.62,7.51,8.41,9.33,10.28,5.21,9.43,10.42,11.11,11.24,11.24,11.24,11.11,10.87,10.53,4,3
"Takase, Kei (JPN) (1988)",28-Jun-15,0.144,-0.9 m/s,1.93,2.97,3.91,4.81,5.71,6.60,7.50,8.41,9.33,10.28,5.18,9.62,10.64,11.11,11.11,11.24,11.11,10.99,10.87,10.53,5,1
Xu Haiyang (CHN) (1992),03-Sep-17,0.15,0.3 m/s,1.89,3.01,3.96,4.89,5.78,6.64,7.53,8.42,9.33,10.28,5.29,8.93,10.53,10.75,11.24,11.63,11.24,11.24,10.99,10.53,5,3
Yang Chun-Han (TPE) (1997),22-Apr-19,0.141,1.5 m/s,1.91,2.98,3.94,4.86,5.76,6.66,7.55,8.45,9.36,10.28,5.24,9.35,10.42,10.87,11.11,11.11,11.24,11.11,10.99,10.87,3,5
"Sakai, Ryuichiro (JPN) (1998)",27-Jun-19,0.131,0.2 m/s,1.84,2.90,3.86,4.79,5.69,6.59,7.49,8.41,9.33,10.28,5.43,9.43,10.42,10.75,11.11,11.11,11.11,10.87,10.87,10.53,5,4
"Kemp, Demek (USA) (1996)",09-Sep-19,0.206,-1.1 m/s,NaN,NaN,NaN,NaN,5.83,NaN,NaN,NaN,NaN,10.28,NaN,NaN,NaN,NaN,8.58,NaN,NaN,NaN,NaN,11.24,7,3
"Cambridge, Aska (JPN) (1993)",02-Oct-20,0.154,-0.2 m/s,1.89,2.97,3.93,4.85,5.75,6.64,7.53,8.43,9.34,10.28,5.29,9.26,10.42,10.87,11.11,11.24,11.24,11.11,10.99,10.64,4,2
"Azu, Jeremiah (GBR) (2001)",06-Jun-22,0.143,-0.3 m/s,NaN,2.9,NaN,4.8,NaN,6.6,NaN,8.4,NaN,10.28,NaN,6.90,NaN,10.53,NaN,11.11,NaN,11.11,NaN,10.64,7,4
"Browning, Rohan (AUS) (1997)",16-Jun-22,0.141,0.5 m/s,NaN,2.99,NaN,4.87,NaN,6.67,NaN,8.46,NaN,10.28,NaN,6.69,NaN,10.64,NaN,11.11,NaN,11.17,NaN,10.99,2,7
Tang Xingqiang (CHN) (1995),27-Jun-23,0.130,-0.8 m/s,1.92,2.96,3.94,4.83,5.74,6.62,7.52,8.42,9.33,10.28,5.21,9.62,10.20,11.24,10.99,11.36,11.11,11.11,10.99,10.53,4,2
Lu Weiyi (CHN) (2000),27-Jun-23,0.180,0.7 m/s,1.92,2.96,3.92,4.83,5.71,6.62,7.52,8.40,9.32,10.28,5.21,9.62,10.42,10.99,11.36,10.99,11.11,11.36,10.87,10.42,2,6
Li Zeyang (CHN) (2000),28-May-24,0.178,-0.2 m/s,2.00,3.03,3.98,4.89,5.79,6.69,7.57,8.45,9.33,10.28,5.00,9.71,10.53,10.99,11.11,11.11,11.36,11.36,11.36,10.53,7,2
"Sani Brown, Abdul Hakim (JPN) (1999)",02-Jun-24,0.144,-1.0 m/s,1.93,2.96,3.90,4.82,5.71,6.60,7.50,8.40,9.32,10.28,5.18,9.71,10.64,10.87,11.24,11.24,11.11,11.11,10.87,10.42,5,5
"Borzor, Christopher (HAI) (1999)",03-Aug-24,0.147,0.2 m/s,1.92,2.98,3.93,4.84,5.74,6.63,7.53,8.43,9.33,10.28,5.21,9.43,10.53,10.99,11.11,11.24,11.11,11.11,11.11,10.53,1,5
Li Zeyang (CHN) (2000),15-Sep-24,0.152,-0.1 m/s,1.95,3.01,3.97,4.89,5.79,6.67,7.56,8.46,9.35,10.28,5.13,9.43,10.42,10.87,11.11,11.36,11.24,11.11,11.24,10.75,5,1
Suo Gaofei (CHN) (2001),15-Sep-24,0.173,0.6 m/s,2.00,3.06,3.98,4.90,5.78,6.66,7.53,8.44,9.34,10.28,5.00,9.43,10.87,10.87,11.36,11.36,11.49,10.99,11.11,10.64,4,4
"Erius, Jeff (FRA) (2004)",17-Jul-25,0.126,-1.0 m/s,1.87,2.93,3.88,4.81,5.69,6.58,7.47,8.40,9.30,10.28,5.35,9.43,10.53,10.75,11.36,11.24,11.24,10.75,11.11,10.20,4,1
"Erius, Jeff (FRA) (2004)",18-Jul-25,0.139,-2.0 m/s,1.89,3.00,3.91,4.82,5.72,6.61,7.50,8.40,9.30,10.28,5.29,9.01,10.99,10.99,11.11,11.24,11.24,11.11,11.11,10.20,3,1
"Núñez, Juan (DOM) (1959)",08-Aug-83,0.131,-0.3 m/s,NaN,2.92,NaN,4.87,5.78,6.65,7.53,8.43,NaN,10.29,NaN,6.85,NaN,10.26,10.99,11.49,11.36,11.11,NaN,10.75,7,5
"Christie, Linford (GBR) (1960)",29-Aug-87,NaN,1.6 m/s,NaN,NaN,NaN,4.02,NaN,NaN,6.67,NaN,NaN,NaN,NaN,NaN,NaN,7.46,NaN,NaN,11.32,NaN,NaN,NaN,NaN,3
"Kjensli, Kennet (NOR) (1969)",20-Jul-94,interval,1.8 m/s,NaN,3.93,NaN,NaN,6.60,NaN,8.39,NaN,10.29,10.29,NaN,NaN,7.63,NaN,11.24,NaN,11.17,NaN,10.53,9.72,NaN,5
"Torrieri, Marco (ITA) (1978)",23-Jun-01,interval,1.4 m/s,NaN,3.08,4.05,4.97,NaN,6.72,NaN,8.59,NaN,10.29,NaN,6.49,10.31,10.87,NaN,11.43,NaN,10.70,NaN,11.76,NaN,4
"Fredericks, Frank (NAM) (1967)",31-Aug-01,0.154,0.6 m/s,NaN,3.00,3.96,4.87,NaN,6.64,NaN,8.44,NaN,10.29,NaN,6.67,10.42,10.99,NaN,11.30,NaN,11.11,NaN,10.81,NaN,5
"Gardener, Jason (GBR) (1975)",06-Aug-02,0.148,1.0 m/s,NaN,2.95,3.91,4.82,NaN,6.62,NaN,8.42,NaN,10.29,NaN,6.78,10.42,10.99,NaN,11.11,NaN,11.11,NaN,10.70,NaN,2
"Campbell, Darren (GBR) (1973)",06-Aug-02,0.143,-0.6 m/s,NaN,3.00,3.96,4.87,NaN,6.66,NaN,8.45,NaN,10.29,NaN,6.67,10.42,10.99,NaN,11.17,NaN,11.17,NaN,10.87,NaN,1
"Dix, Walter (USA) (1986)",25-Jun-05,interval,-2.3 m/s,1.96,3.04,3.99,4.91,5.81,6.69,7.57,8.49,9.38,10.29,5.10,9.26,10.53,10.87,11.11,11.36,11.36,10.87,11.24,10.99,2,4
"Smoots, Jason (USA) (1980)",23-Jun-06,interval,-1.2 m/s,1.97,3.02,3.97,4.87,5.76,6.66,7.52,8.43,9.34,10.29,5.08,9.52,10.53,11.11,11.24,11.11,11.63,10.99,10.99,10.53,1,5-4
"Takahira, Shinji (JPN) (1984)",29-Apr-08,interval,0.8 m/s,1.93,3.01,3.98,4.91,5.82,6.71,7.61,8.53,9.45,10.29,5.18,9.26,10.31,10.75,10.99,11.24,11.11,10.87,10.87,11.90,NaN,2
"Pognon, Ronald (FRA) (1982)",14-Jun-09,interval,1.4 m/s,NaN,3.04,3.99,4.90,NaN,6.67,NaN,8.47,NaN,10.29,NaN,6.58,10.53,10.99,NaN,11.30,NaN,11.11,NaN,10.99,NaN,7
"Takahira, Shinji (JPN) (1984)",29-Apr-12,interval,1.3 m/s,1.94,2.99,3.93,4.85,5.75,6.64,7.54,8.44,9.35,10.29,5.15,9.52,10.64,10.87,11.11,11.24,11.11,11.11,10.99,10.64,4,5
"Kimura, Shintaro (JPN) (1987)",29-Apr-12,interval,1.3 m/s,1.88,2.93,3.87,4.79,5.69,6.60,7.50,8.42,9.34,10.29,5.32,9.52,10.64,10.87,11.11,10.99,11.11,10.87,10.87,10.53,5,6
"Kiryu, Yoshihide (JPN) (1995)",25-Jun-16,0.140,-1.4 m/s,1.87,2.93,3.88,4.80,5.70,6.59,7.49,8.41,9.33,10.29,5.35,9.43,10.53,10.87,11.11,11.24,11.11,10.87,10.87,10.42,3,2
"Koike, Yuki (JPN) (1995)",29-Apr-18,NaN,1.3 m/s,1.91,2.97,3.93,4.85,5.75,6.64,7.53,8.44,9.36,10.29,5.24,9.43,10.42,10.87,11.11,11.24,11.24,10.99,10.87,10.75,4,3
"Dede, Bruno Chikwadoryo (JPN) (1999)",28-Apr-19,NaN,1.2 m/s,1.92,3.00,3.97,4.89,5.79,6.68,7.58,8.47,9.37,10.29,5.21,9.26,10.31,10.87,11.11,11.24,11.11,11.24,11.11,10.87,3,4
Xuan Dajun (CHN) (1998),02-Aug-19,NaN,0.1 m/s,1.89,2.96,3.92,4.84,5.74,6.64,7.54,8.45,9.36,10.29,5.29,9.35,10.42,10.87,11.11,11.11,11.11,10.99,10.99,10.75,8,6
"Cissé, Arthur (CIV) (1996)",18-Aug-19,0.165,-0.3 m/s,NaN,3.0,NaN,4.9,NaN,6.6,NaN,8.4,NaN,10.29,NaN,6.67,NaN,10.53,NaN,11.76,NaN,11.11,NaN,10.58,4,4
"Tortu, Filippo (ITA) (1998)",09-Sep-19,0.180,-1.1 m/s,NaN,NaN,NaN,NaN,5.89,NaN,NaN,NaN,NaN,10.29,NaN,NaN,NaN,NaN,8.49,NaN,NaN,NaN,NaN,11.36,4,4
"Hayashi, Kanata (JPN) (2001)",05-Aug-19,NaN,2.9 m/s,1.89,2.95,3.91,4.82,5.72,6.61,7.50,8.41,9.33,10.29,5.29,9.43,10.42,10.99,11.11,11.24,11.24,10.99,10.87,10.42,4,2
"Fall, Mouhamadou (FRA) (1992)",17-Sep-20,0.143,0.3 m/s,NaN,3.1,NaN,4.9,NaN,6.7,NaN,8.5,NaN,10.29,NaN,6.45,NaN,11.11,NaN,11.11,NaN,11.11,NaN,11.17,1,8
"Rodgers, Michael (USA) (1985)",09-Jun-22,0.144,-0.2 m/s,NaN,2.99,NaN,4.87,NaN,6.65,NaN,8.43,NaN,10.29,NaN,6.69,NaN,10.64,NaN,11.24,NaN,11.24,NaN,10.75,2,7
"Hainuca, Gilbert (NAM) (1994)",03-Aug-22,0.143,0.4 m/s,NaN,3.0,NaN,4.9,NaN,6.6,NaN,8.4,NaN,10.29,NaN,6.67,NaN,10.53,NaN,11.76,NaN,11.11,NaN,10.58,2,6
"King, Kyree (USA) (1994)",06-Aug-22,0.174,-0.7 m/s,NaN,3.00,NaN,4.88,NaN,6.66,NaN,8.45,NaN,10.29,NaN,6.67,NaN,10.64,NaN,11.24,NaN,11.17,NaN,10.87,9,9
"Camara, Ebrahima (GAM) (1996)",03-Aug-24,0.156,0.6 m/s,1.94,3.02,3.97,4.88,5.76,6.64,7.53,8.44,9.35,10.29,5.15,9.26,10.53,10.99,11.36,11.36,11.24,10.99,10.99,10.64,2,1
"Browning, Rohan (AUS) (1997)",03-Aug-24,0.143,-1.1 m/s,1.98,3.09,3.98,4.88,5.77,6.64,7.55,8.45,9.36,10.29,5.05,9.01,11.24,11.11,11.24,11.49,10.99,11.11,10.99,10.75,8,6
"Longa, Ronal (COL) (2004)",03-Aug-24,0.163,0.3 m/s,1.96,3.04,3.99,4.88,5.78,6.65,7.55,8.45,9.38,10.29,5.10,9.26,10.53,11.24,11.11,11.49,11.11,11.11,10.75,10.99,7,7
"Vleminckx, Kobe (BEL) (1998)",14-Sep-24,0.121,0.0 m/s,1.93,2.98,3.93,4.85,5.75,6.64,7.55,8.45,9.37,10.29,5.18,9.52,10.53,10.87,11.11,11.24,10.99,11.11,10.87,10.87,6,2
Chen Jiapeng (CHN) (2002),15-Sep-24,0.138,0.7 m/s,1.95,2.98,3.95,4.86,5.76,6.63,7.52,8.42,9.34,10.29,5.13,9.71,10.31,10.99,11.11,11.49,11.21,11.14,10.87,10.53,2,3
"Ray, Eugen (GDR) (1957)",15-Jun-77,NaN,-1.1 m/s,NaN,NaN,3.95,NaN,NaN,6.64,NaN,8.47,NaN,10.30,NaN,NaN,7.59,NaN,NaN,11.15,NaN,10.93,NaN,10.93,NaN,1
"Blume, Marc (GER) (1973)",11-Jul-93,NaN,-0.8 m/s,NaN,NaN,3.85,NaN,NaN,6.57,NaN,8.41,NaN,10.30,NaN,NaN,7.79,NaN,NaN,11.03,NaN,10.87,NaN,10.58,NaN,1
"Asahara, Nobuharu (JPN) (1972)",31-Aug-01,0.165,0.6 m/s,NaN,2.96,3.91,4.82,NaN,6.59,NaN,8.39,NaN,10.30,NaN,6.76,10.53,10.99,NaN,11.30,NaN,11.11,NaN,10.47,NaN,6
"Dovgal, Anatoliy (UKR) (1976)",06-Aug-02,0.123,0.1 m/s,NaN,2.95,3.90,4.81,NaN,6.60,NaN,8.41,NaN,10.30,NaN,6.78,10.53,10.99,NaN,11.17,NaN,11.05,NaN,10.58,NaN,2
"Campbell, Darren (GBR) (1973)",07-Aug-02,0.166,0.1 m/s,NaN,3.02,3.98,4.90,NaN,6.69,NaN,8.46,NaN,10.30,NaN,6.62,10.42,10.87,NaN,11.17,NaN,11.30,NaN,10.87,NaN,3
"McKenzie, Gordon (USA) (1987)",22-Jun-06,NaN,1.5 m/s,1.97,3.02,3.99,4.89,5.76,6.64,7.54,8.44,9.40,10.30,5.08,9.52,10.31,11.11,11.49,11.36,11.11,11.11,10.42,11.11,7,2
"Crawford, Shawn (USA) (1978)",23-Jun-06,NaN,-1.2 m/s,1.98,3.04,3.99,4.91,5.79,6.66,7.56,8.44,9.36,10.30,5.05,9.43,10.53,10.87,11.36,11.49,11.11,11.36,10.87,10.64,6,2-1
"Frater, Michael (JAM) (1982)",15-Aug-09,0.144,-0.4 m/s,2.98,3.93,4.84,NaN,6.62,NaN,8.40,NaN,10.30,10.30,6.71,10.53,10.99,NaN,11.24,NaN,11.24,NaN,10.53,9.71,6,1
"Hinds, Andrew (BAR) (1984)",15-Aug-09,0.150,0.4 m/s,3.00,3.96,4.87,NaN,6.67,NaN,8.46,NaN,10.30,10.30,6.67,10.42,10.99,NaN,11.11,NaN,11.17,NaN,10.87,9.71,4,1
"Phiri, Gerald (ZAM) (1988)",15-Aug-09,0.141,-0.5 m/s,2.97,3.92,4.83,NaN,6.63,NaN,8.42,NaN,10.30,10.30,6.73,10.53,10.99,NaN,11.11,NaN,11.17,NaN,10.64,9.71,2,2
"Ogho-Ogene, Egwero (NGR) (1988)",15-Aug-09,0.166,-0.5 m/s,3.00,3.95,4.85,NaN,6.66,NaN,8.45,NaN,10.30,10.30,6.67,10.53,11.11,NaN,11.05,NaN,11.17,NaN,10.81,9.71,5,3
"Tsukahara, Naoki (JPN) (1985)",15-May-10,NaN,0.0 m/s,NaN,3.90,NaN,NaN,6.63,NaN,NaN,NaN,10.30,10.30,NaN,7.69,NaN,NaN,10.99,NaN,NaN,NaN,10.90,9.71,NaN,1
"Dreyer, Hannes (RSA) (1985)",28-Jul-13,NaN,3.0 m/s,NaN,3.94,NaN,NaN,6.65,NaN,8.45,NaN,10.30,10.30,NaN,7.61,NaN,NaN,11.07,NaN,11.11,NaN,10.81,9.71,3,6
"Sani Brown, Abdul Hakim (JPN) (1999)",30-Jul-15,NaN,-0.8 m/s,NaN,3.92,4.84,5.78,6.66,7.55,8.44,9.37,10.30,10.30,NaN,7.65,10.87,10.64,11.36,11.24,11.24,10.75,10.75,9.71,2,2
"Suda, Hayato (JPN) (1994)",07-Oct-17,0.118,0.0 m/s,1.86,2.93,3.89,4.81,5.71,6.60,7.50,8.41,9.34,10.30,5.38,9.35,10.42,10.87,11.11,11.24,11.11,10.99,10.75,10.42,NaN,2
"Kusano, Seiya (JPN) (1988)",20-Sep-20,0.123,1.2 m/s,1.87,2.93,3.90,4.81,5.71,6.61,7.51,8.42,9.35,10.30,5.35,9.43,10.31,10.99,11.11,11.11,11.11,10.99,10.75,10.53,3,1
"Koike, Yuki (JPN) (1995)",02-Oct-20,0.148,-0.2 m/s,1.90,2.98,3.94,4.86,5.76,6.65,7.54,8.44,9.36,10.30,5.26,9.26,10.42,10.87,11.11,11.24,11.24,11.11,10.87,10.64,5,3
"Edoburun, Ojie (GBR) (1996)",16-Jun-22,0.143,0.5 m/s,NaN,3.01,NaN,4.90,NaN,6.70,NaN,8.48,NaN,10.30,NaN,6.64,NaN,10.58,NaN,11.11,NaN,11.24,NaN,10.99,1,8
"Blake, Jerome (CAN) (1995)",02-Jul-23,0.147,-0.1 m/s,2.00,3.07,4.05,4.97,5.87,6.75,7.62,8.51,9.41,10.30,5.00,9.35,10.20,10.87,11.11,11.36,11.49,11.24,11.11,11.24,3,3
Lin Qibang (CHN) (1997),21-Jul-23,0.159,0.2 m/s,1.94,3.02,4.00,NaN,5.82,6.70,7.59,8.48,9.39,10.30,5.15,9.26,10.20,NaN,10.99,11.36,11.24,11.24,10.99,10.99,4,3
"Hartmann, Joshua (GER) (1999)",16-Sep-23,0.152,0.1 m/s,1.95,3.01,3.97,4.87,5.76,6.64,7.52,8.41,9.31,10.30,5.13,9.43,10.42,11.11,11.24,11.36,11.36,11.24,11.11,10.10,9,7
Lu Weiyi (CHN) (2000),28-May-24,0.169,-0.2 m/s,1.92,2.97,3.95,4.86,5.75,6.64,7.53,8.44,9.36,10.30,5.21,9.52,10.20,10.99,11.24,11.24,11.24,10.99,10.87,10.64,2,3
"Hartmann, Joshua (GER) (1999)",02-Jun-24,0.138,-1.0 m/s,1.92,2.98,3.93,4.85,5.76,6.65,7.55,8.46,9.38,10.30,5.21,9.43,10.53,10.87,10.99,11.24,11.11,10.99,10.87,10.87,1,6
"Hartmann, Joshua (GER) (1999)",14-Sep-24,0.140,0.0 m/s,1.94,3.01,3.97,4.88,5.79,6.68,7.57,8.47,9.38,10.30,5.15,9.35,10.42,10.99,10.99,11.24,11.24,11.11,10.99,10.87,3,3
"Masoud, Abdullah Othman (QAT) (2006)",16-May-25,0.159,1.1 m/s,1.87,2.94,3.90,4.81,5.71,6.60,7.49,8.38,9.29,10.30,5.35,9.35,10.42,10.99,11.11,11.24,11.24,11.24,10.99,9.90,3,2
"Mumenthaler, Timothy (SUI) (2002)",27-Jun-25,0.144,0.0 m/s,1.87,2.97,3.94,4.87,5.76,6.66,7.54,8.43,9.33,10.30,5.35,9.09,10.31,10.75,11.24,11.11,11.36,11.24,11.11,10.31,3,7
"Ekpo, Nskiak (NED) (2003)",17-Jul-25,0.118,-1.0 m/s,1.87,2.94,3.90,4.82,5.72,6.61,7.49,8.40,9.30,10.30,5.35,9.35,10.42,10.87,11.11,11.24,11.36,10.99,11.11,10.00,6,2
"Ekpo, Nskiak (NED) (2003)",18-Jul-25,0.133,-2.0 m/s,1.88,2.99,3.91,4.85,5.74,6.65,7.53,8.43,9.33,10.30,5.32,9.01,10.87,10.64,11.24,10.99,11.36,11.11,11.11,10.31,5,2
"Kurrat, Klaus-Dieter (GDR) (1955)",24-Jul-76,NaN,0.0 m/s,NaN,NaN,NaN,3.76,NaN,NaN,NaN,NaN,NaN,NaN,NaN,NaN,NaN,NaN,NaN,NaN,NaN,NaN,NaN,NaN,NaN,NaN
"Nthépé, Aimé-Issa (FRA) (1973)",06-Aug-02,0.160,0.5 m/s,NaN,NaN,NaN,4.90,NaN,6.68,NaN,8.46,NaN,10.31,NaN,NaN,NaN,8.16,NaN,11.24,NaN,11.24,NaN,10.81,NaN,1
"Nthépé, Aimé-Issa (FRA) (1973)",07-Aug-02,0.169,0.0 m/s,NaN,3.02,3.98,4.90,NaN,6.69,NaN,8.47,NaN,10.31,NaN,6.62,10.42,10.87,NaN,11.17,NaN,11.24,NaN,10.87,NaN,2
"Pöyhönen, Markus (FIN) (1978)",07-Aug-02,0.163,-0.3 m/s,NaN,2.94,3.91,4.83,NaN,6.62,NaN,8.43,NaN,10.31,NaN,6.80,10.31,10.87,NaN,11.17,NaN,11.05,NaN,10.64,8,4
"Tsukahara, Naoki (JPN) (1985)",25-Aug-07,0.154,-0.3 m/s,1.92,2.96,3.91,4.83,5.73,6.62,7.53,8.44,9.36,10.31,5.21,9.62,10.53,10.87,11.11,11.24,10.99,10.99,10.87,10.53,7,5
"Tsukahara, Naoki (JPN) (1985)",29-Jun-08,NaN,-0.2 m/s,1.95,3.00,3.96,4.88,5.78,6.68,7.57,8.48,9.39,10.31,5.13,9.52,10.42,10.87,11.11,11.11,11.24,10.99,10.99,10.87,NaN,1
"Kojima, Shigeyuki (JPN) (1979)",27-Jun-09,NaN,1.0 m/s,1.95,3.01,3.97,4.88,5.77,6.66,7.56,8.46,9.37,10.31,5.13,9.43,10.42,10.99,11.24,11.24,11.11,11.11,10.99,10.64,3,2
"Fasuba, Olusoji (NGR) (1984)",15-Aug-09,0.176,-0.1 m/s,NaN,3.01,3.96,4.87,NaN,6.67,NaN,8.45,NaN,10.31,NaN,6.64,10.53,10.99,NaN,11.11,NaN,11.24,NaN,10.75,1,2
"Motoshio, Ryo (JPN) (1990)",06-Oct-12,NaN,1.4 m/s,1.91,2.97,3.92,4.84,5.74,6.64,7.54,8.45,9.37,10.31,5.24,9.43,10.53,10.87,11.11,11.11,11.11,10.99,10.87,10.64,4,1
"Kawatsura, Sota (JPN) (1989)",29-Apr-14,NaN,2.4 m/s,1.93,2.97,3.92,4.83,5.73,6.62,7.53,8.44,9.36,10.31,5.18,9.62,10.53,10.99,11.11,11.24,10.99,10.99,10.87,10.53,4,3
"Lemaitre, Christophe (FRA) (1990)",11-May-14,NaN,-3.5 m/s,1.96,3.03,3.99,4.90,5.81,6.70,7.58,8.48,9.39,10.31,5.10,9.35,10.42,10.99,10.99,11.24,11.36,11.11,10.99,10.87,4,3
"Kotani, Yusuke (JPN) (1989)",27-Jun-15,0.126,0.2 m/s,1.89,2.94,3.89,4.80,5.71,6.61,7.51,8.43,9.36,10.31,5.29,9.52,10.53,10.99,10.99,11.11,11.11,10.87,10.75,10.53,2,1
"Tracey, Tyquendo (JAM) (1993)",26-Jul-15,interval,1.0 m/s,NaN,NaN,3.98,NaN,NaN,6.68,NaN,8.47,NaN,10.31,NaN,NaN,7.54,NaN,NaN,11.11,11.17,10.87,9.70,NaN,5,1
"Fujimitsu, Kenji (JPN) (1986)",05-Jun-16,NaN,-0.5 m/s,1.89,2.95,3.91,4.83,5.72,6.63,7.54,8.46,9.38,10.31,5.29,9.43,10.42,10.87,11.24,10.99,10.99,10.87,10.87,10.75,NaN,5
"Hara, Shota (JPN) (1992)",05-Jun-16,NaN,-0.5 m/s,1.92,2.99,3.95,4.87,5.77,6.67,7.58,8.49,9.39,10.31,5.21,9.35,10.42,10.87,11.11,11.11,10.99,10.99,11.11,10.87,NaN,6
"Kiryu, Yoshihide (JPN) (1995)",25-Jun-16,0.141,-0.3 m/s,1.88,2.93,3.88,4.78,5.68,6.57,7.47,8.38,9.32,10.31,5.32,9.52,10.53,11.11,11.11,11.24,11.11,10.99,10.64,10.10,6,3
"Oseto, Kazuma (JPN) (1994)",05-Jun-16,NaN,-0.5 m/s,1.92,2.97,3.92,4.84,5.73,6.64,7.55,8.47,9.39,10.31,5.21,9.52,10.53,10.87,11.24,10.99,10.99,10.87,10.87,10.87,NaN,4
Wu Zhiqiang (CHN) (1994),03-Sep-17,0.15,0.3 m/s,1.93,2.98,3.93,4.85,5.75,6.64,7.54,8.43,9.36,10.31,5.18,9.52,10.53,10.87,11.11,11.24,11.11,11.24,10.75,10.53,6,4
Xu Zhouzheng (CHN) (1995),03-Sep-17,0.15,0.3 m/s,1.94,3.00,3.93,4.87,5.77,6.63,7.53,8.43,9.35,10.31,5.15,9.43,10.75,10.64,11.11,11.63,11.11,11.11,10.87,10.42,3,5
"Koike, Yuki (JPN) (1995)",18-Aug-19,0.144,0.7 m/s,NaN,3.0,NaN,4.9,NaN,6.7,NaN,8.5,NaN,10.31,NaN,6.67,NaN,10.53,NaN,11.11,NaN,11.11,NaN,11.05,6,6
"Edoburun, Ojie (GBR) (1996)",09-Sep-19,0.148,-1.1 m/s,NaN,NaN,NaN,NaN,5.88,NaN,NaN,NaN,NaN,10.31,NaN,NaN,NaN,NaN,8.50,NaN,NaN,NaN,NaN,11.29,6,5
"Shiraishi, Kirara (JPN) (1996)",29-Aug-20,NaN,1.5 m/s,1.87,2.95,3.93,4.86,5.76,6.66,7.55,8.46,9.38,10.31,5.35,9.26,10.20,10.75,11.11,11.11,11.24,10.99,10.87,10.75,NaN,3
"Camara, Ebrahma (GAM) (1996)",04-Jul-21,0.141,0.5 m/s,NaN,3.0,NaN,4.8,NaN,6.6,NaN,8.5,NaN,10.31,NaN,6.67,NaN,11.11,NaN,11.11,NaN,10.53,NaN,11.05,2,3
"Yanagita, Hiroki (JPN) (2003)",29-Jul-21,0.139,1.8 m/s,1.91,2.98,3.94,4.86,5.76,6.65,7.55,8.45,9.37,10.31,5.24,9.35,10.42,10.87,11.11,11.24,11.11,11.11,10.87,10.64,6,1
"Mitchell-Blake, Nethaneel (GBR) (1994)",21-May-22,0.154,-0.2 m/s,NaN,2.99,NaN,4.87,NaN,6.66,NaN,8.45,NaN,10.31,NaN,6.69,NaN,10.64,NaN,11.17,NaN,11.17,NaN,10.75,9,5
"Brathwaite, Rikkoi (IVB) (1999)",03-Aug-22,0.148,-0.2 m/s,NaN,NaN,NaN,4.8,NaN,6.5,NaN,8.4,NaN,10.31,NaN,NaN,NaN,8.33,NaN,11.76,NaN,10.53,NaN,10.47,NaN,NaN
Shi Yuhao (CHN) (1998),27-Jun-23,0.161,-0.2 m/s,1.95,2.99,3.96,4.85,5.76,6.66,7.55,8.45,9.36,10.31,5.13,9.62,10.31,11.24,10.99,11.11,11.24,11.11,10.99,10.53,5,2
"Azu, Jeremiah (GBR) (2001)",16-Jul-23,0.144,0.0 m/s,1.91,2.98,3.95,0.86,5.77,6.66,7.55,8.45,9.36,10.31,5.24,9.35,10.31,-3.24,2.04,11.24,11.24,11.11,10.99,10.53,NaN,NaN
"Wada, Ryo (JPN) (2000)",20-Apr-24,0.153,-0.6 m/s,1.91,2.96,3.92,4.83,5.74,6.64,7.54,8.45,9.38,10.31,5.24,9.52,10.42,10.99,10.99,11.11,11.11,10.99,10.75,10.75,10,5
Lee Yong-Mun (KOR) (1999),28-May-24,0.148,-0.2 m/s,1.94,2.97,3.94,4.83,5.73,6.63,7.53,8.44,9.37,10.31,5.15,9.71,10.31,11.24,11.11,11.11,11.11,10.99,10.75,10.64,6,4
Suo Gaofei (CHN) (2001),29-Jun-24,0.193,1.1 m/s,2.01,3.06,4.02,4.91,5.80,6.70,7.56,8.45,9.38,10.31,4.98,9.52,10.42,11.24,11.24,11.11,11.63,11.24,10.75,10.75,6,3
"Vermont, Dylan (FRA) (1999)",20-Jul-24,0.137,2.1 m/s,1.97,3.06,4.02,4.94,5.83,6.71,7.59,8.49,9.39,10.31,5.08,9.17,10.42,10.87,11.24,11.36,11.36,11.11,11.11,10.87,2,5
"Howell, Davonte (CAY) (2005)",03-Aug-24,0.144,-0.3 m/s,1.94,3.03,3.99,4.91,5.81,6.71,7.58,8.49,9.39,10.31,5.15,9.17,10.42,10.87,11.11,11.11,11.49,10.99,11.11,10.87,2,1
"Santos, Marcos (ANG) (2004)",03-Aug-24,0.149,0.2 m/s,1.88,2.97,3.93,4.85,5.74,6.64,7.54,8.45,9.38,10.31,5.32,9.17,10.42,10.87,11.24,11.11,11.11,10.99,10.75,10.75,4,2
"Augustine, Devin (TTO) (2003)",03-Aug-24,0.164,0.2 m/s,1.95,3.01,3.98,4.90,5.79,6.69,7.58,8.47,9.38,10.31,5.13,9.43,10.31,10.87,11.24,11.11,11.24,11.24,10.99,10.75,6,5
"Jones, Terrence (BAH) (2002)",03-Aug-24,0.164,0.0 m/s,1.93,2.98,3.90,4.82,5.71,6.60,7.52,8.43,9.36,10.31,5.18,9.52,10.87,10.87,11.24,11.24,10.87,10.99,10.75,10.53,7,6
"Cissé, Arthur (CIV) (1996)",03-Aug-24,0.151,0.2 m/s,1.89,2.96,3.89,4.78,5.66,6.55,7.46,8.38,9.31,10.31,5.29,9.35,10.75,11.24,11.36,11.24,10.99,10.87,10.75,10.00,6,6
"Watson, Rohan (JAM) (2002)",26-Apr-25,0.150,0.2 m/s,1.94,3.00,3.96,4.89,5.78,6.67,7.58,8.49,9.39,10.31,5.15,9.43,10.42,10.75,11.24,11.24,10.99,10.99,11.11,10.87,1,9
"Sani Brown, Abdul Hakim (JPN) (1999)",06-Jun-25,0.169,1.1 m/s,1.85,2.91,3.88,4.79,5.69,6.58,7.48,8.37,9.29,10.31,5.41,9.43,10.31,10.99,11.11,11.24,11.11,11.24,10.87,9.80,8,8
"Snyders, Antoine (BEL) (1997)",20-Jun-25,0.149,2.8 m/s,1.88,2.98,3.97,4.90,5.80,6.68,7.56,8.44,9.33,10.31,5.32,9.09,10.10,10.75,11.11,11.36,11.36,11.36,11.24,10.20,4,3
"Jordán, Abel (ESP) (2003)",18-Jul-25,0.143,-2.0 m/s,1.89,3.00,3.91,4.83,5.75,6.65,7.45,8.43,9.34,10.31,5.29,9.04,10.94,10.87,10.87,11.11,12.50,10.20,10.99,10.31,4,3
"Afrifa, Elvis (NED) (1997)",22-Aug-25,0.182,-0.6 m/s,1.97,3.04,4.00,4.92,5.81,6.70,7.59,8.49,9.40,10.31,5.08,9.35,10.42,10.87,11.24,11.24,11.24,11.11,10.99,10.99,1,4
"Kokot, Manfred (GDR) (1948)",01-Jul-77,NaN,1.6 m/s,NaN,NaN,3.95,NaN,NaN,6.65,NaN,8.46,NaN,10.32,NaN,NaN,7.59,NaN,NaN,11.11,NaN,11.05,NaN,10.75,NaN,3
"Haas, Christian (FRG) (1958)",08-Aug-83,0.137,-0.3 m/s,NaN,2.91,NaN,4.81,5.73,6.63,7.53,8.44,NaN,10.32,NaN,6.87,NaN,10.53,10.87,11.11,11.11,10.99,NaN,10.64,4,6
"Silva, Arnaldo Oliveira (BRA) (1964)",24-Sep-88,NaN,0.6 m/s,1.93,2.97,3.93,4.84,5.75,6.64,7.56,8.48,9.40,10.32,5.18,9.62,10.42,10.99,10.99,11.24,10.87,10.87,10.87,10.87,8,5
"Blume, Marc (GER) (1973)",14-Aug-93,NaN,-0.1 m/s,NaN,NaN,3.93,NaN,NaN,6.65,NaN,8.47,NaN,10.32,NaN,NaN,7.63,NaN,NaN,11.03,NaN,10.99,NaN,10.81,5,5
"Pöyhönen, Markus (FIN) (1978)",06-Aug-02,0.132,0.5 m/s,NaN,NaN,NaN,4.79,NaN,6.60,NaN,8.42,NaN,10.32,NaN,NaN,NaN,8.35,NaN,11.05,NaN,10.99,NaN,10.53,NaN,2
"Németh, Roland (HUN) (1974)",07-Aug-02,0.117,0.1 m/s,2.96,3.93,4.86,NaN,6.66,NaN,8.46,NaN,10.32,10.32,6.76,10.31,10.75,NaN,11.11,NaN,11.11,NaN,10.75,9.69,NaN,4
"Nthépé, Aimé-Issa (FRA) (1973)",07-Aug-02,0.163,-0.3 m/s,3.03,3.99,4.90,NaN,6.69,NaN,8.49,NaN,10.32,10.32,6.60,10.42,10.99,NaN,11.17,NaN,11.11,NaN,10.93,9.69,3,4-5
"Scales, Mardy (USA) (1981)",20-Jun-03,NaN,1.6 m/s,1.92,3.07,4.00,4.89,5.82,6.69,7.60,8.50,9.42,10.32,5.21,8.70,10.75,11.24,10.75,11.49,10.99,11.11,10.87,11.11,1,7-6
"Jelks, Mark (USA) (1984)",25-Jun-05,NaN,-2.3 m/s,1.91,2.98,3.94,4.87,5.79,6.69,7.56,8.49,9.40,10.32,5.24,9.35,10.42,10.75,10.87,11.11,11.49,10.75,10.99,10.87,3,5
"Wieser, Stefan (GER) (1984)",16-Jul-05,0.153,2.4 m/s,NaN,3.03,4.00,4.92,NaN,6.71,NaN,8.49,NaN,10.32,NaN,6.60,10.31,10.87,NaN,11.17,NaN,11.24,NaN,10.93,2,3
"Willie, Kelly (USA) (1982)",23-Jun-06,NaN,-1.2 m/s,1.95,3.05,3.97,4.87,5.74,6.64,7.52,8.44,9.39,10.32,5.13,9.09,10.87,11.11,11.49,11.11,11.36,10.87,10.53,10.75,7,5
"Heard, Jason (USA) (1983)",28-Jun-08,NaN,1.4 m/s,1.96,3.03,4.00,4.88,5.81,6.67,7.57,8.46,9.38,10.32,5.10,9.35,10.31,11.36,10.75,11.63,11.11,11.24,10.87,10.64,1,7
"Waugh, Ainsley (JAM) (1981)",25-Jul-09,NaN,1.0 m/s,NaN,NaN,3.96,NaN,NaN,6.68,NaN,8.45,NaN,10.32,NaN,NaN,7.58,NaN,NaN,11.03,NaN,11.30,NaN,10.70,NaN,3
"Edwards, Monzavous (Rae) (USA) (1981)",15-Aug-09,0.181,-0.1 m/s,NaN,3.11,4.08,5.00,NaN,6.78,NaN,8.53,NaN,10.32,NaN,6.43,10.31,10.87,NaN,11.24,NaN,11.43,NaN,11.17,5,3
"Stromšik, Zdenek (CZE) (1994)",15-Jun-13,0.139,0.8 m/s,1.96,2.98,3.95,4.86,5.75,6.63,7.53,8.44,9.38,10.32,5.10,9.80,10.31,10.99,11.24,11.36,11.11,10.99,10.64,10.64,4,1
"Magakwe, Simon (RSA) (1985)",28-Jul-13,NaN,1.8 m/s,NaN,NaN,4.02,NaN,NaN,6.72,NaN,8.50,NaN,10.32,NaN,NaN,7.46,NaN,NaN,11.11,NaN,11.24,NaN,10.99,3,1
"Cambridge, Aska (JPN) (1993)",29-Apr-14,NaN,0.7 m/s,1.95,3.03,3.99,4.90,5.80,6.69,7.58,8.48,9.39,10.32,5.13,9.26,10.42,10.99,11.11,11.24,11.24,11.11,10.99,10.75,8,6
"Scott, Evan (USA) (1988)",20-Jul-14,NaN,1.5 m/s,NaN,NaN,3.93,NaN,NaN,6.65,NaN,8.46,NaN,10.32,NaN,NaN,NaN,7.63,NaN,11.03,NaN,11.05,NaN,10.75,2,4-3
"Fisher, Andrew (JAM) (1991)",20-Jul-14,NaN,1.5 m/s,NaN,NaN,3.90,NaN,NaN,2.68,NaN,1.82,NaN,1.92,NaN,NaN,NaN,7.69,NaN,NaN,NaN,NaN,NaN,NaN,NaN,NaN
"Tada, Shuhei (JPN) (1996)",20-May-18,0.150,-0.7 m/s,1.88,2.93,3.89,4.80,5.70,6.60,7.51,8.43,9.36,10.32,5.32,9.52,10.42,10.99,11.11,11.11,10.99,10.87,10.75,10.42,6,6
"Fall, Mouhamadou (FRA) (1992)",18-Jun-22,0.142,-1.6 m/s,NaN,2.98,NaN,4.87,NaN,6.68,NaN,8.48,NaN,10.32,NaN,6.71,NaN,10.58,NaN,11.05,NaN,11.11,NaN,10.87,5,2
Wu Zhiqiang (CHN) (1994),09-Jun-23,0.164,-0.4 m/s,1.97,3.03,3.99,4.89,5.79,6.69,7.57,8.47,9.37,10.32,5.08,9.43,10.42,11.11,11.11,11.11,11.36,11.11,11.11,10.53,6,1
Jia Runze (CHN) (2003),15-Sep-24,0.164,0.6 m/s,1.98,3.06,3.98,4.90,5.80,6.71,7.59,8.48,9.42,10.32,5.05,9.26,10.87,10.87,11.11,10.99,11.36,11.24,10.64,11.11,2,5
"Fremstad-Waldro, Per-Tinius (NOR) (20)",12-Jun-25,0.182,0.7 m/s,1.87,2.94,3.89,4.81,5.69,6.59,7.49,8.39,9.31,10.32,5.35,9.35,10.53,10.87,11.36,11.11,11.11,11.11,10.87,9.90,5,1
"Skolov, Oleksandr (UKR) (1997)",27-Jun-25,0.138,0.1 m/s,1.86,2.92,3.88,4.79,5.68,6.58,7.47,8.39,9.32,10.32,5.38,9.43,10.42,10.99,11.24,11.11,11.24,10.87,10.75,10.00,NaN,5
"Wdowik, Oliwer (POL) (2002)",16-Aug-25,0.146,0.3 m/s,1.90,2.96,3.91,4.83,5.75,6.64,7.55,8.46,9.38,10.32,5.26,9.43,10.53,10.87,10.87,11.24,10.99,10.99,10.87,10.64,9,9
"Miller, Lennox (JAM) (1946)",01-Sep-72,NaN,0.3 m/s,NaN,NaN,4.01,NaN,NaN,6.67,NaN,8.48,NaN,10.33,NaN,NaN,7.48,NaN,NaN,11.28,NaN,11.05,NaN,10.81,5,3
"Narracott, Paul (AUS) (1959)",08-Aug-83,0.140,-0.3 m/s,NaN,2.90,NaN,4.85,5.77,6.65,7.54,8.44,NaN,10.33,NaN,6.90,10.26,10.87,11.36,11.24,11.11,NaN,10.58,9.68,6,7
"Adeniken, Olapade (NGR) (1969)",24-Sep-88,NaN,0.6 m/s,1.99,3.06,4.02,4.92,5.82,6.70,7.60,8.51,9.42,10.33,5.03,9.35,10.42,11.11,11.11,11.36,11.11,10.99,10.99,9.68,1,6
"Pavoni, Pierfrancesco (ITA) (1963)",30-Aug-87,NaN,-0.3 m/s,NaN,NaN,3.95,NaN,NaN,6.69,NaN,NaN,NaN,10.33,NaN,NaN,7.59,NaN,NaN,10.95,NaN,NaN,NaN,10.99,5,2
"Blume, Marc (GER) (1973)",06-Aug-02,0.154,0.2 m/s,NaN,2.98,3.95,4.87,NaN,6.68,NaN,8.47,NaN,10.33,NaN,6.71,10.31,10.87,NaN,11.05,NaN,11.17,NaN,10.75,NaN,21
"Obikwelu, Francis (POR) (1978)",06-Aug-02,0.164,-0.6 m/s,NaN,3.06,4.02,4.93,NaN,6.72,NaN,8.52,NaN,10.33,NaN,6.54,10.42,10.99,NaN,11.17,NaN,11.11,NaN,11.05,NaN,3
"Predanič, Rok (SLO) (1977)",07-Aug-02,0.132,0.1 m/s,NaN,2.93,3.90,4.82,NaN,6.63,NaN,8.45,NaN,10.33,NaN,6.83,10.31,10.87,NaN,11.05,NaN,10.99,NaN,10.64,NaN,5
"Williams, Bernard (USA) (1978)",23-Jun-06,NaN,-1.2 m/s,1.95,3.02,4.04,4.89,5.80,6.67,7.57,8.47,9.39,10.33,5.13,9.35,9.80,11.76,10.99,11.49,11.11,11.11,10.87,10.64,2,2
"Conwright, Kaaron (USA) (1976)",23-Jun-06,NaN,-1.2 m/s,1.95,3.00,3.96,4.84,5.74,6.64,7.54,8.48,9.39,10.33,5.13,9.52,10.42,11.36,11.11,11.11,11.11,10.64,10.99,10.64,2,2
"Sales, Antonio (USA) (1989)",20-Jun-08,NaN,1.1 m/s,2.04,3.09,4.04,4.98,5.87,6.74,7.63,8.50,9.41,10.33,4.90,9.52,10.53,10.64,11.24,11.49,11.24,11.49,10.99,10.87,4,2
"Moore, Carlos (USA) (1984)",28-Jun-08,NaN,0.8 m/s,2.00,3.00,3.97,4.92,5.78,6.66,7.52,8.43,9.34,10.33,5.00,10.00,10.31,10.53,11.63,11.36,11.63,10.99,10.99,10.10,3,8
"Edgar, Tyrone (GBR) (1982)",14-Jun-09,0.136,0.2 m/s,NaN,2.98,3.94,4.85,NaN,6.64,NaN,8.48,NaN,10.33,NaN,6.71,10.42,10.99,NaN,11.17,NaN,10.87,NaN,10.81,NaN,3
"Tärnhuvud, Stefan (SWE) (1985)",31-Jul-11,NaN,2.8 m/s,NaN,NaN,3.98,NaN,NaN,6.67,NaN,8.46,NaN,10.33,NaN,NaN,7.54,NaN,NaN,11.15,NaN,11.17,NaN,10.70,5,4
"Cambridge, Aska (JPN) (1993)",19-Apr-15,NaN,0.5 m/s,1.96,3.02,3.98,4.90,5.79,6.68,7.57,8.47,9.39,10.33,5.10,9.43,10.42,10.87,11.24,11.24,11.24,11.11,10.87,10.64,5,1
"Cambridge, Aska (JPN) (1993)",29-Apr-16,NaN,-0.4 m/s,1.97,3.03,3.99,4.90,5.80,6.69,7.59,8.48,9.40,10.33,5.08,9.43,10.42,10.99,11.11,11.24,11.11,11.24,10.87,10.75,5,1
"Takase, Kei (JPN) (1988)",04-Jun-17,NaN,2.9 m/s,1.87,2.95,3.91,4.83,5.73,6.63,7.53,8.45,9.38,10.33,5.35,9.26,10.42,10.87,11.11,11.11,11.11,10.87,10.75,10.53,NaN,4
"Kawakami, Takuya (JPN) (1995)",23-Sep-18,0.131,0.0 m/s,1.87,2.91,3.86,4.77,5.66,6.56,7.47,8.40,9.35,10.33,5.35,9.62,10.53,10.99,11.24,11.11,10.99,10.75,10.53,10.20,6,3
"Allen, Devon (USA) (1994)",05-Jul-19,0.129,0.2 m/s,NaN,NaN,NaN,NaN,5.9,NaN,NaN,NaN,NaN,10.33,NaN,NaN,NaN,NaN,8.47,NaN,NaN,NaN,NaN,11.29,1,8
"lizuka, Shota (JPN) (1991)",02-Oct-20,0.139,-0.2 m/s,1.89,2.97,3.94,4.87,5.77,6.67,7.56,8.47,9.39,10.33,5.29,9.26,10.31,10.75,11.11,11.11,11.24,10.99,10.87,10.64,9,4
"Jones, Conroy (JAM) (2002)",03-Aug-22,0.154,-0.2 m/s,NaN,2.9,NaN,4.8,NaN,6.6,NaN,8.4,NaN,10.33,NaN,6.90,NaN,10.53,NaN,11.11,NaN,11.11,NaN,10.36,6,5
Xie Zhenye (CHN) (1993),02-Jun-23,NaN,-0.4 m/s,1.96,3.02,3.96,4.87,5.77,6.66,7.54,8.44,9.34,10.33,5.10,9.43,10.64,10.99,11.11,11.24,11.36,11.11,11.11,10.10,4,1
"Sani Brown, Abdul Hakim (JPN) (1999)",02-Jul-23,0.148,1.0 m/s,1.91,2.97,3.93,4.83,5.73,6.62,7.51,8.41,9.34,10.33,5.24,9.43,10.42,11.11,11.11,11.24,11.24,11.11,10.75,10.10,2,6
Deng Xinrui (CHN) (2003),27-Jun-23,0.149,0.7 m/s,1.90,2.93,3.90,4.79,5.69,6.57,7.47,8.40,9.34,10.33,5.26,9.71,10.31,11.24,11.11,11.36,11.11,10.75,10.64,10.10,7,7
Deng Xinrui (CHN) (2003),21-Jul-23,0.156,-0.5 m/s,1.89,2.92,3.86,NaN,5.69,6.56,7.47,8.38,9.34,10.33,5.29,9.71,10.64,NaN,10.93,11.49,10.99,10.99,10.42,10.10,4,1
Deng Zhijian (CHN) (2002),02-Sep-23,0.145,0.7 m/s,1.93,3.01,3.96,4.88,5.78,6.67,7.57,8.48,9.40,10.33,5.18,9.26,10.53,10.87,11.11,11.24,11.11,10.99,10.87,10.75,7,2
"Carnes, Brandon (USA) (1995)",25-May-24,0.125,1.2 m/s,1.91,2.98,3.95,4.88,5.78,6.67,7.57,8.47,9.40,10.33,5.24,9.35,10.31,10.75,11.11,11.24,11.11,11.11,10.75,10.75,7,9
Wang Shengjie (CHN) (2000),28-May-24,0.181,-0.2 m/s,2.00,3.07,4.03,4.93,5.81,6.70,7.59,8.50,9.41,10.33,5.00,9.35,10.42,11.11,11.36,11.24,11.24,10.99,10.99,10.87,1,5
"Hilton, Cody (USA) (1998)",02-Jun-24,0.154,-1.6 m/s,1.97,3.04,4.00,4.91,5.80,6.71,7.61,8.49,9.40,10.33,5.08,9.35,10.42,10.99,11.24,10.99,11.11,11.36,10.99,10.75,2,2
"Harris, Naquille (SKN) (2002)",03-Aug-24,0.189,-0.4 m/s,1.97,3.07,4.04,4.96,5.85,6.75,7.64,8.53,9.42,10.33,5.08,9.09,10.31,10.87,11.24,11.11,11.24,11.24,11.24,10.99,3,1
"Verherstraeten, Simon (BEL) (1999)",14-Sep-24,0.128,0.0 m/s,1.93,2.99,3.94,4.85,5.74,6.64,7.54,8.45,9.38,10.33,5.18,9.43,10.53,10.99,11.24,11.11,11.11,10.99,10.75,10.53,4,4
"Norton, Ray (USA) (1937)",18-Apr-59,NaN,1.3 m/s,NaN,NaN,NaN,NaN,5.6,NaN,NaN,NaN,NaN,10.1,NaN,NaN,NaN,NaN,8.93,NaN,NaN,NaN,NaN,11.11,NaN,1
"Henderson, Jamie (GBR) (1969)",17-Jul-86,NaN,0.8 m/s,1.92,2.99,3.98,4.85,5.74,6.65,7.56,8.55,9.41,10.34,5.21,9.35,10.10,11.49,11.24,10.99,10.99,10.10,11.63,10.75,NaN,3
"McRae, Lee (USA) (1966)",29-Aug-87,NaN,1.3 m/s,NaN,NaN,3.92,NaN,NaN,6.67,NaN,NaN,NaN,10.34,NaN,NaN,7.65,NaN,NaN,10.91,NaN,NaN,NaN,10.90,NaN,4
"McRae, Lee (USA) (1966)",30-Aug-87,0.225,1.0 m/s,1.92,2.98,3.94,4.87,5.77,6.66,7.58,8.50,9.42,10.34,5.21,9.43,10.42,10.75,11.11,11.24,10.87,10.87,10.87,10.87,7,26
"Gavélas, Aristotélis (GRE) (1978)",07-Aug-02,0.161,0.0 m/s,NaN,2.96,3.91,4.81,NaN,6.61,NaN,8.43,NaN,10.34,NaN,6.76,10.53,11.11,NaN,11.11,NaN,10.99,NaN,10.47,NaN,2
"Scales, Mardy (USA) (1981)",23-Jun-06,interval,-1.2 m/s,1.94,3.00,3.94,4.86,5.76,6.65,7.54,8.46,9.39,10.34,5.15,9.43,10.64,10.87,11.11,11.24,11.24,10.87,10.75,10.53,NaN,43
"Tsukahara, Naoki (JPN) (1985)",01-Jul-07,NaN,-0.3 m/s,1.92,2.99,3.95,4.88,5.79,6.69,7.58,8.49,9.41,10.34,5.21,9.35,10.42,10.75,10.99,11.11,11.24,10.99,10.87,10.75,NaN,1
"Powell, Asafa (JAM) (1982)",25-Aug-07,0.165,1.0 m/s,1.88,2.91,3.88,4.77,5.68,6.58,7.49,8.42,9.36,10.34,5.32,9.71,10.31,11.24,10.99,11.11,10.99,10.75,10.64,10.20,3,2
"Bailey, Ryan (USA) (1989)",20-Jun-08,NaN,1.1 m/s,2.00,3.09,4.05,4.95,5.85,6.74,7.62,8.54,9.43,10.34,5.00,9.17,10.42,11.11,11.11,11.24,11.36,10.87,11.24,10.99,6,3
"Demps, Jeff (USA) (1990)",29-Jun-08,NaN,0.5 m/s,1.94,2.98,3.94,4.86,5.75,6.62,7.54,8.44,9.37,10.34,5.15,9.62,10.42,10.87,11.24,11.49,10.87,11.11,10.75,10.31,3,8
"Nii, Yusuke (JPN) (1984)",27-Jun-09,NaN,1.8 m/s,1.93,2.98,3.94,4.87,5.77,6.67,7.57,8.49,9.41,10.34,5.18,9.52,10.42,10.75,11.11,11.11,11.11,10.87,10.87,10.75,4,2
"Nagasawa, Shun (JPN) (1985)",28-Jun-09,NaN,2.4 m/s,1.92,2.99,3.95,4.88,5.77,6.67,7.57,8.48,9.40,10.34,5.21,9.35,10.42,10.75,11.24,11.11,11.11,10.99,10.87,10.64,5,3
"Williamson, Simeon (GBR) (1986)",15-Aug-09,0.160,0.4 m/s,NaN,3.04,4.00,4.91,NaN,6.71,NaN,8.50,NaN,10.34,NaN,6.58,10.42,10.99,NaN,11.11,NaN,11.17,NaN,10.87,8,2
"Patton, Darvis (USA) (1977)",16-Aug-09,0.149,0.9 m/s,NaN,2.96,3.93,4.85,NaN,6.65,NaN,8.42,NaN,10.34,NaN,6.76,10.31,10.87,NaN,11.11,NaN,11.30,NaN,10.42,7,8
"de Oliveira, Nil (SWE) (1986)",,NaN,NaN,NaN,NaN,NaN,NaN,NaN,NaN,NaN,NaN,NaN,NaN,NaN,NaN,NaN,NaN,NaN,NaN,NaN,NaN,NaN,NaN,NaN,NaN
"collio, Simone (ITA) (1979)",,NaN,NaN,NaN,NaN,NaN,NaN,NaN,NaN,NaN,NaN,NaN,NaN,NaN,NaN,NaN,NaN,NaN,NaN,NaN,NaN,NaN,NaN,NaN,NaN
"Engel, Roscoe (RSA) (1989)",,NaN,NaN,NaN,NaN,NaN,NaN,NaN,NaN,NaN,NaN,NaN,NaN,NaN,NaN,NaN,NaN,NaN,NaN,NaN,NaN,NaN,NaN,NaN,NaN
"Koike, Yuki (JPN) (1995)",,NaN,2.6 m/s,NaN,NaN,NaN,NaN,NaN,NaN,NaN,NaN,NaN,NaN,5.13,9.43,10.31,10.87,10.99,11.24,11.24,11.11,10.99,10.64,NaN,NaN
"Sani Brown, Abdul Hakim (JPN) (1999)",08-May-16,NaN,-0.4 m/s,1.92,2.99,3.95,4.86,5.76,6.65,7.55,8.46,9.39,10.34,5.21,9.35,10.42,10.99,11.11,11.24,11.11,10.99,10.75,10.53,3,5
Zhang Peiming (CHN) (1987),03-Sep-17,0.15,0.3 m/s,1.90,3.00,3.95,4.89,5.82,6.72,7.60,8.49,9.40,10.34,5.26,9.09,10.53,10.64,10.75,11.11,11.36,11.24,10.99,10.64,9,6
"Onabuta, Yu (JPN) (1994)",23-Sep-18,0.147,0.0 m/s,1.93,3.01,3.99,4.92,5.83,6.73,7.62,8.52,9.42,10.34,5.18,9.26,10.20,10.75,10.99,11.11,11.24,11.11,11.11,10.87,4,4
"Higashida, Akihiro (JPN) (1995)",05-Oct-19,0.154,-0.1 m/s,NaN,NaN,3.93,NaN,5.75,NaN,NaN,NaN,NaN,10.34,NaN,NaN,7.63,NaN,3.48,NaN,NaN,NaN,NaN,10.89,4,1
"Burke, Mario (BAR) (1997)",17-Sep-20,0.123,0.3 m/s,NaN,3.0,NaN,4.9,NaN,6.7,NaN,8.5,NaN,10.34,NaN,6.67,NaN,10.53,NaN,11.11,NaN,11.11,NaN,10.87,9,9
"Tada, Shuhei (JPN) (1996)",02-Oct-20,0.142,-0.2 m/s,1.85,2.91,3.87,4.78,5.68,6.58,7.49,8.41,9.36,10.34,5.41,9.43,10.42,10.99,11.11,11.11,10.99,10.87,10.53,10.20,6,5
"Cissé, Arthur (CIV) (1996)",03-Sep-21,0.162,0.1 m/s,NaN,3.0,NaN,4.9,NaN,6.7,NaN,8.5,NaN,10.34,NaN,6.67,NaN,10.53,NaN,11.11,NaN,11.11,NaN,10.87,1,8
"Vicaut, Jimmy (FRA) (1992)",18-Jun-22,0.144,-1.6 m/s,NaN,3.01,NaN,4.89,NaN,6.70,NaN,8.50,NaN,10.34,NaN,6.64,NaN,10.64,NaN,11.05,NaN,11.11,NaN,10.87,3,3
Lu Weiyi (CHN) (2000),21-Jul-23,0.178,-0.5 m/s,1.94,2.97,3.97,NaN,5.77,6.66,7.55,8.47,9.39,10.34,5.15,9.71,10.00,NaN,11.11,11.24,11.24,10.87,10.87,10.53,5,2
Chen Guanfeng (CHN) (2000),02-Sep-23,0.146,0.7 m/s,1.92,2.97,3.92,4.83,5.72,6.61,7.51,8.43,9.37,10.34,5.21,9.52,10.53,10.99,11.24,11.24,11.11,10.87,10.64,10.31,4,3
Shi Yuhao (CHN) (1998),28-May-24,0.167,0.1 m/s,1.95,2.98,3.96,4.87,5.78,6.69,7.59,8.49,9.39,10.34,5.13,9.71,10.20,10.99,10.99,10.99,11.11,11.11,11.11,10.53,8,1
He Jinxian (CHN) (2006),28-Jun-24,0.169,0.0 m/s,1.96,2.99,3.95,4.86,5.77,6.65,7.54,8.43,9.34,10.34,5.10,9.71,10.42,10.99,10.99,11.36,11.24,11.24,10.99,10.00,5,1
Huang Youchao (CHN) (2005),29-Jun-24,0.166,1.1 m/s,1.93,2.99,3.95,4.87,5.77,6.69,7.58,8.48,9.39,10.34,5.18,9.43,10.42,10.87,11.11,10.87,11.24,11.11,10.99,10.53,7,4
"Deliser, Arturo (PAN) (1997)",03-Aug-24,0.165,0.3 m/s,1.96,3.05,4.03,4.96,5.86,6.74,7.63,8.52,9.42,10.34,5.10,9.17,10.20,10.75,11.11,11.36,11.24,11.24,11.11,10.87,2,1
"Özer, Kayhan (TUR) (1998)",03-Aug-24,0.135,0.6 m/s,1.91,3.00,3.95,4.88,5.78,6.68,7.60,8.50,9.44,10.34,5.24,9.17,10.53,10.75,11.11,11.11,10.87,11.11,10.64,11.11,8,7
"Azhar, Murtadha (IRQ) (2000)",16-May-25,0.140,1.4 m/s,1.86,2.92,3.87,4.78,5.69,6.58,7.48,8.41,9.33,10.34,5.38,9.43,10.53,10.99,10.99,11.24,11.11,10.75,10.87,9.90,6,3
"Khamis, Jabar (QAT) (2007)",16-May-25,0.155,1.1 m/s,1.82,2.89,3.85,4.77,5.67,6.58,7.48,8.39,9.32,10.34,5.49,9.35,10.42,10.87,11.11,10.99,11.11,10.99,10.75,9.80,6,3
"Dambrauskas, Adas (LTU) (2005)",27-Jun-25,0.138,0.1 m/s,1.88,2.93,3.90,4.80,5.71,6.60,7.51,8.41,9.34,10.34,5.32,9.52,10.31,11.11,10.99,11.24,10.99,11.11,10.75,10.00,NaN,6
"Núñez, Juan (DOM) (1959)",24-Sep-88,NaN,-1.2 m/s,1.97,3.01,3.94,4.87,5.79,6.68,7.59,8.50,9.42,10.35,5.08,9.62,10.75,10.75,10.87,11.24,10.99,10.99,10.87,10.75,7,4-5
"Eriksson, Torbjörn (SWE) (1971)",20-Jul-94,NaN,1.8 m/s,NaN,NaN,3.98,NaN,NaN,6.69,NaN,8.48,NaN,10.35,NaN,NaN,7.54,NaN,NaN,11.07,NaN,11.17,NaN,10.70,NaN,6
"Blume, Marc (GER) (1973)",21-Jun-97,NaN,0.2 m/s,1.93,NaN,3.96,NaN,NaN,6.67,NaN,NaN,NaN,10.35,5.18,NaN,9.85,NaN,NaN,11.07,NaN,NaN,NaN,10.87,NaN,5
"Göbel, Tim (GER) (1982)",23-Jun-01,NaN,1.4 m/s,NaN,3.01,3.97,4.89,NaN,6.67,NaN,8.49,NaN,10.35,NaN,6.64,10.42,10.87,NaN,11.24,NaN,10.99,NaN,10.75,NaN,5
"Pöyhönen, Markus (FIN) (1978)",07-Aug-02,0.148,0.0 m/s,NaN,2.93,3.90,4.82,NaN,6.63,NaN,8.45,NaN,10.35,NaN,6.83,10.31,10.87,NaN,11.05,NaN,10.99,NaN,10.53,NaN,4-3
"Scott, Leonard (USA) (1980)",11-Jul-04,0.177,0.0 m/s,1.98,3.00,3.93,4.83,5.70,6.62,7.49,8.40,9.34,10.35,5.05,9.80,10.75,11.11,11.49,10.87,11.49,10.99,10.64,9.90,8,4-7
"Edwards, Monzavous (Rae) (USA) (1981)",25-Jun-05,NaN,-2.3 m/s,2.00,3.07,4.02,4.94,5.84,6.75,7.62,8.54,9.43,10.35,5.00,9.35,10.53,10.87,11.11,10.99,11.49,10.87,11.24,10.87,9,6
"Omoie, Demi (USA) (1985)",23-Jun-06,NaN,-1.2 m/s,1.96,2.99,3.92,4.82,5.71,6.64,7.54,8.46,9.43,10.35,5.10,9.71,10.75,11.11,11.24,10.75,11.11,10.87,10.31,10.87,8,5-4
"Osovnikar, Matic (SLO) (1980)",22-Sep-07,0.207,-0.3 m/s,NaN,3.05,4.01,4.92,NaN,6.73,NaN,8.53,NaN,10.35,NaN,6.56,10.42,10.99,NaN,11.05,NaN,11.11,NaN,10.99,8,7
"Saito, Hitoshi (JPN) (1986)",18-May-08,NaN,0.1 m/s,NaN,NaN,3.96,NaN,NaN,6.69,NaN,NaN,NaN,10.35,NaN,NaN,7.58,NaN,NaN,10.99,NaN,NaN,NaN,10.93,NaN,1
"Saito, Hitoshi (JPN) (1986)",29-Apr-09,NaN,2.2 m/s,1.98,3.05,4.02,4.94,5.85,6.74,7.63,8.52,9.42,10.35,5.05,9.35,10.31,10.87,10.99,11.24,11.24,11.24,11.11,10.75,NaN,3
"Schwab, Stefan (GER) (1987)",14-Jun-09,0.177,1.4 m/s,NaN,2.95,3.90,4.81,NaN,6.61,NaN,8.46,NaN,10.35,NaN,6.78,10.53,10.99,NaN,11.11,NaN,10.81,NaN,10.58,NaN,8
"Di Gregorio, Emanuele (ITA) (1980)",15-Aug-09,0.167,-0.2 m/s,NaN,3.01,3.96,4.86,NaN,6.69,NaN,8.49,NaN,10.35,NaN,6.64,10.53,11.11,NaN,10.93,NaN,11.11,NaN,10.75,6,2
"Saidy Ndure, Jaysuma (NOR) (1984)",15-Aug-09,0.155,-0.7 m/s,NaN,3.01,3.96,4.87,NaN,6.67,NaN,8.46,NaN,10.35,NaN,6.64,10.53,10.99,NaN,11.11,NaN,11.17,NaN,10.58,8,2
"Pognon, Ronald (FRA) (1982)",15-Aug-09,0.124,0.4 m/s,NaN,3.03,3.98,4.89,NaN,6.71,NaN,8.49,NaN,10.35,NaN,6.60,10.53,10.99,NaN,10.99,NaN,11.24,NaN,10.75,6,3
"Keller, Martin (GER) (1986)",15-Aug-09,0.143,0.4 m/s,NaN,3.03,4.00,4.92,NaN,6.74,NaN,8.52,NaN,10.35,NaN,6.60,10.31,10.87,NaN,10.99,NaN,11.24,NaN,10.93,7,4
"Harris, Adam (GUY) (1987)",15-Aug-09,0.134,-0.4 m/s,NaN,2.98,3.93,4.83,NaN,6.65,NaN,8.46,NaN,10.35,NaN,6.71,10.53,11.11,NaN,10.99,NaN,11.05,NaN,10.58,8,3
"Fujimitsu, Kenji (JPN) (1986)",29-Apr-12,interval,2.0 m/s,1.99,3.05,4.02,4.95,5.86,6.75,7.65,8.54,9.44,10.35,5.03,9.43,10.31,10.75,10.99,11.24,11.11,11.24,11.11,10.99,8,3
"Kling-Baptiste, Tom (SWE) (1990)",28-Jul-13,NaN,3.0 m/s,NaN,3.99,NaN,NaN,6.69,NaN,8.50,NaN,10.35,10.35,NaN,NaN,7.52,NaN,11.11,NaN,11.05,NaN,10.81,9.66,2,7
"Tsukahara, Naoki (JPN) (1985)",27-Jun-15,0.155,0.2 m/s,1.91,2.97,3.93,4.84,5.74,6.64,7.55,8.47,9.40,10.35,5.24,9.43,10.42,10.99,11.11,11.11,10.99,10.87,10.75,10.53,3,1
"Wilson, Alex (SUI) (1990)",07-May-16,NaN,0.9 m/s,NaN,NaN,NaN,5.83,NaN,NaN,NaN,NaN,10.35,10.35,NaN,NaN,NaN,8.58,NaN,NaN,NaN,NaN,11.06,9.66,NaN,1
"Takeda, Ippei (JPN) (1997)",07-Oct-17,0.135,0.0 m/s,1.86,2.93,3.90,4.83,5.74,6.64,7.54,8.46,9.39,10.35,5.38,9.35,10.31,10.75,10.99,11.11,11.11,10.87,10.75,10.42,NaN,3
"Miyamoto, Daisuke (JPN) (1999)",29-Apr-18,NaN,1.3 m/s,1.88,2.95,3.91,4.83,5.74,6.64,7.55,8.47,9.40,10.35,5.32,9.35,10.42,10.87,10.99,11.11,10.99,10.87,10.75,10.53,3,4
"Cissé, Arthur (CIV) (1996)",10-Jun-21,0.136,-0.1 m/s,NaN,3.0,NaN,4.9,NaN,6.6,NaN,8.4,NaN,10.35,NaN,6.67,NaN,10.53,NaN,11.76,NaN,11.11,NaN,10.26,6,6
"Young, Isiah (USA) (1990)",09-Jun-22,0.125,-0.2 m/s,NaN,2.98,NaN,4.87,NaN,6.67,NaN,8.48,NaN,10.35,NaN,6.71,NaN,10.58,NaN,11.11,NaN,11.05,NaN,10.70,4,8
"Priam, Aymeric (FRA) (2000)",18-Jun-22,0.144,-1.6 m/s,NaN,3.00,NaN,4.88,NaN,6.69,NaN,8.50,NaN,10.35,NaN,6.67,NaN,10.64,NaN,11.05,NaN,11.05,NaN,10.81,1,4
Tang Xingqiang (CHN) (1995),02-Jun-23,NaN,-1.0 m/s,1.94,2.99,3.95,4.86,5.77,6.66,7.55,8.47,9.39,10.35,5.15,9.52,10.42,10.99,10.99,11.24,11.24,10.87,10.87,10.42,6,1
"Ekpo, Nskiak (NED) (2003)",04-Jun-23,0.141,0.1 m/s,1.93,3.02,3.98,4.91,5.81,6.71,7.61,8.51,9.42,10.35,5.18,9.17,10.42,10.75,11.11,11.11,11.11,11.11,10.99,10.75,8,1
Suo Gaofei (CHN) (2001),27-Jun-23,0.172,-0.8 m/s,2.02,3.07,4.02,4.91,5.81,6.69,7.57,8.47,9.39,10.35,4.95,9.52,10.53,11.24,11.11,11.36,11.36,11.11,10.87,10.42,2,3
Yan Haibin (CHN) (2003),02-Sep-23,0.188,0.7 m/s,1.97,3.04,3.99,4.90,5.79,6.69,7.59,8.50,9.42,10.35,5.08,9.35,10.53,10.99,11.24,11.11,11.11,10.99,10.87,10.75,8,4
Li Zeyang (CHN) (2000),28-May-24,0.158,0.1 m/s,1.98,3.04,4.01,4.93,5.83,6.74,7.63,8.53,9.44,10.35,5.05,9.43,10.31,10.87,11.11,10.99,11.24,11.11,10.99,10.99,5,2
Li Zeyang (CHN) (2000),29-Jun-24,0.160,1.1 m/s,2.00,3.08,4.04,4.95,5.86,6.76,7.64,8.52,9.42,10.35,5.00,9.26,10.42,10.99,10.99,11.11,11.36,11.36,11.11,10.75,9,5
"Zohri, Lalu Muhammad (INA) (2000)",03-Aug-24,0.157,-0.4 m/s,1.94,3.00,3.95,4.87,5.77,6.66,7.56,8.48,9.41,10.35,5.15,9.43,10.53,10.87,11.11,11.24,11.11,10.87,10.75,10.64,2,2
"Cardoso, Erik (BRA) (2000)",03-Aug-24,0.171,0.2 m/s,1.96,3.03,3.99,4.92,5.83,6.73,7.61,8.50,9.42,10.35,5.10,9.35,10.42,10.75,10.99,11.11,11.36,11.24,10.87,10.75,9,6
"Deliser, Arturo (PAN) (1997)",03-Aug-24,0.153,0.2 m/s,1.95,3.05,4.03,4.95,5.86,6.77,7.64,8.55,9.43,10.35,5.13,9.09,10.20,10.87,10.99,10.99,11.49,10.99,11.36,10.87,3,7
Chen Jiapeng (CHN) (2002),15-Sep-24,0.149,0.6 m/s,1.92,3.00,3.94,4.85,5.74,6.65,7.54,8.47,9.39,10.35,5.21,9.26,10.64,10.99,11.24,10.99,11.24,10.75,10.87,10.42,9,6
"Bizasene, Ylann (FRA) (2006)",07-Aug-25,0.137,-0.5 m/s,1.91,3.00,3.98,4.90,5.81,6.71,7.60,8.51,9.41,10.35,5.24,9.17,10.20,10.87,10.99,11.11,11.24,10.99,11.11,10.64,5,1
"Kornelyuk, Aleksandr (URS) (1950)",01-Sep-72,NaN,0.3 m/s,NaN,NaN,3.88,NaN,NaN,6.61,NaN,8.43,NaN,10.35,NaN,NaN,7.73,NaN,NaN,10.99,NaN,10.99,NaN,10.42,6,4
"Williams, Desai (CAN) (1959)",08-Aug-83,0.130,-0.3 m/s,NaN,2.92,NaN,4.81,5.72,6.61,7.51,8.43,NaN,10.36,NaN,6.85,NaN,10.58,10.99,11.24,11.11,10.87,NaN,10.36,5,8
"Campbell, Darren (GBR) (1973)",06-Aug-02,0.134,0.4 m/s,NaN,3.01,3.97,4.88,NaN,6.67,NaN,8.47,NaN,10.36,NaN,6.64,10.42,10.99,NaN,11.17,NaN,11.11,NaN,10.58,NaN,2
"Douglas, Troy (NED) (1962)",07-Aug-02,0.149,0.0 m/s,NaN,3.05,4.02,4.95,NaN,6.74,NaN,8.52,NaN,10.36,NaN,6.56,10.31,10.75,NaN,11.17,NaN,11.24,NaN,10.87,NaN,5
"Gavelas, Aristotélis (GRE) (1978)",07-Aug-02,0.158,-0.3 m/s,2.97,3.92,4.82,NaN,6.62,NaN,8.45,NaN,10.36,10.36,6.73,10.53,11.11,NaN,11.11,NaN,10.93,NaN,10.47,9.65,7,7-6
"Scales, Mardy (USA) (1981)",25-Jun-05,NaN,-2.3 m/s,1.91,2.99,3.94,4.85,5.74,6.66,7.56,8.47,9.41,10.36,5.24,9.26,10.53,10.99,11.24,10.87,11.11,10.99,10.64,10.53,1,7
"Kimmons, Trell (USA) (1985)",23-Jun-06,NaN,-1.2 m/s,1.94,2.97,3.92,4.84,5.72,6.65,7.54,8.47,9.39,10.36,5.15,9.71,10.53,10.87,11.36,10.75,11.24,10.75,10.87,10.31,7,7-5
"Williams, Bernard (USA) (1978)",23-Jun-06,NaN,-1.2 m/s,2.00,3.07,3.97,4.89,5.76,6.66,7.56,8.44,9.43,10.36,5.00,9.35,11.11,10.87,11.49,11.11,11.11,11.36,10.10,10.75,7,7-6
"Asahara, Nobuharu (JPN) (1972)",26-Aug-07,0.161,0.3 m/s,1.94,2.99,3.94,4.85,5.75,6.64,7.54,8.45,9.38,10.36,5.15,9.52,10.53,10.99,11.11,11.24,11.11,10.99,10.75,10.20,3,8
"Hidaka, Kazuyoshi (JPN) (1980)",29-Apr-08,NaN,2.7 m/s,1.89,2.95,3.91,4.83,5.74,6.64,7.55,8.47,9.40,10.36,5.29,9.43,10.42,10.87,10.99,11.11,10.99,10.87,10.75,10.42,NaN,4
"Kimura, Shintaro (JPN) (1987)",29-Apr-08,NaN,2.4 m/s,1.92,2.97,3.93,4.85,5.76,6.66,7.57,8.49,9.42,10.36,5.21,9.52,10.42,10.87,10.99,11.11,10.99,10.87,10.75,10.64,NaN,1
"Asahara, Nobuharu (JPN) (1972)",06-Jul-08,NaN,1.5 m/s,1.97,3.03,3.98,4.90,5.80,6.68,7.58,8.49,9.41,10.36,5.08,9.43,10.53,10.87,11.11,11.36,11.11,10.99,10.87,10.53,NaN,1
"Saito, Hitoshi (JPN) (1986)",13-Sep-08,NaN,0.9 m/s,NaN,NaN,3.96,NaN,NaN,6.71,NaN,NaN,NaN,10.36,NaN,NaN,7.58,NaN,NaN,10.91,NaN,NaN,NaN,10.96,NaN,2
"Thompson, Richard (TTO) (1985)",15-Aug-09,0.155,-0.3 m/s,NaN,2.97,3.92,4.83,NaN,6.63,NaN,8.42,NaN,10.36,NaN,6.73,10.53,10.99,NaN,11.11,NaN,11.17,NaN,10.31,6,1
"Cerutti, Fabio (ITA) (1985)",15-Aug-09,0.138,-0.2 m/s,NaN,2.94,3.90,4.82,NaN,6.65,NaN,8.47,NaN,10.36,NaN,6.80,10.42,10.87,NaN,10.93,NaN,10.99,NaN,10.58,3,3
"Tsukahara, Naoki (JPN) (1985)",08-May-10,NaN,0.0 m/s,1.93,2.99,3.95,4.86,5.77,6.67,7.57,8.48,9.41,10.36,5.18,9.43,10.42,10.99,10.99,11.11,11.11,10.99,10.75,10.53,NaN,3
"Saito, Hitoshi (JPN) (1986)",29-Apr-12,NaN,2.0 m/s,1.95,3.03,4.01,4.94,5.85,6.75,7.65,8.54,9.44,10.36,5.13,9.26,10.20,10.75,10.99,11.11,11.11,11.24,11.11,10.87,7,4
"Stromšik, Zdenek (CZE) (1994)",15-Jun-13,0.152,1.4 m/s,NaN,2.99,NaN,4.87,NaN,6.68,NaN,8.50,NaN,10.36,NaN,6.69,NaN,10.64,NaN,11.05,NaN,10.99,NaN,10.75,4,1
"Masiák, Pavel (CZE) (1991)",15-Jun-13,0.156,0.8 m/s,1.96,3.00,3.99,4.91,5.82,6.70,7.59,8.50,9.42,10.36,5.10,9.62,10.10,10.87,10.99,11.36,11.24,10.99,10.87,10.64,3,2
"Tsukahara, Naoki (JPN) (1985)",20-Apr-14,NaN,1.9 m/s,1.91,2.97,3.93,4.85,5.76,6.66,7.56,8.47,9.40,10.36,5.24,9.43,10.42,10.87,10.99,11.11,11.11,10.99,10.75,10.42,6,1
"Takeshita, Yuki (JPN) (1992)",29-Apr-14,NaN,2.4 m/s,1.94,3.00,3.95,4.88,5.78,6.68,7.59,8.50,9.43,10.36,5.15,9.43,10.53,10.75,11.11,11.11,10.99,10.99,10.75,10.75,5,5
"Kawatsura, Sota (JPN) (1989)",29-Apr-14,NaN,1.8 m/s,1.92,2.99,3.95,4.86,5.77,6.67,7.57,8.49,9.41,10.36,5.21,9.35,10.42,10.99,10.99,11.11,11.11,10.87,10.87,10.53,3,1
"Kiryu, Yoshihide (JPN) (1995)",19-Apr-15,NaN,-0.1 m/s,1.91,2.97,3.93,4.85,5.76,6.66,7.56,8.48,9.40,10.36,5.24,9.43,10.42,10.87,10.99,11.11,11.11,10.87,10.87,10.42,5,1
"Mizukubo, Soshi (JPN) (1999)",27-Jun-19,0.126,0.1 m/s,1.87,2.95,3.92,4.85,5.76,6.67,7.57,8.48,9.41,10.36,5.35,9.26,10.31,10.75,10.99,10.99,11.11,10.99,10.75,10.53,8,6
"Burrell, Cameron (USA) (1994)",18-Aug-19,0.117,0.7 m/s,NaN,3.1,NaN,4.9,NaN,6.7,NaN,8.5,NaN,10.36,NaN,6.45,NaN,11.11,NaN,11.11,NaN,11.11,NaN,10.75,2,7
Su Bingtian (CHN) (1989),18-Aug-19,0.143,-0.3 m/s,NaN,3.1,NaN,4.9,NaN,6.7,NaN,8.5,NaN,10.36,NaN,6.45,NaN,11.11,NaN,11.11,NaN,11.11,NaN,10.75,8,5
"Safo-Antwi, Sean (GHA) (1990)",03-Aug-22,0.129,-1.2 m/s,NaN,2.9,NaN,4.8,NaN,6.6,NaN,8.4,NaN,10.36,NaN,6.90,NaN,10.53,NaN,11.11,NaN,11.11,NaN,10.20,2,5
"Ekevwo, Raymond (NGR) (1999)",03-Aug-22,0.142,0.4 m/s,NaN,2.9,NaN,4.8,NaN,6.6,NaN,8.4,NaN,10.36,NaN,6.90,NaN,10.53,NaN,11.11,NaN,11.11,NaN,10.20,5,7
Wu Zhiqiang (CHN) (1994),09-Jun-23,0.164,0.3 m/s,1.98,3.04,4.00,4.91,5.82,6.71,7.60,8.50,9.39,10.36,5.05,9.43,10.42,10.99,10.99,11.24,11.24,11.11,11.24,10.31,7,1
Wang Shengjie (CHN) (2000),09-Jun-23,0.199,-0.4 m/s,1.98,3.06,4.01,4.92,5.82,6.71,7.59,8.48,9.41,10.36,5.05,9.26,10.53,10.99,11.11,11.24,11.36,11.24,10.75,10.53,2,2
Lu Weiyi (CHN) (2000),27-Jun-23,0.184,-0.2 m/s,1.92,3.04,3.96,4.87,5.77,6.67,7.57,8.49,9.43,10.36,5.21,8.93,10.87,10.99,11.11,11.11,11.11,10.87,10.64,10.75,8,3
Zhang Haijian (CHN) (2002),21-Jul-23,0.154,-0.5 m/s,1.94,2.97,3.95,NaN,5.72,6.61,7.52,8.45,9.39,10.36,5.15,9.71,10.20,NaN,11.30,11.24,10.99,10.75,10.64,10.31,3,3
Wang Shengjie (CHN) (2000),21-Jul-23,0.143,-0.5 m/s,1.95,2.98,3.97,NaN,5.77,6.67,7.58,8.51,9.43,10.36,5.13,9.71,10.10,NaN,11.11,11.11,10.99,10.75,10.87,10.75,6,4
Lee Yong-Mun (KOR) (1999),28-May-24,0.151,-0.3 m/s,1.95,2.99,3.94,4.86,5.76,6.66,7.56,8.47,9.40,10.36,5.13,9.62,10.53,10.87,11.11,11.11,11.11,10.99,10.75,10.42,7,1
Wang Weihao (CHN) (2001),02-Jun-24,0.152,1.0 m/s,1.95,2.97,3.95,4.87,5.77,6.67,7.56,8.47,9.41,10.36,5.13,9.80,10.20,10.87,11.11,11.11,11.24,10.99,10.64,10.53,7,1
"Morgan-Harrison, David (GBR) (2001)",20-Jul-24,0.176,2.1 m/s,1.93,3.00,3.97,4.88,5.79,6.68,7.58,8.50,9.42,10.36,5.18,9.35,10.31,10.99,10.99,11.24,11.11,10.87,10.87,10.64,8,6
"Zhoya, Sasha (FRA) (2002)",04-May-25,0.170,0.7 m/s,1.98,3.02,3.98,4.89,5.80,6.71,7.58,8.59,9.53,10.36,5.05,9.62,10.42,10.99,10.99,10.99,11.49,9.90,10.64,12.05,5,3
"Cunningham, Trey (USA) (1998)",01-Jun-25,0.170,-1.9 m/s,2.00,3.05,4.01,4.92,5.83,6.71,7.62,NaN,9.46,10.36,5.00,9.52,10.42,10.99,10.99,11.36,10.99,NaN,10.87,11.11,6,1
"Kübeck, Detlef (GDR) (1956)",25-Jun-77,NaN,???,NaN,NaN,4.01,NaN,NaN,6.74,NaN,8.53,NaN,10.37,NaN,NaN,7.48,NaN,NaN,10.99,NaN,11.17,NaN,10.87,NaN,2
"McRae, Lee (USA) (1966)",30-Aug-87,NaN,-0.3 m/s,NaN,NaN,3.95,NaN,NaN,6.69,NaN,NaN,NaN,10.37,NaN,NaN,7.59,NaN,NaN,10.95,NaN,NaN,NaN,10.87,3,4-3
"Konieczny, Christian (GER) (1972)",9-Jul-93,NaN,0.0 m/s,NaN,NaN,3.95,NaN,NaN,6.67,NaN,8.47,NaN,10.35,NaN,NaN,7.59,NaN,NaN,11.03,NaN,11.11,NaN,10.64,NaN,1
Chen Wenzhong (CHN) (1970),26-Jul-96,NaN,-0.8 m/s,1.86,2.92,3.88,4.80,5.70,6.62,7.55,8.48,9.41,10.38,5.38,9.43,10.42,10.87,11.11,10.87,10.75,10.75,10.75,10.31,3,3
"Laynes, Jeff (USA) (1970)",28-Jun-08,NaN,1.7 m/s,1.96,3.05,3.94,4.88,5.77,6.69,7.54,8.45,9.43,10.37,5.10,9.17,11.24,10.64,11.24,10.87,11.76,10.99,10.20,10.64,4,7
"Asahara, Nobuharu (JPN) (1972)",29-Jun-08,NaN,-0.2 m/s,1.93,2.98,3.94,4.85,5.76,6.65,7.56,8.47,9.41,10.37,5.18,9.52,10.42,10.99,10.99,11.24,10.99,10.99,10.64,10.42,NaN,2
"Takahira, Shinji (JPN) (1984)",06-Jul-08,NaN,1.5 m/s,1.98,3.01,3.96,4.88,5.77,6.67,7.57,8.49,9.42,10.37,5.05,9.71,10.53,10.87,11.24,11.11,11.11,10.87,10.75,10.53,NaN,2
"Devonish, Marlon (GBR) (1976)",13-Sep-08,0.140,0.4 m/s,NaN,3.01,3.98,4.90,5.80,6.75,7.60,8.51,NaN,10.37,NaN,6.64,10.31,10.87,11.11,10.53,11.76,10.99,NaN,10.75,2,8
"Asahara, Nobuharu (JPN) (1972)",23-Sep-08,NaN,-0.4 m/s,1.97,3.02,3.98,4.89,5.80,6.69,7.59,8.50,9.42,10.37,5.08,9.52,10.42,10.99,10.99,11.24,11.11,10.99,10.87,10.53,NaN,3
"Griffith, Adrian (BAH) (1984)",15-Aug-09,0.167,-0.7 m/s,NaN,3.02,3.97,4.88,NaN,6.70,NaN,8.50,NaN,10.37,NaN,6.62,10.53,10.99,NaN,10.99,NaN,11.11,NaN,10.70,4,3
"Cerutti, Fabio (ITA) (1985)",15-Aug-09,0.136,0.1 m/s,NaN,2.95,3.92,4.85,NaN,6.68,NaN,8.50,NaN,10.37,NaN,6.78,10.31,10.75,NaN,10.93,NaN,10.99,NaN,10.70,8,7
"Sakuma, Kota (JPN) (1985)",29-Apr-10,interval,0.3 m/s,NaN,NaN,3.95,NaN,NaN,6.69,NaN,NaN,NaN,10.37,NaN,NaN,NaN,NaN,NaN,NaN,NaN,NaN,NaN,NaN,NaN,1
"Miyazaki, Hisashi (JPN) (1981)",15-May-10,NaN,???,NaN,3.96,NaN,NaN,6.68,NaN,NaN,NaN,10.37,10.37,NaN,NaN,7.58,NaN,11.03,NaN,NaN,NaN,10.84,9.64,NaN,NaN
"Miyazaki, Hisashi (JPN) (1981)",06-Jun-10,0.146,1.2 m/s,1.94,2.99,3.95,4.87,5.77,6.67,7.58,8.49,9.42,10.37,5.15,9.52,10.42,10.87,11.11,11.11,10.99,10.99,10.75,10.53,4,2
"Barnes, Winston (JAM) (1988)",08-Aug-10,NaN,0.7 m/s,NaN,NaN,3.95,NaN,NaN,6.67,NaN,8.47,NaN,10.37,NaN,NaN,7.59,NaN,NaN,11.03,NaN,11.11,NaN,10.53,NaN,2
"Tsukahara, Naoki (JPN) (1985)",19-Apr-15,NaN,0.5 m/s,1.91,2.97,3.95,4.88,5.79,6.70,7.60,8.51,9.43,10.37,5.24,9.43,10.20,10.75,10.99,10.99,11.11,10.99,10.87,10.64,3,2
"Cambridge, Aska (JPN) (1993)",19-Apr-15,NaN,-0.2 m/s,1.95,3.02,3.98,4.90,5.79,6.69,7.59,8.51,9.43,10.37,5.13,9.35,10.42,10.87,11.24,11.11,11.11,10.87,10.87,10.64,4,1
"Cambridge, Aska (JPN) (1993)",27-Jun-15,0.160,0.2 m/s,1.95,3.00,3.95,4.86,5.76,6.66,7.56,8.48,9.40,10.37,5.13,9.52,10.53,10.99,11.11,11.11,11.11,10.87,10.87,10.31,5,2
Liang Jinsheng (CHN) (1996),03-Sep-17,0.16,0.3 m/s,1.94,3.00,3.96,4.91,5.83,6.71,7.60,8.50,9.44,10.37,5.15,9.43,10.42,10.53,10.87,11.36,11.24,11.11,10.64,10.75,2,7
"Nagata, Takuya (JPN) (1994)",07-Oct-17,0.147,0.5 m/s,1.90,2.98,3.95,4.87,5.77,6.67,7.57,8.48,9.41,10.37,5.26,9.26,10.31,10.87,11.11,11.11,11.11,10.99,10.75,10.42,NaN,2
"Aikines-Aryeetey, Harry (GBR) (1988)",18-Aug-19,0.135,0.7 m/s,NaN,3.1,NaN,5.0,NaN,6.8,NaN,8.6,NaN,10.37,NaN,6.45,NaN,10.53,NaN,11.11,NaN,11.11,NaN,11.30,9,8
"Yamashita, Jun (JPN) (1997)",20-Sep-20,0.128,1.2 m/s,1.92,2.99,3.96,4.88,5.78,6.68,7.58,8.49,9.42,10.37,5.21,9.35,10.31,10.87,11.11,11.11,11.11,10.99,10.75,10.53,6,4
Wang Shuang (CHN) (2004),02-Jun-23,0.157,-0.4 m/s,1.95,2.99,3.97,4.88,5.80,6.69,7.57,8.50,9.44,10.37,5.13,9.62,10.20,10.99,10.87,11.24,11.36,10.75,10.64,10.75,5,1
Huang Youchao (CHN) (2005),28-May-24,0.164,-0.3 m/s,1.95,2.99,3.97,4.87,5.77,6.68,7.58,8.50,9.42,10.37,5.13,9.62,10.20,11.11,11.11,10.99,11.11,10.87,10.87,10.53,6,2
Tian Junhao (CHN) (2000),28-Jun-24,0.143,0.0 m/s,1.99,3.04,4.02,4.96,5.87,6.77,7.65,8.54,9.42,10.37,5.03,9.52,10.20,10.64,10.99,11.11,11.36,11.24,11.36,10.53,9,2
Lu Weiyi (CHN) (2000),29-Jun-24,0.170,1.1 m/s,1.93,3.01,3.97,4.91,5.80,6.70,7.60,8.50,9.43,10.37,5.18,9.26,10.42,10.64,11.24,11.11,11.11,11.11,10.75,10.64,8,7
Liu Chang (CHN) (2003),15-Sep-24,0.191,-0.2 m/s,2.00,3.07,4.05,4.96,5.87,6.76,7.65,8.53,9.44,10.37,5.00,9.35,10.20,10.99,10.99,11.24,11.24,11.36,10.99,10.75,6,2
Wang Shengjie (CHN) (2000),15-Sep-24,0.146,0.6 m/s,1.95,3.04,3.97,4.90,5.78,6.69,7.58,8.50,9.44,10.37,5.13,9.17,10.75,10.75,11.36,10.99,11.24,10.87,10.64,10.75,5,7
"Lewis, Carl (USA) (1961)",29-Aug-87,NaN,-2.9 m/s,2.01,3.07,4.05,4.98,5.88,6.77,7.66,8.56,9.46,10.38,4.98,9.43,10.20,10.75,11.11,11.24,11.24,11.11,11.11,10.87,6,1
"Feo, Frutos (ESP) (1972)",21-Jun-97,NaN,0.2 m/s,2.00,NaN,4.02,NaN,NaN,6.70,NaN,NaN,NaN,10.38,5.00,NaN,9.90,NaN,NaN,11.19,NaN,NaN,NaN,10.87,NaN,6
"Obikwelu, Francis (POR) (1978)",06-Aug-02,0.143,0.2 m/s,NaN,3.02,3.98,4.90,NaN,6.68,NaN,8.47,NaN,10.38,NaN,6.62,10.42,10.87,NaN,11.24,NaN,11.17,NaN,10.47,NaN,1
"Blume, Marc (GER) (1973)",07-Aug-02,0.151,0.1 m/s,NaN,2.97,3.94,4.87,NaN,6.68,NaN,8.50,NaN,10.38,NaN,6.73,10.31,10.75,NaN,11.05,NaN,10.99,NaN,10.64,NaN,6
"Rurak, Konstantin (UKR) (1974)",07-Aug-02,0.146,0.1 m/s,NaN,2.93,3.89,4.80,NaN,6.62,NaN,8.46,NaN,10.38,NaN,6.83,10.42,10.99,NaN,10.99,NaN,10.87,NaN,10.42,NaN,7
"Moore, Carlos (USA) (1984)",22-Jun-03,NaN,0.0 m/s,1.98,3.00,3.97,4.91,5.81,6.70,7.59,8.54,9.45,10.38,5.05,9.80,10.31,10.64,11.11,11.24,11.24,10.53,10.99,10.75,4,1
"Asahara, Nobuharu (JPN) (1972)",05-May-07,NaN,0.4 m/s,1.94,3.00,3.95,4.86,5.76,6.66,7.56,8.48,9.41,10.38,5.15,9.43,10.53,10.99,11.11,11.11,11.11,10.87,10.75,10.31,NaN,3
"Eriguchi, Masashi (JPN) (1988)",15-Aug-09,0.131,-0.2 m/s,1.94,2.97,3.94,4.86,5.76,6.66,7.56,8.47,9.41,10.38,5.15,9.71,10.31,10.87,11.11,11.11,11.11,10.99,10.64,10.31,2,3
"Metu, Obinna (NGR) (1988)",15-Aug-09,0.124,-0.4 m/s,NaN,3.00,3.97,4.89,NaN,6.72,NaN,8.52,NaN,10.38,NaN,6.67,10.31,10.87,NaN,10.93,NaN,11.11,NaN,10.75,6,2
"Powell, Asafa (JAM) (1982)",15-Aug-09,0.120,-0.4 m/s,NaN,2.90,3.83,4.72,NaN,6.56,NaN,8.44,NaN,10.38,NaN,6.90,10.75,11.24,NaN,10.87,NaN,10.64,NaN,10.31,3,3
"Kuć, Dariusz (POL) (1986)",15-Aug-09,0.184,0.1 m/s,NaN,3.05,4.01,4.93,NaN,6.74,NaN,8.53,NaN,10.38,NaN,6.56,10.42,10.87,NaN,11.05,NaN,11.17,NaN,10.81,1,8
"Koike, Yuki (JPN) (1995)",31-Jul-13,NaN,0.1 m/s,1.94,3.01,3.97,4.89,5.79,6.69,7.60,8.51,9.44,10.38,5.15,9.35,10.42,10.87,11.11,11.11,10.99,10.99,10.75,10.64,NaN,2
"Kawakami, Takuya (JPN) (1995)",24-Jun-17,0.146,0.5 m/s,1.88,2.95,3.91,4.83,5.74,6.64,7.55,8.47,9.41,10.38,5.32,9.35,10.42,10.87,10.99,11.11,10.99,10.87,10.64,10.31,NaN,5
"Gemili, Adam (GBR) (1993)",21-May-22,0.139,-0.2 m/s,NaN,3.00,NaN,4.89,NaN,6.70,NaN,8.51,NaN,10.38,NaN,6.67,NaN,10.58,NaN,11.05,NaN,11.05,NaN,10.70,1,6
"van Gool, Joris (NED) (1998)",06-Jun-22,0.141,-0.3 m/s,NaN,2.9,NaN,4.8,NaN,6.6,NaN,8.4,NaN,10.38,NaN,6.90,NaN,10.53,NaN,11.11,NaN,11.11,NaN,10.10,8,5
"Bruintjies, Henricho (RSA) (1993)",18-Jun-22,0.144,-1.6 m/s,NaN,2.97,NaN,4.85,NaN,6.68,NaN,8.50,NaN,10.38,NaN,6.73,NaN,10.64,NaN,10.93,NaN,10.99,NaN,10.64,2,5
"van Gool, Joris (NED) (1998)",30-Jun-22,0.157,-0.5 m/s,NaN,3.03,NaN,4.89,NaN,6.69,NaN,8.51,NaN,10.38,NaN,6.60,NaN,10.75,NaN,11.11,NaN,10.99,NaN,10.70,1,6
"Browning, Rohan (AUS) (1997)",30-Jun-22,0.288,-0.5 m/s,NaN,3.13,NaN,4.98,NaN,6.76,NaN,8.56,NaN,10.38,NaN,6.39,NaN,10.81,NaN,11.24,NaN,11.11,NaN,10.99,2,7
Wang Shengjie (CHN) (2000),14-Jul-22,NaN,-0.8 m/s,1.97,3.02,3.98,4.89,5.79,6.70,7.60,8.52,9.42,10.38,5.08,9.52,10.42,10.99,11.11,10.99,11.11,10.87,11.11,10.42,4,1
"Elcock, Jerod (TTO) (1998)",03-Aug-22,0.124,-1.2 m/s,NaN,2.9,NaN,4.8,NaN,6.6,NaN,8.5,NaN,10.38,NaN,6.90,NaN,10.53,NaN,11.11,NaN,10.53,NaN,10.64,4,6
"Lestari, Mardi (INA) (1968)",24-Sep-88,NaN,0.6 m/s,2.01,3.06,4.00,4.90,5.80,6.69,7.60,8.52,9.45,10.39,4.98,9.52,10.64,11.11,11.11,11.24,10.99,10.87,10.75,10.64,7,7
"Ghansah, Matias (SWE) (1974)",20-Jul-94,NaN,1.8 m/s,NaN,NaN,4.00,NaN,NaN,6.72,NaN,8.53,NaN,10.39,NaN,NaN,7.50,NaN,NaN,11.03,NaN,11.05,NaN,10.75,NaN,7
"Asahara, Nobuharu (JPN) (1972)",01-Jul-07,NaN,-0.3 m/s,1.91,2.96,3.92,4.83,5.74,6.64,7.55,8.47,9.41,10.39,5.24,9.52,10.42,10.99,10.99,11.11,10.99,10.87,10.64,10.20,NaN,2
"Iwamoto, Kazuaki (JPN) (1982)",29-Apr-08,NaN,2.4 m/s,1.93,3.01,3.98,4.91,5.82,6.71,7.61,8.53,9.45,10.39,5.18,9.26,10.31,10.75,10.99,11.24,11.11,10.87,10.87,10.64,NaN,2
"Tsukahara, Naoki (JPN) (1985)",23-Sep-08,NaN,-0.4 m/s,1.99,3.04,3.99,4.91,5.82,6.72,7.62,8.53,9.45,10.39,5.03,9.52,10.53,10.87,10.99,11.11,11.11,10.99,10.87,10.64,NaN,4
"Burns, Marc (TTO) (1983)",15-Aug-09,0.163,-0.8 m/s,NaN,2.99,3.94,4.85,NaN,6.66,NaN,8.45,NaN,10.39,NaN,6.69,10.53,10.99,NaN,11.05,NaN,11.17,NaN,10.31,3,2
"Rodriguez, Ángel David (ESP) (1980)",15-Aug-09,0.150,0.4 m/s,NaN,3.01,3.98,4.90,NaN,6.74,NaN,8.54,NaN,10.39,NaN,6.64,10.31,10.87,NaN,10.87,NaN,11.11,NaN,10.81,5,5
"Harris, Adam (GUY) (1987)",15-Aug-09,0.144,-0.7 m/s,NaN,2.99,3.95,4.86,NaN,6.69,NaN,8.50,NaN,10.39,NaN,6.69,10.42,10.99,NaN,10.93,NaN,11.05,NaN,10.58,8,5
"Rodriguez, Ángel David (ESP) (1980)",15-Aug-09,0.149,0.1 m/s,NaN,3.00,3.98,4.91,NaN,6.74,NaN,8.54,NaN,10.39,NaN,6.67,10.20,10.75,NaN,10.93,NaN,11.11,NaN,10.81,2,8
"Kawatsura, Sota (JPN) (1989)",27-Jun-15,0.152,0.2 m/s,1.91,2.97,3.92,4.84,5.75,6.65,7.57,8.49,9.43,10.39,5.24,9.43,10.53,10.87,10.99,11.11,10.87,10.87,10.64,10.42,6,3
"Onabuta, Yu (JPN) (1994)",27-Jun-15,0.130,0.7 m/s,1.92,2.99,3.95,4.88,5.79,6.69,7.59,8.51,9.43,10.39,5.21,9.35,10.42,10.75,10.99,11.11,11.11,10.87,10.87,10.42,5,2
"Naoki, Masafumi (JPN) (1993)",02-Jun-19,0.112,0.1 m/s,1.87,2.96,3.93,4.86,5.77,6.67,7.58,8.49,9.43,10.39,5.35,9.17,10.31,10.75,10.99,11.11,10.99,10.99,10.64,10.42,4,3
Quan Yingrui (CHN) (1997),02-Aug-19,NaN,0.1 m/s,1.95,3.01,3.97,4.89,5.79,6.68,7.59,8.50,9.43,10.39,5.13,9.43,10.42,10.87,11.11,11.24,10.99,10.99,10.75,10.42,2,7
"Miwa, Sota (JPN) (2002)",24-Oct-20,0.160,0.3 m/s,1.93,3.01,3.98,4.90,5.80,6.70,7.60,8.51,9.44,10.39,5.18,9.26,10.31,10.87,11.11,11.11,11.11,10.99,10.75,10.53,5,1
"Greene, Cejhae (ANT) (1995)",10-Jun-21,0.138,-0.1 m/s,NaN,3.0,NaN,4.9,NaN,6.7,NaN,8.6,NaN,10.39,NaN,6.67,NaN,10.53,NaN,11.11,NaN,10.53,NaN,11.17,2,7
"Safo-Antwi, Sean (GHA) (1990)",04-Jul-21,0.146,0.5 m/s,NaN,3.0,NaN,4.9,NaN,6.7,NaN,8.5,NaN,10.39,NaN,6.67,NaN,10.53,NaN,11.11,NaN,11.11,NaN,10.58,7,4
"Larsson, Henrik (SWE) (1999)",04-Jul-21,0.124,-0.8 m/s,NaN,3.0,NaN,4.9,NaN,6.7,NaN,8.6,NaN,10.39,NaN,6.67,NaN,10.53,NaN,11.11,NaN,10.53,NaN,11.17,7,8
"Ansah-Peprah, Lucas (GER) (2000)",09-Jun-22,0.134,-0.2 m/s,NaN,2.97,NaN,4.85,NaN,6.67,NaN,8.49,NaN,10.39,NaN,6.73,NaN,10.64,NaN,10.99,NaN,10.99,NaN,10.53,7,9
Wang Shengjie (CHN) (2000),26-Apr-23,0.150,-1.6 m/s,1.97,3.01,3.97,4.89,5.80,6.69,7.60,8.51,9.43,10.39,5.08,9.62,10.42,10.87,10.99,11.24,10.99,10.99,10.87,10.42,4,1
Lu Weiyi (CHN) (2000),02-Jun-23,0.203,0.1 m/s,1.97,3.03,NaN,4.89,5.81,6.71,7.60,8.50,9.41,10.39,5.08,9.43,NaN,10.75,10.87,11.11,11.24,11.11,10.99,10.20,5,2
"van Gool, Joris (NED) (1998)",04-Jun-23,0.143,0.1 m/s,1.92,2.98,3.94,4.86,5.78,6.69,7.60,8.52,9.44,10.39,5.21,9.43,10.42,10.87,10.87,10.99,10.99,10.87,10.87,10.53,3,2
Suo Gaofei (CHN) (2001),09-Jun-23,0.170,-0.4 m/s,2.02,3.08,4.04,4.94,5.84,6.72,7.62,8.52,9.44,10.39,4.95,9.43,10.42,11.11,11.11,11.36,11.11,11.11,10.87,10.53,8,3
Chen Jiapeng (CHN) (2002),02-Sep-23,0.133,0.7 m/s,2.00,3.08,4.04,4.96,5.85,6.74,7.63,8.54,9.46,10.39,5.00,9.26,10.42,10.87,11.24,11.24,11.24,10.99,10.87,10.75,5,5
Li Mengyuan (CHN) (2003),02-Jun-24,0.142,1.0 m/s,1.95,2.97,3.95,4.85,5.76,6.66,7.55,8.48,9.43,10.39,5.13,9.80,10.20,11.11,10.99,11.11,11.24,10.75,10.53,10.42,6,2
"Matsenjwa, Sibusiso (SWZ) (1988)",03-Aug-24,0.160,-0.3 m/s,1.97,3.07,4.04,4.97,5.86,6.76,7.66,8.56,9.47,10.39,5.08,9.09,10.31,10.75,11.24,11.11,11.11,11.11,10.99,10.87,4,2
"Matsenjwa, Sibusiso (SWZ) (1988)",03-Aug-24,0.172,0.6 m/s,2.04,3.14,4.10,5.02,5.91,6.80,7.70,8.59,9.51,10.39,4.90,9.09,10.42,10.87,11.24,11.24,11.11,11.24,10.87,11.36,7,8
"Hansen, Simon (DEN) (1998)",03-Aug-24,0.134,-1.1 m/s,1.93,3.01,3.98,4.89,5.80,6.70,7.62,8.53,9.45,10.39,5.18,9.26,10.31,10.99,10.99,11.11,10.87,10.99,10.87,10.64,9,7
"Kabengele, Kabala Yoran (FRA) (2003)",20-Jun-25,0.146,2.8 m/s,1.87,2.96,3.94,4.88,5.78,6.67,7.56,8.47,9.38,10.39,5.35,9.17,10.20,10.64,11.11,11.24,11.24,10.99,10.99,9.90,3,4
"Gussmann, Heiko (GER) (2004)",18-Jul-25,0.136,-2.0 m/s,1.86,3.05,3.91,4.81,5.71,6.62,7.52,8.44,9.37,10.39,5.38,8.40,11.63,11.11,11.11,10.99,11.11,10.87,10.75,9.80,6,4
"Botterman, Emiel (BEL) (2002)",22-Aug-25,0.133,-0.6 m/s,1.95,3.05,4.01,4.93,5.82,6.72,7.62,8.53,9.46,10.39,5.13,9.09,10.42,10.87,11.24,11.11,11.11,10.99,10.75,10.75,2,5
"Fray, Mike (JAM) (1947)",01-Sep-72,NaN,0.3 m/s,NaN,NaN,3.98,NaN,NaN,6.73,NaN,8.53,NaN,10.40,NaN,NaN,7.54,NaN,NaN,10.91,NaN,11.11,NaN,10.70,8,5
"Hirsch, Jobst (FRG) (1948)",01-Sep-72,NaN,0.3 m/s,NaN,NaN,3.94,NaN,NaN,6.67,NaN,8.50,NaN,10.40,NaN,NaN,7.61,NaN,NaN,10.99,NaN,10.93,NaN,10.53,7,6
"Christie, Linford (GBR) (1960)",29-Aug-87,NaN,-2.9 m/s,NaN,NaN,4.01,NaN,NaN,6.76,NaN,NaN,NaN,10.40,NaN,NaN,7.48,NaN,NaN,10.91,NaN,NaN,NaN,10.99,5,2
"Hedner, Lars (SWE) (1967)",20-Jul-94,NaN,1.8 m/s,NaN,NaN,4.07,NaN,NaN,6.77,NaN,8.55,NaN,10.40,NaN,NaN,7.37,NaN,NaN,11.11,NaN,11.24,NaN,10.81,NaN,8
"Puggioni, Giovanni (ITA) (1966)",21-Jun-97,NaN,0.2 m/s,2.01,NaN,4.03,NaN,NaN,6.75,NaN,NaN,NaN,10.40,4.98,NaN,9.90,NaN,NaN,11.03,NaN,NaN,NaN,10.96,NaN,7
"O'Neal, Kenny (USA) (1986)",22-Jun-03,NaN,0.0 m/s,2.00,3.07,4.05,4.96,5.87,6.74,7.62,8.56,9.49,10.40,5.00,9.35,10.20,10.99,10.99,11.49,11.36,10.64,10.75,10.99,3,2
"Harris, Odell (USA) (1987)",22-Jun-06,NaN,1.5 m/s,2.00,3.07,4.03,4.96,5.82,6.71,7.61,8.53,9.49,10.40,5.00,9.35,10.42,10.75,11.63,11.24,11.11,10.87,10.42,10.99,5,3
"Asahara, Nobuharu (JPN) (1972)",06-Jul-08,NaN,0.5 m/s,1.98,3.04,4.01,4.93,5.83,6.73,7.63,8.53,9.45,10.40,5.05,9.43,10.31,10.87,11.11,11.11,11.11,11.11,10.87,10.53,NaN,1
"Ouhadi, Aziz (MAR) (1984)",15-Aug-09,0.148,-0.4 m/s,NaN,3.02,3.99,4.92,NaN,6.75,NaN,8.56,NaN,10.40,NaN,6.62,10.31,10.75,NaN,10.93,NaN,11.05,NaN,10.87,4,4
"Abrantes, Arnaldo (POR) (1986)",15-Aug-09,0.159,-0.7 m/s,NaN,3.01,3.98,4.90,NaN,6.73,NaN,8.53,NaN,10.40,NaN,6.64,10.31,10.87,NaN,10.93,NaN,11.11,NaN,10.70,7,6
"Keller, Martin (GER) (1986)",15-Aug-09,0.136,-0.7 m/s,NaN,3.05,4.02,4.95,NaN,6.77,NaN,8.56,NaN,10.40,NaN,6.56,10.31,10.75,NaN,10.99,NaN,11.17,NaN,10.87,2,7
"Fujimitsu, Kenji (JPN) (1986)",29-Apr-10,NaN,1.6 m/s,NaN,NaN,3.96,NaN,NaN,6.71,NaN,NaN,NaN,10.40,NaN,NaN,7.58,NaN,NaN,10.91,NaN,NaN,NaN,10.84,NaN,1
"Sakuma, Kota (JPN) (1985)",05-Jun-10,0.163,-0.3 m/s,NaN,NaN,3.97,NaN,NaN,6.70,NaN,NaN,NaN,10.40,NaN,NaN,7.56,NaN,NaN,10.99,NaN,NaN,NaN,10.81,7,1
"Oseto, Kazuma (JPN) (1994)",20-Apr-14,NaN,1.8 m/s,1.93,2.99,3.95,4.88,5.79,6.69,7.60,8.52,9.45,10.40,5.18,9.43,10.42,10.75,10.99,11.11,10.99,10.87,10.75,10.53,5,2
"Oseto, Kazuma (JPN) (1994)",20-Apr-14,NaN,0.6 m/s,1.92,2.96,3.91,4.84,5.75,6.66,7.58,8.50,9.44,10.40,5.21,9.62,10.53,10.75,10.99,10.99,10.87,10.87,10.64,10.42,4,2
"Naoki, Masafumi (JPN) (1993)",29-Apr-14,NaN,1.3 m/s,1.96,3.04,4.00,4.93,5.84,6.73,7.63,8.54,9.46,10.40,5.10,9.26,10.42,10.75,10.99,11.24,11.11,10.99,10.87,10.64,3,1
"Kiryu, Yoshihide (JPN) (1995)",19-Apr-15,NaN,-0.2 m/s,1.92,2.97,3.93,4.85,5.76,6.66,7.57,8.49,9.43,10.40,5.21,9.52,10.42,10.87,10.99,11.11,10.99,10.87,10.64,10.31,3,=2
"Tsukahara, Naoki (JPN) (1985)",19-Apr-15,NaN,-0.2 m/s,1.90,2.97,3.93,4.86,5.77,6.68,7.60,8.52,9.46,10.40,5.26,9.35,10.42,10.75,10.99,10.99,10.87,10.87,10.64,10.64,5,=2
"Takase, Kei (JPN) (1988)",27-Jun-15,0.143,-0.7 m/s,1.96,3.01,3.96,4.88,5.78,6.68,7.60,8.51,9.44,10.40,5.10,9.52,10.53,10.87,11.11,11.11,10.87,10.99,10.75,10.42,5,1
"Sani Brown, Abdul Hakim (JPN) (1999)",28-Jun-15,0.159,-0.9 m/s,1.87,2.98,3.93,4.85,5.76,6.67,7.58,8.51,9.44,10.40,5.35,9.01,10.53,10.87,10.99,10.99,10.99,10.75,10.75,10.42,NaN,2
"Kawatsura, Sota (JPN) (1989)",28-Jun-15,0.149,-0.9 m/s,1.89,2.96,3.92,4.85,5.76,6.68,7.59,8.51,9.44,10.40,5.29,9.35,10.42,10.75,10.99,10.87,10.99,10.87,10.75,10.42,3,3
"Wilson, Alex (SUI) (1990)",29-Aug-19,0.121,-0.4 m/s,NaN,3.1,NaN,5.0,NaN,6.8,NaN,8.6,NaN,10.40,NaN,6.45,NaN,10.53,NaN,11.11,NaN,11.11,NaN,11.11,7,9
"Matsuo, Ryuga (JPN) (1998)",05-Oct-19,0.144,-0.1 m/s,NaN,NaN,3.97,NaN,5.79,NaN,NaN,NaN,NaN,10.40,NaN,NaN,7.56,NaN,3.45,NaN,NaN,NaN,NaN,10.85,5,2
"Miyamoto, Daisuke (JPN) (1999)",01-Oct-20,0.137,-0.3 m/s,1.90,2.97,3.94,4.86,5.77,6.67,7.58,8.50,9.44,10.40,5.26,9.35,10.31,10.87,10.99,11.11,10.99,10.87,10.64,10.42,6,2
"Suzuki, Ryota (JPN) (1999)",01-Oct-20,0.135,-0.2 m/s,1.87,2.95,3.93,4.86,5.77,6.68,7.59,8.52,9.45,10.41,5.35,9.26,10.20,10.75,10.99,10.99,10.99,10.75,10.75,10.42,6,2
"Larsson, Henrik (SWE) (1999)",30-Jun-22,0.143,-0.5 m/s,NaN,3.05,NaN,4.94,NaN,6.75,NaN,8.56,NaN,10.40,NaN,6.56,NaN,10.58,NaN,11.05,NaN,11.05,NaN,10.87,3,8
"Thomas, Adam (GBR) (1995)",03-Aug-22,0.150,-1.2 m/s,NaN,2.9,NaN,4.8,NaN,6.6,NaN,8.5,NaN,10.40,NaN,6.90,NaN,10.53,NaN,11.11,NaN,10.53,NaN,10.53,8,7
"Doran, Jake (AUS) (2000)",03-Aug-22,0.140,-1.2 m/s,NaN,2.9,NaN,4.8,NaN,6.7,NaN,8.5,NaN,10.40,NaN,6.90,NaN,10.53,NaN,10.53,NaN,11.11,NaN,10.53,3,8
Dai Chenshuai (CHN) (2000),02-Jun-23,0.167,0.1 m/s,1.98,3.03,NaN,4.93,5.84,6.72,7.62,8.52,9.44,10.40,5.05,9.52,NaN,10.53,10.99,11.36,11.11,11.11,10.87,10.42,2,3
"Carnes, Brandon (USA) (1995)",20-Apr-24,0.136,-0.6 m/s,1.92,3.00,3.97,4.90,5.80,6.72,7.62,8.53,9.47,10.40,5.21,9.26,10.31,10.75,11.11,10.87,11.11,10.99,10.64,10.75,4,8
Yang Jun (CHN) (2003),02-Jun-24,0.190,1.0 m/s,1.98,3.01,4.00,4.91,5.81,6.71,7.61,8.52,9.44,10.40,5.05,9.71,10.10,10.99,11.11,11.11,11.11,10.99,10.87,10.42,5,3
"Santos, Marcos (ANG) (2004)",03-Aug-24,0.138,0.0 m/s,1.90,2.98,3.96,4.89,5.80,6.70,7.61,8.53,9.46,10.40,5.26,9.26,10.20,10.75,10.99,11.11,10.99,10.87,10.75,10.64,1,7
"Archibald, Emanuel (GUY) (1994)",03-Aug-24,0.158,-1.1 m/s,1.96,3.04,3.99,4.92,5.83,6.72,7.65,8.57,9.48,10.40,5.10,9.26,10.53,10.75,10.99,11.24,10.75,10.87,10.99,10.87,6,8
"González, José (DOM) (1995)",03-Aug-24,0.164,0.3 m/s,1.96,3.05,4.00,4.92,5.83,6.72,7.60,8.51,9.43,10.40,5.10,9.17,10.53,10.87,10.99,11.24,11.36,10.99,10.87,10.31,8,8
"Campbell, Micheal (JAM) (1996)",14-Sep-24,0.137,0.0 m/s,1.93,3.01,3.94,4.89,5.81,6.69,7.59,8.52,9.46,10.40,5.18,9.26,10.75,10.53,10.87,11.36,11.11,10.75,10.64,10.64,7,5
"Roberts, Daniel (USA) (1998)",04-May-25,0.200,0.7 m/s,1.96,2.99,3.95,4.89,5.81,6.73,7.70,8.60,9.56,10.40,5.10,9.71,10.42,10.64,10.87,10.87,10.31,11.11,10.42,11.90,4,4
"Vaula, Jacob (NOR) (2001)",12-Jun-25,0.140,0.7 m/s,1.88,2.93,3.92,4.83,5.74,6.64,7.55,8.46,9.38,10.40,5.32,9.52,10.10,10.99,10.99,11.11,10.99,10.99,10.87,9.80,2,3
"Revierre, Jozuah (NED) (2006)",07-Aug-25,0.132,-0.5 m/s,1.93,3.00,3.98,4.90,5.82,6.72,7.61,8.51,9.43,10.40,5.18,9.35,10.20,10.87,10.87,11.11,11.24,11.11,10.87,10.31,4,2
"Garaiar, Ander (ESP) (2007)",08-Aug-25,0.116,-0.7 m/s,1.97,3.00,3.96,4.90,5.81,6.71,7.63,8.54,9.47,10.40,5.08,9.71,10.42,10.64,10.99,11.11,10.87,10.99,10.75,10.75,5,1
"Pilarczyk, Ryszard (POL) (1975)",23-Jun-01,0.146,1.3 m/s,2.99,3.96,4.89,NaN,6.72,8.54,10.41,10.41,/1,NaN,6.69,10.31,10.75,NaN,10.93,10.99,10.70,9.61,NaN,7.58,NaN,NaN
"Sturdivant, Andre (USA) (1981)",25-Jul-09,NaN,1.0 m/s,NaN,3.96,NaN,NaN,6.71,8.52,10.41,10.41,/4,NaN,NaN,7.58,NaN,NaN,10.91,11.05,10.58,9.61,NaN,7.58,NaN,NaN
"Abrantes, Arnaldo (POR) (1986)",15-Aug-09,0.137,-0.4 m/s,3.02,3.99,4.91,NaN,6.75,8.55,10.41,10.41,4/2,NaN,6.62,10.31,10.87,NaN,10.87,11.11,10.75,9.61,46.0,7.52,NaN,NaN
"Al-Harthi, Barakat (OMA) (1988)",15-Aug-09,0.149,-0.2 m/s,2.93,3.93,4.87,NaN,6.70,8.52,10.41,10.41,5/4,NaN,6.83,10.00,10.64,NaN,10.93,10.99,10.58,9.61,48.7,7.63,NaN,NaN
"Meite, Ben Youssef (CIV) (1986)",15-Aug-09,0.163,-0.1 m/s,3.04,4.00,4.92,NaN,6.75,8.55,10.41,10.41,8/4,NaN,6.58,10.42,10.87,NaN,10.93,11.11,10.75,9.61,46.5,7.50,NaN,NaN
"Edwards, Monzavous (Rae) (USA) (1981)",08-Aug-10,NaN,0.7 m/s,NaN,4.02,NaN,NaN,6.74,8.55,10.41,10.41,/3,NaN,NaN,7.46,NaN,NaN,11.03,11.05,10.75,9.61,NaN,7.46,NaN,NaN
"Hirao, Yuki (JPN) (1996)",29-Apr-17,NaN,-0.3 m/s,1.87,2.95,3.93,4.87,5.79,6.71,7.62,8.54,9.46,10.41,5.35,9.26,10.20,10.64,10.87,10.87,10.87,10.87,10.53,9.61,NaN,2
"Oseto, Kazuma (JPN) (1994)",04-Jun-17,NaN,2.1 m/s,1.88,2.96,3.92,4.85,5.76,6.66,7.57,8.49,9.44,10.41,5.32,9.26,10.42,10.75,10.99,11.11,10.99,10.87,10.53,10.31,NaN,5
"Kling-Baptiste, Tom (SWE) (1990)",30-Jul-17,NaN,1.8 m/s,NaN,4.01,NaN,5.83,6.72,8.56,10.41,10.41,5/1,NaN,NaN,7.48,NaN,10.99,11.24,10.87,10.87,10.81,9.61,NaN,NaN,NaN
"Suzuki, Ryota (JPN) (1999)",02-Oct-20,0.132,-0.2 m/s,1.87,2.95,3.93,4.86,5.77,6.68,7.59,8.52,9.45,10.41,5.35,9.26,10.20,10.75,10.99,10.99,10.99,10.75,10.75,10.42,3,6
"Tracey, Tyquendo (JAM) (1993)",06-Jun-22,0.144,-0.3 m/s,NaN,2.9,NaN,4.8,NaN,6.6,NaN,8.5,NaN,10.41,NaN,6.90,NaN,10.53,NaN,11.11,NaN,10.53,NaN,10.47,2,6
Dai Chenshuai (CHN) (2000),02-Jun-23,0.155,-0.4 m/s,1.95,2.98,3.97,4.88,5.80,6.69,7.57,8.50,9.44,10.41,5.13,9.71,10.10,10.99,10.87,11.24,11.36,10.75,10.64,10.31,6,2
Tang Xingqiang (CHN) (1995),02-Jun-23,0.166,0.1 m/s,1.95,2.99,NaN,4.88,5.77,6.67,7.56,8.46,9.43,10.41,5.13,9.62,NaN,10.58,11.24,11.11,11.24,11.11,10.31,10.20,6,4
Wang Shengjie (CHN) (2000),09-Jun-23,0.197,0.5 m/s,1.99,3.06,4.03,4.95,5.86,6.75,7.65,8.55,9.47,10.41,5.03,9.35,10.31,10.87,10.99,11.24,11.11,11.11,10.87,10.64,2,3
Suo Gaofei (CHN) (2001),09-Jun-23,0.201,0.3 m/s,2.09,3.16,4.10,5.01,5.90,6.78,7.67,8.57,9.47,10.41,4.78,9.35,10.64,10.99,11.24,11.36,11.24,11.11,11.11,10.64,6,2
Liu Shuoyuan (CHN) (2002),09-Jun-23,0.163,0.3 m/s,2.00,3.05,4.03,4.96,5.85,6.76,7.65,8.57,9.47,10.41,5.00,9.52,10.20,10.75,11.24,10.99,11.24,10.87,11.11,10.64,4,3
Wu Zhiqiang (CHN) (1994),21-Jul-23,0.174,0.2 m/s,1.98,3.06,4.00,NaN,5.85,6.74,7.64,8.53,9.47,10.41,5.05,9.26,10.64,NaN,10.81,11.24,11.11,11.24,10.64,10.64,3,5
Wang Shengjie (CHN) (2000),21-Jul-23,0.163,0.2 m/s,1.97,3.04,3.98,NaN,5.82,6.71,7.62,8.52,9.46,10.41,5.08,9.35,10.64,NaN,10.87,11.24,10.99,11.11,10.64,10.53,2,6
Zhang Haijian (CHN) (2002),02-Sep-23,0.151,0.7 m/s,1.92,2.97,3.92,4.83,5.73,6.64,7.55,8.48,9.43,10.41,5.21,9.52,10.53,10.99,11.11,10.99,10.99,10.75,10.53,10.20,6,6
Wang Shengjie (CHN) (2000),14-May-24,0.151,0.0 m/s,1.97,3.00,3.97,4.94,5.86,6.74,7.62,8.55,9.46,10.41,5.08,9.71,10.31,10.31,10.87,11.36,11.36,10.75,10.99,10.53,4,1
Wang Shengjie (CHN) (2000),27-May-24,0.150,-0.3 m/s,1.96,3.01,3.98,4.90,NaN,6.70,7.62,8.53,9.46,10.41,5.10,9.52,10.31,10.87,NaN,11.11,10.87,10.99,10.75,10.53,5,1
Huang Yi (CHN) (2005),02-Jun-24,0.141,1.0 m/s,1.93,2.96,3.92,4.84,5.74,6.65,7.55,8.50,9.44,10.41,5.18,9.71,10.42,10.87,11.11,10.99,11.11,10.53,10.64,10.31,3,4
Wang Shengjie (CHN) (2000),28-Jun-24,0.148,0.0 m/s,1.97,3.02,3.98,4.93,5.85,6.75,7.65,8.54,9.45,10.41,5.08,9.52,10.42,10.53,10.87,11.11,11.11,11.24,10.99,10.42,7,3
"Aremu, Farouk (NGR) (2007)",16-May-25,0.190,1.1 m/s,1.90,2.96,3.91,4.82,5.73,6.63,7.54,8.46,9.38,10.41,5.26,9.43,10.53,10.99,10.99,11.11,10.99,10.87,10.87,9.71,8,4
"Mumenthaler, Timothé (SUI) (2002)",20-Aug-25,0.146,-0.3 m/s,1.93,3.03,4.01,4.94,5.85,6.75,7.65,8.55,9.46,10.41,5.18,9.09,10.20,10.75,10.99,11.11,11.11,11.11,10.99,10.53,8,8
"Verherstraeten, Simon (BEL) (1999)",22-Aug-25,0.132,-0.6 m/s,1.92,2.98,3.94,4.85,5.76,6.67,7.58,8.51,9.45,10.41,5.21,9.43,10.42,10.99,10.99,10.99,10.99,10.75,10.64,10.42,4,6
"Weise, Eberhard (GDR) (1953)",29-May-76,NaN,1.9 m/s,NaN,NaN,3.98,NaN,NaN,6.76,NaN,8.58,NaN,10.42,NaN,NaN,7.54,NaN,NaN,10.79,NaN,10.99,NaN,10.87,NaN,3
"Schröder, Thomas (GDR) (1962)",17-May-80,NaN,???,NaN,NaN,4.05,NaN,NaN,6.78,NaN,8.59,NaN,10.42,NaN,NaN,7.41,NaN,NaN,10.99,NaN,11.05,NaN,10.93,NaN,3
"Bringmann, Steffen (GER) (1964)",29-Jun-91,NaN,0.5 m/s,NaN,NaN,4.02,NaN,NaN,6.74,NaN,8.55,NaN,10.42,NaN,NaN,7.46,NaN,NaN,11.03,NaN,11.05,NaN,10.70,5,3
"Madonia, Ezio (ITA) (1966)",29-Jun-91,NaN,0.5 m/s,NaN,NaN,4.01,NaN,NaN,6.75,NaN,8.57,NaN,10.42,NaN,NaN,7.48,NaN,NaN,10.95,NaN,10.99,NaN,10.81,2,4
"Krzywański, Marcin (POL) (1975)",23-Jun-01,NaN,1.4 m/s,NaN,3.06,4.02,4.94,NaN,6.73,NaN,8.58,NaN,10.42,NaN,6.54,10.42,10.87,NaN,11.17,NaN,10.81,NaN,10.87,NaN,6
"Saito, Hitoshi (JPN) (1986)",06-Jul-08,NaN,0.5 m/s,1.96,3.01,3.98,4.91,5.81,6.72,7.62,8.54,9.47,10.42,5.10,9.52,10.31,10.75,11.11,10.99,11.11,10.87,10.75,10.53,NaN,2
"Unger, Tobias (GER) (1979)",15-Aug-09,0.133,-0.7 m/s,NaN,2.97,3.93,4.85,NaN,6.69,NaN,8.52,NaN,10.42,NaN,6.73,10.42,10.87,NaN,10.87,NaN,10.93,NaN,10.53,5,4
"Barnett, Brian (CAN) (1987)",15-Aug-09,0.167,-0.5 m/s,NaN,3.08,4.05,4.97,NaN,6.79,NaN,8.58,NaN,10.42,NaN,6.49,10.31,10.87,NaN,10.99,NaN,11.17,NaN,10.87,8,4
"Sakuma, Kota (JPN) (1985)",29-Apr-10,NaN,-0.1 m/s,NaN,NaN,3.99,NaN,NaN,6.73,NaN,NaN,NaN,10.42,NaN,NaN,7.52,NaN,NaN,10.95,NaN,NaN,NaN,10.84,NaN,1
"Koike, Yuki (JPN) (1995)",29-Apr-14,NaN,1.8 m/s,2.01,3.08,4.04,4.97,5.88,6.78,7.68,8.58,9.49,10.42,4.98,9.35,10.42,10.75,10.99,11.11,11.11,11.11,10.99,10.75,4,3
"Kling-Baptiste, Tom (SWE) (1990)",20-Jul-14,NaN,1.5 m/s,NaN,NaN,3.97,NaN,NaN,6.71,NaN,8.55,NaN,10.42,NaN,NaN,7.56,NaN,NaN,10.95,NaN,10.87,NaN,10.70,7,6-5
"Kling-Baptiste, Tom (SWE) (1990)",31-Jul-16,NaN,1.4 m/s,NaN,NaN,4.02,NaN,NaN,6.74,NaN,NaN,NaN,10.42,NaN,NaN,7.46,NaN,NaN,11.03,NaN,NaN,NaN,10.87,4,1
"Miyamoto, Daisuke (JPN) (1999)",23-Jun-17,0.133,-0.2 m/s,1.88,2.94,3.90,4.82,5.72,6.63,7.55,8.48,9.44,10.42,5.32,9.43,10.42,10.87,11.11,10.99,10.87,10.75,10.42,10.20,NaN,8
"Glave, Romell (JAM) (1999)",18-Aug-19,0.109,-0.3 m/s,NaN,3.2,NaN,5.0,NaN,6.8,NaN,8.6,NaN,10.42,NaN,6.25,NaN,11.11,NaN,11.11,NaN,11.11,NaN,10.99,3,6
"Yamagata, Ryota (JPN) (1992)",23-Aug-20,0.125,-0.3 m/s,1.87,2.94,3.91,4.84,5.76,6.67,7.59,8.52,9.46,10.42,5.35,9.35,10.31,10.75,10.87,10.99,10.87,10.75,10.64,10.42,6,3
"Izawa, Makoto (JPN) (2002)",23-Aug-20,0.107,-0.3 m/s,1.87,2.93,3.90,4.82,5.73,6.64,7.55,8.48,9.44,10.42,5.35,9.43,10.31,10.87,10.99,10.99,10.99,10.75,10.42,10.20,2,4
Wang Shengjie (CHN) (2000),26-Apr-23,0.160,0.8 m/s,1.96,3.02,3.99,4.91,5.82,6.72,7.63,8.52,9.47,10.42,5.10,9.43,10.31,10.87,10.99,11.11,10.99,11.24,10.53,10.53,4,2
Wu Haolin (CHN) (2006),02-Jun-23,0.190,0.1 m/s,2.00,3.03,NaN,4.90,5.81,6.69,7.58,8.50,9.45,10.42,5.00,9.71,NaN,10.70,10.99,11.36,11.24,10.87,10.53,10.31,7,5
"Al Abboodi, Fam (IRQ) (1992)",10-May-24,0.152,3.8 m/s,1.99,3.06,4.03,4.95,5.84,6.74,7.64,8.55,9.48,10.42,5.03,9.35,10.31,10.87,11.24,11.11,11.11,10.99,10.75,10.64,6,3
"Fahmi, Muhd Azeem (MAS) (2004)",03-Aug-24,0.172,0.6 m/s,1.96,3.02,3.98,4.90,5.79,6.70,7.60,8.51,9.45,10.42,5.10,9.43,10.42,10.87,11.24,10.99,11.11,10.99,10.64,10.31,NaN,NaN
Li Zeyang (CHN) (2000),14-Sep-24,0.180,-0.3 m/s,1.90,2.96,3.94,4.87,5.79,6.69,7.59,8.50,9.41,10.42,5.26,9.43,10.20,10.75,10.87,11.11,11.11,10.99,10.99,9.90,NaN,NaN
"Sani Brown, Abdul Hakim (JPN) (1999)",26-Apr-25,0.163,0.2 m/s,1.98,3.04,3.99,4.91,5.82,6.72,7.61,8.52,9.45,10.42,5.05,9.43,10.53,10.87,10.99,11.11,11.24,10.99,10.75,10.31,NaN,NaN
"Tardioli, Junior (ITA) (2003)",18-Jul-25,0.140,-2.0 m/s,1.92,3.02,3.97,4.88,5.79,6.68,7.58,8.49,9.42,10.42,5.21,9.09,10.53,10.99,10.99,11.24,11.11,10.99,10.75,10.00,NaN,NaN
"Garaiar, Ander (ESP) (2007)",07-Aug-25,0.124,-0.7 m/s,1.91,2.98,3.96,4.90,5.81,6.73,7.64,8.56,9.48,10.42,5.24,9.35,10.20,10.64,10.99,10.87,10.99,10.87,10.87,10.64,5,1
"Ray, Eugen (GDR) (1957)",11-May-75,NaN,2.2 m/s,NaN,NaN,NaN,3.94,NaN,6.70,NaN,8.55,NaN,10.43,NaN,NaN,NaN,7.61,NaN,10.87,NaN,10.81,NaN,10.64,NaN,1
Zheng Chen (CHN) (1965),06-Jun-84,NaN,???,NaN,NaN,NaN,3.98,NaN,6.75,NaN,8.55,NaN,10.43,NaN,NaN,NaN,7.54,NaN,10.83,NaN,11.11,NaN,10.64,NaN,1
"Myles-Mills, John (GHA) (1966)",24-Sep-88,NaN,0.6 m/s,2.01,3.06,4.01,4.91,5.81,6.71,7.63,8.56,9.49,10.43,4.98,9.52,10.53,11.11,11.11,11.11,10.87,10.75,10.75,10.64,6,8
"Blanton, DaBryan (USA) (1984)",23-Jun-06,NaN,-1.2 m/s,1.97,3.04,3.95,4.86,5.75,6.66,7.59,8.52,9.49,10.43,5.08,9.35,10.99,10.99,11.24,10.99,10.75,10.75,10.31,10.64,8,6
"Scales, Mardy (USA) (1981)",23-Jun-06,NaN,-1.2 m/s,1.97,3.03,3.96,4.87,5.77,6.70,7.59,8.49,9.48,10.43,5.08,9.43,10.75,10.99,11.11,10.75,11.24,11.11,10.10,10.53,8,7
"Takahira, Shinji (JPN) (1984)",06-Jul-08,NaN,1.9 m/s,2.01,3.07,4.03,4.96,5.86,6.76,7.66,8.56,9.48,10.43,4.98,9.43,10.42,10.75,11.11,11.11,11.11,11.11,10.87,10.53,NaN,1
"Kuć, Dariusz (POL) (1986)",14-Jun-09,0.220,0.2 m/s,NaN,3.03,3.99,4.90,NaN,6.72,NaN,8.57,NaN,10.43,NaN,6.60,10.42,10.99,NaN,10.99,NaN,10.81,NaN,10.75,NaN,4
"Moseley, Ryan (AUT) (1982)",08-Aug-10,NaN,0.7 m/s,NaN,NaN,3.99,NaN,NaN,6.74,NaN,8.54,NaN,10.43,NaN,NaN,7.52,NaN,NaN,10.91,NaN,11.11,NaN,10.58,NaN,4
"Dreyer, Hannes (RSA) (1985)",17-Jun-12,NaN,0.1 m/s,NaN,NaN,3.95,NaN,NaN,6.70,NaN,8.53,NaN,10.43,NaN,NaN,7.59,NaN,NaN,10.91,NaN,10.93,NaN,10.53,NaN,2
"Takeshita, Yuki (JPN) (1992)",29-Apr-14,NaN,1.8 m/s,1.96,3.01,3.97,4.89,5.80,6.70,7.62,8.54,9.48,10.43,5.10,9.52,10.42,10.87,10.99,11.11,10.87,10.87,10.64,10.53,6,4
"Brown, Kemarley (JAM) (1992)",26-Jul-15,NaN,1.0 m/s,NaN,NaN,3.99,NaN,NaN,6.70,NaN,8.51,NaN,10.43,NaN,NaN,7.52,NaN,NaN,11.07,NaN,11.05,NaN,10.42,4,2
"Tsukamoto, Justin Junpei (JPN) (2001)",03-Aug-18,NaN,-0.3 m/s,1.94,3.02,3.98,4.90,5.81,6.71,7.62,8.54,9.48,10.43,5.15,9.26,10.42,10.87,10.99,11.11,10.99,10.87,10.64,10.53,7,1
"Iwamoto, Kosuke (JPN) (2002)",05-Aug-19,NaN,2.9 m/s,1.94,3.02,3.98,4.90,5.80,6.70,7.60,8.51,9.45,10.43,5.15,9.26,10.42,10.87,11.11,11.11,11.11,10.99,10.64,10.20,8,3
"Tsukagichi, Teppei (JPN) (2001)",05-Aug-19,NaN,2.9 m/s,1.92,3.01,3.99,4.92,5.83,6.72,7.63,8.54,9.47,10.43,5.21,9.17,10.20,10.75,10.99,11.24,10.99,10.99,10.75,10.42,NaN,4
"Dede, Bruno Chikwadoryo (JPN) (1999)",01-Oct-20,0.134,0.2 m/s,1.91,2.98,3.94,4.87,5.77,6.68,7.59,8.51,9.46,10.43,5.24,9.35,10.42,10.75,11.11,10.99,10.99,10.87,10.53,10.31,6,3
"Adigida, Onyema (NED) (2000)",20-Jul-24,0.171,2.1 m/s,1.99,3.09,4.07,5.00,5.91,6.80,7.69,8.59,9.50,10.43,5.03,9.09,10.20,10.75,10.99,11.24,11.24,11.11,10.99,10.75,7,8
"Louis, Marc Brian (SGP) (2002)",03-Aug-24,0.168,0.6 m/s,1.95,3.02,3.97,4.88,5.79,6.70,7.61,8.53,9.47,10.43,5.13,9.35,10.53,10.99,10.99,10.99,10.99,10.87,10.64,10.42,4,3
Duan Kaibo (CHN) (2007),14-Sep-24,0.170,-1.6 m/s,1.92,2.97,3.95,4.89,5.80,6.70,7.61,8.53,9.44,10.43,5.21,9.52,10.20,10.64,10.99,11.11,10.99,10.87,10.99,10.10,3,1
"Macik, Ondřej (CZE) (2001)",27-Jun-25,0.147,0.1 m/s,1.92,3.01,3.98,4.92,5.85,6.75,7.65,8.55,9.45,10.43,5.21,9.17,10.31,10.64,10.75,11.11,11.11,11.11,11.11,10.20,NaN,8
"Bernardi, Andrea (ITA) (2003)",18-Jul-25,0.113,-2.0 m/s,1.94,3.02,3.96,4.88,5.79,6.63,7.49,8.49,9.44,10.43,5.15,9.26,10.64,10.87,10.99,11.90,11.63,10.00,10.53,10.10,2,6
"Davis, Harold (USA) (1921)",06-Jun-41,NaN,-0.9 m/s,NaN,NaN,NaN,NaN,5.7,NaN,NaN,NaN,NaN,10.2,NaN,NaN,NaN,NaN,8.77,NaN,NaN,NaN,NaN,11.11,NaN,1
"Cali, Stéphane (FRA) (1972)",21-Jun-97,NaN,0.2 m/s,2.06,NaN,4.04,NaN,NaN,6.75,NaN,NaN,NaN,10.44,4.85,NaN,10.10,NaN,NaN,11.07,NaN,NaN,NaN,10.84,NaN,8
"Kosenkow, Alexander (GER) (1977)",06-Aug-02,0.146,0.4 m/s,NaN,2.98,3.95,4.88,NaN,6.71,NaN,8.55,NaN,10.44,NaN,6.71,10.31,10.75,NaN,10.93,NaN,10.87,NaN,10.58,NaN,3
"Laynes, Jeff (USA) (1970)",23-Jun-06,NaN,-1.2 m/s,1.95,2.99,3.95,4.87,5.76,6.67,7.59,8.51,9.47,10.44,5.13,9.62,10.42,10.87,11.24,10.99,10.87,10.87,10.42,10.31,5,2-6
"Sales, Dante (USA) (1990)",20-Jun-08,NaN,1.1 m/s,1.93,3.00,3.98,4.90,5.79,6.69,7.61,8.51,9.48,10.44,5.18,9.35,10.20,10.87,11.24,11.11,10.87,11.11,10.31,10.42,3,4
"Oriala, Chinedu (NGR) (1981)",14-Jun-09,0.190,0.2 m/s,NaN,3.01,3.99,4.92,NaN,6.74,NaN,8.59,NaN,10.44,NaN,6.64,10.20,10.75,NaN,10.99,NaN,10.81,NaN,10.81,NaN,5
"Kuki, Takumi (JPN) (1992)",30-Jul-09,NaN,1.1 m/s,1.92,2.98,3.95,4.88,5.80,6.71,7.62,8.55,9.48,10.44,5.21,9.43,10.31,10.75,10.87,10.99,10.99,10.75,10.75,10.42,6,1
"Atkins, Derrick (BAH) (1984)",15-Aug-09,0.139,-0.4 m/s,NaN,3.04,4.00,4.92,NaN,6.70,NaN,8.56,NaN,10.44,NaN,6.58,10.42,10.87,NaN,11.24,NaN,10.75,NaN,10.64,2,5
"Bakalár, Marek (CZE) (1995)",15-Jun-13,0.148,0.8 m/s,1.97,2.98,3.97,4.87,5.78,6.67,7.58,8.51,9.46,10.44,5.08,9.90,10.10,11.11,10.99,11.24,10.99,10.75,10.53,10.20,5,3
"Dreyer, Hannes (RSA) (1985)",28-Jul-13,NaN,1.8 m/s,NaN,NaN,3.99,NaN,NaN,6.71,NaN,8.55,NaN,10.44,NaN,NaN,7.52,NaN,NaN,11.03,NaN,10.87,NaN,10.58,6,4
"Bromby, Oliver (GBR) (1998)",18-Aug-19,0.158,-0.3 m/s,NaN,3.1,NaN,5.0,NaN,6.8,NaN,8.6,NaN,10.44,NaN,6.45,NaN,10.53,NaN,11.11,NaN,11.11,NaN,10.87,2,7
"Kemp, Demek (USA) (1996)",18-Aug-19,0.151,-0.3 m/s,NaN,3.0,NaN,4.9,NaN,6.7,NaN,8.5,NaN,10.44,NaN,6.67,NaN,10.53,NaN,11.11,NaN,11.11,NaN,10.31,9,8
"Shigetani, Daiki (JPN) (2002)",24-Oct-20,0.150,2.0 m/s,1.90,2.97,3.94,4.87,5.79,6.70,7.61,8.54,9.48,10.44,5.26,9.35,10.31,10.75,10.87,10.99,10.99,10.75,10.64,10.42,5,1
"Harrison, Eric (TTO) (1999)",03-Aug-22,0.172,-0.2 m/s,NaN,3.0,NaN,4.9,NaN,6.7,NaN,8.5,NaN,10.44,NaN,6.67,NaN,10.53,NaN,11.11,NaN,11.11,NaN,10.31,2,7
Wu Haolin (CHN) (2006),02-Jun-23,0.186,-0.3 m/s,1.96,3.02,4.00,4.91,5.81,6.70,7.60,8.52,9.47,10.44,5.10,9.43,10.20,10.99,11.11,11.24,11.11,10.87,10.53,10.31,6,2
Suo Gaofei (CHN) (2001),02-Jun-23,0.238,0.1 m/s,2.04,3.10,NaN,4.96,5.87,6.74,7.65,8.54,9.50,10.44,4.90,9.43,NaN,10.75,10.99,11.49,10.99,11.24,10.42,10.64,1,6
Liu Shuoyuan (CHN) (2002),09-Jun-23,0.173,-0.4 m/s,1.98,3.06,4.04,4.96,5.87,6.77,7.66,8.57,9.47,10.44,5.05,9.26,10.20,10.87,10.99,11.11,11.24,10.99,11.11,10.31,9,4
"Barrow, Owaab (QAT) (2001)",10-May-24,0.117,3.8 m/s,1.89,2.98,3.95,4.88,5.78,6.68,7.60,8.52,9.48,10.44,5.29,9.17,10.31,10.75,11.11,11.11,10.87,10.87,10.42,10.42,4,4
Wang Shengjie (CHN) (2000),13-May-24,0.183,-0.3 m/s,1.96,3.02,3.98,4.91,5.84,6.73,7.64,8.56,9.48,10.44,5.10,9.43,10.42,10.75,10.75,11.24,10.99,10.87,10.87,10.42,4,1
Wang Shengjie (CHN) (2000),14-May-24,0.148,-0.7 m/s,1.97,3.02,4.00,4.95,5.87,6.76,7.66,8.55,9.47,10.44,5.08,9.52,10.20,10.53,10.87,11.24,11.11,11.24,10.87,10.31,7,1
Ye Tianyu (CHN) (2001),28-May-24,0.166,-0.2 m/s,1.95,3.01,3.97,4.90,5.80,6.71,7.61,8.53,9.47,10.44,5.13,9.43,10.42,10.75,11.11,10.99,11.11,10.87,10.64,10.31,8,7
"Blake, Jerome (CAN) (1995)",02-Jun-24,0.158,-1.6 m/s,2.02,3.11,4.08,5.01,5.91,6.80,7.70,8.60,9.51,10.44,4.95,9.17,10.31,10.75,11.11,11.24,11.11,11.11,10.99,10.75,4,3
Huang Youchao (CHN) (2005),28-Jun-24,0.165,-0.6 m/s,1.97,3.02,4.02,4.94,5.84,6.76,7.67,8.58,9.49,10.44,5.08,9.52,10.00,10.87,11.11,10.87,10.99,10.99,10.99,10.53,6,2
"Maaroufou, Hachim (COM) (1997)",03-Aug-24,0.160,0.2 m/s,1.99,3.06,4.02,4.95,5.84,6.73,7.64,8.55,9.49,10.44,5.03,9.35,10.42,10.75,11.24,11.24,10.99,10.99,10.64,10.53,3,3
"Al-Saadi, Mohamed Obaid (OMA) (1994)",16-May-25,0.165,1.4 m/s,1.88,2.97,3.94,4.87,5.78,6.68,7.59,8.50,9.42,10.44,5.32,9.17,10.31,10.75,10.99,11.11,10.99,10.99,10.87,9.80,2,4
"Karamanolov, Nikola (BUL) (2005)",17-Jul-25,0.137,-1.0 m/s,1.82,2.90,3.84,4.77,5.68,6.59,7.52,8.47,9.40,10.44,5.49,9.26,10.64,10.75,10.99,10.99,10.75,10.53,10.75,9.62,7,3
"Orlandi, Alessandro (ITA) (1972)",04-Jul-97,NaN,1.0 m/s,1.86,3.00,3.96,4.88,5.77,6.68,NaN,NaN,NaN,NaN,5.38,8.77,10.42,10.87,11.24,10.99,NaN,NaN,NaN,NaN,NaN,3
"Ertzgaard, John (NOR) (1977)",07-Aug-02,0.138,0.1 m/s,NaN,3.03,4.01,4.94,NaN,6.75,NaN,8.57,NaN,10.45,NaN,6.60,10.20,10.75,NaN,11.05,NaN,10.99,NaN,10.64,NaN,8
"Wells, Evander (USA) (1987)",22-Jun-06,NaN,1.5 m/s,2.00,3.04,3.99,4.91,5.79,6.72,7.61,8.54,9.50,10.45,5.00,9.62,10.53,10.87,11.36,10.75,11.24,10.75,10.42,10.53,8,4
"Woods, John (USA) (1982)",23-Jun-06,interval,-1.2 m/s,1.95,3.03,4.00,4.90,5.84,6.74,7.65,8.57,9.53,10.45,5.13,9.26,10.31,11.11,10.64,11.11,10.99,10.87,10.42,10.87,1,7
"Tsukahara, Naoki (JPN) (1985)",05-May-07,NaN,0.4 m/s,1.97,3.03,4.00,4.93,5.85,6.76,7.67,8.58,9.51,10.45,5.08,9.43,10.31,10.75,10.87,10.99,10.99,10.99,10.75,10.64,NaN,4
"Murdock, Justin (USA) (1989)",20-Jun-08,NaN,1.1 m/s,1.97,3.05,3.97,4.91,5.80,6.70,7.62,8.54,9.50,10.45,5.08,9.26,10.87,10.64,11.24,11.11,10.87,10.87,10.42,10.53,2,5
"Lawson, Chris (USA) (1983)",25-Jul-09,NaN,1.0 m/s,NaN,NaN,3.97,NaN,NaN,6.74,NaN,8.56,NaN,10.45,NaN,NaN,7.56,NaN,NaN,10.83,NaN,10.99,NaN,10.58,NaN,5
"Eriguchi, Masashi (JPN) (1988)",15-Aug-09,0.123,-0.7 m/s,NaN,2.98,3.94,4.86,NaN,6.71,NaN,8.56,NaN,10.45,NaN,6.71,10.42,10.87,NaN,10.81,NaN,10.81,NaN,10.58,1,8
"Hardee, Trey (USA) (1984)",19-Aug-09,0.130,0.2 m/s,NaN,2.98,NaN,4.87,NaN,6.70,NaN,8.54,NaN,10.45,NaN,6.71,NaN,10.58,NaN,10.93,NaN,10.87,NaN,10.47,5,1
"Miwa, Sota (JPN) (2002)",01-Oct-20,0.146,0.1 m/s,1.93,3.02,4.00,4.93,5.85,6.75,7.66,8.58,9.51,10.45,5.18,9.17,10.20,10.75,10.87,11.11,10.99,10.87,10.75,10.64,3,2
"Inoue, Naoki (JPN) (2003)",29-Jul-21,0.160,1.8 m/s,1.92,3.00,3.98,4.91,5.83,6.75,7.66,8.58,9.51,10.45,5.21,9.26,10.20,10.75,10.87,10.87,10.99,10.87,10.75,10.64,3,2
"Safo-Antwi, Sean (GHA) (1990)",18-Jun-22,0.125,-1.6 m/s,NaN,2.96,NaN,4.85,NaN,6.69,NaN,8.53,NaN,10.45,NaN,6.76,NaN,10.58,NaN,10.87,NaN,10.87,NaN,10.42,7,6
"Green, Cejhae (ANT) (1995)",03-Aug-22,0.151,-0.2 m/s,NaN,2.9,NaN,4.9,NaN,6.7,NaN,8.5,NaN,10.45,NaN,6.90,NaN,10.00,NaN,11.11,NaN,11.11,NaN,10.26,3,8
Hou Shaoqing (CHN) (1999),09-Jun-23,0.156,0.5 m/s,1.93,2.99,3.95,4.88,5.79,6.69,7.60,8.52,9.46,10.45,5.18,9.43,10.42,10.75,10.99,11.11,10.99,10.87,10.64,10.10,8,1
Wu Haolin (CHN) (2006),21-Jul-23,0.181,-0.5 m/s,1.97,3.03,3.99,NaN,5.81,6.69,7.60,8.54,9.49,10.45,5.08,9.43,10.42,NaN,10.99,11.36,10.99,10.64,10.53,10.42,8,5
Zhang Haijian (CHN) (2002),21-Jul-23,0.156,0.2 m/s,1.94,2.97,3.94,NaN,5.74,6.66,7.55,8.51,9.46,10.45,5.15,9.71,10.31,NaN,11.11,10.87,11.24,10.42,10.53,10.10,8,7
Chen Guanfeng (CHN) (2000),27-May-24,0.147,-0.6 m/s,1.94,2.97,3.94,4.86,NaN,6.66,7.57,8.48,9.46,10.45,5.15,9.71,10.31,10.87,NaN,11.11,10.99,10.99,10.20,10.10,3,1
Ye Tianyu (CHN) (2001),28-May-24,0.169,0.6 m/s,1.95,2.97,3.94,4.87,5.79,6.71,7.62,8.55,9.47,10.45,5.13,9.80,10.31,10.75,10.87,10.87,10.99,10.75,10.87,10.20,9,2
"Fahmi, Muhd Azeem (MAS) (2004)",03-Aug-24,0.158,0.2 m/s,1.94,3.03,4.00,4.91,5.81,6.71,7.61,8.54,9.48,10.45,5.15,9.17,10.31,10.99,11.11,11.11,11.11,10.75,10.64,10.31,8,9
Wang Shengjie (CHN) (2000),14-Sep-24,0.161,-0.3 m/s,1.91,2.98,3.94,4.89,5.80,6.70,7.60,8.51,9.42,10.45,5.24,9.35,10.42,10.53,10.99,11.11,11.11,10.99,10.99,9.71,5,2
"Varela, Edmilson (FRA) (2002)",20-Jun-25,0.147,2.8 m/s,1.90,3.00,3.99,4.93,5.83,6.72,7.62,8.53,9.44,10.45,5.26,9.09,10.10,10.64,11.11,11.24,11.11,10.99,10.99,9.90,5,5
"Jordán, Abel (ESP) (2003)",17-Jul-25,0.134,-1.7 m/s,2.12,2.99,3.90,4.83,5.77,6.52,7.54,8.47,9.41,10.45,4.72,11.49,10.99,10.75,10.64,13.33,9.80,10.75,10.64,9.62,4,1
"Nowosz, Zenon (POL) (1944)",01-Sep-72,NaN,0.3 m/s,NaN,NaN,3.96,NaN,NaN,6.73,NaN,8.55,NaN,10.45,NaN,NaN,7.58,NaN,NaN,10.83,NaN,10.99,NaN,10.53,1,7
"Bychkov, Sergey (RUS) (1975)",23-Jun-01,NaN,1.4 m/s,NaN,3.05,4.03,4.96,NaN,6.77,NaN,8.60,NaN,10.46,NaN,6.56,10.20,10.75,NaN,11.05,NaN,10.93,NaN,10.75,NaN,7
"Osovnikar, Matic (SLO) (1980)",07-Aug-02,0.166,0.0 m/s,NaN,2.99,3.97,4.91,NaN,6.73,NaN,8.58,NaN,10.49,NaN,6.69,10.20,10.64,NaN,10.99,NaN,10.81,NaN,10.47,NaN,8
"Blanton, DaBryan (USA) (1984)",25-Jun-05,NaN,-2.3 m/s,2.00,3.04,3.98,4.92,5.84,6.74,7.64,8.57,9.51,10.46,5.00,9.62,10.64,10.64,10.87,11.11,11.11,10.75,10.64,10.53,8,8
"Myers, Brandon (USA) (1987)",22-Jun-06,NaN,1.5 m/s,2.00,3.07,4.04,4.96,5.89,6.76,7.66,8.56,9.51,10.46,5.00,9.35,10.31,10.87,10.75,11.49,11.11,11.11,10.53,10.53,1,5
"Wims, Scott (USA) (1988)",22-Jun-06,NaN,1.5 m/s,2.01,3.10,4.06,4.99,5.89,6.79,7.71,8.61,9.54,10.46,4.98,9.17,10.42,10.75,11.11,11.11,10.87,11.11,10.75,10.87,2,6
"Kato, Kodai (JPN) (1986)",27-Jun-09,NaN,1.0 m/s,NaN,NaN,4.02,NaN,NaN,6.77,NaN,NaN,NaN,10.46,NaN,NaN,7.46,NaN,NaN,10.91,NaN,NaN,NaN,10.84,4,5
"Tärnhuvud, Stefan (SWE) (1985)",25-Jul-09,NaN,1.0 m/s,NaN,NaN,4.00,NaN,NaN,6.75,NaN,8.55,NaN,10.46,NaN,NaN,7.50,NaN,NaN,10.91,NaN,11.11,NaN,10.47,NaN,6
"lizuka, Shota (JPN) (1991)",30-Jul-09,NaN,1.1 m/s,NaN,NaN,3.97,4.92,5.85,6.75,7.68,8.59,NaN,10.46,NaN,NaN,7.56,10.53,10.75,11.11,10.75,10.99,NaN,10.70,4,2
"Durant, Adrian (ISV) (1984)",15-Aug-09,0.154,-0.7 m/s,NaN,3.01,3.97,4.89,NaN,6.73,NaN,8.56,NaN,10.46,NaN,6.64,10.42,10.87,NaN,10.87,NaN,10.93,NaN,10.53,2,5
"Kuć, Dariusz (POL) (1986)",15-Aug-09,0.138,-0.8 m/s,NaN,3.00,3.97,4.89,NaN,6.72,NaN,8.56,NaN,10.46,NaN,6.67,10.31,10.87,NaN,10.93,NaN,10.87,NaN,10.53,4,3
"Sakuma, Kota (JPN) (1985)",15-May-10,NaN,0.0 m/s,NaN,NaN,3.98,NaN,NaN,6.74,NaN,NaN,NaN,10.46,NaN,NaN,7.54,NaN,NaN,10.87,NaN,NaN,NaN,10.75,NaN,2
"Kobayashi, Yuichi (JPN) (1989)",29-Apr-14,NaN,1.8 m/s,1.96,3.04,4.01,4.95,5.87,6.78,7.69,8.59,9.52,10.46,5.10,9.26,10.31,10.64,10.87,10.99,10.99,11.11,10.75,10.64,2,5
"Kiryu, Yoshihide (JPN) (1995)",11-May-14,NaN,-3.5 m/s,1.90,2.95,3.92,4.85,5.77,6.69,7.61,8.54,9.49,10.46,5.26,9.52,10.31,10.75,10.87,10.87,10.87,10.75,10.53,10.31,2,5
"Rose, Odain (SWE) (1992)",26-Jul-15,NaN,1.0 m/s,NaN,NaN,3.97,NaN,NaN,6.73,NaN,8.55,NaN,10.46,NaN,NaN,7.56,NaN,NaN,10.87,NaN,10.99,NaN,10.47,8,3
"Mouthon, Bastien (SUI) (1994)",07-May-16,NaN,0.9 m/s,NaN,NaN,NaN,NaN,5.88,NaN,NaN,NaN,NaN,10.46,NaN,NaN,NaN,NaN,8.50,NaN,NaN,NaN,NaN,10.92,NaN,2
"Kling-Baptiste, Tom (SWE) (1990)",31-Jul-16,NaN,0.7 m/s,NaN,NaN,4.02,NaN,NaN,6.75,NaN,NaN,NaN,10.46,NaN,NaN,7.46,NaN,NaN,10.99,NaN,NaN,NaN,10.78,4,1
"Barrow, Owaab (QAT) (2001)",28-May-21,0.152,0.9 m/s,NaN,3.1,NaN,5.0,NaN,6.8,NaN,8.7,NaN,10.46,NaN,6.45,NaN,10.53,NaN,11.11,NaN,10.53,NaN,11.36,8,3
"Harvey, Jak Ali (TUR) (1989)",10-Jun-21,0.153,-0.1 m/s,NaN,3.1,NaN,5.0,NaN,6.8,NaN,8.6,NaN,10.46,NaN,6.45,NaN,10.53,NaN,11.11,NaN,11.11,NaN,10.75,8,8
"Jones, Thomas (SWE) (2001)",04-Jul-21,0.144,0.5 m/s,NaN,3.0,NaN,4.9,NaN,6.8,NaN,8.6,NaN,10.46,NaN,6.67,NaN,10.53,NaN,10.53,NaN,11.11,NaN,10.75,4,5
Tang Xingqiang (CHN) (1995),02-Jun-23,0.156,-0.6 m/s,1.95,2.99,3.97,4.88,5.79,6.67,7.57,8.48,9.44,10.46,5.13,9.62,10.20,10.99,10.99,11.36,11.11,10.99,10.42,9.80,6,1
Huang Yonglian (CHN) (2000),09-Jun-23,0.162,0.5 m/s,1.95,2.99,3.95,4.86,5.75,6.66,7.56,8.50,9.47,10.46,5.13,9.62,10.42,10.99,11.24,10.99,11.11,10.64,10.31,10.10,6,2
"Larsson, Henrik (SWE) (1999)",02-Jul-23,0.129,1.0 m/s,1.91,2.99,3.97,4.90,5.81,6.72,7.63,8.55,9.48,10.46,5.24,9.26,10.20,10.75,10.99,10.99,10.99,10.87,10.75,10.20,3,7
Lin Qibang (CHN) (1997),21-Jul-23,0.198,-1.3 m/s,2.03,3.12,4.09,NaN,5.92,6.84,7.72,8.61,9.52,10.46,4.93,9.17,10.31,NaN,10.93,10.87,11.36,11.24,10.99,10.64,6,1
Wang Shuang (CHN) (2004),14-May-24,0.150,0.0 m/s,1.95,2.99,3.98,4.94,5.86,6.72,7.62,8.55,9.48,10.46,5.13,9.62,10.10,10.42,10.87,11.63,11.11,10.75,10.75,10.20,5,2
Yelin Yanheng (CHN) (2006),27-May-24,0.208,-0.2 m/s,1.97,3.02,3.98,NaN,NaN,6.70,7.63,8.55,9.51,10.46,5.08,9.52,10.42,NaN,NaN,11.03,10.75,10.87,10.42,10.53,5,1
Wang Wei (CHN) (2001),27-May-24,0.179,-0.3 m/s,1.99,3.04,4.04,4.97,NaN,6.77,7.68,8.58,9.51,10.46,5.03,9.52,10.00,10.75,NaN,11.11,10.99,11.11,10.75,10.53,7,1
Gao Yulong (CHN) (2003),02-Jun-24,0.160,1.0 m/s,1.95,3.01,3.95,4.87,5.79,6.69,7.60,8.53,9.48,10.46,5.13,9.43,10.64,10.87,10.87,11.11,10.99,10.75,10.53,10.20,2,5
"de Oliveira, Paulo André (BRA) (1998)",03-Aug-24,0.144,-0.3 m/s,1.90,2.99,3.95,4.88,5.79,6.71,7.63,8.55,9.48,10.46,5.26,9.17,10.42,10.75,10.99,10.87,10.87,10.87,10.75,10.20,7,8
"Blume, Holger (GER) (1973)",??,NaN,??,NaN,NaN,4.01,NaN,NaN,6.76,NaN,8.59,NaN,10.47,NaN,NaN,7.48,NaN,NaN,10.91,NaN,10.93,NaN,10.64,NaN,NaN
"Kimura, Shintaro (JPN) (1987)",15-Aug-09,0.132,-0.4 m/s,1.93,2.97,3.92,4.85,5.77,6.69,7.61,8.55,9.49,10.47,5.18,9.62,10.53,10.75,10.87,10.87,10.87,10.64,10.64,10.20,2,3
"Gittens, Ramon (BAR) (1987)",15-Aug-09,0.147,-0.4 m/s,NaN,3.00,3.97,4.89,NaN,6.74,NaN,8.58,NaN,10.47,NaN,6.67,10.31,10.87,NaN,10.81,NaN,10.87,NaN,10.58,4,4
"Sakuma, Kota (JPN) (1985)",06-Jun-10,0.140,-0.7 m/s,NaN,NaN,3.96,NaN,NaN,6.72,NaN,NaN,NaN,10.47,NaN,NaN,7.58,NaN,NaN,10.87,NaN,NaN,NaN,10.67,NaN,2
"Kling-Baptiste, Tom (SWE) (1990)",31-Jul-11,NaN,2.8 m/s,NaN,NaN,4.02,NaN,NaN,6.79,NaN,8.60,NaN,10.47,NaN,NaN,7.46,NaN,NaN,10.83,NaN,11.05,NaN,10.70,1,5
"Oseto, Kazuma (JPN) (1994)",30-Jul-12,NaN,0.0 m/s,NaN,NaN,NaN,NaN,5.81,6.69,7.61,8.54,9.49,10.47,NaN,NaN,NaN,NaN,8.61,11.36,10.87,10.75,10.53,10.20,4,1
"Kling-Baptiste, Tom (SWE) (1990)",28-Jul-13,NaN,1.8 m/s,NaN,NaN,4.00,NaN,NaN,6.75,NaN,8.58,NaN,10.47,NaN,NaN,7.50,NaN,NaN,10.91,NaN,10.93,NaN,10.58,4,5
"Oseto, Kazuma (JPN) (1994)",11-May-14,NaN,-3.5 m/s,1.88,2.95,3.91,4.86,5.78,6.71,7.64,8.58,9.52,10.47,5.32,9.35,10.42,10.53,10.87,10.75,10.75,10.64,10.64,10.53,1,6
"Kuwano, Takumi (JPN) (2001)",03-Aug-18,NaN,-0.3 m/s,1.89,2.96,3.93,4.87,5.78,6.69,7.61,8.55,9.50,10.47,5.29,9.35,10.31,10.64,10.99,10.99,10.87,10.64,10.53,10.31,6,2
"Nakamura, Shota (JPN) (2001)",05-Aug-19,NaN,2.9 m/s,1.93,3.01,3.99,4.92,5.83,6.73,7.63,8.55,9.49,10.47,5.18,9.26,10.20,10.75,10.99,11.11,11.11,10.87,10.64,10.20,NaN,5
"Atago, Rai (JPN) (2003)",29-Jul-21,0.133,1.8 m/s,1.92,3.01,3.99,4.93,5.85,6.76,7.67,8.59,9.52,10.47,5.21,9.17,10.20,10.64,10.87,10.99,10.99,10.87,10.75,10.53,4,3
Huang Yonglian (CHN) (2000),09-Jun-23,0.174,-0.4 m/s,1.95,3.01,3.99,4.88,5.79,6.70,7.59,8.53,9.47,10.47,5.13,9.43,10.20,11.24,10.99,10.99,11.24,10.64,10.64,10.00,3,5
Chang Ji (CHN) (2003),13-May-24,0.134,0.0 m/s,1.92,2.96,3.94,4.86,5.80,6.71,7.64,8.58,9.53,10.47,5.21,9.62,10.20,10.87,10.64,10.99,10.75,10.64,10.53,10.64,5,1
Yang Jun (CHN) (2003),27-May-24,0.191,-0.6 m/s,2.03,3.06,4.02,4.97,NaN,6.76,7.69,8.60,9.51,10.47,4.93,9.71,10.42,10.53,NaN,11.17,10.75,10.99,10.99,10.42,9,1
Zhang Xian (CHN) (2004),02-Jun-24,0.173,1.0 m/s,1.97,3.03,4.00,4.93,5.82,6.72,7.63,8.55,9.48,10.47,5.08,9.43,10.31,10.75,11.24,11.11,10.99,10.87,10.75,10.10,4,6
"Larsson, Henrik (SWE) (1999)",02-Jun-24,0.141,-1.0 m/s,1.95,3.03,4.01,4.95,5.86,6.76,7.66,8.57,9.50,10.47,5.13,9.26,10.20,10.64,10.99,11.11,11.11,10.99,10.75,10.31,3,7
Yu Duhao (CHN) (2001),28-Jun-24,0.164,-0.6 m/s,1.94,2.97,3.94,4.86,5.77,6.68,7.60,8.52,9.49,10.47,5.15,9.71,10.31,10.87,10.99,10.99,10.87,10.87,10.31,10.20,9,4
"Karamanolov, Nikola (BUL) (2005)",18-Jul-25,0.156,-2.0 m/s,1.86,2.97,3.88,4.83,5.73,6.65,7.57,8.50,9.44,10.47,5.38,9.01,10.99,10.53,11.11,10.87,10.87,10.75,10.64,9.71,7,7
"Wilson, Teddy (GBR) (2006)",08-Aug-25,0.153,-0.7 m/s,1.92,3.01,4.01,4.94,5.85,6.77,7.67,8.59,9.52,10.47,5.21,9.17,10.00,10.75,10.99,10.87,11.11,10.87,10.75,10.53,3,=2
"Revierre, Jozuah (NED) (2006)",08-Aug-25,0.123,-0.7 m/s,1.94,3.02,3.99,4.93,5.84,6.76,7.67,8.59,9.52,10.47,5.15,9.26,10.31,10.64,10.99,10.87,10.99,10.87,10.75,10.53,6,=2
"Arques, José Javier (ESP) (1960)",08-Sep-89,0.155,0.5 m/s,NaN,3.01,NaN,4.91,5.84,6.76,7.69,8.62,NaN,10.48,NaN,6.64,NaN,10.53,10.75,10.87,10.75,10.75,NaN,10.75,1,7
"Éyana, Jérôme (FRA) (1977)",23-Jun-01,0.169,1.3 m/s,NaN,3.09,4.06,4.99,NaN,6.80,NaN,8.61,NaN,10.48,NaN,6.47,10.31,10.75,NaN,11.05,NaN,11.05,NaN,10.70,NaN,2
"Hordge, Willie (USA) (1984)",22-Jun-03,NaN,0.0 m/s,2.02,3.10,4.07,5.04,5.93,6.82,7.72,8.64,9.57,10.48,4.95,9.26,10.31,10.31,11.24,11.24,11.11,10.87,10.75,10.99,7,3
"Parker, Earvin (USA) (1984)",22-Jun-03,NaN,0.0 m/s,1.93,3.08,4.07,5.00,5.92,6.84,7.72,8.64,9.54,10.48,5.18,8.70,10.10,10.75,10.87,10.87,11.36,10.87,11.11,10.64,5,4
"Kimura, Shintaro (JPN) (1987)",29-Jun-08,NaN,-0.2 m/s,1.92,2.96,3.92,4.85,5.77,6.68,7.61,8.54,9.50,10.48,5.21,9.62,10.42,10.75,10.87,10.99,10.75,10.75,10.42,10.20,NaN,3
"Tärnhuvud, Stefan (SWE) (1985)",06-Jul-08,NaN,1.6 m/s,NaN,NaN,4.01,NaN,NaN,6.77,NaN,8.60,NaN,10.48,NaN,NaN,7.48,NaN,NaN,10.87,NaN,10.93,NaN,10.64,2,1
"Seoud, Amr Ibrahim Mostafa (EGY) (198)",06-Jul-08,NaN,1.6 m/s,NaN,NaN,4.03,NaN,NaN,6.78,NaN,8.61,NaN,10.48,NaN,NaN,7.44,NaN,NaN,10.91,NaN,10.93,NaN,10.70,6,2
"Sakuma, Kota (JPN) (1985)",06-Jun-10,0.136,0.0 m/s,NaN,NaN,3.99,NaN,NaN,6.75,NaN,NaN,NaN,10.48,NaN,NaN,7.52,NaN,NaN,10.87,NaN,NaN,NaN,10.72,5,5
"Kobayashi, Yuichi (JPN) (1989)",20-Apr-14,NaN,0.6 m/s,1.93,3.01,3.99,4.92,5.84,6.76,7.68,8.60,9.53,10.48,5.18,9.26,10.20,10.75,10.87,10.87,10.87,10.87,10.75,10.53,NaN,1
"Tsukahara, Naoki (JPN) (1985)",29-Apr-14,NaN,2.0 m/s,1.95,3.03,4.00,4.93,5.85,6.77,7.68,8.59,9.52,10.48,5.13,9.26,10.31,10.75,10.87,10.87,10.99,10.99,10.75,10.42,5,6
"Nogawa, Daichi (JPN) (1991)",29-Apr-14,NaN,2.4 m/s,1.98,3.04,3.99,4.92,5.82,6.73,7.64,8.57,9.51,10.49,5.05,9.43,10.53,10.75,11.11,10.99,10.99,10.75,10.64,10.20,7,6
"Kitamura, Takuya (JPN) (1993)",29-Apr-14,NaN,2.3 m/s,1.97,3.03,4.00,4.93,5.84,6.75,7.66,8.59,9.52,10.48,5.08,9.43,10.31,10.75,10.99,10.99,10.99,10.75,10.75,10.42,4,3
"Kawatsura, Sota (JPN) (1989)",11-May-14,NaN,-3.5 m/s,1.92,2.96,3.92,4.86,5.77,6.68,7.61,8.55,9.50,10.48,5.21,9.62,10.42,10.64,10.99,10.99,10.75,10.64,10.53,10.20,7,7
"Katsuse, Kendai (JPN) (1997)",30-Jul-15,NaN,-0.8 m/s,NaN,3.92,4.87,5.81,6.71,7.62,8.55,9.50,10.48,10.48,NaN,7.65,10.53,10.64,11.11,10.99,10.75,10.53,10.20,9.54,NaN,3
"Miwa, Sota (JPN) (2002)",24-Oct-20,0.173,0.6 m/s,1.95,3.04,4.02,4.95,5.87,6.78,7.69,8.61,9.54,10.48,5.13,9.17,10.20,10.75,10.87,10.99,10.99,10.87,10.75,10.64,4,1
"Ibrahim, Mahmoud Hafiz (KSA) (1993)",28-May-21,0.138,0.9 m/s,NaN,3.1,NaN,5.0,NaN,6.8,NaN,8.7,NaN,10.48,NaN,6.45,NaN,10.53,NaN,11.11,NaN,10.53,NaN,11.24,7,4
"Özer, Kayhan (TUR) (1998)",28-May-21,0.142,0.9 m/s,NaN,3.1,NaN,5.0,NaN,6.8,NaN,8.7,NaN,10.48,NaN,6.45,NaN,10.53,NaN,11.11,NaN,10.53,NaN,11.24,6,5
Tian Junhao (CHN) (2000),02-Jun-23,0.179,-0.4 m/s,2.00,3.09,4.09,5.00,5.92,6.82,7.72,8.61,9.54,10.48,5.00,9.17,10.00,10.99,10.87,11.11,11.11,11.24,10.75,10.64,3,3
Wang Shengjie (CHN) (2000),27-Jun-23,0.166,-0.2 m/s,1.98,3.00,4.02,4.95,5.87,6.77,7.68,8.60,9.52,10.48,5.05,9.80,9.80,10.75,10.87,11.11,10.99,10.87,10.87,10.42,6,5
Liu Suyi (CHN) (1998),21-Jul-23,0.150,0.2 m/s,1.94,3.01,3.97,NaN,5.77,6.67,7.58,8.52,9.48,10.48,5.15,9.35,10.42,NaN,11.11,11.11,10.99,10.64,10.42,10.00,5,8
Gao Yulong (CHN) (2003),27-May-24,0.166,-0.6 m/s,1.96,2.99,3.95,4.90,NaN,6.71,7.64,8.55,9.49,10.48,5.10,9.71,10.42,10.53,NaN,11.05,10.75,10.99,10.64,10.10,4,2
Jia Runze (CHN) (2003),27-May-24,0.192,-0.6 m/s,1.96,3.02,4.00,4.93,NaN,6.79,7.68,8.60,9.53,10.48,5.10,9.43,10.20,10.75,NaN,10.75,11.24,10.87,10.75,10.53,2,2
Yu Duhao (CHN) (2001),29-Jun-24,0.164,1.1 m/s,1.95,2.98,3.94,4.84,5.74,6.65,7.57,8.52,9.47,10.48,5.13,9.71,10.42,11.11,11.11,10.99,10.87,10.53,10.53,9.90,2,8
"Gussmann, Heiko (GER) (2004)",17-Jul-25,0.156,-1.7 m/s,1.91,3.02,3.94,4.87,5.78,6.69,7.60,8.52,9.45,10.48,5.24,9.01,10.87,10.75,10.99,10.99,10.99,10.87,10.75,9.71,3,2
"Johnson, Chris (USA) (1982)",24-Jul-07,NaN,1.4 m/s,NaN,NaN,4.03,NaN,NaN,6.75,NaN,8.57,NaN,10.49,NaN,NaN,7.44,NaN,11.03,NaN,10.99,NaN,10.42,9.53,NaN,1
Xing Yanan (CHN) (1983),10-May-08,NaN,-1.4 m/s,1.97,3.02,3.98,4.90,5.81,6.72,7.64,8.57,9.52,10.49,5.08,9.52,10.42,10.87,10.99,10.99,10.87,10.75,10.53,10.31,NaN,2
"Omole, Demi (USA) (1985)",28-Jun-08,NaN,1.7 m/s,1.98,3.04,3.95,4.93,5.82,6.72,7.60,8.52,9.52,10.49,5.05,9.43,10.99,10.20,11.24,11.11,11.36,10.87,10.00,10.31,3,8
"Motoshio, Ryo (JPN) (1990)",30-Jul-08,NaN,-0.1 m/s,1.98,3.03,3.99,4.92,5.83,6.74,7.67,8.60,9.53,10.49,10.10,9.52,10.42,10.75,10.99,10.99,10.75,10.75,10.75,10.42,NaN,1
"Collo, Simone (ITA) (1979)",15-Aug-09,0.162,-0.4 m/s,NaN,3.01,3.99,4.93,NaN,6.77,NaN,8.60,NaN,10.49,NaN,6.64,10.20,10.64,NaN,10.87,NaN,10.93,NaN,10.58,7,4
"Saito, Hitoshi (JPN) (1986)",04-Sep-09,NaN,???,NaN,NaN,3.99,NaN,NaN,6.77,NaN,NaN,NaN,10.49,NaN,NaN,7.52,NaN,NaN,10.79,NaN,NaN,NaN,10.75,NaN,NaN
"Wilks, Terrell (USA) (1989)",31-Jul-11,NaN,2.8 m/s,NaN,NaN,3.99,NaN,NaN,6.74,NaN,8.56,NaN,10.49,NaN,NaN,7.52,NaN,NaN,10.91,NaN,10.99,NaN,10.36,2,6
"de Oliveira, Nil (SWE) (1986)",17-Jun-12,NaN,1.0 m/s,NaN,NaN,4.06,NaN,NaN,6.81,NaN,8.63,NaN,10.49,NaN,NaN,7.39,NaN,NaN,10.91,NaN,10.99,NaN,10.75,NaN,1
"Eriguchi, Masashi (JPN) (1988)",20-Apr-14,NaN,0.6 m/s,1.95,3.00,3.95,4.87,5.78,6.70,7.62,8.56,9.52,10.49,5.13,9.52,10.53,10.87,10.99,10.87,10.87,10.64,10.42,10.31,NaN,2
"Suetsugu, Shingo (JPN) (1980)",29-Apr-14,NaN,2.3 m/s,1.98,3.05,4.03,4.96,5.88,6.78,7.69,8.61,9.54,10.49,5.05,9.35,10.20,10.75,10.87,11.11,10.99,10.87,10.75,10.53,7,4
Mi Hong (CHN) (1993),03-Sep-17,NaN,0.3 m/s,1.92,3.00,3.97,4.93,5.85,6.75,7.87,8.60,9.54,10.49,5.21,9.26,10.31,10.42,10.87,11.11,8.93,13.70,10.64,10.53,8,8
"Someya, Yoshihiro (JPN) (1998)",05-Oct-19,NaN,-0.1 m/s,NaN,NaN,4.00,NaN,5.84,NaN,NaN,NaN,NaN,10.49,NaN,NaN,7.50,NaN,3.42,NaN,NaN,NaN,NaN,10.75,3,3
Suo Gaofei (CHN) (2001),26-Apr-23,0.184,1.7 m/s,2.05,3.13,4.09,4.99,5.89,6.79,7.70,8.60,9.52,10.49,4.88,9.26,10.42,11.11,11.11,11.11,10.99,11.11,10.87,10.31,6,1
Deng Xinrui (CHN) (2003),26-May-23,0.157,-0.1 m/s,1.95,3.01,3.99,4.91,5.82,6.72,7.64,8.57,9.51,10.49,5.13,9.43,10.20,10.87,10.99,11.11,10.87,10.75,10.64,10.20,4,1
Hou Shaoqing (CHN) (1999),09-Jun-23,0.180,-0.4 m/s,1.97,3.05,4.02,4.94,5.86,6.79,7.70,8.60,9.54,10.49,5.08,9.26,10.31,10.87,10.87,10.75,10.99,11.11,10.64,10.53,4,6
Yang Jun (CHN) (2003),14-May-24,0.151,0.0 m/s,1.95,2.99,3.97,4.94,5.86,6.74,7.64,8.57,9.53,10.49,5.13,9.62,10.20,10.31,10.87,11.36,11.11,10.75,10.42,10.42,7,3
Duan Kaibo (CHN) (2007),27-May-24,0.195,-0.2 m/s,2.00,3.06,4.04,NaN,NaN,6.75,7.69,8.62,9.55,10.49,5.00,9.43,10.20,NaN,NaN,11.07,10.64,10.75,10.75,10.64,3,2
Xia Jianduo (CHN) (2006),02-Jun-24,0.189,1.0 m/s,2.03,3.09,4.08,5.01,5.92,6.81,7.72,8.63,9.54,10.49,4.93,9.43,10.10,10.75,10.99,11.24,10.99,10.99,10.99,10.53,9,7
Li Zeyang (CHN) (2000),28-Jun-24,0.167,-0.6 m/s,1.98,3.07,4.06,4.99,5.91,6.82,7.73,8.63,9.56,10.49,5.05,9.17,10.10,10.75,10.87,10.99,10.99,11.11,10.75,10.75,3,5
"Ekpo, Nskiak (NED) (2003)",07-Jul-24,0.141,-0.6 m/s,1.93,3.04,4.03,4.97,5.90,6.83,7.75,8.65,9.58,10.49,5.18,9.01,10.10,10.64,10.75,10.75,10.87,11.11,10.75,10.99,5,1
Wang Xinkai (CHN) (2004),15-Sep-24,0.168,-0.2 m/s,1.98,3.07,4.06,5.00,5.92,6.82,7.72,8.65,9.55,10.49,5.05,9.17,10.10,10.64,10.87,11.11,11.11,10.75,11.11,10.64,9,7
"Bernardi, Andrea (ITA) (2003)",17-Jul-25,0.136,-1.7 m/s,1.93,2.98,3.92,4.85,5.77,6.67,7.59,8.51,9.45,10.49,5.18,9.52,10.64,10.75,10.87,11.11,10.87,10.87,10.64,9.62,6,3
"Tardioli, Junior (ITA) (2003)",17-Jul-25,0.142,-1.0 m/s,1.89,2.98,3.93,4.87,5.77,6.67,7.64,8.60,9.45,10.49,5.29,9.17,10.53,10.64,11.11,11.11,10.31,10.42,11.76,9.62,5,4
"Omanyala, Ferdinand (KEN) (1996)",22-Aug-25,0.151,-0.6 m/s,1.95,3.03,4.00,4.92,5.85,6.75,7.67,8.59,9.53,10.49,5.13,9.26,10.31,10.87,10.75,11.11,10.87,10.87,10.64,10.42,6,7
"Kochan, Marc (GER) (1978)",06-Aug-02,0.138,1.0 m/s,NaN,3.02,4.01,4.95,NaN,6.74,NaN,8.60,NaN,10.50,NaN,6.62,10.10,10.64,NaN,11.17,NaN,10.75,NaN,10.53,NaN,6
"Ishikura, Kazuki (JPN) (1980)",29-Apr-07,NaN,2.2 m/s,1.94,3.00,3.98,4.93,5.85,6.76,7.66,8.58,9.53,10.50,5.15,9.43,10.20,10.53,10.87,10.99,11.11,10.87,10.53,10.31,NaN,5
"Kojima, Shigeyuki (JPN) (1979)",01-Jul-07,NaN,-0.3 m/s,1.89,2.98,3.96,4.89,5.81,6.73,7.65,8.58,9.53,10.50,5.29,9.17,10.20,10.75,10.87,10.87,10.87,10.75,10.53,10.31,NaN,3
"Ueno, Masahide (JPN) (1983)",01-Jul-07,NaN,-0.3 m/s,1.92,3.01,3.99,4.91,5.83,6.75,7.67,8.60,9.54,10.50,5.21,9.17,10.20,10.87,10.87,10.87,10.87,10.75,10.64,10.42,NaN,3
"Kimura, Shintaro (JPN) (1987)",29-Apr-08,NaN,2.0 m/s,1.90,2.96,3.92,4.84,5.75,6.68,7.61,8.56,9.52,10.50,5.26,9.43,10.42,10.87,10.99,10.75,10.75,10.53,10.42,10.20,NaN,5
"Waugh, Ainsley (JAM) (1981)",06-Jul-08,NaN,1.6 m/s,NaN,NaN,4.01,NaN,NaN,6.79,NaN,8.60,NaN,10.50,NaN,NaN,7.48,NaN,NaN,10.79,NaN,11.05,NaN,10.53,(2008) - www.ssg.se,en
"Hongisto, Visa (FIN) (1987)",06-Jul-08,NaN,1.6 m/s,NaN,NaN,3.97,NaN,NaN,6.74,NaN,8.59,NaN,10.50,NaN,NaN,7.56,NaN,NaN,10.83,NaN,10.81,NaN,10.47,(2008) - www.ssg.se,en
"Kuki, Takumi (JPN) (1992)",30-Jul-09,NaN,0.3 m/s,1.93,3.00,3.97,4.91,5.83,6.75,7.67,8.60,9.54,10.50,5.18,9.35,10.31,10.64,10.87,10.87,10.87,10.75,10.64,10.42,6,1
"Schwab, Stefan (GER) (1987)",15-Aug-09,0.156,-0.2 m/s,NaN,2.96,3.92,4.84,NaN,6.70,NaN,8.56,NaN,10.50,NaN,6.76,10.42,10.87,NaN,10.75,NaN,10.75,NaN,10.31,8,5
"Nashimoto, Masaki (JPN) (1993)",04-Aug-11,NaN,-0.5 m/s,NaN,NaN,NaN,NaN,5.77,6.67,7.61,8.54,9.50,10.50,NaN,NaN,NaN,NaN,8.67,11.11,10.64,10.75,10.42,10.00,6,1
"Hashimoto, Akiyuki (JPN) (1994)",30-Jul-12,NaN,0.0 m/s,NaN,NaN,NaN,NaN,5.85,6.75,7.65,8.59,9.53,10.50,NaN,NaN,NaN,NaN,8.55,11.11,11.11,10.64,10.64,10.31,7,2
Liu Suyi (CHN) (1998),21-Jul-23,0.174,-1.3 m/s,1.94,2.98,3.94,NaN,5.76,6.67,7.58,8.52,9.48,10.50,5.15,9.62,10.42,NaN,10.99,10.99,10.99,10.64,10.42,9.80,7,2
"Yaseen, Taha Hussein (IRQ) (1998)",03-Aug-24,0.151,0.3 m/s,1.95,3.05,4.02,4.95,5.87,6.79,7.70,8.62,9.57,10.50,5.13,9.09,10.31,10.75,10.87,10.87,10.99,10.87,10.53,10.75,9,9
"Britt, Jamal (USA) (1998)",01-Jun-25,0.167,-1.9 m/s,2.00,NaN,3.99,4.94,5.85,6.75,7.68,8.64,9.57,10.50,5.00,NaN,10.05,10.53,10.99,11.11,10.75,10.42,10.75,10.75,3,2
"Bizasene, Ylann (FRA) (2006)",08-Aug-25,0.139,-0.7 m/s,1.94,3.03,4.02,4.97,5.89,6.81,7.71,8.63,9.56,10.50,5.15,9.17,10.10,10.53,10.87,10.87,11.11,10.87,10.75,10.64,4,4
"Chanteur, Lenny (FRA) (2006)",08-Aug-25,0.142,-0.7 m/s,1.94,3.01,3.98,4.93,5.86,6.79,7.71,8.63,9.57,10.50,5.15,9.35,10.31,10.53,10.75,10.75,10.87,10.87,10.64,10.75,7,5
"Emmelmann, Frank (GDR) (1961)",28-May-80,NaN,-0.5 m/s,NaN,NaN,4.12,NaN,NaN,6.86,NaN,8.67,NaN,10.51,NaN,NaN,7.28,NaN,NaN,10.95,NaN,11.05,NaN,10.87,NaN,5
"Kovács, Attila (HUN) (1960)",29-Jun-91,NaN,0.5 m/s,NaN,NaN,4.00,NaN,NaN,6.78,NaN,8.62,NaN,10.51,NaN,NaN,7.50,NaN,NaN,10.79,NaN,10.87,NaN,10.58,8,5
"Savin, Vitaliy (URS) (1966)",29-Jun-91,NaN,0.5 m/s,NaN,NaN,3.98,NaN,NaN,6.72,NaN,8.56,NaN,10.51,NaN,NaN,7.54,NaN,NaN,10.95,NaN,10.87,NaN,10.26,7,6
"Balcerzak, Piotr (POL) (1975)",23-Jun-01,0.149,0.6 m/s,NaN,3.02,4.01,4.95,NaN,6.80,NaN,8.63,NaN,10.51,NaN,6.62,10.10,10.64,NaN,10.81,NaN,10.93,NaN,10.64,NaN,1
"Money, Daniel (GBR) (1976)",23-Jun-01,0.114,0.6 m/s,NaN,2.99,3.97,4.91,NaN,6.76,NaN,8.60,NaN,10.51,NaN,6.69,10.20,10.64,NaN,10.81,NaN,10.87,NaN,10.47,NaN,2
"Niit, Marek (EST) (1987)",21-Jul-06,NaN,0.6 m/s,NaN,NaN,4.02,NaN,NaN,6.77,NaN,8.61,NaN,10.51,NaN,NaN,7.46,NaN,NaN,10.91,NaN,10.87,NaN,10.53,NaN,1
"Wissman, Johan (SWE) (1982)",24-Jul-07,NaN,0.4 m/s,NaN,NaN,4.13,NaN,NaN,6.88,NaN,8.66,NaN,10.51,NaN,NaN,7.26,NaN,NaN,10.91,NaN,11.24,NaN,10.81,NaN,1
"Tsukahara, Naoki (JPN) (1985)",30-Sep-07,interval,-1.4 m/s,1.99,3.05,4.02,4.95,5.86,6.77,7.69,8.61,9.55,10.51,5.03,9.43,10.31,10.75,10.99,10.99,10.87,10.87,10.64,10.42,NaN,3
"Nabe, Cédric (SUI) (1983)",15-Aug-09,0.118,-0.4 m/s,NaN,3.01,3.98,4.90,NaN,6.75,NaN,8.61,NaN,10.51,NaN,6.64,10.31,10.87,NaN,10.81,NaN,10.75,NaN,10.53,6,5
"Tärnhuvud, Stefan (SWE) (1985)",28-Jul-13,NaN,1.8 m/s,NaN,NaN,4.06,NaN,NaN,6.79,NaN,8.62,NaN,10.51,NaN,NaN,7.39,NaN,NaN,10.99,NaN,10.93,NaN,10.58,7,6
"Nishigaki, Yoshiya (JPN) (1993)",20-Apr-14,NaN,0.6 m/s,1.90,2.94,3.89,4.82,5.75,6.68,7.62,8.56,9.53,10.51,5.26,9.62,10.53,10.75,10.75,10.75,10.64,10.64,10.31,10.20,NaN,3
"Bah, Sulayman (SWE) (1986)",26-Jul-15,NaN,1.0 m/s,NaN,NaN,3.98,NaN,NaN,6.74,NaN,8.57,NaN,10.51,NaN,NaN,7.54,NaN,NaN,10.87,NaN,10.93,NaN,10.31,3,4
"Groth, Joel (SWE) (1991)",26-Jul-15,NaN,0.9 m/s,NaN,NaN,4.05,NaN,NaN,6.81,NaN,8.64,NaN,10.51,NaN,NaN,7.41,NaN,NaN,10.87,NaN,10.93,NaN,10.70,1,1
"Miyamoto, Daisuke (JPN) (1999)",30-Jul-17,0.122,-2.0 m/s,NaN,NaN,3.92,NaN,NaN,6.69,NaN,NaN,9.53,10.51,NaN,NaN,7.65,NaN,NaN,10.83,NaN,NaN,10.56,10.20,5,1
"Tatsumi, Shin (JPN)",03-Aug-18,NaN,-0.3 m/s,1.88,2.95,3.91,4.83,5.75,6.67,7.60,8.54,9.51,10.51,5.32,9.35,10.42,10.87,10.87,10.87,10.75,10.64,10.31,10.00,5,3
Mi Hong (CHN) (1993),02-Aug-19,NaN,0.1 m/s,1.93,2.98,3.95,4.88,5.81,6.72,7.65,8.58,9.52,10.51,5.18,9.52,10.31,10.75,10.75,10.99,10.75,10.75,10.64,10.10,1,8
"Shimada, Kaishin (JPN) (2002)",24-Oct-20,0.142,0.2 m/s,1.89,2.97,3.95,4.88,5.80,6.71,7.63,8.57,9.52,10.51,5.29,9.26,10.20,10.75,10.87,10.99,10.87,10.64,10.53,10.10,3,1
Wang Shengjie (CHN) (2000),14-Jul-22,NaN,0.4 m/s,1.99,3.06,4.03,4.95,5.87,6.76,7.66,8.57,9.51,10.51,5.03,9.35,10.31,10.87,10.87,11.24,11.11,10.99,10.64,10.00,3,1
"Buntin, Nadale (SKN) (2000)",03-Aug-22,0.158,-1.2 m/s,NaN,3.0,NaN,4.9,NaN,6.7,NaN,8.6,NaN,10.51,NaN,6.67,NaN,10.53,NaN,11.11,NaN,10.53,NaN,10.47,1,9
Wang Xinkai (CHN) (2004),30-Aug-22,0.173,-0.1 m/s,1.97,3.04,4.02,4.96,5.88,6.79,7.71,8.62,9.56,10.51,5.08,9.35,10.20,10.64,10.87,10.99,10.87,10.99,10.64,10.53,5,1
Liu Yuchen (CHN) (1999),02-Jun-23,0.185,-0.6 m/s,1.98,3.02,3.99,4.91,5.82,6.73,7.66,8.58,9.54,10.51,5.05,9.62,10.31,10.87,10.99,10.99,10.75,10.87,10.42,10.31,4,2
Wu Zhiqiang (CHN) (1994),21-Jul-23,0.162,-1.3 m/s,1.97,3.04,4.02,NaN,5.87,6.79,7.70,8.62,9.54,10.52,5.08,9.35,10.20,NaN,10.81,10.87,10.99,10.87,10.87,10.20,9,3
Chang Ji (CHN) (2003),14-May-24,0.174,0.0 m/s,1.92,2.99,3.97,4.94,5.88,6.76,7.68,8.63,9.58,10.51,5.21,9.35,10.20,10.31,10.64,11.36,10.87,10.53,10.53,10.75,4,4
Wang Xinkai (CHN) (2004),02-Jun-24,0.170,1.0 m/s,2.01,3.09,4.08,5.02,5.93,6.82,7.74,8.64,9.56,10.51,4.98,9.26,10.10,10.64,10.99,11.24,10.87,11.11,10.87,10.53,8,8
"Yaseen, Taha Hussein (IRQ) (1998)",03-Aug-24,0.159,0.2 m/s,1.96,3.05,4.02,4.94,5.86,6.77,7.70,8.62,9.56,10.51,5.10,9.17,10.31,10.87,10.87,10.99,10.75,10.87,10.64,10.53,9,4
"Sicobo, Dyland (SEY) (1997)",03-Aug-24,0.141,0.3 m/s,1.92,3.00,3.96,4.90,5.81,6.71,7.65,8.58,9.55,10.51,5.21,9.26,10.42,10.64,10.99,11.11,10.64,10.75,10.31,10.42,4,2
"Achi-Yao, Harold (FRA) (1997)",20-Jun-25,0.152,2.8 m/s,1.95,3.06,4.05,4.98,5.88,6.78,7.68,8.58,9.50,10.51,5.13,9.01,10.10,10.75,11.11,11.11,11.11,11.11,10.87,9.90,7,6
"Gonzales Rudolph, Emilio (GER) (2003)",17-Jul-25,0.149,-1.0 m/s,1.93,2.98,3.94,4.86,5.77,6.67,7.59,8.53,9.48,10.51,5.18,9.52,10.42,10.87,10.99,11.11,10.87,10.64,10.53,9.71,3,5
"Kovács, Attila (HUN) (1960)",29-Aug-87,NaN,-2.9 m/s,NaN,NaN,4.02,NaN,NaN,6.78,NaN,NaN,NaN,10.52,NaN,NaN,7.46,NaN,NaN,10.87,NaN,NaN,NaN,10.70,3,3
"Papadiás, Haralabos (GRE) (1975)",23-Jun-01,0.217,0.6 m/s,NaN,3.10,4.05,4.95,NaN,6.82,NaN,8.62,NaN,10.52,NaN,6.45,10.53,11.11,NaN,10.70,NaN,11.11,NaN,10.53,NaN,3
"Kosenkow, Alexander (GER) (1977)",31-Aug-01,0.166,0.6 m/s,NaN,3.02,4.00,4.93,NaN,6.75,NaN,8.60,NaN,10.52,NaN,6.62,10.20,10.75,NaN,10.99,NaN,10.81,NaN,10.42,NaN,7
"Wieser, Stefan (GER) (1984)",14-Jul-05,0.139,-0.9 m/s,NaN,3.05,4.04,4.98,NaN,6.71,NaN,8.63,NaN,10.52,NaN,6.56,10.10,10.64,NaN,11.56,NaN,10.42,NaN,10.58,6,3
"Kojima, Shigeyuki (JPN) (1979)",29-Jun-08,NaN,-0.2 m/s,1.94,3.01,3.98,4.91,5.83,6.74,7.66,8.60,9.55,10.52,5.15,9.35,10.31,10.75,10.87,10.99,10.87,10.64,10.53,10.31,NaN,4
"Takahira, Shinji (JPN) (1984)",23-Sep-08,NaN,-0.4 m/s,2.01,3.06,4.02,4.94,5.86,6.77,7.68,8.61,9.55,10.52,4.98,9.52,10.42,10.87,10.87,10.99,10.99,10.75,10.64,10.31,NaN,7
"Helmke, Till (GER) (1984)",14-Jun-09,0.162,1.5 m/s,NaN,3.08,4.06,5.00,NaN,6.83,NaN,8.69,NaN,10.52,NaN,6.49,10.20,10.64,NaN,10.93,NaN,10.75,NaN,10.93,NaN,1
"Osovnikar, Matic (SLO) (1980)",15-Aug-09,0.175,-0.4 m/s,NaN,3.04,4.03,4.97,NaN,6.82,NaN,8.64,NaN,10.52,NaN,6.58,10.10,10.64,NaN,10.81,NaN,10.99,NaN,10.64,5,5
"Tärnhuvud, Stefan (SWE) (1985)",17-Jun-12,NaN,0.1 m/s,NaN,NaN,4.03,NaN,NaN,6.78,NaN,8.62,NaN,10.52,NaN,NaN,7.44,NaN,NaN,10.91,NaN,10.87,NaN,10.53,NaN,3
"Kling-Baptiste, Tom (SWE) (1990)",26-Jul-15,NaN,1.0 m/s,NaN,NaN,4.00,NaN,NaN,6.78,NaN,8.63,NaN,10.52,NaN,NaN,7.50,NaN,NaN,10.79,NaN,10.81,NaN,10.58,2,5
"Nakamura, Akihiko (JPN) (1990)",25-Apr-15,NaN,2.4 m/s,1.93,3.00,3.97,4.91,5.83,6.75,7.67,8.60,9.54,10.52,5.18,9.35,10.31,10.64,10.87,10.87,10.87,10.75,10.64,10.20,4,1
"Shitara, Oga (JPN) (2001)",05-Aug-19,NaN,2.9 m/s,1.93,3.03,4.01,4.95,5.87,6.78,7.69,8.62,9.55,10.52,5.18,9.09,10.20,10.64,10.87,10.99,10.99,10.75,10.75,10.31,NaN,6
"Miyauchi, Kazuya (JPN) (2001)",05-Aug-19,NaN,2.9 m/s,1.94,3.02,3.99,4.92,5.83,6.74,7.66,8.59,9.54,10.52,5.15,9.26,10.31,10.75,10.99,10.99,10.87,10.75,10.53,10.20,NaN,7
"Nagata, Shunto (JPN) (1996)",05-Oct-19,0.138,-0.1 m/s,NaN,NaN,3.96,NaN,5.81,NaN,NaN,NaN,NaN,10.52,NaN,NaN,7.58,NaN,3.44,NaN,NaN,NaN,NaN,10.62,2,4
"Takeda, Ippei (JPN) (1997)",02-Oct-20,0.146,-0.2 m/s,1.88,2.96,3.94,4.88,5.80,6.72,7.64,8.58,9.54,10.52,5.32,9.26,10.20,10.64,10.87,10.87,10.87,10.64,10.42,10.20,8,8
"Saga, Aki (JPN) (2003)",29-Jul-21,0.158,1.8 m/s,1.92,3.01,4.00,4.93,5.85,6.76,7.67,8.60,9.55,10.52,5.21,9.17,10.10,10.75,10.87,10.99,10.99,10.75,10.53,10.31,7,4
"Shikata, Makoto (JPN) (2003)",29-Jul-21,0.115,1.8 m/s,1.92,3.01,3.99,4.93,5.85,6.77,7.69,8.62,9.56,10.52,5.21,9.17,10.20,10.64,10.87,10.87,10.87,10.75,10.64,10.42,1,5
"Aikines-Aryeetey, Harry (GBR) (1988)",06-Jun-22,0.146,-0.3 m/s,NaN,3.0,NaN,4.9,NaN,6.7,NaN,8.6,NaN,10.52,NaN,6.67,NaN,10.53,NaN,11.11,NaN,10.53,NaN,10.42,1,7
"Taftian, Hassan (IRI) (1993)",18-Jun-22,0.140,-1.6 m/s,NaN,3.04,NaN,4.94,NaN,6.79,NaN,8.62,NaN,10.52,NaN,6.58,NaN,10.53,NaN,10.81,NaN,10.93,NaN,10.53,8,7
"Okeoghene, Brume (NGR) (2003)",03-Aug-22,0.147,-0.2 m/s,NaN,3.0,NaN,4.9,NaN,6.7,NaN,8.6,NaN,10.52,NaN,6.67,NaN,10.53,NaN,11.11,NaN,10.53,NaN,10.42,1,9
Li Wenjie (CHN) (1998),02-Jun-23,0.182,-0.3 m/s,1.97,3.02,3.99,4.91,5.82,6.74,7.66,8.58,9.54,10.52,5.08,9.52,10.31,10.87,10.99,10.87,10.87,10.87,10.42,10.20,2,3
Liu Yuchen (CHN) (1999),02-Jun-23,0.227,0.1 m/s,2.02,3.06,NaN,4.93,5.85,6.77,7.65,8.57,9.52,10.52,4.95,9.62,NaN,10.70,10.87,10.87,11.36,10.87,10.53,10.00,8,7
Suo Gaofei (CHN) (2001),09-Jun-23,0.247,0.5 m/s,2.00,3.08,4.05,4.97,5.88,6.77,7.68,8.59,9.51,10.52,5.00,9.26,10.31,10.87,10.99,11.24,10.99,10.99,10.87,9.90,7,1
"Mancini, Pascal (SUI) (1989)",30-Jun-23,0.139,-0.8 m/s,1.94,3.02,4.00,4.93,5.86,6.77,7.69,8.61,9.56,10.52,5.15,9.26,10.20,10.75,10.75,10.99,10.87,10.87,10.53,10.42,6,1
Gu Yuekai (CHN) (2004),14-May-24,0.150,0.0 m/s,1.97,3.01,3.98,4.93,5.85,6.74,7.66,8.60,9.56,10.52,5.08,9.62,10.31,10.53,10.87,11.24,10.87,10.64,10.42,10.42,3,5
"Spiering, Timo (NED) (2004)",07-Jul-24,0.138,-0.6 m/s,1.94,3.07,4.03,4.97,5.89,6.83,7.75,8.67,9.60,10.52,5.15,8.85,10.42,10.64,10.87,10.64,10.87,10.87,10.75,10.87,6,2
"Maaroufou, Hachim (COM) (1997)",03-Aug-24,0.158,-1.1 m/s,2.00,3.09,4.05,5.00,5.91,6.81,7.74,8.66,9.59,10.52,5.00,9.17,10.42,10.53,10.99,11.11,10.75,10.87,10.75,10.75,7,9
Zeng Keli (CHN) (2006),14-Sep-24,0.190,0.6 m/s,1.89,2.93,3.91,4.82,5.74,6.65,7.57,8.51,9.45,10.52,5.29,9.62,10.20,10.99,10.87,10.99,10.87,10.64,10.64,9.35,6,1
Jia Runze (CHN) (2003),14-Sep-24,0.185,-1.6 m/s,1.92,2.97,3.95,4.90,5.82,6.74,7.65,8.59,9.52,10.52,5.21,9.52,10.20,10.53,10.87,10.87,10.99,10.64,10.75,10.00,4,2
"Afrifa, Elvis (NED) (1997)",14-Sep-24,0.143,0.0 m/s,1.94,3.02,4.01,4.95,5.88,6.80,7.71,8.64,9.57,10.52,5.15,9.26,10.10,10.64,10.75,10.87,10.99,10.75,10.75,10.53,2,6
"Simonelli, Lorenzo Ndele (ITA) (2002)",01-Jun-25,0.158,-1.9 m/s,1.97,NaN,3.97,4.91,5.82,6.72,7.67,8.62,9.59,10.52,5.08,NaN,10.00,10.64,10.99,11.11,10.53,10.53,10.31,10.75,1,3
"Eriguchi, Masashi (JPN) (1988)",01-Jul-07,NaN,-0.3 m/s,1.94,3.03,3.99,4.91,5.83,6.75,7.67,8.61,9.56,10.53,5.15,9.17,10.42,10.87,10.87,10.87,10.87,10.64,10.53,10.31,NaN,5
"van Luijk, Patrick (NED) (1984)",14-Jun-09,0.226,1.5 m/s,NaN,3.10,4.10,5.04,NaN,6.88,NaN,8.72,NaN,10.53,NaN,6.45,10.00,10.64,NaN,10.87,NaN,10.87,NaN,11.05,NaN,2
"Kosenkow, Alexander (GER) (1977)",14-Jun-09,0.159,0.2 m/s,NaN,3.02,4.00,4.93,NaN,6.77,NaN,8.65,NaN,10.53,NaN,6.62,10.20,10.75,NaN,10.87,NaN,10.64,NaN,10.64,NaN,6
"Ambepitiya, Shehan (SRI) (1990)",15-Aug-09,0.175,-0.1 m/s,NaN,3.05,4.02,4.94,NaN,6.79,NaN,8.63,NaN,10.53,NaN,6.56,10.31,10.87,NaN,10.81,NaN,10.87,NaN,10.53,3,5
"Eaton, Ashton (USA) (1988)",19-Aug-09,0.162,0.2 m/s,NaN,3.00,NaN,4.90,NaN,6.77,NaN,8.61,NaN,10.53,NaN,6.67,NaN,10.53,NaN,10.70,NaN,10.87,NaN,10.42,2,2
"Robertson, Andrew (GBR) (1990)",08-Aug-10,NaN,0.7 m/s,NaN,NaN,3.97,NaN,NaN,6.76,NaN,8.59,NaN,10.53,NaN,NaN,7.56,NaN,NaN,10.75,NaN,10.93,NaN,10.31,NaN,5
"Colvert, Steven (IRL) (1990)",17-Jun-12,NaN,0.1 m/s,NaN,NaN,4.11,NaN,NaN,6.87,NaN,8.68,NaN,10.53,NaN,NaN,7.30,NaN,NaN,10.87,NaN,11.05,NaN,10.81,NaN,4
"Hession, Paul (IRL) (1983)",17-Jun-12,NaN,1.0 m/s,NaN,NaN,4.07,NaN,NaN,6.85,NaN,8.66,NaN,10.53,NaN,NaN,7.37,NaN,NaN,10.79,NaN,11.05,NaN,10.70,NaN,2
"Charles, Stephan (LCA) (1997)",03-Aug-22,0.136,0.4 m/s,NaN,3.0,NaN,4.9,NaN,6.8,NaN,8.6,NaN,10.53,NaN,6.67,NaN,10.53,NaN,10.53,NaN,11.11,NaN,10.36,3,9
Zhang Haijian (CHN) (2002),26-Apr-23,0.140,0.8 m/s,1.94,2.99,3.97,4.89,5.82,6.72,7.65,8.57,9.54,10.53,5.15,9.52,10.20,10.87,10.75,11.11,10.75,10.87,10.31,10.10,5,3
Jia Runze (CHN) (2003),14-May-24,0.171,-0.7 m/s,1.97,3.02,4.00,4.97,5.91,6.80,7.70,8.59,9.55,10.53,5.08,9.52,10.20,10.31,10.64,11.24,11.11,11.24,10.42,10.20,4,2
"Mulamba, Dominique Lasconi (COD) (2)",03-Aug-24,0.163,0.2 m/s,1.98,3.06,4.02,4.96,5.88,6.79,7.70,8.62,9.56,10.53,5.05,9.26,10.42,10.64,10.87,10.99,10.99,10.87,10.64,10.31,8,7
Chang Ao (CHN) (2003),14-Sep-24,0.157,0.6 m/s,1.89,2.94,3.92,4.86,5.78,6.70,7.61,8.55,9.47,10.53,5.29,9.52,10.20,10.64,10.87,10.87,10.99,10.64,10.87,9.43,7,2
"Hadid, Noureddine (LBN) (1993)",16-May-25,0.167,1.4 m/s,1.93,3.02,3.99,4.92,5.83,6.74,7.64,8.56,9.51,10.53,5.18,9.17,10.31,10.75,10.99,10.99,11.11,10.87,10.53,9.80,7,5
"Noda, Kojiro (JPN)",31-May-25,NaN,2.7 m/s,NaN,NaN,3.93,NaN,NaN,6.72,NaN,NaN,9.55,10.53,NaN,NaN,7.63,NaN,NaN,10.75,NaN,NaN,10.60,10.20,4,1
"Blume, Holger (GER) (1973)",??,NaN,??,NaN,NaN,3.97,NaN,NaN,6.76,NaN,8.63,NaN,10.54,NaN,NaN,7.56,NaN,NaN,10.75,NaN,10.70,NaN,10.47,NaN,NaN
"Masztak, Kamil (POL) (1984)",24-Jul-07,NaN,1.4 m/s,NaN,NaN,4.01,NaN,NaN,6.79,NaN,8.63,NaN,10.54,NaN,NaN,7.48,NaN,NaN,10.79,NaN,10.87,NaN,10.47,NaN,2
"Mitchell, Curtis (USA) (1984)",20-Jun-08,NaN,1.1 m/s,2.04,3.10,4.13,5.05,5.93,6.84,7.75,8.65,9.56,10.54,4.90,9.43,9.71,10.87,11.36,10.99,10.99,11.11,10.99,10.20,8,6
"Magakwe, Simon (RSA) (1985)",15-Aug-09,0.155,-0.3 m/s,NaN,3.05,4.02,4.95,NaN,6.80,NaN,8.64,NaN,10.54,NaN,6.56,10.31,10.75,NaN,10.81,NaN,10.87,NaN,10.53,3,3
"Kimura, Shintaro (JPN) (1987)",15-Aug-09,0.138,-0.4 m/s,NaN,2.97,3.94,4.87,NaN,6.74,NaN,8.60,NaN,10.54,NaN,6.73,10.31,10.75,NaN,10.70,NaN,10.75,NaN,10.31,2,8
"Leal, Dennis (SWE) (1994)",30-Jul-17,NaN,1.8 m/s,NaN,NaN,4.13,NaN,5.95,6.84,NaN,8.68,NaN,10.54,NaN,NaN,7.26,NaN,10.99,11.24,NaN,10.87,NaN,10.75,6,2
"Fujiwara, Hiroto (JPN) (2003)",05-Aug-19,NaN,2.9 m/s,1.95,3.03,4.01,4.94,5.85,6.76,7.67,8.60,9.55,10.54,5.13,9.26,10.20,10.75,10.99,10.99,10.99,10.75,10.53,10.10,NaN,8
"Minamiyama, Yoshiki (JPN) (1998)",05-Oct-19,0.132,-0.1 m/s,NaN,NaN,3.97,NaN,5.84,NaN,NaN,NaN,NaN,10.54,NaN,NaN,7.56,NaN,3.42,NaN,NaN,NaN,NaN,10.64,8,6
"Kato, Shinnosuke (JPN) (2002)",24-Oct-20,0.175,2.0 m/s,1.96,3.05,4.04,4.98,5.90,6.82,7.73,8.65,9.59,10.54,5.10,9.17,10.10,10.64,10.87,10.87,10.99,10.87,10.64,10.53,3,2
"Shigetani, Daiki (JPN) (2002)",24-Oct-20,0.155,0.6 m/s,1.90,2.99,3.98,4.92,5.85,6.77,7.70,8.63,9.58,10.54,5.26,9.17,10.10,10.64,10.75,10.87,10.75,10.75,10.53,10.42,6,2
"Rogo, Desmond (SWE) (1996)",04-Jul-21,0.138,0.5 m/s,NaN,3.1,NaN,5.0,NaN,6.9,NaN,8.7,NaN,10.54,NaN,6.45,NaN,10.53,NaN,10.53,NaN,11.11,NaN,10.87,1,6
"Tachibana, Kouei (JPN) (2004)",04-Aug-22,0.139,-0.6 m/s,1.89,2.98,3.96,4.90,5.83,6.75,7.68,8.61,9.57,10.54,5.29,9.17,10.20,10.64,10.75,10.87,10.75,10.75,10.42,10.31,4,2
"Ekejunia, Ruo (JPN) (2004)",04-Aug-22,0.141,-0.6 m/s,1.93,3.03,4.02,4.95,5.87,6.78,7.70,8.63,9.57,10.54,5.18,9.09,10.10,10.75,10.87,10.99,10.87,10.75,10.64,10.31,5,3
Sun Qingchi (CHN) (2000),26-Apr-23,0.139,-0.4 m/s,1.96,3.06,4.07,5.01,5.94,6.85,7.77,8.69,9.59,10.54,5.10,9.09,9.90,10.64,10.75,10.99,10.87,10.87,11.11,10.53,5,1
Suo Gaofei (CHN) (2001),02-Jun-23,NaN,-0.9 m/s,2.09,3.15,4.13,5.03,5.91,6.81,7.72,8.63,9.57,10.54,4.78,9.43,10.20,11.11,11.36,11.11,10.99,10.99,10.64,10.31,5,1
Dai Chenshuai (CHN) (2000),27-Jun-23,0.151,-0.8 m/s,1.96,3.01,4.00,4.91,5.83,6.73,7.65,8.57,9.54,10.54,5.10,9.52,10.10,10.99,10.87,11.11,10.87,10.87,10.31,10.00,3,6
Huang Yi (CHN) (2005),13-May-24,0.166,0.0 m/s,1.92,2.98,3.96,4.87,5.80,6.74,7.68,8.62,9.57,10.54,5.21,9.43,10.20,10.99,10.75,10.64,10.64,10.64,10.53,10.31,9,2
Wang Weihao (CHN) (2001),02-Jun-24,0.152,0.7 m/s,1.97,3.02,4.01,4.94,5.85,6.77,7.67,8.62,9.57,10.54,5.08,9.52,10.10,10.75,10.99,10.87,11.11,10.53,10.53,10.31,4,1
Wang Xinkai (CHN) (2004),02-Jun-24,0.159,0.7 m/s,1.99,3.07,4.05,4.97,5.89,6.81,7.72,8.66,9.60,10.54,5.03,9.26,10.20,10.87,10.87,10.87,10.99,10.64,10.64,10.64,9,2
"Mulamba, Dominique Lasconi (COD) (2)",03-Aug-24,0.158,-0.4 m/s,1.98,3.07,4.06,5.00,5.92,6.83,7.74,8.66,9.58,10.54,5.05,9.17,10.10,10.64,10.87,10.99,10.99,10.87,10.87,10.42,5,2
Zhang Jialun (CHN) (2005),14-Sep-24,0.164,0.6 m/s,1.92,2.98,3.97,4.89,5.82,6.73,7.65,8.57,9.51,10.54,5.21,9.43,10.10,10.87,10.75,10.99,10.87,10.87,10.64,9.71,3,3
"Jensen, Valentin (DEN) (2005)",12-Jun-25,0.137,0.7 m/s,1.84,2.93,3.91,4.85,5.79,6.70,7.62,8.56,9.50,10.54,5.43,9.17,10.20,10.64,10.64,10.99,10.87,10.64,10.64,9.62,4,4
"Gumilar, Jernej (SLO) (2003)",17-Jul-25,0.121,-1.7 m/s,1.89,2.94,3.90,4.83,5.75,6.67,7.59,8.53,9.48,10.54,5.29,9.52,10.42,10.75,10.87,10.87,10.87,10.64,10.53,9.43,7,4
"Iliev, Hristo (BUL) (2005)",17-Jul-25,0.149,-1.7 m/s,1.85,2.94,3.88,4.81,5.75,6.67,7.59,8.53,9.49,10.54,5.41,9.17,10.64,10.75,10.64,10.87,10.87,10.64,10.42,9.52,5,5
"Berlanga, Carlos (ESP) (1972)",23-Jun-01,0.142,1.3 m/s,NaN,3.02,4.01,4.95,NaN,6.79,NaN,8.65,NaN,10.55,NaN,6.62,10.10,10.64,NaN,10.87,NaN,10.75,NaN,10.53,NaN,3
"Ostwald, Ronny (GER) (1974)",31-Aug-01,0.151,0.6 m/s,NaN,3.01,3.98,4.91,NaN,6.74,NaN,8.61,NaN,10.55,NaN,6.64,10.31,10.75,NaN,10.93,NaN,10.70,NaN,10.31,NaN,8
"Suetsugu, Shingo (JPN) (1980)",10-May-08,NaN,0.8 m/s,1.95,3.03,4.00,4.93,5.84,6.75,7.67,8.60,9.56,10.55,5.13,9.26,10.31,10.75,10.99,10.99,10.87,10.75,10.42,10.10,NaN,2
"Ueno, Masahide (JPN) (1983)",10-May-10,NaN,0.8 m/s,1.99,3.03,3.97,4.90,5.81,6.73,7.65,8.59,9.55,10.55,5.03,9.62,10.64,10.75,10.99,10.87,10.87,10.64,10.42,10.00,NaN,4
"Johnson, Chris (USA) (1982)",06-Jul-08,NaN,1.6 m/s,NaN,NaN,3.99,NaN,NaN,6.77,NaN,8.61,NaN,10.55,NaN,NaN,7.52,NaN,NaN,10.79,NaN,10.87,NaN,10.31,4,5
"de Oliveira, Nil (BRA) (1986)",25-Jul-09,NaN,1.1 m/s,NaN,NaN,4.04,NaN,NaN,6.81,NaN,8.65,NaN,10.55,NaN,NaN,7.43,NaN,NaN,10.83,NaN,10.87,NaN,10.53,NaN,1
"Moreira, Jose Carlos (BRA) (1983)",15-Aug-09,0.176,-0.5 m/s,NaN,3.04,4.01,4.94,NaN,6.79,NaN,8.62,NaN,10.55,NaN,6.58,10.31,10.75,NaN,10.81,NaN,10.93,NaN,10.36,4,5
"Saito, Hitoshi (JPN) (1986)",29-Apr-10,NaN,???,NaN,NaN,4.05,NaN,NaN,6.83,NaN,NaN,NaN,10.55,NaN,NaN,7.41,NaN,NaN,10.79,NaN,NaN,NaN,10.75,NaN,NaN
"Rose, Odain (SWE) (1992)",31-Jul-11,NaN,2.0 m/s,NaN,NaN,3.95,NaN,NaN,6.75,NaN,8.62,NaN,10.55,NaN,NaN,7.59,NaN,NaN,10.71,NaN,10.70,NaN,10.36,6,2
"Takahashi, Yu (JPN) (1995)",31-Jul-13,NaN,0.1 m/s,1.98,3.07,4.05,4.99,5.91,6.82,7.74,8.66,9.59,10.55,5.05,9.17,10.20,10.64,10.87,10.99,10.87,10.87,10.75,10.42,NaN,3
"Kobayashi, Yuichi (JPN) (1989)",20-Apr-14,NaN,1.9 m/s,1.95,3.04,4.03,4.97,5.90,6.81,7.73,8.65,9.58,10.55,5.13,9.17,10.10,10.64,10.75,10.99,10.87,10.87,10.75,10.31,8,7
"Darkwah, Tony (SWE) (1986)",20-Jul-14,interval,1.5 m/s,NaN,NaN,4.07,NaN,NaN,6.83,NaN,8.66,NaN,10.55,NaN,NaN,NaN,NaN,NaN,NaN,NaN,NaN,NaN,NaN,1,4-7
"Darkwah, Tony (SWE) (1986)",31-Jul-16,NaN,1.4 m/s,NaN,4.07,NaN,NaN,6.72,NaN,NaN,NaN,10.55,10.55,NaN,7.37,NaN,NaN,11.32,NaN,NaN,NaN,10.44,9.48,5,2
"Sosui, Mizukubo (JPN) (1999)",05-Oct-19,0.149,-0.1 m/s,NaN,4.03,NaN,5.91,NaN,NaN,NaN,NaN,10.55,10.55,NaN,7.44,NaN,3.38,NaN,NaN,NaN,NaN,10.78,9.48,6,7
"Inoue, Mizuki (JPN) (2003)",23-Aug-20,0.151,0.7 m/s,1.88,2.96,3.95,4.89,5.82,6.74,7.67,8.62,9.57,10.55,5.32,9.26,10.10,10.64,10.75,10.87,10.75,10.53,10.53,10.20,2,8
"Shimada, Kaishin (JPN) (2002)",24-Oct-20,0.164,0.6 m/s,1.93,3.02,4.00,4.94,5.87,6.78,7.70,8.63,9.58,10.55,5.18,9.17,10.20,10.64,10.75,10.99,10.87,10.75,10.53,10.31,5,3
"Fujiwara, Ryusei (JPN)",27-May-23,NaN,0.9 m/s,NaN,NaN,4.03,NaN,NaN,6.83,NaN,NaN,9.60,10.55,NaN,NaN,7.44,NaN,NaN,10.71,NaN,NaN,10.83,10.53,5,1
"Rogo, Desmond (SWE) (1996)",02-Jul-23,0.133,-0.1 m/s,1.99,3.09,4.08,5.03,5.95,6.86,7.77,8.69,9.62,10.55,5.03,9.09,10.10,10.53,10.87,10.99,10.99,10.87,10.75,10.75,6,4
Wang Shengjie (CHN) (2000),21-Jul-23,0.158,-0.6 m/s,1.95,3.01,3.99,4.93,5.85,6.77,7.68,8.60,9.54,10.55,5.13,9.43,10.20,10.64,10.87,10.87,10.99,10.87,10.64,9.90,6,1
Ren Tinghui (CHN) (2003),01-Jun-24,0.139,0.0 m/s,1.92,2.96,3.92,4.86,5.78,6.71,7.65,8.59,9.56,10.55,5.21,9.62,10.42,10.64,10.87,10.75,10.64,10.64,10.31,10.10,8,1
"Adam, Ibadulla (MDV) (2002)",03-Aug-24,0.161,0.2 m/s,1.92,3.01,3.98,4.92,5.82,6.72,7.65,8.60,9.57,10.55,5.21,9.17,10.31,10.64,11.11,11.11,10.75,10.53,10.31,10.20,5,5
Zhang Tao (CHN) (2003),26-Apr-25,0.156,0.5 m/s,1.98,3.07,4.04,4.98,5.90,6.80,7.70,8.63,9.59,10.55,5.05,9.17,10.31,10.64,10.87,11.11,11.11,10.75,10.42,10.42,5,1
"Homstad, Jergen (NOR) (2002)",12-Jun-25,0.170,0.7 m/s,1.92,3.03,4.00,4.94,5.85,6.76,7.67,8.60,9.54,10.55,5.21,9.01,10.31,10.64,10.99,10.99,10.99,10.75,10.64,9.90,8,5
"Kobayashi, Yuichi (JPN) (1989)",03-Aug-07,NaN,0.7 m/s,NaN,3.05,4.03,4.97,5.89,6.80,7.72,8.64,9.58,10.56,NaN,6.56,10.20,10.64,10.87,10.99,10.87,10.87,10.64,10.20,4,1
"Broening, Marius (GER) (1983)",14-Jun-09,0.205,1.5 m/s,NaN,3.06,4.04,4.97,NaN,6.79,NaN,8.66,NaN,10.56,NaN,6.54,10.20,10.75,NaN,10.99,NaN,10.70,NaN,10.53,NaN,3
"Onabuta, Yu (JPN) (1994)",30-Jul-09,NaN,1.1 m/s,NaN,NaN,4.00,4.92,5.85,6.77,7.70,8.63,NaN,10.56,NaN,NaN,7.50,10.87,10.75,10.87,10.75,10.75,NaN,10.36,5,3
"Horie, Shintaro (JPN) (1990)",20-Apr-14,NaN,0.6 m/s,1.97,3.05,4.03,4.97,5.90,6.82,7.74,8.66,9.60,10.56,5.08,9.26,10.20,10.64,10.75,10.87,10.87,10.87,10.64,10.42,7,4
"Nashimoto, Masaki (JPN) (1993)",20-Apr-14,NaN,0.6 m/s,1.98,3.05,4.02,4.95,5.87,6.78,7.70,8.63,9.58,10.56,5.05,9.35,10.31,10.75,10.87,10.99,10.87,10.75,10.53,10.20,1,5
"Andersson, Patrik (SWE) (1991)",20-Jul-14,NaN,0.3 m/s,NaN,NaN,4.05,NaN,NaN,6.81,NaN,8.67,NaN,10.56,NaN,NaN,7.41,NaN,NaN,10.87,NaN,10.75,NaN,10.58,5,1
"Darkwah, Tony (SWE) (1986)",31-Jul-16,NaN,0.7 m/s,NaN,NaN,4.07,NaN,NaN,6.83,NaN,NaN,NaN,10.56,NaN,NaN,7.37,NaN,NaN,10.87,NaN,NaN,NaN,10.72,5,2
"Andersson, Patrik (SWE) (1991)",26-Jul-15,NaN,0.9 m/s,NaN,NaN,4.05,NaN,NaN,6.82,NaN,8.67,NaN,10.56,NaN,NaN,7.41,NaN,NaN,10.83,NaN,10.81,NaN,10.58,4,2
Zhang Haijian (CHN) (2002),26-Apr-23,0.144,-1.6 m/s,1.95,2.99,3.97,4.87,5.77,6.69,7.62,8.56,9.54,10.56,5.13,9.62,10.20,11.11,11.11,10.87,10.75,10.64,10.20,9.80,6,2
Zhang Sai (CHN) (2002),02-Jun-23,0.235,-0.6 m/s,2.00,3.09,4.05,5.00,5.89,6.81,7.74,8.64,9.59,10.56,5.00,9.17,10.42,10.53,11.24,10.87,10.75,11.11,10.53,10.31,3,3
"Kosenkow, Alexander (GER) (1977)",23-Jun-01,0.139,0.6 m/s,NaN,2.99,3.97,4.91,NaN,6.75,NaN,8.61,NaN,10.57,NaN,6.69,10.20,10.64,NaN,10.87,NaN,10.75,NaN,10.20,NaN,4
"Tärnhuvud, Stefan (SWE) (1985)",28-Jul-13,NaN,1.1 m/s,NaN,NaN,4.07,NaN,NaN,6.82,NaN,8.67,NaN,10.57,NaN,NaN,7.37,NaN,NaN,10.91,NaN,10.81,NaN,10.53,3,1
"Otobe, Takumi (JPN) (1989)",26-Apr-14,NaN,1.6 m/s,1.96,3.04,4.01,4.93,5.85,6.77,7.69,8.63,9.59,10.57,5.10,9.26,10.31,10.87,10.87,10.87,10.87,10.64,10.42,10.20,3,1
"Hove Johnansen, Mattias (NOR) (1998)",30-Jul-17,NaN,1.8 m/s,NaN,NaN,4.10,NaN,5.95,6.86,NaN,8.70,NaN,10.57,NaN,NaN,7.32,NaN,10.81,10.99,NaN,10.87,NaN,10.70,3,3
"Domogala, Patrick (GER) (1993)",09-Sep-19,0.157,-1.1 m/s,NaN,NaN,NaN,NaN,6.03,NaN,NaN,NaN,NaN,10.57,NaN,NaN,NaN,NaN,8.29,NaN,NaN,NaN,NaN,11.01,8,7
"Kojima, Takuma (JPN) (2004)",04-Aug-22,0.150,-0.6 m/s,1.90,2.99,3.97,4.92,5.85,6.78,7.71,8.65,9.60,10.57,5.26,9.17,10.20,10.53,10.75,10.75,10.75,10.64,10.53,10.31,7,4
Jiang Junpeng (CHN) (1999),26-Apr-23,0.158,0.8 m/s,1.94,2.99,3.99,4.91,5.85,6.78,7.68,8.62,9.60,10.57,5.15,9.52,10.00,10.87,10.64,10.75,11.11,10.64,10.20,10.31,8,4
Hou Shaoqing (CHN) (1999),26-Apr-23,0.149,0.8 m/s,1.97,3.05,4.00,4.93,5.85,6.78,7.69,8.62,9.58,10.57,5.08,9.26,10.53,10.75,10.87,10.75,10.99,10.75,10.42,10.10,3,5
Quan Yingrui (CHN) (1997),26-May-23,0.165,-0.1 m/s,1.97,3.03,3.99,4.94,5.87,6.80,7.73,8.66,9.61,10.57,5.08,9.43,10.42,10.53,10.75,10.75,10.75,10.75,10.53,10.42,5,2
Liu Suyi (CHN) (1998),26-May-23,0.143,-1.2 m/s,1.95,3.03,4.00,4.93,5.84,6.77,7.69,8.64,9.60,10.57,5.13,9.26,10.31,10.75,10.99,10.75,10.87,10.53,10.42,10.31,5,1
"Hoornaert, Valentijn (BEL) (2000)",04-Jun-23,0.137,0.1 m/s,1.96,3.04,4.02,4.95,5.88,6.80,7.72,8.65,9.59,10.57,5.10,9.26,10.20,10.75,10.75,10.87,10.87,10.75,10.64,10.20,9,4
"Hughes, Isak (SWE) (2005)",02-Jul-23,0.142,-0.1 m/s,2.00,3.08,4.07,5.01,5.93,6.85,7.76,8.70,9.64,10.57,5.00,9.26,10.10,10.64,10.87,10.87,10.99,10.64,10.64,10.75,4,5
Wang Shuang (CHN) (2004),13-May-24,0.147,-0.6 m/s,1.95,3.01,3.99,4.93,5.85,6.77,7.70,8.64,9.59,10.57,5.13,9.43,10.20,10.64,10.87,10.87,10.75,10.64,10.53,10.20,6,1
"Tinch, Cordell (USA) (2000)",01-Jun-25,0.184,-1.9 m/s,2.02,3.08,4.04,4.98,5.89,6.80,7.73,8.68,9.64,10.57,4.95,9.43,10.42,10.64,10.99,10.99,10.75,10.53,10.42,10.75,2,4
"Williams, Dylan (GBR) (2007)",07-Aug-25,0.179,-0.7 m/s,NaN,3.08,4.05,4.99,5.91,6.85,7.77,8.69,9.62,10.57,NaN,6.49,10.31,10.64,10.87,10.64,10.87,10.87,10.75,10.53,6,2
"Begum, Ashik (SUI) (2007)",07-Aug-25,0.134,-0.7 m/s,1.98,3.08,4.06,5.00,5.93,6.86,7.78,8.70,9.64,10.57,5.05,9.09,10.20,10.64,10.75,10.75,10.87,10.87,10.64,10.75,4,3
"Samuels, J-Mee (USA) (1987)",23-Jun-05,NaN,-0.4 m/s,1.97,3.02,3.99,4.94,5.85,6.77,7.70,8.64,9.61,10.58,5.08,9.52,10.31,10.53,10.99,10.87,10.75,10.64,10.31,10.31,4,1
"Osaisai, Wopamo (USA) (1986)",23-Jun-05,NaN,-0.4 m/s,NaN,3.04,4.06,4.96,5.93,6.84,7.74,8.69,9.64,10.58,NaN,6.58,9.80,11.11,10.31,10.99,11.11,10.53,10.53,10.64,8,2
"Worsley, Dominique (USA) (1987)",22-Jun-06,NaN,1.5 m/s,2.04,3.10,4.10,5.04,5.96,6.86,7.75,8.64,9.62,10.58,4.90,9.43,10.00,10.64,10.87,11.11,11.24,11.24,10.20,10.42,6,7
"Kanno, Yuta (JPN) (1980)",10-May-08,NaN,-1.4 m/s,1.96,3.02,3.98,4.92,5.85,6.78,7.71,8.65,9.61,10.58,5.10,9.43,10.42,10.64,10.75,10.75,10.75,10.64,10.42,10.31,NaN,4
"Pessonneaux, Pierre-Alexis (FRA) (1987)",14-Jun-09,NaN,0.2 m/s,NaN,3.04,4.03,4.97,NaN,6.81,NaN,8.68,NaN,10.58,NaN,6.58,10.10,10.64,NaN,10.87,NaN,10.70,NaN,10.53,NaN,7
"Bodrov, Igor (UKR) (1987)",08-Aug-10,NaN,0.7 m/s,NaN,4.04,NaN,NaN,NaN,6.80,NaN,8.65,NaN,10.58,NaN,7.43,NaN,NaN,NaN,10.87,NaN,10.81,NaN,10.36,NaN,6
"Tärnhuvud, Stefan (SWE) (1985)",08-Aug-10,NaN,0.7 m/s,NaN,4.04,NaN,NaN,NaN,6.81,NaN,8.66,NaN,10.58,NaN,7.43,NaN,NaN,NaN,10.83,NaN,10.81,NaN,10.42,NaN,7
"Kadlec, Marcel (CZE) (1994)",15-Jun-13,0.173,1.4 m/s,NaN,3.05,NaN,4.95,NaN,6.78,NaN,8.65,NaN,10.58,NaN,6.56,NaN,10.53,NaN,10.93,NaN,10.70,NaN,10.36,5,2
"Groth, Joel (SWE) (1991)",28-Jul-13,NaN,3.0 m/s,NaN,4.14,NaN,NaN,NaN,6.89,NaN,8.70,NaN,10.58,NaN,7.25,NaN,NaN,NaN,10.91,NaN,11.05,NaN,10.64,1,8
"Takahira, Shinji (JPN) (1984)",20-Apr-14,NaN,0.6 m/s,1.96,3.04,4.01,4.95,5.87,6.79,7.72,8.65,9.85,10.58,5.10,9.26,10.31,10.64,10.87,10.87,10.75,10.75,8.33,13.70,NaN,NaN
"Ishitsuka, Yusuke (JPN) (1987)",20-Apr-14,NaN,2.6 m/s,1.97,3.06,4.05,4.98,5.91,6.83,7.75,8.68,9.62,10.58,5.08,9.17,10.10,10.75,10.75,10.87,10.87,10.75,10.64,10.42,5,3
"Tsukamoto, Justin Junpei (JPN) (2001)",30-Jul-17,0.158,-2.0 m/s,NaN,NaN,4.04,NaN,NaN,6.81,NaN,NaN,9.61,10.58,NaN,NaN,7.43,NaN,NaN,10.83,NaN,NaN,10.71,10.31,4,2
"Fujiwara, Hiroto (JPN) (2003)",23-Aug-20,0.151,0.7 m/s,1.92,3.02,4.01,4.95,5.87,6.78,7.70,8.64,9.59,10.58,5.21,9.09,10.10,10.64,10.87,10.99,10.87,10.64,10.53,10.10,2,7
"Taka, Shoei (JPN) (2002)",24-Oct-20,0.140,0.8 m/s,1.88,2.97,3.96,4.91,5.84,6.77,7.70,8.65,9.60,10.58,5.32,9.17,10.10,10.53,10.75,10.75,10.75,10.53,10.53,10.20,5,1
"Kashafali, Salum Ageze (NOR) (1993)",01-Jul-21,0.132,0.2 m/s,NaN,3.0,NaN,5.0,NaN,6.8,NaN,8.7,NaN,10.58,NaN,6.67,NaN,10.00,NaN,11.11,NaN,10.53,NaN,10.64,5,1
Hou Shaoqing (CHN) (1999),26-Apr-23,0.158,-1.6 m/s,1.93,3.01,3.97,4.91,5.84,6.77,7.70,8.64,9.59,10.58,5.18,9.26,10.42,10.64,10.75,10.75,10.75,10.64,10.53,10.10,5,3
Jia Runze (CHN) (2003),13-May-24,0.168,-0.7 m/s,1.96,3.05,4.05,4.99,5.92,6.83,7.76,8.68,9.63,10.58,5.10,9.17,10.00,10.64,10.75,10.99,10.75,10.87,10.53,10.53,2,1
Li Yanjing (CHN) (2000),13-May-24,0.164,-0.4 m/s,1.95,3.02,3.99,4.94,5.87,6.78,7.70,8.62,9.59,10.58,5.13,9.35,10.31,10.53,10.75,10.99,10.87,10.87,10.31,10.10,9,1
Dai Chenshuai (CHN) (2000),27-May-24,0.169,-0.6 m/s,2.00,3.03,4.05,4.96,NaN,6.79,7.70,8.62,9.58,10.58,5.00,9.71,9.80,10.99,NaN,10.93,10.99,10.87,10.42,10.00,6,3
"Keletela, Dorian Rostan (ART) (1999)",03-Aug-24,0.152,0.2 m/s,1.91,2.99,3.96,4.89,5.82,6.73,7.66,8.60,9.56,10.58,5.24,9.26,10.31,10.75,10.75,10.99,10.75,10.64,10.42,9.80,9,8-7
"Frehe, Jan Eric (GER) (2003)",17-Jul-25,0.124,-1.7 m/s,1.89,2.99,3.95,4.90,5.84,6.76,7.69,8.61,9.55,10.58,5.29,9.09,10.42,10.53,10.64,10.87,10.75,10.87,10.64,9.71,2,6
"Begum, Ashik (SUI) (2007)",08-Aug-25,0.129,-0.7 m/s,1.96,3.07,4.07,5.01,5.95,6.87,7.79,8.72,9.65,10.58,5.10,9.01,10.00,10.64,10.64,10.87,10.87,10.75,10.75,10.75,8,6
"Levorato, Luca (ITA) (1971)",04-Jul-94,NaN,1.0 m/s,1.84,3.00,3.96,4.91,5.82,6.72,NaN,NaN,NaN,10.59,5.43,8.62,10.42,10.53,10.99,11.11,NaN,NaN,NaN,10.34,NaN,NaN
"Wellington, Andre (JAM) (1986)",24-Jul-07,NaN,1.4 m/s,NaN,NaN,4.00,NaN,NaN,6.79,NaN,8.66,NaN,10.59,NaN,NaN,7.50,NaN,NaN,10.75,NaN,10.70,NaN,10.36,NaN,3
"Kawai, Genki (JPN) (1989)",03-Aug-07,NaN,0.7 m/s,NaN,2.97,3.95,4.88,5.81,6.74,7.68,8.62,9.58,10.59,NaN,6.73,10.20,10.75,10.75,10.75,10.64,10.64,10.42,9.90,8,2
"Bangura, Gibrilla Pato (SLE) (1985)",06-Jul-08,NaN,1.6 m/s,NaN,NaN,4.05,NaN,NaN,6.83,NaN,8.67,NaN,10.59,NaN,NaN,7.41,NaN,NaN,10.79,NaN,10.87,NaN,10.42,7,6
"Ernst, Sebastian (GER) (1984)",14-Jun-09,NaN,1.5 m/s,NaN,3.04,4.03,4.97,NaN,6.81,NaN,8.71,NaN,10.59,NaN,6.58,10.10,10.64,NaN,10.87,NaN,10.53,NaN,10.64,NaN,4
"Sakuma, Kota (JPN) (1985)",26-Sep-10,NaN,1.9 m/s,NaN,4.02,NaN,NaN,NaN,6.81,NaN,NaN,NaN,10.59,NaN,7.46,NaN,NaN,NaN,10.75,NaN,NaN,NaN,10.58,NaN,3
"Sanuki, Nariyoshi (JPN) (1994)",30-Jul-12,NaN,0.0 m/s,NaN,NaN,NaN,NaN,5.89,6.79,7.70,8.65,9.60,10.59,NaN,NaN,NaN,NaN,8.49,11.11,10.99,10.53,10.53,10.10,6,3
"Bakalár, Marek (CZE) (1995)",15-Jun-13,0.140,-1.2 m/s,NaN,3.03,NaN,4.95,NaN,6.78,NaN,8.65,NaN,10.59,NaN,6.60,NaN,10.42,NaN,10.93,NaN,10.70,NaN,10.31,4,1
"Nishigaki, Yoshiya (JPN) (1993)",29-Apr-14,NaN,1.3 m/s,1.90,2.96,3.91,4.86,5.79,6.72,7.66,8.61,9.59,10.59,5.26,9.43,10.53,10.53,10.75,10.75,10.64,10.53,10.20,10.00,4,4
"Hagberg, Erik (SWE) (1995)",20-Jul-14,NaN,0.3 m/s,NaN,NaN,4.04,NaN,NaN,6.81,NaN,8.67,NaN,10.59,NaN,NaN,7.43,NaN,NaN,10.83,NaN,10.75,NaN,10.42,2,1
"Khalid, Mahamat Zakaria (QAT) (2002)",28-May-21,0.142,0.9 m/s,NaN,3.1,NaN,5.0,NaN,6.9,NaN,8.8,NaN,10.59,NaN,6.45,NaN,10.53,NaN,10.53,NaN,10.53,NaN,11.17,2,6
"Terasawa, Daiti (JPN) (2003)",29-Jul-21,0.138,1.8 m/s,1.97,3.07,4.05,4.99,5.91,6.82,7.74,8.67,9.62,10.59,5.08,9.09,10.20,10.64,10.87,10.99,10.87,10.75,10.53,10.31,2,7
Li Zeyang (CHN) (2000),02-Jun-23,0.230,-0.3 m/s,2.03,3.13,4.09,5.01,5.94,6.84,7.75,8.68,9.61,10.59,4.93,9.09,10.42,10.87,10.75,11.11,10.99,10.75,10.75,10.20,NaN,NaN
"Fini, Cédric (NED) (2003)",04-Jun-23,0.139,0.1 m/s,1.98,3.08,4.08,5.04,5.97,6.88,7.80,8.72,9.65,10.59,5.05,9.09,10.00,10.42,10.75,10.99,10.87,10.87,10.75,10.64,NaN,NaN
Jiang Junpeng (CHN) (1999),09-Jun-23,0.172,0.5 m/s,1.95,3.03,4.01,4.95,5.87,6.79,7.71,8.64,9.61,10.59,5.13,9.26,10.20,10.64,10.87,10.87,10.87,10.75,10.31,10.20,NaN,NaN
Li Wenjie (CHN) (1998),21-Jul-23,0.147,-0.6 m/s,1.89,2.96,3.95,4.89,5.83,6.79,7.70,8.64,9.59,10.59,5.29,9.35,10.10,10.64,10.64,10.42,10.99,10.64,10.53,10.00,NaN,NaN
"Hoye Yenda Moukou, Frank (GAB) (1996)",03-Aug-24,0.174,0.3 m/s,1.98,3.07,4.05,4.99,5.90,6.82,7.74,8.68,9.64,10.59,5.05,9.17,10.20,10.64,10.99,10.87,10.87,10.64,10.42,10.53,5,3
Wu Haolin (CHN) (2006),02-Jun-23,NaN,-0.8 m/s,2.00,3.11,4.10,5.03,5.96,6.87,7.77,8.71,9.64,10.60,5.00,9.01,10.10,10.75,10.75,10.99,11.11,10.64,10.75,10.42,5,1
Liu Yuchen (CHN) (1999),02-Jun-23,NaN,-1.0 m/s,1.98,3.04,4.02,4.93,5.85,6.77,7.71,8.65,9.63,10.60,5.05,9.43,10.20,10.99,10.87,10.87,10.64,10.64,10.20,10.31,3,2
Zhang Renjie (CHN) (2000),02-Jun-23,0.177,-0.3 m/s,2.00,3.09,4.07,5.01,5.94,6.85,7.77,8.70,9.64,10.60,5.00,9.17,10.20,10.64,10.75,10.99,10.87,10.75,10.64,10.42,1,5
"van der Graaf, Cedrych (NED) (1999)",04-Jun-23,0.137,0.1 m/s,1.96,3.04,4.02,4.96,5.89,6.81,7.73,8.67,9.62,10.60,5.10,9.26,10.20,10.64,10.75,10.87,10.87,10.64,10.53,10.20,1,6
"Svensson, Felix (SUI) (1997)",30-Jun-23,0.144,-0.8 m/s,1.98,3.07,4.06,5.00,5.93,6.85,7.77,8.70,9.64,10.60,5.05,9.17,10.10,10.64,10.75,10.87,10.87,10.75,10.64,10.42,7,2
Liu Qingjie (CHN) (2002),01-Jun-24,0.146,0.0 m/s,1.92,2.96,3.97,4.94,5.88,6.81,7.74,8.68,9.63,10.60,5.21,9.62,9.90,10.31,10.64,10.75,10.75,10.64,10.53,10.31,2,2
"Burraj, Franko (ALB) (1998)",03-Aug-24,0.161,0.1 m/s,1.96,3.08,4.07,5.00,5.93,6.85,7.77,8.69,9.65,10.60,5.10,8.93,10.10,10.75,10.75,10.87,10.87,10.87,10.42,10.53,5,2
"Muzrapov, Favoris (TJK) (1998)",03-Aug-24,0.142,0.1 m/s,1.93,3.01,3.98,4.91,5.83,6.75,7.69,8.64,9.60,10.60,5.18,9.26,10.31,10.75,10.87,10.87,10.64,10.53,10.42,10.00,4,3
"Mårtensson, Torbjörn (SWE) (1972)",20-Jul-94,NaN,1.8 m/s,NaN,NaN,4.09,NaN,NaN,6.87,NaN,8.70,NaN,10.61,NaN,NaN,7.33,NaN,NaN,10.79,NaN,10.93,NaN,10.47,NaN,3
"Wellington, Andre (JAM) (1986)",06-Jul-08,NaN,1.6 m/s,NaN,NaN,3.97,NaN,NaN,6.78,NaN,8.69,NaN,10.61,NaN,NaN,7.56,NaN,NaN,10.68,NaN,10.47,NaN,10.42,5,7
"Sennung, David (SWE) (1991)",31-Jul-11,NaN,2.0 m/s,NaN,NaN,4.06,NaN,NaN,6.85,NaN,8.70,NaN,10.61,NaN,NaN,7.39,NaN,NaN,10.75,NaN,10.81,NaN,10.47,4,3
"Miyamoto, Daisuke (JPN) (1999)",30-Jul-16,0.138,3.0 m/s,NaN,2.90,3.94,4.90,5.83,6.74,7.69,8.65,NaN,10.61,NaN,6.90,9.62,10.42,10.75,10.99,10.53,10.42,NaN,10.20,NaN,1
"Taka, Shoei (JPN) (2002)",06-Sep-20,NaN,0.6 m/s,1.88,2.99,3.99,4.95,5.88,6.81,7.74,8.68,9.63,10.61,5.32,9.01,10.00,10.42,10.75,10.75,10.75,10.64,10.53,10.20,NaN,5
"Taka, Shoei (JPN) (2002)",24-Oct-20,0.173,0.6 m/s,1.92,3.02,4.02,4.97,5.91,6.84,7.77,8.70,9.65,10.61,5.21,9.09,10.00,10.53,10.64,10.75,10.75,10.75,10.53,10.42,8,4
"Martina, Churandy (NED) (1984)",06-Jun-22,0.141,-0.3 m/s,NaN,3.1,NaN,5.0,NaN,6.9,NaN,8.7,NaN,10.61,NaN,6.45,NaN,10.53,NaN,10.53,NaN,11.11,NaN,10.47,3,9
Cheng Jiajun (CHN) (2002),26-Apr-23,0.160,0.8 m/s,2.02,3.08,4.07,5.01,5.93,6.84,7.75,8.69,9.63,10.61,4.95,9.43,10.10,10.64,10.87,10.99,10.99,10.64,10.64,10.20,2,6
"Tebogo, Letsile (BOT) (2003)",16-Sep-23,0.146,0.1 m/s,1.90,2.96,3.90,4.80,5.68,6.55,7.45,8.37,9.39,10.61,5.26,9.43,10.64,11.11,11.36,11.49,11.11,10.87,9.80,8.20,6,8
"Jumaah, Jassim (QAT) (2009)",16-May-25,0.131,1.4 m/s,1.87,2.96,3.92,4.86,5.79,6.72,7.66,8.61,9.57,10.61,5.35,9.17,10.42,10.64,10.75,10.75,10.64,10.53,10.42,9.62,4,6
"Youssouf, Mahamat Goubaye (CHA) (19)",16-May-25,0.188,1.1 m/s,1.91,3.01,3.97,4.89,5.79,6.68,7.56,8.45,9.43,10.61,5.24,9.09,10.42,10.87,11.11,11.24,11.36,11.24,10.20,8.47,1,5
"Escandell, Marc (ESP) (2004)",17-Jul-25,0.133,-1.0 m/s,1.89,2.96,3.94,4.87,5.78,6.69,7.61,8.58,9.55,10.61,5.29,9.35,10.20,10.75,10.99,10.99,10.87,10.31,10.31,9.43,8,6
"Čurin Prapotnik, Anej (SLO) (2003)",17-Jul-25,0.144,-1.0 m/s,1.87,2.97,3.92,4.88,5.78,6.70,7.64,8.59,9.55,10.61,5.35,9.09,10.53,10.42,11.11,10.87,10.64,10.53,10.42,9.43,1,7
"Wilson, Teddy (GBR) (2006)",07-Aug-25,0.233,-0.1 m/s,1.92,2.99,3.96,4.92,5.85,6.80,7.73,8.66,9.59,10.61,5.21,9.35,10.31,10.42,10.75,10.53,10.75,10.75,10.75,9.80,6,2
"Chanteur, Lenny (FRA) (2006)",07-Aug-25,0.178,-0.1 m/s,1.92,2.99,3.96,4.92,5.85,6.80,7.73,8.66,9. 59,10.61,5.21,9.35,10.31,1O42,10.75,10.53,10.75,10.75,10.75,9.80,6,2
"Smirnov, Aleksandr (RUS) (1974)",23-Jun-01,0.206,0.6 m/s,3.08,4.05,4.97,NaN,6.82,NaN,8.67,NaN,10.62,10.62,6.49,10.31,10.87,NaN,10.81,NaN,10.81,NaN,10.26,9.42,NaN,6
"Schacht, Christian (GER) (1976)",23-Jun-01,0.164,1.3 m/s,3.04,4.04,4.99,NaN,6.85,NaN,8.71,NaN,10.62,10.62,6.58,10.00,10.53,NaN,10.75,NaN,10.75,NaN,10.47,9.42,NaN,6
"Rouge-Serret, Aaron (AUS) (1988)",10-May-08,NaN,-1.4 m/s,1.97,3.04,4.01,4.94,5.86,6.78,7.71,8.64,9.59,10.62,5.08,9.35,10.31,10.75,10.87,10.87,10.75,10.75,10.53,9.71,NaN,5
"Hayamizu, Isamu (JPN) (1990)",30-Jul-08,NaN,-0.1 m/s,2.01,3.11,4.10,5.04,5.96,6.89,7.80,8.73,9.67,10.62,9.95,9.09,10.10,10.64,10.87,10.75,10.99,10.75,10.64,10.53,NaN,3
"Mogstad, Christian Settemsl (NOR) (19)",31-Jul-11,NaN,2.8 m/s,NaN,4.07,NaN,NaN,6.86,NaN,8.70,NaN,10.62,10.62,NaN,NaN,7.37,NaN,10.75,NaN,10.87,NaN,10.42,9.42,7,1
"Zich, Václav (CZE) (1990)",15-Jun-13,0.156,0.8 m/s,1.99,3.07,4.05,5.00,5.93,6.85,7.77,8.70,9.65,10.62,5.03,9.26,10.20,10.53,10.75,10.87,10.87,10.75,10.53,10.31,7,4
"Kadowaki, Riku (JPN) (2000)",26-May-18,NaN,2.3 m/s,NaN,NaN,4.03,NaN,6.87,NaN,NaN,9.65,10.62,10.62,NaN,NaN,7.44,NaN,10.56,NaN,NaN,10.79,10.31,9.42,6,1
"Hayashi, Kanata (JPN) (2001)",24-Oct-20,0.149,-0.2 m/s,1.90,2.98,3.97,4.91,5.84,6.77,7.71,8.66,9.63,10.62,5.26,9.26,10.10,10.64,10.75,10.75,10.64,10.53,10.31,10.10,5,1
"Kato, Shinnosuke (JPN) (2002)",24-Oct-20,0.173,0.6 m/s,1.98,3.08,4.07,5.02,5.95,6.87,7.79,8.72,9.66,10.62,5.05,9.09,10.10,10.53,10.75,10.87,10.87,10.75,10.64,10.42,1,5
"Mori, Yuhi (JPN) (2003)",29-Jul-21,0.159,1.8 m/s,1.96,3.05,4.04,4.99,5.92,6.85,7.78,8.72,9.67,10.62,5.10,9.17,10.10,10.53,10.75,10.75,10.75,10.64,10.53,10.53,8,8
"Erius, Jeff (FRA) (2004)",18-Jun-22,0.160,-1.6 m/s,NaN,3.07,NaN,4.98,NaN,6.84,NaN,8.71,NaN,10.62,NaN,6.51,NaN,10.47,NaN,10.75,NaN,10.70,NaN,10.47,6,8
Zhang Sai (CHN) (2002),02-Jun-23,NaN,-0.7 m/s,2.08,3.13,4.10,5.04,5.96,6.87,7.78,8.70,9.66,10.62,4.81,9.52,10.31,10.64,10.87,10.99,10.99,10.87,10.42,10.42,6,1
Guo Yiyang (CHN) (2000),09-Jun-23,0.157,0.5 m/s,1.99,3.06,4.07,5.00,5.92,6.84,7.75,8.68,9.62,10.62,5.03,9.35,9.90,10.75,10.87,10.87,10.99,10.75,10.64,10.00,6,2
Zhang Haijian (CHN) (2002),21-Jul-23,0.158,-0.6 m/s,1.93,2.99,3.97,4.91,5.83,6.79,7.70,8.64,9.61,10.62,5.18,9.43,10.20,10.64,10.87,10.42,10.99,10.64,10.31,9.90,4,3
Wang Xinkai (CHN) (2004),13-May-24,0.172,-0.7 m/s,2.00,3.09,4.08,5.04,5.97,6.89,7.82,8.73,9.66,10.62,5.00,9.17,10.10,10.42,10.75,10.87,10.75,10.99,10.75,10.42,7,1
"Edagi, Ren (JPN) (2006)",25-May-24,NaN,0.5 m/s,NaN,NaN,4.08,NaN,NaN,6.87,NaN,NaN,9.65,10.62,NaN,NaN,7.35,NaN,NaN,10.75,NaN,NaN,10.79,10.31,4,1
"Huting, Thijmen (NED) (2005)",07-Jul-24,0.143,-0.6 m/s,1.95,3.04,4.03,4.98,5.91,6.84,7.77,8.72,9.67,10.62,5.13,9.17,10.10,10.53,10.75,10.75,10.75,10.53,10.53,10.53,3,3
Diu Chun Hei (HKG) (2000),03-Aug-24,0.171,0.1 m/s,1.97,3.04,4.00,4.93,5.83,6.75,7.69,8.64,9.62,10.62,5.08,9.35,10.42,10.75,11.11,10.87,10.64,10.53,10.20,10.00,3,4
"Sicobo, Dyland (SEY) (1997)",03-Aug-24,0.145,-0.2 m/s,1.93,3.02,4.00,4.93,5.85,6.76,7.70,8.66,9.63,10.62,5.18,9.17,10.20,10.75,10.87,10.99,10.64,10.42,10.31,10.10,9,9
"Williams, Dylan (GBR) (2007)",08-Aug-25,0.127,-0.7 m/s,2.01,3.05,4.04,4.99,5.92,6.85,7.79,8.73,9.66,10.62,4.98,9.62,10.10,10.53,10.75,10.75,10.64,10.64,10.75,10.42,2,7
"Menchini, Marco (ITA) (1968)",04-Jul-94,NaN,1.0 m/s,1.88,3.04,4.03,4.97,5.92,6.86,NaN,NaN,NaN,10.63,5.32,8.62,10.10,10.64,10.53,10.64,NaN,NaN,NaN,10.61,NaN,NaN
"Pritchett, Matthieu (USA) (1980)",23-Jun-05,NaN,-0.4 m/s,1.95,3.04,4.06,5.02,5.94,6.85,7.78,8.73,9.66,10.63,5.13,9.17,9.80,10.42,10.87,10.99,10.75,10.53,10.75,10.31,5,3
"Sugawara, Shin (JPN) (1983)",29-Apr-08,NaN,2.0 m/s,1.96,3.05,4.03,4.97,5.90,6.83,7.75,8.69,9.63,10.63,5.10,9.17,10.20,10.64,10.75,10.75,10.87,10.64,10.64,10.00,NaN,7
"Kasyanov, Oleksiy (UKR) (1985)",19-Aug-09,0.162,0.2 m/s,NaN,3.08,NaN,5.01,NaN,6.89,NaN,8.73,NaN,10.63,NaN,6.49,NaN,10.36,NaN,10.64,NaN,10.87,NaN,10.53,6,4
"Erewa, Robin (GER) (1991)",06-Aug-10,NaN,0.5 m/s,NaN,3.14,4.12,5.05,NaN,6.90,NaN,8.74,NaN,10.63,NaN,6.37,10.20,10.75,NaN,10.81,NaN,10.87,NaN,10.58,NaN,1
"Oseto, Kazuma (JPN) (1994)",04-Aug-11,NaN,-0.5 m/s,NaN,NaN,NaN,NaN,5.82,6.73,7.68,8.64,9.62,10.63,NaN,NaN,NaN,NaN,8.59,10.99,10.53,10.42,10.20,9.90,7,2
"Kiryu, Yoshihide (JPN) (1995)",30-Jul-12,NaN,0.0 m/s,NaN,NaN,NaN,NaN,5.86,6.76,7.69,8.64,9.61,10.63,NaN,NaN,NaN,NaN,8.53,11.11,10.75,10.53,10.31,9.80,5,4
"Leathart, Tim (AUS) (1989)",11-May-14,NaN,-3.5 m/s,1.99,3.08,4.07,5.01,5.94,6.86,7.79,8.72,9.66,10.63,5.03,9.17,10.10,10.64,10.75,10.87,10.75,10.75,10.64,10.31,6,8
Cui Sen (CHN) (2004),26-May-23,0.186,-1.2 m/s,2.02,3.07,4.07,5.03,5.97,6.89,7.82,8.75,9.69,10.63,4.95,9.52,10.00,10.42,10.64,10.87,10.75,10.75,10.64,10.64,NaN,NaN
Ling Chun (CHN) (2001),02-Jun-23,NaN,-1.0 m/s,1.98,3.06,4.05,4.97,5.90,6.82,7.75,8.68,9.66,10.63,5.05,9.26,10.10,10.87,10.75,10.87,10.75,10.75,10.20,10.31,NaN,NaN
Chen Zhiwang (CHN) (2001),02-Jun-23,NaN,-0.3 m/s,1.95,3.00,3.97,4.94,5.84,6.77,7.71,8.67,9.66,10.63,5.13,9.52,10.31,10.31,11.11,10.75,10.64,10.42,10.10,10.31,NaN,NaN
Wang Xinkai (CHN) (2004),01-Jun-24,0.177,0.0 m/s,2.02,3.08,4.07,5.02,5.96,6.86,7.79,8.72,9.65,10.63,4.95,9.43,10.10,10.53,10.64,11.11,10.75,10.75,10.75,10.20,5,3
"Abeykoon, Yupun (SRI) (1994)",02-Jun-24,NaN,-1.0 m/s,1.95,3.02,3.98,4.90,5.80,6.69,7.58,8.50,9.50,10.63,5.13,9.35,10.42,10.87,11.11,11.24,11.24,10.87,10.00,8.85,8,8
"Beard, Dylan (USA) (1998)",04-May-25,0.180,0.7 m/s,2.02,3.06,4.04,4.96,5.89,6.86,7.73,8.69,9.67,10.63,4.95,9.62,10.20,10.87,10.75,10.31,11.49,10.42,10.20,10.42,2,5
"Al Awamleh, Zaid (JOR) (2002)",16-May-25,0.195,1.4 m/s,2.01,3.05,4.04,4.98,5.92,6.85,7.77,8.69,9.62,10.63,4.98,9.62,10.10,10.64,10.64,10.75,10.87,10.87,10.75,9.90,1,7
"Suyama, Takumi (JPN)",31-May-25,NaN,2.7 m/s,NaN,NaN,4.05,NaN,NaN,6.83,NaN,NaN,9.65,10.63,NaN,NaN,7.41,NaN,NaN,10.79,NaN,NaN,10.64,10.20,7,2
"Gonzales Rudolph, Emilio (GER) (2003)",18-Jul-25,0.142,-2.0 m/s,1.95,3.04,3.99,4.93,5.86,6.78,7.70,8.64,9.60,10.63,5.13,9.17,10.53,10.64,10.75,10.87,10.87,10.64,10.42,9.71,1,8
"Orlando, Daniele (ITA) (2007)",07-Aug-25,0.129,-0.7 m/s,1.93,3.01,3.99,4.94,5.86,6.81,7.74,8.70,9.66,10.63,5.18,9.26,10.20,10.53,10.87,10.53,10.75,10.42,10.42,10.31,2,4
"Libura, Sebastian (POL) (2006)",07-Aug-25,0.145,-0.5 m/s,1.97,3.09,4.08,5.02,5.95,6.88,7.80,8.73,9.67,10.63,5.08,8.93,10.10,10.64,10.75,10.75,10.87,10.75,10.64,10.42,7,3
"Warburton, George (GBR) (2006)",07-Aug-25,0.158,-0.5 m/s,1.93,3.02,4.00,4.94,5.88,6.81,7.74,8.70,9.66,10.63,5.18,9.17,10.20,10.64,10.64,10.75,10.75,10.42,10.42,10.31,8,4
"Marrocco, Luca (SUI) (2008)",20-Aug-25,0.137,0.5 m/s,1.95,3.05,4.05,4.99,5.93,6.85,7.77,8.71,9.66,10.63,5.13,9.09,10.00,10.64,10.64,10.87,10.87,10.64,10.53,10.31,4,1
"Itounge, Claude (CMR) (2001)",22-Aug-25,0.157,-0.6 m/s,1.92,2.98,3.95,4.87,5.79,6.70,7.62,8.58,9.56,10.63,5.21,9.43,10.31,10.87,10.87,10.99,10.87,10.42,10.20,9.35,8,8
"Blume, Marc (GER) (1973)",8-Aug-91,NaN,-0.4 m/s,1.96,3.03,4.04,4.98,5.88,6.82,7.76,8.70,9.65,10.64,5.10,9.35,9.90,10.64,11.11,10.64,10.64,10.64,10.53,10.10,NaN,5
"Keller, Martin (GER) (1986)",14-Jun-09,0.197,0.2 m/s,NaN,3.12,4.11,5.05,NaN,6.88,NaN,8.75,NaN,10.64,NaN,6.41,10.10,10.64,NaN,10.93,NaN,10.70,NaN,10.58,NaN,8
"Dasaolu, James (GBR) (1987)",14-Jun-09,0.178,1.4 m/s,NaN,2.97,3.91,4.81,NaN,6.56,NaN,8.36,NaN,10.64,NaN,6.73,10.64,11.11,NaN,11.43,NaN,11.11,NaN,8.77,NaN,9
"Åberg, Oskar (SWE) (1989)",08-Aug-10,NaN,1.8 m/s,NaN,NaN,4.04,NaN,NaN,6.85,NaN,8.71,NaN,10.64,NaN,NaN,7.43,NaN,NaN,10.68,NaN,10.75,NaN,10.36,NaN,1
"Cambridge, Aska (JPN) (1993)",04-Aug-11,NaN,-0.5 m/s,NaN,NaN,NaN,NaN,5.91,6.82,7.75,8.69,9.65,10.64,NaN,NaN,NaN,NaN,8.46,10.99,10.75,10.64,10.42,10.10,4,3
"Olsson, Benjamin (SWE) (1991)",17-Jun-12,NaN,0.1 m/s,NaN,NaN,4.11,NaN,NaN,6.92,NaN,8.75,NaN,10.64,NaN,NaN,7.30,NaN,NaN,10.68,NaN,10.93,NaN,10.58,NaN,5
"Maslák, Pavel (CZE) (1991)",15-Jun-13,0.159,-3.2 m/s,NaN,3.06,NaN,4.99,NaN,6.83,NaN,8.70,NaN,10.64,NaN,6.54,NaN,10.36,NaN,10.87,NaN,10.70,NaN,10.31,4,1
"Oshima, Kenta (JPN) (1997)",31-Jul-14,NaN,-2.0 m/s,1.92,3.01,4.00,4.95,5.89,6.82,7.75,8.70,9.66,10.37,5.21,9.17,10.10,10.53,10.64,10.75,10.75,10.53,10.42,14.08,NaN,1
"Fukushima, Kiyoshi (JPN) (2000)",30-Jul-17,0.138,-2.0 m/s,NaN,NaN,4.01,NaN,NaN,6.81,NaN,NaN,9.64,10.64,NaN,NaN,7.48,NaN,NaN,10.71,NaN,NaN,10.60,10.00,6,3
Suo Gaofei (CHN) (2001),26-Apr-23,0.176,-1.2 m/s,2.03,3.11,4.10,5.02,5.95,6.89,7.80,8.72,9.67,10.64,4.93,9.26,10.10,10.87,10.75,10.64,10.99,10.87,10.53,10.31,7,1
"Edagi, Ren (JPN) (2006)",27-May-23,NaN,0.9 m/s,NaN,NaN,4.08,NaN,NaN,6.90,NaN,NaN,9.65,10.64,NaN,NaN,7.35,NaN,NaN,10.64,NaN,NaN,10.91,10.10,4,2
Cui Sen (CHN) (2004),02-Jun-23,NaN,-0.4 m/s,2.02,3.09,4.10,5.05,5.99,6.90,7.81,8.75,9.68,10.64,4.95,9.35,9.90,10.53,10.64,10.99,10.99,10.64,10.75,10.42,2,2
Jiang Junpeng (CHN) (1999),02-Jun-23,NaN,-0.9 m/s,1.97,3.03,4.01,4.96,5.88,6.79,7.73,8.67,9.64,10.64,5.08,9.43,10.20,10.53,10.87,10.99,10.64,10.64,10.31,10.00,3,2
Jiang Junpeng (CHN) (1999),02-Jun-23,0.203,-0.3 m/s,2.00,3.07,4.04,4.96,5.89,6.83,7.74,8.69,9.66,10.64,5.00,9.35,10.31,10.87,10.75,10.64,10.99,10.53,10.31,10.20,7,7
"Snyders, Antoine (BEL) (1997)",04-Jun-23,0.141,0.1 m/s,2.01,3.12,4.11,5.05,5.97,6.88,7.80,8.72,9.67,10.64,4.98,9.01,10.10,10.64,10.87,10.99,10.87,10.87,10.53,10.31,4,7
"Noor Zahi, Sha Mahmood (AFG) (1991)",03-Aug-24,0.174,0.6 m/s,2.03,3.11,4.08,5.01,5.92,6.83,7.77,8.71,9.67,10.64,4.93,9.26,10.31,10.75,10.99,10.99,10.64,10.64,10.42,10.31,5,4
"Haas, Christian (FRG) (1958)",29-Aug-87,0.176,-2.9 m/s,1.99,3.07,4.09,5.01,5.94,6.88,7.81,8.75,9.70,10.65,5.03,9.26,9.80,10.87,10.75,10.64,10.75,10.64,10.53,10.53,1,5
"Juusela, Lasse (FIN) (1972)",20-Jul-94,NaN,1.8 m/s,NaN,NaN,4.00,NaN,NaN,6.81,NaN,8.72,NaN,10.65,NaN,NaN,7.50,NaN,NaN,10.68,NaN,10.47,NaN,10.36,NaN,4
"Miyazaki, Takashi (JPN) (1990)",30-Jul-08,NaN,-0.1 m/s,1.94,3.00,3.97,4.91,5.84,6.77,7.72,8.69,9.66,10.65,10.31,9.43,10.31,10.64,10.75,10.75,10.53,10.31,10.31,10.10,NaN,4
"Erewa, Robin (GER) (1991)",06-Aug-10,NaN,1.0 m/s,NaN,3.15,4.14,5.08,NaN,6.92,NaN,8.77,NaN,10.65,NaN,6.35,10.10,10.64,NaN,10.87,NaN,10.81,NaN,10.64,NaN,1
"Sakuma, Kota (JPN) (1985)",26-Sep-10,NaN,1.1 m/s,NaN,NaN,4.04,NaN,NaN,6.84,NaN,NaN,NaN,10.65,NaN,NaN,7.43,NaN,NaN,10.71,NaN,NaN,NaN,10.50,NaN,6
"Uozato, Yusuke (JPN) (1994)",30-Jul-12,NaN,0.0 m/s,NaN,NaN,NaN,NaN,5.92,6.83,7.75,8.70,9.66,10.65,NaN,NaN,NaN,NaN,8.45,10.99,10.87,10.53,10.42,10.10,1,6
"Koike, Yuki (JPN) (1995)",30-Jul-12,NaN,0.0 m/s,NaN,NaN,NaN,NaN,5.93,6.85,7.77,8.72,9.67,10.65,NaN,NaN,NaN,NaN,8.43,10.87,10.87,10.53,10.53,10.20,2,7
"Ojuri, Sunday (SWE) (1993)",28-Jul-13,NaN,1.7 m/s,NaN,NaN,4.13,NaN,NaN,6.92,NaN,8.76,NaN,10.65,NaN,NaN,7.26,NaN,NaN,10.75,NaN,10.87,NaN,10.58,5,1
"Bah, Sulayman (GAM) (1986)",28-Jul-13,NaN,1.1 m/s,NaN,NaN,4.10,NaN,NaN,6.88,NaN,8.73,NaN,10.65,NaN,NaN,7.32,NaN,NaN,10.79,NaN,10.81,NaN,10.42,4,2
"Kawakami, Takuya (JPN) (1995)",31-Jul-13,NaN,0.1 m/s,1.97,3.05,4.03,4.97,5.90,6.82,7.75,8.70,9.65,10.65,5.08,9.26,10.20,10.64,10.75,10.87,10.75,10.53,10.53,10.00,NaN,6
"Sasaki, Shuya (JPN) (1995)",31-Jul-13,NaN,0.1 m/s,1.93,3.02,4.01,4.96,5.89,6.82,7.76,8.70,9.66,10.65,5.18,9.17,10.10,10.53,10.75,10.75,10.64,10.64,10.42,10.10,NaN,7
"Armfelt, Carl (SWE) (1984)",20-Jul-14,NaN,0.3 m/s,NaN,NaN,4.10,NaN,NaN,6.89,NaN,8.75,NaN,10.65,NaN,NaN,7.32,NaN,NaN,10.75,NaN,10.75,NaN,10.53,5,2
"Rogo, Desmond (SWE) (1996)",30-Jul-17,NaN,1.8 m/s,NaN,NaN,4.10,NaN,5.95,6.86,NaN,8.73,NaN,10.65,NaN,NaN,7.32,NaN,10.81,10.99,NaN,10.70,NaN,10.42,4,4
"Nakamura, Syota (JPN) (2001)",03-Aug-18,NaN,-0.3 m/s,1.94,3.03,4.01,4.96,5.88,6.81,7.75,8.70,9.66,10.65,5.15,9.17,10.20,10.53,10.87,10.75,10.64,10.53,10.42,10.10,4,4
"Fujiwara, Hiroto (JPN) (2003)",24-Oct-20,0.174,0.6 m/s,1.98,3.07,4.06,5.00,5.92,6.85,7.77,8.71,9.67,10.65,5.05,9.17,10.10,10.64,10.87,10.75,10.87,10.64,10.42,10.20,3,6
"Thor, Viktor (SWE) (2000)",04-Jul-21,0.145,0.5 m/s,NaN,3.1,NaN,5.0,NaN,6.9,NaN,8.8,NaN,10.65,NaN,6.45,NaN,10.53,NaN,10.53,NaN,10.53,NaN,10.81,8,7
"Prescod, Reece (GBR) (1996)",21-May-22,0.136,-0.2 m/s,NaN,3.08,NaN,5.01,NaN,6.86,NaN,8.72,NaN,10.65,NaN,6.49,NaN,10.36,NaN,10.81,NaN,10.75,NaN,10.36,7,7
Li Wenhao (CHN) (2004),30-Aug-22,0.218,-0.1 m/s,2.02,3.11,4.11,5.03,5.96,6.88,7.78,8.73,9.69,10.65,4.95,9.17,10.00,10.87,10.75,10.87,11.11,10.53,10.42,10.42,3,2
Jiang Junpeng (CHN) (1999),26-Apr-23,0.168,0.8 m/s,1.94,3.01,3.99,4.96,5.87,6.82,7.76,8.70,9.65,10.65,5.15,9.35,10.20,10.31,10.99,10.53,10.64,10.64,10.53,10.00,4,1
Jiang Junpeng (CHN) (1999),26-Apr-23,0.163,1.7 m/s,1.95,3.03,3.99,4.94,5.87,6.79,7.74,8.68,9.66,10.65,5.13,9.26,10.42,10.53,10.75,10.87,10.53,10.64,10.20,10.10,5,2
Sun Qingchi (CHN) (2000),26-Apr-23,0.154,1.7 m/s,2.02,3.15,4.17,5.10,6.04,6.96,7.84,8.77,9.71,10.65,4.95,8.85,9.80,10.75,10.64,10.87,11.36,10.75,10.64,10.64,4,2
"Adigida, Onyema (NED) (2000)",04-Jun-23,0.187,0.1 m/s,1.99,3.08,4.07,5.03,5.95,6.87,7.79,8.72,9.66,10.65,5.03,9.17,10.10,10.42,10.87,10.87,10.87,10.75,10.64,10.10,7,8
Jiang Junpeng (CHN) (1999),09-Jun-23,0.163,0.5 m/s,1.94,2.99,3.98,4.92,5.87,6.78,7.70,8.65,9.62,10.65,5.15,9.52,10.10,10.64,10.53,10.99,10.87,10.53,10.31,9.71,4,3
Wang Xinkai (CHN) (2004),27-May-24,0.216,-0.6 m/s,2.04,3.13,4.14,5.08,NaN,6.92,7.83,8.75,9.67,10.65,4.90,9.17,9.90,10.64,NaN,10.87,10.99,10.87,10.87,10.20,5,2
"Pihl, Linus (SWE) (2003)",02-Jun-24,0.148,-1.6 m/s,2.01,3.10,4.08,5.02,5.94,6.91,7.84,8.74,9.68,10.65,4.98,9.17,10.20,10.64,10.87,10.31,10.75,11.11,10.64,10.31,7,5
"Okuda, Keisuke (JPN) (1996)",22-Jun-24,NaN,0.2 m/s,1.96,3.07,4.06,5.01,5.94,6.87,7.80,8.74,9.69,10.65,5.10,9.01,10.10,10.53,10.75,10.75,10.75,10.64,10.53,10.42,2,1
"Snyders, Antoine (BEL) (1997)",14-Sep-24,0.145,0.0 m/s,2.01,3.11,4.11,5.07,5.99,6.91,7.84,8.76,9.70,10.65,4.98,9.09,10.00,10.42,10.87,10.87,10.75,10.87,10.64,10.53,8,7
"Hernandez, Jorge (ESP) (2006)",07-Aug-25,0.180,-0.1 m/s,1.98,3.05,4.02,4.95,5.87,6.80,7.72,8.67,9.65,10.65,5.05,9.35,10.31,10.75,10.87,10.75,10.87,10.53,10.20,10.00,4,3
"Antonov, Nikolay (BUL) (1968)",29-Jun-91,NaN,0.5 m/s,NaN,NaN,4.11,NaN,NaN,6.90,NaN,8.76,NaN,10.66,NaN,NaN,7.30,NaN,NaN,10.75,NaN,10.75,NaN,10.53,4,7
"Kuki, Takumi (JPN) (1992)",30-Jul-10,NaN,-2.1 m/s,1.93,3.00,NaN,4.92,5.85,6.79,7.73,8.69,9.66,10.66,5.18,9.35,NaN,10.42,10.75,10.64,10.64,10.42,10.31,10.00,3,1
"de Oliveira, Nil (SWE) (1986)",26-Jul-15,NaN,1.0 m/s,NaN,NaN,4.08,NaN,NaN,6.89,NaN,8.75,NaN,10.66,NaN,NaN,7.35,NaN,NaN,10.68,NaN,10.75,NaN,10.47,6,6
"Shitara, Oga (JPN) (2001)",24-Oct-20,0.135,-1.1 m/s,1.92,3.02,4.02,4.97,5.91,6.85,7.78,8.73,9.69,10.66,5.21,9.09,10.00,10.53,10.64,10.64,10.75,10.53,10.42,10.31,3,1
"Rose, Odain (SWE) (1992)",04-Jul-21,0.146,0.5 m/s,NaN,3.0,NaN,5.0,NaN,6.8,NaN,8.7,NaN,10.66,NaN,6.67,NaN,10.00,NaN,11.11,NaN,10.53,NaN,10.20,6,8
Wang Xinkai (CHN) (2004),30-Aug-22,0.196,0.0 m/s,2.02,3.09,4.07,5.04,5.97,6.89,7.83,8.75,9.70,10.66,4.95,9.35,10.20,10.31,10.75,10.87,10.64,10.87,10.53,10.42,6,1
Cui Sen (CHN) (2004),26-May-23,0.158,-0.3 m/s,1.98,3.06,4.05,5.01,5.94,6.87,7.80,8.73,9.68,10.66,5.05,9.26,10.10,10.42,10.75,10.75,10.75,10.75,10.53,10.20,7,2
Feng Jinzhou (CHN) (2002),02-Jun-23,NaN,-0.4 m/s,1.98,3.06,4.04,4.96,5.89,6.81,7.74,8.69,9.66,10.66,5.05,9.26,10.20,10.87,10.75,10.87,10.75,10.53,10.31,10.00,3,3
"Sissoko, Fode (MLI) (1996)",03-Aug-24,0.182,-0.4 m/s,2.10,3.21,4.19,5.14,6.05,6.97,7.88,8.80,9.73,10.66,4.76,9.01,10.20,10.53,10.99,10.87,10.99,10.87,10.75,10.75,4,4-3
"Burraj, Franko (ALB) (1998)",03-Aug-24,0.166,0.0 m/s,1.99,3.10,4.09,5.03,5.97,6.90,7.82,8.75,9.70,10.66,5.03,9.01,10.10,10.64,10.64,10.75,10.87,10.75,10.53,10.42,8,8
"Rashad, Ahmad (USA) (1987)",23-Jun-05,NaN,-0.4 m/s,1.98,3.12,4.09,5.05,5.97,6.90,7.80,8.74,9.69,10.67,5.05,8.77,10.31,10.42,10.87,10.75,11.11,10.64,10.53,10.20,6,4
"de Oliveira, Nil (SWE) (1986)",08-Aug-10,NaN,0.7 m/s,NaN,NaN,NaN,4.06,NaN,6.87,NaN,8.73,NaN,10.67,NaN,NaN,NaN,7.39,NaN,10.68,NaN,10.75,NaN,10.31,NaN,8
"Saito, Hitoshi (JPN) (1986)",26-Sep-10,NaN,0.6 m/s,NaN,NaN,NaN,4.04,NaN,6.86,NaN,NaN,NaN,10.67,NaN,NaN,7.43,NaN,10.64,NaN,NaN,NaN,10.50,9.37,NaN,1
"Zail, Emil (SWE) (1987)",31-Jul-11,NaN,2.0 m/s,NaN,4.08,NaN,NaN,6.88,NaN,8.74,NaN,10.67,10.67,NaN,7.35,NaN,NaN,10.71,NaN,10.75,NaN,10.36,9.37,2,4
"Kawakami, Takuya (JPN) (1995)",30-Jul-12,NaN,0.0 m/s,NaN,NaN,NaN,5.88,6.79,7.73,8.69,9.66,10.67,10.67,NaN,NaN,NaN,8.50,10.99,10.64,10.42,10.31,9.90,9.37,9,8
"Sennung, David (SWE) (1991)",28-Jul-13,NaN,1.1 m/s,NaN,4.07,NaN,NaN,6.86,NaN,8.73,NaN,10.67,10.67,NaN,7.37,NaN,NaN,10.75,NaN,10.70,NaN,10.31,9.37,2,3
"Okamura, Yukiya (JPN) (1996)",31-Jul-13,NaN,0.1 m/s,2.01,3.09,4.08,5.03,5.96,6.89,7.83,8.76,9.70,10.67,4.98,9.26,10.10,10.53,10.75,10.75,10.64,10.75,10.64,10.31,NaN,8
"Kuroki, Kaito (JPN) (2005)",04-Aug-22,0.149,-0.6 m/s,1.89,2.99,3.99,4.94,5.88,6.81,7.75,8.71,9.68,10.67,5.29,9.09,10.00,10.53,10.64,10.75,10.64,10.42,10.31,10.10,3,5
"Plesse, Simon (SWE) (2002)",02-Jul-23,0.194,-0.1 m/s,1.99,3.06,4.04,4.98,5.92,6.84,7.78,8.73,9.70,10.67,5.03,9.35,10.20,10.64,10.64,10.87,10.64,10.53,10.31,10.31,1,6
Feng Jinzhou (CHN) (2002),13-May-24,0.175,-0.3 m/s,1.98,3.03,4.01,4.93,5.84,6.75,7.65,8.58,9.51,10.67,5.05,9.52,10.20,10.87,10.99,10.99,11.11,10.75,10.75,8.62,5,1
Jiang Junpeng (CHN) (1999),27-May-24,0.174,-0.3 m/s,1.99,3.03,4.02,4.97,NaN,6.80,7.76,8.71,9.67,10.67,5.03,9.62,10.10,10.53,NaN,10.93,10.42,10.53,10.42,10.00,3,4
"Obasuyi, Michael (BEL) (1999)",04-May-25,0.160,0.7 m/s,2.08,3.14,4.11,5.05,5.98,6.92,7.84,8.78,9.73,10.67,4.81,9.43,10.31,10.64,10.75,10.64,10.87,10.64,10.53,10.64,7,6
"Velnom, Andy (FRA) (1999)",20-Jun-25,0.139,2.8 m/s,1.88,2.98,3.99,4.96,5.90,6.82,7.76,8.69,9.63,10.67,5.32,9.09,9.90,10.31,10.64,10.87,10.64,10.75,10.64,9.62,2,7
"Elofsson, Fredrik (SWE) (1973)",20-Jul-94,NaN,1.8 m/s,NaN,NaN,4.04,NaN,NaN,6.87,NaN,8.75,NaN,10.68,NaN,NaN,7.43,NaN,NaN,10.60,NaN,10.64,NaN,10.36,NaN,5
"Suwannarangsri, Sompote (THA) (1985)",10-May-08,interval,-1.4 m/s,1.97,3.04,4.01,4.94,5.87,6.78,7.71,8.67,9.64,10.68,5.08,9.35,10.31,10.75,10.75,10.99,10.75,10.42,10.31,9.62,NaN,7
"Smith, Devon (USA) (1991)",20-Jun-08,NaN,1.1 m/s,1.97,3.05,4.02,4.95,5.87,6.80,7.74,8.71,9.69,10.68,5.08,9.26,10.31,10.75,10.87,10.75,10.64,10.31,10.20,10.10,1,7
"Šulc, Rostislav (CZE) (1981)",14-Jun-09,0.167,1.5 m/s,NaN,3.11,4.11,5.05,NaN,6.91,NaN,8.81,NaN,10.68,NaN,6.43,10.00,10.64,NaN,10.75,NaN,10.53,NaN,10.70,NaN,5
"Bouraada, Larbi (ALG) (1988)",19-Aug-09,0.131,0.2 m/s,NaN,3.10,NaN,5.04,NaN,6.92,NaN,8.77,NaN,10.68,NaN,6.45,NaN,10.31,NaN,10.64,NaN,10.81,NaN,10.47,1,6
"Domogala, Patrick (GER) (1993)",07-Aug-10,NaN,1.0 m/s,NaN,3.18,4.16,5.10,NaN,6.94,NaN,8.78,NaN,10.68,NaN,6.29,10.20,10.64,NaN,10.87,NaN,10.87,NaN,10.53,NaN,1
"Johansson, Fredrik (SWE) (1986)",08-Aug-10,NaN,1.8 m/s,NaN,NaN,4.16,NaN,NaN,6.95,NaN,8.79,NaN,10.68,NaN,NaN,7.21,NaN,NaN,10.75,NaN,10.87,NaN,10.58,NaN,2
"Sebabi, Nasser (SWE) (1982)",31-Jul-11,NaN,2.0 m/s,NaN,NaN,4.06,NaN,NaN,6.87,NaN,8.73,NaN,10.68,NaN,NaN,7.39,NaN,NaN,10.68,NaN,10.75,NaN,10.26,3,5
"Suda, Hayato (JPN) (1994)",30-Jul-12,NaN,0.0 m/s,NaN,NaN,NaN,NaN,5.85,6.76,7.69,8.66,9.65,10.68,NaN,NaN,NaN,NaN,8.55,10.99,10.75,10.31,10.10,9.71,8,9
"Nordkvist, Robin (SWE) (1993)",20-Jul-14,NaN,3.1 m/s,NaN,NaN,4.09,NaN,NaN,6.88,NaN,8.73,NaN,10.68,NaN,NaN,7.33,NaN,NaN,10.75,NaN,10.81,NaN,10.26,4,1
"Lilja, Johan (SWE) (1995)",20-Jul-14,NaN,0.3 m/s,NaN,NaN,4.12,NaN,NaN,6.92,NaN,8.78,NaN,10.68,NaN,NaN,7.28,NaN,NaN,10.71,NaN,10.75,NaN,10.53,6,3
"Takiuchi, Makoto (JPN) (1996)",31-Jul-14,NaN,-2.0 m/s,1.92,2.99,3.96,4.91,5.85,6.79,7.73,8.69,9.68,10.68,5.21,9.35,10.31,10.53,10.64,10.64,10.64,10.42,10.10,10.00,NaN,2
"Someya, Yoshihiro (JPN) (1998)",30-Jul-15,NaN,-0.8 m/s,NaN,NaN,4.00,4.94,5.92,6.85,7.79,8.72,9.70,10.68,NaN,NaN,7.50,10.64,10.20,10.75,10.64,10.75,10.20,10.20,NaN,5
"Ohitsu, Takahiro (JPN)",26-May-18,NaN,2.3 m/s,NaN,4.07,NaN,NaN,6.91,NaN,NaN,9.68,10.68,10.68,NaN,7.37,NaN,NaN,10.56,NaN,NaN,10.83,10.00,9.36,5,2
"Okubo, Daichi (JPN)",03-Aug-18,NaN,-0.3 m/s,1.96,3.06,4.05,5.00,5.92,6.85,7.79,8.73,9.70,10.68,5.10,9.09,10.10,10.53,10.87,10.75,10.64,10.64,10.31,10.20,3,5
"Bøe, Filip (NOR) (2000)",01-Jul-21,0.129,0.2 m/s,NaN,3.0,NaN,5.0,NaN,6.9,NaN,8.8,NaN,10.68,NaN,6.67,NaN,10.00,NaN,10.53,NaN,10.53,NaN,10.64,6,2
Cui Sen (CHN) (2004),02-Jun-23,0.186,-0.6 m/s,2.00,3.08,4.07,5.03,5.95,6.88,7.81,8.73,9.69,10.68,5.00,9.26,10.10,10.42,10.87,10.75,10.75,10.87,10.42,10.10,2,4
"Crittenden, Freddie (USA) (1994)",04-May-25,0.170,0.7 m/s,2.05,3.13,4.11,5.05,5.97,6.90,7.82,8.78,9.77,10.68,4.88,9.26,10.20,10.64,10.87,10.75,10.87,10.42,10.10,10.99,6,7
"Kemminer, Jakob (GER) (2007)",07-Aug-25,0.165,-0.7 m/s,2.00,3.14,4.13,5.06,5.99,6.92,7.82,8.75,9.71,10.68,5.00,8.77,10.10,10.75,10.75,10.75,11.11,10.75,10.42,10.31,3,5
"Amici, Andrea (ITA) (1971)",04-Jul-94,NaN,1.0 m/s,1.86,3.00,3.99,4.92,5.82,6.74,NaN,NaN,NaN,10.69,5.38,8.77,10.10,10.75,11.11,10.87,NaN,NaN,NaN,10.13,NaN,NaN
"Ridanpää, Tero (FIN) (1972)",20-Jul-94,NaN,1.8 m/s,NaN,NaN,4.06,NaN,NaN,6.89,NaN,8.74,NaN,10.69,NaN,NaN,7.39,NaN,NaN,10.60,NaN,10.81,NaN,10.26,NaN,6
"Dimótsios, Stilianós (GRE) (1974)",23-Jun-01,0.169,1.3 m/s,NaN,3.15,4.15,5.10,NaN,6.96,NaN,8.80,NaN,10.69,NaN,6.35,10.00,10.53,NaN,10.75,NaN,10.87,NaN,10.58,NaN,7
"Tärnhuvud, Stefan (SWE) (1985)",24-Jul-07,NaN,1.4 m/s,NaN,NaN,4.11,NaN,NaN,6.91,NaN,8.77,NaN,10.69,NaN,NaN,7.30,NaN,NaN,10.71,NaN,10.75,NaN,10.42,NaN,4
"Imori, Tadashi (JPN) (1977)",10-May-08,NaN,-1.4 m/s,1.93,2.99,3.97,4.91,5.84,6.78,7.73,8.70,9.68,10.69,5.18,9.43,10.20,10.64,10.75,10.64,10.53,10.31,10.20,9.90,NaN,8
"Wieser, Stefan (GER) (1984)",14-Jun-09,0.191,1.5 m/s,NaN,3.12,4.10,5.04,NaN,6.88,NaN,8.78,NaN,10.69,NaN,6.41,10.20,10.64,NaN,10.87,NaN,10.53,NaN,10.47,NaN,7
"Kuki, Takumi (JPN) (1992)",30-Jul-09,NaN,0.5 m/s,1.95,3.02,4.01,4.96,5.90,6.83,7.77,8.72,9.69,10.69,5.13,9.35,10.10,10.53,10.64,10.75,10.64,10.53,10.31,10.00,6,1
"Nakayama, Yasushi (JPN) (1992)",30-Jul-10,NaN,-2.1 m/s,1.87,2.94,NaN,4.90,5.84,6.79,7.74,8.72,9.69,10.69,5.35,9.35,NaN,10.20,10.64,10.53,10.53,10.20,10.31,10.00,6,2
"Yamagata, Ryota (JPN) (1992)",30-Jul-10,NaN,-2.1 m/s,1.86,2.93,NaN,4.90,5.84,6.80,7.77,8.73,9.70,10.69,5.38,9.35,NaN,10.15,10.64,10.42,10.31,10.42,10.31,10.10,5,3
"Sennung, David (SWE) (1991)",17-Jun-12,NaN,0.1 m/s,NaN,NaN,4.11,NaN,NaN,6.92,NaN,8.78,NaN,10.69,NaN,NaN,7.30,NaN,NaN,10.68,NaN,10.75,NaN,10.47,NaN,6
"Nakamura, Akihiko (JPN) (1990)",26-Apr-14,NaN,1.6 m/s,1.96,3.04,4.02,4.96,5.89,6.83,7.77,8.72,9.69,10.69,5.10,9.26,10.20,10.64,10.75,10.64,10.64,10.53,10.31,10.00,5,2
"Buhagen, Kristoffer (SWE) (1992)",20-Jul-14,NaN,0.3 m/s,NaN,NaN,4.06,NaN,NaN,6.88,NaN,8.77,NaN,10.69,NaN,NaN,7.39,NaN,NaN,10.64,NaN,10.58,NaN,10.42,3,4
"Nakamura, Akihiko (JPN) (1990)",11-Jun-16,NaN,1.8 m/s,1.98,3.06,4.04,4.99,5.93,6.87,7.80,8.74,9.71,10.69,5.05,9.26,10.20,10.53,10.64,10.64,10.75,10.64,10.31,10.20,4,2
Xiao Yuanpeng (CHN) (2000),26-May-23,0.147,-0.1 m/s,1.99,3.06,4.05,5.01,5.94,6.87,7.81,8.76,9.73,10.69,5.03,9.35,10.10,10.42,10.75,10.75,10.64,10.53,10.31,10.42,6,3
"Grillo, Beppo (MLT) (2003)",03-Aug-24,0.154,0.3 m/s,1.97,3.06,4.05,4.99,5.92,6.83,7.79,8.75,9.72,10.69,5.08,9.17,10.10,10.64,10.75,10.99,10.42,10.42,10.31,10.31,3,5
"Ali, Chituru (ITA) (1999)",25-Aug-24,0.179,1.9 m/s,2.00,3.06,4.03,4.94,5.83,6.70,7.58,8.49,9.48,10.69,5.00,9.43,10.31,10.99,11.24,11.49,11.36,10.99,10.10,8.26,7,8
"Engberg, Johan (SWE) (1985)",24-Jul-07,NaN,1.4 m/s,NaN,NaN,4.09,NaN,NaN,6.90,NaN,8.76,NaN,10.70,NaN,NaN,7.33,NaN,NaN,10.68,NaN,10.75,NaN,10.31,NaN,5
"Yano, Shogo (JPN) (1990)",03-Aug-07,NaN,0.7 m/s,NaN,3.04,4.02,4.97,5.91,6.85,7.78,8.73,9.69,10.70,NaN,6.58,10.20,10.53,10.64,10.64,10.75,10.53,10.42,9.90,2,3
"Dreyer, Hannes (RSA) (1985)",14-Jun-09,0.172,0.2 m/s,NaN,3.01,3.99,4.93,NaN,6.81,NaN,8.75,NaN,10.70,NaN,6.64,10.20,10.64,NaN,10.64,NaN,10.31,NaN,10.26,NaN,9
"Schmidt, Roy (GER) (1991)",06-Aug-10,NaN,1.0 m/s,NaN,3.13,4.11,5.05,NaN,6.89,NaN,8.77,NaN,10.70,NaN,6.39,10.20,10.64,NaN,10.87,NaN,10.64,NaN,10.36,NaN,2
"Donati, Roberto (ITA) (1983)",31-Jul-11,NaN,2.8 m/s,NaN,NaN,4.07,NaN,NaN,6.88,NaN,8.76,NaN,10.70,NaN,NaN,7.37,NaN,NaN,10.68,NaN,10.64,NaN,10.31,1,2
"Tsunakawa, Hayato (JPN) (1993)",04-Aug-11,NaN,-0.5 m/s,NaN,NaN,NaN,NaN,5.91,6.85,7.78,8.74,9.71,10.70,NaN,NaN,NaN,NaN,8.46,10.64,10.75,10.42,10.31,10.10,5,4
"Lysne, Torbjørn (NOR) (1990)",17-Jun-12,NaN,2.8 m/s,NaN,NaN,4.18,NaN,NaN,6.98,NaN,8.82,NaN,10.70,NaN,NaN,7.18,NaN,NaN,10.71,NaN,10.87,NaN,10.64,NaN,1
"Skoglund, Björn (SWE) (1991)",28-Jul-13,NaN,1.1 m/s,NaN,NaN,4.10,NaN,NaN,6.89,NaN,8.76,NaN,10.70,NaN,NaN,7.32,NaN,NaN,10.75,NaN,10.70,NaN,10.31,8,4
"Eriguchi, Masashi (JPN) (1988)",20-Apr-14,NaN,1.9 m/s,1.97,3.06,4.03,4.96,5.87,6.79,7.73,8.68,9.67,10.70,5.08,9.17,10.31,10.75,10.99,10.87,10.64,10.53,10.10,9.71,4,8
"Miyamoto, Daisuke (JPN) (1999)",30-Jul-15,NaN,-0.8 m/s,NaN,NaN,4.03,4.97,5.97,6.86,7.78,8.72,9.70,10.70,NaN,NaN,7.44,10.64,10.00,11.24,10.87,10.64,10.20,10.00,NaN,6
"Kawakami, Takuya (JPN) (1995)",05-Oct-19,0.140,-0.1 m/s,NaN,NaN,3.97,NaN,5.81,NaN,NaN,NaN,NaN,10.70,NaN,NaN,7.56,NaN,3.44,NaN,NaN,NaN,NaN,10.22,7,8
"Itsuki, Saito (JPN)",11-Jul-20,interval,1.5 m/s,NaN,NaN,4.03,NaN,NaN,6.83,NaN,NaN,9.72,10.70,NaN,7.44,NaN,10.71,NaN,10.38,10.20,9.35,49.7,7.44,6,1
"Pettersen, Even (NOR) (1993)",01-Jul-21,0.125,0.2 m/s,NaN,3.1,NaN,5.0,NaN,6.9,NaN,8.8,NaN,10.70,NaN,6.45,NaN,10.53,NaN,10.53,NaN,10.53,NaN,10.53,4,3
"Tsurumaki, Yota (JPN) (2005)",04-Aug-22,0.150,-0.6 m/s,1.91,3.02,4.02,4.98,5.92,6.86,7.80,8.75,9.71,10.70,5.24,9.01,10.00,10.42,10.64,10.64,10.64,10.53,10.42,10.10,9,6
Tang Cheng (CHN) (2001),09-Jun-23,0.166,0.6 m/s,1.95,3.05,4.05,5.01,5.94,6.87,7.80,8.74,9.72,10.70,5.13,9.09,10.00,10.42,10.75,10.75,10.75,10.64,10.20,10.20,8,1
"Pagliarini, Francesco (ITA) (2007)",07-Aug-25,0.137,-0.1 m/s,1.96,3.09,4.08,5.05,6.00,6.93,7.85,8.80,9.74,10.70,5.10,8.85,10.10,10.31,10.53,10.75,10.87,10.53,10.64,10.42,2,4
"Ménal, Alex (FRA) (1972)",23-Jun-01,0.128,0.6 m/s,NaN,3.05,4.05,5.00,NaN,6.88,NaN,8.76,NaN,10.71,NaN,6.56,10.00,10.53,NaN,10.64,NaN,10.64,NaN,10.26,NaN,7
"Wims, Jerod (USA) (1986)",23-Jun-05,NaN,-0.4 m/s,1.92,3.07,4.06,5.05,5.98,6.89,7.81,8.79,9.74,10.71,5.21,8.70,10.10,10.10,10.75,10.99,10.87,10.20,10.53,10.31,3,5
"Miyazaki, Takashi (JPN) (1990)",03-Aug-07,NaN,0.7 m/s,NaN,3.02,3.99,4.93,5.87,6.80,7.74,8.69,9.68,10.71,NaN,6.62,10.31,10.64,10.64,10.75,10.64,10.53,10.10,9.71,6,4
"Tsukahara, Naoki (JPN) (1985)",10-May-08,NaN,0.8 m/s,1.92,3.01,4.01,4.96,5.89,6.83,7.77,8.72,9.70,10.71,5.21,9.17,10.00,10.53,10.75,10.64,10.64,10.53,10.20,9.90,NaN,6
"Zail, Emil (SWE) (1987)",25-Jul-09,NaN,1.1 m/s,NaN,NaN,4.05,NaN,NaN,6.87,NaN,8.75,NaN,10.71,NaN,NaN,7.41,NaN,NaN,10.64,NaN,10.64,NaN,10.20,NaN,2
"Magakwe, Simon (RSA) (1985)",15-Aug-09,0.146,0.4 m/s,NaN,3.02,3.99,4.91,NaN,6.76,NaN,8.61,NaN,10.71,NaN,6.62,10.31,10.87,NaN,10.81,NaN,10.81,NaN,9.52,1,6
"Åberg, Oskar (SWE) (1989)",17-Jun-12,NaN,1.0 m/s,NaN,NaN,4.08,NaN,NaN,6.90,NaN,8.77,NaN,10.71,NaN,NaN,7.35,NaN,NaN,10.64,NaN,10.70,NaN,10.31,NaN,3
"Naganuma, Kenji (JPN) (1993)",29-Apr-14,interval,2.3 m/s,1.99,3.09,4.08,5.04,5.97,6.90,7.84,8.78,9.74,10.71,5.03,9.09,10.10,10.42,10.75,10.75,10.64,10.64,10.42,10.31,5,6
"Kondo, Hikaru (JPN) (1996)",31-Jul-14,NaN,-2.0 m/s,1.93,2.99,3.98,4.93,5.87,6.81,7.76,8.73,9.71,10.71,5.18,9.43,10.10,10.53,10.64,10.64,10.53,10.31,10.20,10.00,NaN,3
"Nakamura, Akihiko (JPN) (1990)",04-Jul-15,NaN,1.2 m/s,1.97,3.05,4.03,4.98,5.92,6.85,7.78,8.74,9.70,10.71,5.08,9.26,10.20,10.53,10.64,10.75,10.75,10.42,10.42,9.90,NaN,NaN
"Yamamoto, Mirai (JPN)",03-Aug-18,NaN,-0.3 m/s,1.97,3.08,4.08,5.03,5.96,6.88,7.82,8.76,9.73,10.71,5.08,9.01,10.00,10.53,10.75,10.87,10.64,10.64,10.31,10.20,2,6
"Tamura, Riki (JPN) (2004)",04-Aug-22,0.126,-0.6 m/s,1.89,3.00,4.00,4.95,5.90,6.84,7.78,8.74,9.72,10.71,5.29,9.01,10.00,10.53,10.53,10.64,10.64,10.42,10.20,10.10,8,7
"Thor, Viktor (SWE) (2000)",02-Jul-23,0.145,-0.1 m/s,1.97,3.07,4.07,5.03,5.96,6.90,7.83,8.78,9.74,10.71,5.08,9.09,10.00,10.42,10.75,10.64,10.75,10.53,10.42,10.31,2,7
"Okuda, Keisuke (JPN) (1996)",30-Apr-22,0.117,-0.2 m/s,1.92,3.03,4.03,4.99,5.93,6.87,7.80,8.75,9.72,10.71,5.21,9.01,10.00,10.42,10.64,10.64,10.75,10.53,10.31,10.10,8,1
Cui Sen (CHN) (2004),26-Apr-23,0.192,-1.6 m/s,2.01,3.09,4.07,5.03,5.94,6.86,7.79,8.74,9.69,10.71,4.98,9.26,10.20,10.42,10.99,10.87,10.75,10.53,10.53,9.80,7,4
Song Xinlong (CHN) (2000),13-May-24,0.230,-0.4 m/s,2.00,3.08,4.06,5.00,5.92,6.86,7.80,8.74,9.71,10.71,5.00,9.26,10.20,10.64,10.87,10.64,10.64,10.64,10.31,10.00,4,3
"Rooth, Markus (NOR) (2001)",02-Aug-24,0.151,0.9 m/s,1.98,3.10,4.10,5.06,5.98,6.92,7.86,8.81,9.76,10.71,5.05,8.93,10.00,10.42,10.87,10.64,10.64,10.53,10.53,10.53,8,1
"Giling, Senna (NED) (2006)",07-Aug-25,0.135,-0.1 m/s,1.97,3.08,4.08,5.04,5.97,6.91,7.84,8.79,9.74,10.71,5.08,9.01,10.00,10.42,10.75,10.64,10.75,10.53,10.53,10.31,1,5
"Seire, Herman (EST) (2006)",07-Aug-25,0.165,-0.5 m/s,2.04,3.12,4.11,5.05,6.01,6.93,7.87,8.80,9.75,10.71,4.90,9.26,10.10,10.64,10.42,10.87,10.64,10.75,10.53,10.42,6,5
"Naoki, Koja (JPN)",03-Aug-07,NaN,0.7 m/s,NaN,3.07,4.07,5.00,5.93,6.86,7.79,8.73,9.70,10.72,NaN,6.51,10.00,10.75,10.75,10.75,10.75,10.64,10.31,9.80,5,5
"Hashimoto, Akiyuki (JPN) (1994)",04-Aug-11,NaN,-0.5 m/s,NaN,NaN,NaN,NaN,5.95,6.89,7.82,8.76,9.72,10.72,NaN,NaN,NaN,NaN,8.40,10.64,10.75,10.64,10.42,10.00,1,5
"Idas, Anders Erlend (NOR) (1990)",20-Jul-14,NaN,0.3 m/s,NaN,NaN,4.08,NaN,NaN,6.91,NaN,8.80,NaN,10.72,NaN,NaN,7.35,NaN,NaN,10.60,NaN,10.58,NaN,10.42,2,5
"Armfelt, Carl (SWE) (1984)",26-Jul-15,NaN,0.9 m/s,NaN,NaN,4.10,NaN,NaN,6.91,NaN,8.79,NaN,10.72,NaN,NaN,7.32,NaN,NaN,10.68,NaN,10.64,NaN,10.36,7,3
"Matsuo, Takamasa (JPN) (1998)",30-Jul-16,0.129,3.0 m/s,NaN,2.95,4.01,4.97,5.91,6.87,7.82,8.77,NaN,10.72,NaN,6.78,9.43,10.42,10.64,10.42,10.53,10.53,NaN,10.26,NaN,2
"Fukagawa, Shinpei (JPN) (2002)",24-Oct-20,0.140,-0.2 m/s,1.90,3.01,4.01,4.97,5.91,6.85,7.80,8.75,9.73,10.72,5.26,9.01,10.00,10.42,10.64,10.64,10.53,10.53,10.20,10.10,4,1
"Hayashi, Kanata (JPN) (2001)",24-Oct-20,0.144,-2.4 m/s,1.91,3.00,4.00,4.95,5.90,6.84,7.79,8.75,9.73,10.72,5.24,9.17,10.00,10.53,10.53,10.64,10.53,10.42,10.20,10.10,3,1
"Ogunode, Tosin (QAT) (1994)",28-May-21,0.202,0.9 m/s,NaN,3.4,NaN,5.3,NaN,7.1,NaN,8.9,NaN,10.72,NaN,5.88,NaN,10.53,NaN,11.11,NaN,11.11,NaN,10.99,3,8
Wang Xinkai (CHN) (2004),14-Jul-22,NaN,-0.8 m/s,2.10,3.16,4.18,5.12,6.05,6.99,7.91,8.85,9.78,10.72,4.76,9.43,9.80,10.64,10.75,10.64,10.87,10.64,10.75,10.64,5,3
Cui Sen (CHN) (2004),30-Aug-22,NaN,-0.1 m/s,1.99,3.06,4.04,4.98,5.90,6.84,7.78,8.76,9.73,10.72,5.03,9.35,10.20,10.64,10.87,10.64,10.64,10.20,10.31,10.10,4,3
"Malone, Noah (USA) (T12)",17-Sep-23,0.146,0.0 m/s,1.95,3.02,4.01,4.95,5.89,6.81,7.76,8.72,9.70,10.72,5.13,9.35,10.10,10.64,10.64,10.87,10.53,10.42,10.20,9.80,5,1
"Rogo, Desmond (SWE) (1996)",02-Jun-24,0.153,-1.6 m/s,2.03,3.15,4.13,5.07,6.01,6.94,7.87,8.82,9.77,10.72,4.93,8.93,10.20,10.64,10.64,10.75,10.75,10.53,10.53,10.53,8,6
"Bossé, Béranger (CAF) (1985)",06-Jul-08,NaN,1.6 m/s,NaN,NaN,4.03,NaN,NaN,6.83,NaN,8.73,NaN,10.73,NaN,NaN,7.44,NaN,NaN,10.71,NaN,10.53,NaN,10.00,1,8
"Ishihara, Hiroyuki (JPN) (1990)",30-Jul-08,NaN,-0.1 m/s,2.00,3.07,4.05,4.98,5.91,6.85,7.80,8.77,9.73,10.73,10.00,9.35,10.20,10.75,10.75,10.64,10.53,10.31,10.42,10.00,NaN,NaN
"Nomura, Shogo (JPN) (1990)",30-Jul-08,NaN,-0.1 m/s,1.99,3.08,4.08,5.04,5.98,6.92,7.86,8.81,9.76,10.73,10.05,9.17,10.00,10.42,10.64,10.64,10.64,10.53,10.53,10.31,NaN,NaN
"Storhaug, Lars Jøran (NOR) (1989)",20-Jul-14,NaN,3.1 m/s,NaN,NaN,4.16,NaN,NaN,6.97,NaN,8.80,NaN,10.73,NaN,NaN,7.21,NaN,NaN,10.68,NaN,10.93,NaN,10.36,8,2
"Masuda, Kengo (JPN) (1997)",30-Jul-15,NaN,-0.8 m/s,NaN,NaN,4.02,4.97,5.97,6.89,7.83,8.77,9.75,10.73,NaN,NaN,7.46,10.53,10.00,10.87,10.64,10.64,10.20,10.20,NaN,7
"Uno, Daichi (JPN) (2000)",30-Jul-17,0.132,-2.0 m/s,NaN,NaN,4.05,NaN,NaN,6.88,NaN,NaN,9.74,10.73,NaN,NaN,7.41,NaN,NaN,10.60,NaN,NaN,10.49,10.10,7,4
"Hellbrat, Douglas (SWE) (1995)",30-Jul-17,NaN,1.8 m/s,NaN,NaN,4.11,NaN,NaN,6.01,6.94,NaN,8.82,NaN,NaN,NaN,7.30,NaN,NaN,10.53,10.75,NaN,10.64,NaN,8,6
"Ikeda, Seiryo (JPN) (2002)",05-Oct-19,0.145,-2.3 m/s,NaN,NaN,4.04,NaN,NaN,5.95,NaN,NaN,NaN,NaN,NaN,NaN,7.43,NaN,NaN,3.36,NaN,NaN,NaN,NaN,4,1
Liu Zengsheng (CHN) (2003),02-Jun-23,NaN,-0.8 m/s,2.00,3.09,4.07,5.02,5.98,6.92,7.85,8.79,9.76,10.73,5.00,9.17,10.20,10.53,10.42,10.64,10.75,10.64,10.31,10.31,3,2
"Hirsiger, Alexis (SUI) (2005)",30-Jun-23,0.183,-0.8 m/s,1.99,3.08,4.08,5.03,5.96,6.90,7.84,8.79,9.75,10.73,5.03,9.17,10.00,10.53,10.75,10.64,10.64,10.53,10.42,10.20,5,3
"Kuroki, Kaisho (JPN)",03-Aug-23,0.217,-2.7 m/s,1.95,3.06,4.06,5.02,5.96,6.90,7.84,8.79,9.75,10.73,5.13,9.01,10.00,10.42,10.64,10.64,10.53,10.42,10.20,9.32,4,1
Song Xinlong (CHN) (2000),27-May-24,0.210,-0.8 m/s,2.02,3.09,4.07,5.02,NaN,6.89,7.83,8.77,9.73,10.73,4.95,9.35,10.20,10.53,NaN,10.70,10.64,10.64,10.42,10.00,3,4
"Plesse, Simon (SWE) (2002)",02-Jun-24,0.157,-1.6 m/s,1.99,3.06,4.05,5.00,5.95,6.88,7.84,8.79,9.76,10.73,5.03,9.35,10.10,10.53,10.53,10.75,10.42,10.53,10.31,10.31,3,7
"Rahman, Imran (BAN) (1993)",03-Aug-24,0.133,0.3 m/s,1.94,3.01,3.97,4.89,5.81,6.74,7.71,8.68,9.69,10.73,5.15,9.35,10.42,10.87,10.87,10.75,10.31,10.31,9.90,9.62,8,6
"Tewa, Waisake (FIJ) (2003)",03-Aug-24,0.153,0.3 m/s,1.97,3.07,4.05,5.01,5.92,6.86,7.80,8.76,9.74,10.73,5.08,9.09,10.20,10.42,10.99,10.64,10.64,10.42,10.20,10.10,6,7
"Olsson, Filip (SWE) (2006)",07-Aug-25,0.127,-0.7 m/s,1.96,3.05,4.06,5.01,5.95,6.88,7.82,8.78,9.75,10.73,5.10,9.17,9.90,10.53,10.64,10.75,10.64,10.42,10.31,10.20,8,6
"Delaumenie, Gaei (FRA) (2007)",07-Aug-25,0.151,-0.7 m/s,1.89,3.06,4.04,4.98,5.91,6.84,7.77,8.74,9.72,10.73,5.29,8.55,10.20,10.64,10.75,10.75,10.75,10.31,10.20,9.90,1,7
"Strenius, Patrik (SWE) (1972)",20-Jul-94,NaN,1.8 m/s,NaN,NaN,4.08,NaN,NaN,6.90,NaN,8.78,NaN,10.74,NaN,NaN,7.35,NaN,NaN,10.64,NaN,10.64,NaN,10.20,NaN,7
"Gehne, Felix (GER) (1993)",07-Aug-10,NaN,0.0 m/s,NaN,3.09,4.08,5.02,NaN,6.88,NaN,8.79,NaN,10.74,NaN,6.47,10.10,10.64,NaN,10.75,NaN,10.47,NaN,10.26,NaN,1
"Domogala, Patrick (GER) (1993)",07-Aug-10,NaN,0.0 m/s,NaN,3.17,4.17,5.11,NaN,6.96,NaN,8.82,NaN,10.74,NaN,6.31,10.00,10.64,NaN,10.81,NaN,10.75,NaN,10.42,NaN,2
"Kanamori, Kazuki (JPN) (1994)",04-Aug-11,NaN,-0.5 m/s,NaN,NaN,NaN,NaN,5.98,6.91,7.85,8.80,9.77,10.74,NaN,NaN,NaN,NaN,8.36,10.75,10.64,10.53,10.31,10.31,8,6
"Kjell, Gustav (SWE) (1996)",20-Jul-14,NaN,3.1 m/s,NaN,NaN,4.11,NaN,NaN,6.94,NaN,8.81,NaN,10.74,NaN,NaN,7.30,NaN,NaN,10.60,NaN,10.70,NaN,10.36,3,3
"Dede, Bruno Chikwadoryo (JPN) (1999)",30-Jul-17,0.153,-2.0 m/s,NaN,NaN,4.08,NaN,NaN,6.91,NaN,NaN,9.75,10.74,NaN,NaN,7.35,NaN,10.60,NaN,NaN,10.56,10.10,9.31,8,5
"Yamaji, Kotaro (JPN) (2000)",03-Aug-18,NaN,-0.3 m/s,2.00,3.12,4.12,5.07,6.01,6.93,7.86,8.81,9.76,10.74,5.00,8.93,10.00,10.53,10.64,10.87,10.75,10.53,10.53,10.20,8,7
Wang Xinkai (CHN) (2004),14-Jul-22,NaN,-0.2 m/s,2.10,3.19,4.20,5.14,6.08,7.00,7.92,8.84,9.77,10.74,4.76,9.17,9.90,10.64,10.64,10.87,10.87,10.87,10.75,10.31,4,2
Song Xinlong (CHN) (2000),26-Apr-23,0.174,1.7 m/s,1.99,3.08,4.09,5.04,5.97,6.91,7.84,8.80,9.76,10.74,5.03,9.17,9.90,10.53,10.75,10.64,10.75,10.42,10.42,10.20,2,3
Wang Shengjie (CHN) (2000),09-Jun-23,0.180,0.0 m/s,1.98,3.07,4.04,5.00,5.93,6.87,7.80,8.75,9.70,10.74,5.05,9.17,10.31,10.42,10.75,10.64,10.75,10.53,10.53,9.62,3,3
Zhong Zhihao (CHN) (2001),09-Jun-23,0.184,0.6 m/s,2.01,3.11,4.10,5.06,5.99,6.94,7.86,8.80,9.74,10.74,4.98,9.09,10.10,10.42,10.75,10.53,10.87,10.64,10.64,10.00,4,2
"Csontos, Joel (SUI) (2005)",30-Jun-23,0.161,-0.8 m/s,1.95,3.05,4.05,5.01,5.94,6.88,7.82,8.77,9.74,10.74,5.13,9.09,10.00,10.42,10.75,10.64,10.64,10.53,10.31,10.00,8,4
"Eichenberger, Joshua (SUI) (1999)",30-Jun-23,0.131,-0.8 m/s,1.95,3.05,4.04,5.00,5.94,6.89,7.83,8.79,9.76,10.74,5.13,9.09,10.10,10.42,10.64,10.53,10.64,10.42,10.31,10.20,3,5
Jiang Junpeng (CHN) (1999),13-May-24,0.138,-0.7 m/s,1.95,3.01,4.00,4.94,5.90,6.85,7.78,8.74,9.73,10.74,5.13,9.43,10.10,10.64,10.42,10.53,10.75,10.42,10.10,9.90,6,3
"Kakuhashi, Yuto (JPN)",31-May-25,NaN,2.7 m/s,NaN,NaN,4.07,NaN,NaN,6.85,NaN,NaN,9.75,10.74,NaN,NaN,7.37,NaN,NaN,10.79,NaN,NaN,10.34,10.10,5,3
"Peretz, Ido (ISR) (2006)",07-Aug-25,0.131,-0.5 m/s,1.95,3.05,4.03,5.00,5.93,6.87,7.81,8.77,9.75,10.74,5.13,9.09,10.20,10.31,10.75,10.64,10.64,10.42,10.20,10.10,3,6
"Meshoe, Tshegofatso (RSA) (1987)",14-Jun-09,0.164,1.5 m/s,NaN,3.12,4.13,5.08,NaN,6.96,NaN,NaN,8.86,NaN,NaN,6.41,9.90,10.53,NaN,10.64,NaN,NaN,10.53,NaN,10.75,8
"Suwa, Tatsuro (JPN) (1994)",04-Aug-11,NaN,-0.5 m/s,NaN,NaN,NaN,NaN,5.92,6.87,7.80,8.77,9.75,10.75,NaN,NaN,NaN,NaN,8.45,10.53,10.75,10.31,10.20,10.00,2,7
"Nakamura, Akihiko (JPN) (1990)",21-Apr-12,NaN,-0.6 m/s,1.96,3.05,4.04,5.00,5.95,6.89,7.85,8.80,9.77,10.75,5.10,9.17,10.10,10.42,10.53,10.64,10.42,10.53,10.31,10.20,NaN,NaN
"Nakamura, Akihiko (JPN) (1990)",26-Apr-13,NaN,-1.5 m/s,2.00,3.08,4.07,5.02,5.96,6.90,7.84,8.79,9.75,10.75,5.00,9.26,10.10,10.53,10.64,10.64,10.64,10.53,10.42,10.00,5,2
"Baba, Tomoya (JPN) (1990)",20-Apr-14,NaN,1.8 m/s,1.96,3.05,4.04,5.00,5.95,6.89,7.83,8.79,9.76,10.75,5.10,9.17,10.10,10.42,10.53,10.64,10.64,10.42,10.31,10.10,3,7
"Ono, Akiyoshi (JPN) (1996)",31-Jul-14,NaN,-2.0 m/s,1.98,3.06,4.06,5.01,5.95,6.89,7.83,8.79,9.76,10.75,5.05,9.26,10.00,10.53,10.64,10.64,10.64,10.42,10.31,10.10,NaN,4
"Marthinussen, Christian (NOR) (1983)",26-Jul-15,NaN,0.9 m/s,NaN,NaN,4.11,NaN,NaN,6.91,NaN,8.79,NaN,10.75,NaN,NaN,7.30,NaN,NaN,10.71,NaN,10.64,NaN,10.20,3,4
"Fongué, Rolf (SUI) (1987)",07-May-16,NaN,0.9 m/s,NaN,NaN,NaN,NaN,5.92,NaN,NaN,NaN,NaN,10.75,NaN,NaN,NaN,NaN,8.45,NaN,NaN,NaN,NaN,10.35,NaN,3
"Nakamura, Akihiko (JPN) (1990)",30-Apr-16,NaN,-0.1 m/s,1.95,3.03,4.02,4.98,5.92,6.87,7.81,8.77,9.75,10.75,5.13,9.26,10.10,10.42,10.64,10.53,10.64,10.42,10.20,10.00,4,1
"Senda, Mizuki (JPN) (2004)",04-Aug-22,0.131,-0.6 m/s,1.93,3.05,4.06,5.02,5.97,6.91,7.85,8.80,9.77,10.75,5.18,8.93,9.90,10.42,10.53,10.64,10.64,10.53,10.31,10.20,2,8
Liu Zixu (CHN),30-Aug-22,0.186,-0.1 m/s,2.04,3.09,4.09,5.03,6.00,6.92,7.84,8.79,9.76,10.75,4.90,9.52,10.00,10.64,10.31,10.87,10.87,10.53,10.31,10.10,6,4
"Jones, Thomas (SWE) (2001)",02-Jun-24,0.124,-1.6 m/s,1.95,3.03,4.03,4.99,5.93,6.86,7.81,8.77,9.75,10.75,5.13,9.26,10.00,10.42,10.64,10.75,10.53,10.42,10.20,10.00,1,8
"Vavilis, Dimitrios (GRE) (2008)",07-Aug-25,0.125,-0.7 m/s,1.93,3.03,4.01,4.96,5.89,6.84,7.79,8.77,9.75,10.75,5.18,9.09,10.20,10.53,10.75,10.53,10.53,10.20,10.20,10.00,7,8
"Ramsgaard Jensen, Sophus Emil (DEN)",07-Aug-25,0.146,-0.5 m/s,2.00,3.10,4.09,5.05,5.98,6.91,7.86,8.81,9.77,10.75,5.00,9.09,10.10,10.42,10.75,10.75,10.53,10.53,10.42,10.20,2,7
"Mogstad, Christian Settemsl (NOR) (19)",25-Jul-09,NaN,1.0 m/s,NaN,NaN,4.05,NaN,NaN,6.97,NaN,8.83,NaN,10.76,NaN,NaN,7.41,NaN,NaN,10.27,NaN,10.75,NaN,10.36,NaN,7
"Sebabi, Nasser (SWE) (1982)",25-Jul-09,NaN,1.1 m/s,NaN,NaN,4.06,NaN,NaN,6.88,NaN,8.78,NaN,10.76,NaN,NaN,7.39,NaN,NaN,10.64,NaN,10.53,NaN,10.10,NaN,3
"Kuhn, Patrick (GER) (1992)",06-Aug-10,NaN,1.0 m/s,NaN,3.13,4.13,5.08,NaN,6.95,NaN,8.83,NaN,10.76,NaN,6.39,10.00,10.53,NaN,10.70,NaN,10.64,NaN,10.36,NaN,3
"Stinski, Timo (GER) (1992)",06-Aug-10,NaN,0.5 m/s,NaN,3.10,4.10,5.04,NaN,6.91,NaN,8.81,NaN,10.76,NaN,6.45,10.00,10.64,NaN,10.70,NaN,10.53,NaN,10.26,NaN,3
"Karlsson, Alexander (NOR) (1988)",31-Jul-11,NaN,2.8 m/s,NaN,NaN,4.09,NaN,NaN,6.93,NaN,8.81,NaN,10.76,NaN,NaN,7.33,NaN,NaN,10.56,NaN,10.64,NaN,10.26,4,3
"Šulc, Rostislav (CZE) (1981)",15-Jun-13,0.174,0.8 m/s,2.06,3.16,4.16,5.12,6.06,6.98,7.90,8.83,9.78,10.76,4.85,9.09,10.00,10.42,10.64,10.87,10.87,10.75,10.53,10.20,8,5
"Karlsson, Alexander (NOR) (1988)",28-Jul-13,NaN,1.7 m/s,NaN,NaN,4.13,NaN,NaN,6.96,NaN,8.84,NaN,10.76,NaN,NaN,7.26,NaN,NaN,10.60,NaN,10.64,NaN,10.42,5,1
"von Barth, Emil (SWE) (1996)",20-Jul-14,NaN,0.3 m/s,NaN,NaN,4.07,NaN,NaN,6.91,NaN,8.79,NaN,10.76,NaN,NaN,7.37,NaN,NaN,10.56,NaN,10.64,NaN,10.15,4,4
"Tamura, Naoya (JPN) (1998)",30-Jul-15,NaN,-0.8 m/s,NaN,NaN,4.00,4.96,5.97,6.89,7.83,8.78,9.77,10.76,NaN,NaN,7.50,10.42,9.90,10.87,10.64,10.53,10.10,10.10,NaN,8
"Hayashi, Raito (JPN)",26-May-18,interval,2.3 m/s,NaN,NaN,4.10,NaN,NaN,6.94,NaN,NaN,9.75,10.76,NaN,7.32,NaN,10.56,NaN,10.68,9.90,9.29,49.3,7.32,4,3
"Nakamura, Shota (JPN) (2001)",24-Oct-20,0.160,-0.2 m/s,1.98,3.08,4.08,5.03,5.96,6.90,7.84,8.79,9.76,10.76,5.05,9.09,10.00,10.53,10.75,10.64,10.64,10.53,10.31,10.00,4,2
Dai Chenshuai (CHN) (2000),02-Jun-23,NaN,-0.8 m/s,1.97,3.01,4.00,4.96,5.89,6.82,7.76,8.72,9.73,10.76,5.08,9.62,10.10,10.42,10.75,10.75,10.64,10.42,9.90,9.71,6,1
Li Wenjie (CHN) (1998),02-Jun-23,NaN,-0.8 m/s,1.97,3.01,3.98,4.94,5.91,6.84,7.78,8.74,9.73,10.76,5.08,9.62,10.31,10.42,10.31,10.75,10.64,10.42,10.10,9.71,5,2
Song Xinlong (CHN) (2000),09-Jun-23,0.189,0.6 m/s,2.02,3.12,4.10,5.04,5.97,6.91,7.85,8.80,9.76,10.76,4.95,9.09,10.20,10.64,10.75,10.64,10.64,10.53,10.42,10.00,9,3
"Camara, Seco (GBS) (1995)",03-Aug-24,0.180,0.6 m/s,2.04,3.13,4.10,5.05,5.98,6.89,7.83,8.78,9.76,10.76,4.90,9.17,10.31,10.53,10.75,10.99,10.64,10.53,10.20,10.00,6,5
"Kiki, Didier (BEN) (1995)",03-Aug-24,0.142,-0.3 m/s,2.02,3.11,4.10,5.06,5.99,6.92,7.86,8.81,9.78,10.76,4.95,9.17,10.10,10.42,10.75,10.75,10.64,10.53,10.31,10.20,6,3
"Toumadji, Herve (CAF) (1994)",03-Aug-24,0.146,-0.3 m/s,1.97,3.08,4.08,5.06,5.99,6.93,7.88,8.83,9.79,10.76,5.08,9.01,10.00,10.20,10.75,10.64,10.53,10.53,10.42,10.31,5,4
"Garcia, Melique (HON) (1992)",03-Aug-24,0.165,0.1 m/s,1.95,3.06,4.05,4.98,5.93,6.86,7.81,8.77,9.76,10.76,5.13,9.01,10.10,10.75,10.53,10.75,10.53,10.42,10.10,10.00,6,5
"Schuster, Louis (GER) (2007)",07-Aug-25,0.149,-0.5 m/s,1.98,3.08,4.05,5.00,5.93,6.88,7.83,8.78,9.75,10.76,5.05,9.09,10.31,10.53,10.75,10.53,10.53,10.53,10.31,9.90,1,8
"Zail, Emil (SWE) (1987)",08-Aug-10,NaN,1.8 m/s,NaN,NaN,4.08,NaN,NaN,6.92,NaN,8.80,NaN,10.77,NaN,NaN,7.35,NaN,NaN,10.56,NaN,10.64,NaN,10.15,NaN,3
"Saito, Hitoshi (JPN) (1986)",26-Sep-10,NaN,0.7 m/s,NaN,NaN,4.08,NaN,NaN,6.92,NaN,NaN,NaN,10.77,NaN,NaN,7.35,NaN,NaN,10.56,NaN,NaN,NaN,10.39,NaN,2
"Lysne, Torbjørn (NOR) (1990)",28-Jul-13,NaN,1.1 m/s,NaN,4.20,NaN,NaN,7.01,NaN,8.86,NaN,10.77,10.77,NaN,NaN,7.14,NaN,10.68,NaN,10.81,NaN,10.47,9.29,1,5
"Brusenback, Chris (SWE) (1993)",26-Jul-15,NaN,0.9 m/s,NaN,4.11,NaN,NaN,6.91,NaN,8.82,NaN,10.77,10.77,NaN,NaN,7.30,NaN,10.71,NaN,10.47,NaN,10.26,9.29,5,5
"Tsuki, Katsuta (JPN)",27-May-17,NaN,2.1 m/s,NaN,4.10,NaN,NaN,6.80,NaN,NaN,NaN,10.77,10.77,NaN,NaN,7.32,NaN,11.11,NaN,NaN,NaN,10.08,9.29,7,1
"Hirano, Shodai (JPN) (2001)",24-Oct-20,0.143,-1.1 m/s,1.94,3.04,4.03,4.99,5.93,6.87,7.81,8.78,9.76,10.77,5.15,9.09,10.10,10.42,10.64,10.64,10.64,10.31,10.20,9.90,5,2
"Kjerpeset, ∅yvind (NOR) (1991)",01-Jul-21,0.150,0.2 m/s,NaN,3.1,NaN,5.1,NaN,7.0,NaN,8.9,NaN,10.77,NaN,6.45,NaN,10.00,NaN,10.53,NaN,10.53,NaN,10.70,2,4
"Sudo, Hiroyuki (JPN)",27-May-22,NaN,-1.8 m/s,NaN,NaN,4.00,NaN,NaN,6.92,NaN,NaN,9.77,10.77,NaN,NaN,7.50,NaN,NaN,10.27,NaN,NaN,10.53,10.00,4,1
Song Xinlong (CHN) (2000),14-Jul-22,NaN,-0.2 m/s,2.07,3.12,4.12,5.06,6.02,6.94,7.87,8.81,9.77,10.77,4.83,9.52,10.00,10.64,10.42,10.87,10.75,10.64,10.42,10.00,7,4
"Mathis, Jerry (USA)",22-Jun-03,NaN,0.0 m/s,2.04,3.22,4.24,5.21,6.14,7.04,7.96,8.89,9.83,10.78,4.90,8.47,9.80,10.31,10.75,11.11,10.87,10.75,10.64,10.53,9,7
"Smith, Tremaine (USA) (1986)",23-Jun-05,NaN,-0.4 m/s,2.04,3.12,4.14,5.07,6.02,6.96,7.89,8.84,9.78,10.78,4.90,9.26,9.80,10.75,10.53,10.64,10.75,10.53,10.64,10.00,1,6
"Yoshida, Kohei (JPN) (1989)",03-Aug-07,NaN,0.7 m/s,NaN,3.05,4.08,5.00,5.94,6.88,7.82,8.78,9.75,10.78,NaN,6.56,9.71,10.87,10.64,10.64,10.64,10.42,10.31,9.71,3,6
"Ishikura, Kazuki (JPN) (1980)",10-May-08,NaN,0.8 m/s,1.91,3.00,4.01,4.96,5.91,6.85,7.80,8.76,9.75,10.78,5.24,9.17,9.90,10.53,10.53,10.64,10.53,10.42,10.10,9.71,NaN,7
"Onabuta, Yu (JPN) (1994)",04-Aug-11,NaN,-0.5 m/s,NaN,NaN,NaN,6.01,6.95,7.87,8.82,9.79,10.78,10.78,NaN,NaN,NaN,8.32,10.64,10.87,10.53,10.31,10.10,9.28,9,8
"Engwall, Andreas (SWE) (1992)",20-Jul-14,NaN,3.1 m/s,NaN,4.09,NaN,NaN,6.96,NaN,8.83,NaN,10.78,10.78,NaN,7.33,NaN,NaN,10.45,NaN,10.70,NaN,10.26,9.28,5,4
"Sennung, David (SWE) (1991)",20-Jul-14,NaN,0.3 m/s,NaN,4.08,NaN,NaN,6.92,NaN,8.83,NaN,10.78,10.78,NaN,7.35,NaN,NaN,10.56,NaN,10.47,NaN,10.26,9.28,7,6
"Sennung, David (SWE) (1991)",26-Jul-15,NaN,0.9 m/s,NaN,4.06,NaN,NaN,6.92,NaN,8.84,NaN,10.78,10.78,NaN,7.39,NaN,NaN,10.49,NaN,10.42,NaN,10.31,9.28,6,6
"Tamura, Kazuki (JPN) (1998)",30-Jul-16,0.153,3.0 m/s,2.96,4.03,4.99,5.93,6.89,7.84,8.80,NaN,10.78,10.78,NaN,6.76,9.35,10.42,10.64,10.42,10.53,10.42,NaN,10.10,NaN,3
"Nakamura, Shota (JPN) (2001)",04-Oct-19,0.153,-2.3 m/s,NaN,4.04,NaN,5.96,NaN,NaN,NaN,NaN,10.78,10.78,NaN,7.43,NaN,3.36,NaN,NaN,NaN,NaN,10.37,9.28,2,2
"Inoue, Mizuki (JPN) (2003)",04-Oct-19,0.164,-2.3 m/s,NaN,4.04,NaN,5.96,NaN,NaN,NaN,NaN,10.78,10.78,NaN,7.43,NaN,3.36,NaN,NaN,NaN,NaN,10.37,9.28,6,3
"Hirano, Shodai (JPN) (2001)",24-Oct-20,0.155,-2.4 m/s,1.93,3.02,4.01,4.97,5.92,6.86,7.82,8.78,9.77,10.78,5.18,9.17,10.10,10.42,10.53,10.64,10.42,10.42,10.10,9.90,7,2
"Bifuko, Patrick Monga (NOR) (1996)",01-Jul-21,0.135,0.2 m/s,NaN,3.1,NaN,5.1,NaN,7.0,NaN,8.8,NaN,10.78,NaN,6.45,NaN,10.00,NaN,10.53,NaN,11.11,NaN,10.10,7,5
"Ishihara, Yoshiaki (JPN) (2006)",25-May-24,NaN,0.5 m/s,NaN,NaN,4.05,NaN,NaN,6.90,NaN,NaN,9.77,10.78,NaN,NaN,7.41,NaN,NaN,10.53,NaN,NaN,10.45,9.90,5,2
"Diaz, Lazaro (CUB) (2004)",16-May-25,0.143,1.1 m/s,1.91,3.00,4.00,4.97,5.92,6.86,7.80,8.75,9.71,10.78,5.24,9.17,10.00,10.31,10.53,10.64,10.64,10.53,10.42,9.35,2,6
"Spier, Virgil (NED) (1981)",14-Jun-09,0.202,1.5 m/s,NaN,3.19,4.20,5.16,NaN,7.01,NaN,8.90,NaN,10.79,NaN,6.27,9.90,10.42,NaN,10.81,NaN,10.58,NaN,10.58,NaN,9
"Rose, Odain (SWE) (1992)",08-Aug-10,NaN,1.8 m/s,NaN,NaN,4.05,NaN,NaN,6.90,NaN,8.81,NaN,10.79,NaN,NaN,7.41,NaN,NaN,10.53,NaN,10.47,NaN,10.10,NaN,4
"Krabbe, Martin (DEN) (1985)",31-Jul-11,NaN,2.8 m/s,NaN,NaN,4.01,NaN,NaN,6.84,NaN,8.76,NaN,10.79,NaN,NaN,7.48,NaN,NaN,10.60,NaN,10.42,NaN,9.85,8,4
"Watanabe, Kougen (JPN)",30-Jul-17,0.176,-2.0 m/s,NaN,NaN,4.08,NaN,NaN,6.94,NaN,NaN,9.80,10.79,NaN,NaN,7.35,NaN,NaN,10.49,NaN,NaN,10.49,10.10,9,6
"de Oliveira, Nil (SWE) (1986)",30-Jul-17,NaN,1.5 m/s,NaN,NaN,4.18,NaN,6.07,7.00,NaN,8.86,NaN,10.79,NaN,NaN,7.18,NaN,10.58,10.75,NaN,10.75,NaN,10.36,4,1
"Nakamura, Akihiko (JPN) (1990)",16-Jun-18,NaN,1.4 m/s,1.95,3.06,4.07,5.03,5.98,6.92,7.87,8.82,9.80,10.79,5.13,9.01,9.90,10.42,10.53,10.64,10.53,10.53,10.20,10.10,6,2
"Shosei, Kadoya (JPN)",11-Jul-20,NaN,1.5 m/s,NaN,NaN,4.05,NaN,NaN,6.88,NaN,NaN,9.78,10.70,NaN,NaN,7.41,NaN,NaN,10.60,NaN,NaN,10.34,10.87,5,2
"Fujiwara, Ryusei (JPN)",29-May-21,NaN,3.3 m/s,NaN,NaN,4.12,NaN,NaN,7.00,NaN,NaN,9.80,10.79,NaN,NaN,7.28,NaN,NaN,10.42,NaN,NaN,10.71,10.10,3,1
"Kirdyashev, Valeriy (RUS) (1976)",23-Jun-01,0.121,1.3 m/s,NaN,3.05,4.06,5.01,NaN,6.91,NaN,8.81,NaN,10.80,NaN,6.56,9.90,10.53,NaN,10.53,NaN,10.53,NaN,10.05,NaN,8
"Lysne, Torbjørn (NOR) (1990)",31-Jul-11,NaN,1.6 m/s,NaN,NaN,4.22,NaN,NaN,7.05,NaN,8.91,NaN,10.80,NaN,NaN,7.11,NaN,NaN,10.60,NaN,10.75,NaN,10.58,2,1
"Brusenback, Chris (SWE) (1993)",28-Jul-13,NaN,1.7 m/s,NaN,NaN,4.13,NaN,6.94,NaN,8.83,NaN,10.80,10.80,NaN,NaN,7.26,NaN,10.68,NaN,10.58,NaN,10.15,9.26,2,2
"Nakamura, Akihiko (JPN) (1990)",31-May-14,NaN,-1.3 m/s,1.99,3.08,4.08,5.04,5.98,6.93,7.88,8.84,9.81,10.80,5.03,9.17,10.00,10.42,10.64,10.53,10.53,10.42,10.31,10.10,4,2
"Zirignon, Jean Christian (SWE) (1995)",26-Jul-15,NaN,1.0 m/s,NaN,NaN,4.07,NaN,NaN,6.90,NaN,8.82,NaN,10.80,NaN,NaN,7.37,NaN,NaN,10.60,NaN,10.42,NaN,10.10,6,1
"Ojuri, Sunday (SWE) (1993)",26-Jul-15,NaN,0.6 m/s,NaN,NaN,NaN,NaN,NaN,6.98,NaN,NaN,NaN,10.80,NaN,NaN,NaN,NaN,NaN,8.60,NaN,NaN,NaN,10.47,4,2
"Kadowaki, Riku (JPN) (2000)",27-May-17,NaN,2.1 m/s,NaN,NaN,4.10,NaN,NaN,6.90,NaN,NaN,NaN,10.80,NaN,NaN,7.32,NaN,NaN,10.71,NaN,NaN,NaN,10.26,5,2
"Maruyama, Yuma (JPN) (1998)",16-Jun-18,NaN,1.4 m/s,1.97,3.08,4.10,5.07,6.01,6.96,7.90,8.85,9.82,10.80,5.08,9.01,9.80,10.31,10.64,10.53,10.64,10.53,10.31,10.20,2,3
"Watanabe, Sho (2003)",11-Jul-20,NaN,1.5 m/s,NaN,NaN,4.08,NaN,NaN,6.90,NaN,NaN,9.80,10.80,NaN,NaN,7.35,NaN,NaN,10.64,NaN,NaN,10.34,10.00,4,3
"Shitara, Oga (JPN) (2001)",24-Oct-20,0.163,-2.4 m/s,1.94,3.04,4.04,5.01,5.96,6.91,7.86,8.83,9.81,10.80,5.15,9.09,10.00,10.31,10.53,10.53,10.53,10.31,10.20,10.10,5,3
"Yoshichi, Sota (JPN)",29-May-21,NaN,3.3 m/s,NaN,NaN,4.08,NaN,NaN,6.98,NaN,NaN,9.82,10.80,NaN,NaN,7.35,NaN,NaN,10.34,NaN,NaN,10.56,10.20,4,2
Ning Xuhao (CHN),30-Aug-22,0.189,-0.1 m/s,2.04,3.12,4.10,5.04,5.98,6.93,7.85,8.81,9.79,10.80,4.90,9.26,10.20,10.64,10.64,10.53,10.87,10.42,10.20,9.90,8,5
"Iwasaki, Hoshun (JPN)",27-May-23,NaN,0.9 m/s,NaN,NaN,4.08,NaN,NaN,6.93,NaN,NaN,9.77,10.80,NaN,NaN,7.35,NaN,NaN,10.53,NaN,NaN,10.56,9.71,3,3
"Camara, Ibrahim (BEL) (2004)",14-Sep-24,0.161,0.0 m/s,2.01,3.13,4.12,5.07,6.00,6.94,7.88,8.83,9.81,10.80,4.98,8.93,10.10,10.53,10.75,10.64,10.64,10.53,10.20,10.10,1,8
"Susso, Abdoulie (GAM)",16-May-25,0.195,1.1 m/s,1.96,3.08,4.09,5.05,5.99,6.92,7.85,8.80,9.76,10.80,5.10,8.93,9.90,10.42,10.64,10.75,10.75,10.53,10.42,9.62,5,7
"Sakai, Taku (JPN)",03-Aug-07,NaN,0.7 m/s,NaN,3.07,4.07,5.00,5.95,6.90,7.86,8.82,9.79,10.81,NaN,6.51,10.00,10.75,10.53,10.53,10.42,10.42,10.31,9.80,7,7
"Pieper, Christopher (GER) (1992)",06-Aug-10,NaN,0.5 m/s,NaN,3.10,4.08,5.01,NaN,6.88,NaN,8.81,NaN,10.81,NaN,6.45,10.20,10.75,NaN,10.70,NaN,10.36,NaN,10.00,NaN,5
Song Xinlong (CHN) (2000),26-Apr-23,0.144,-0.4 m/s,1.94,3.01,3.99,4.94,5.90,6.83,7.79,8.74,9.72,10.81,5.15,9.35,10.20,10.53,10.42,10.75,10.42,10.53,10.20,9.17,8,4
"Wahlgren, Milo (SWE) (2002)",02-Jul-23,0.140,-0.1 m/s,2.00,3.09,4.10,5.05,6.00,6.95,7.89,8.84,9.82,10.81,5.00,9.17,9.90,10.53,10.53,10.53,10.64,10.53,10.20,10.10,8,8
"Raja, Andres (EST) (1982)",19-Aug-09,0.159,0.2 m/s,NaN,3.11,NaN,5.08,NaN,6.98,NaN,8.87,NaN,10.82,NaN,6.43,NaN,10.15,NaN,10.53,NaN,10.58,NaN,10.26,3,7
"Nakamura, Akihiko (JPN) (1990)",12-Jun-10,NaN,-0.6 m/s,1.95,3.05,4.05,5.02,5.98,6.94,7.89,8.86,9.83,10.82,5.13,9.09,10.00,10.31,10.42,10.42,10.53,10.31,10.31,10.10,NaN,NaN
"Waltersson, Jonathan (SWE) (1985)",31-Jul-11,NaN,1.6 m/s,NaN,NaN,4.14,NaN,NaN,7.00,NaN,8.88,NaN,10.82,NaN,NaN,7.25,NaN,NaN,10.49,NaN,10.64,NaN,10.31,4,2
"Sano, Yo (JPN) (1999)",30-Jul-16,0.137,3.0 m/s,NaN,2.95,4.02,5.00,5.95,6.90,7.85,8.83,NaN,10.82,NaN,6.78,9.35,10.20,10.53,10.53,10.53,10.20,NaN,10.05,NaN,4
"Shosei, Kadoya (JPN)",25-May-19,NaN,1.3 m/s,NaN,NaN,4.07,NaN,NaN,6.97,NaN,NaN,9.80,10.82,NaN,NaN,7.37,NaN,NaN,10.34,NaN,NaN,10.60,9.80,6,1
"Okuda, Keisuke (JPN) (1996)",04-Jun-22,NaN,0.1 m/s,1.94,3.06,4.07,5.03,5.98,6.92,7.87,8.83,9.81,10.82,5.15,8.93,9.90,10.42,10.53,10.64,10.53,10.42,10.20,9.90,5,1
"Gardiner, Rija Vatomanga (MAD) (1999)",03-Aug-24,0.157,0.1 m/s,2.04,3.15,4.15,5.11,6.04,6.97,7.92,8.86,9.83,10.82,4.90,9.01,10.00,10.42,10.75,10.75,10.53,10.64,10.31,10.10,7,6
"Hill, Ronald (USA) (1984)",22-Jun-03,NaN,0.0 m/s,2.02,3.12,4.15,5.12,6.04,6.99,7.92,8.89,9.84,10.83,4.95,9.09,9.71,10.31,10.87,10.53,10.75,10.31,10.53,10.10,8,8
"Harris, Cedric (USA) (1986)",23-Jun-05,NaN,-0.4 m/s,2.00,3.10,4.06,5.03,5.96,6.89,7.81,8.81,9.83,10.83,5.00,9.09,10.42,10.31,10.75,10.75,10.87,10.00,9.80,10.00,2,7
"Sandin, Christofer (SWE) (1979)",24-Jul-07,NaN,1.4 m/s,NaN,NaN,4.11,NaN,NaN,6.95,NaN,8.85,NaN,10.83,NaN,NaN,7.30,NaN,NaN,10.56,NaN,10.53,NaN,10.10,NaN,6
"Asahara, Nobuharu (JPN) (1972)",10-May-08,NaN,0.8 m/s,1.95,3.04,4.03,4.98,5.92,6.85,7.80,8.75,9.75,10.83,5.13,9.17,10.10,10.53,10.64,10.75,10.53,10.53,10.00,9.26,NaN,8
"Wocalewski, Jan (SWE) (1993)",31-Jul-11,NaN,2.8 m/s,NaN,NaN,4.12,NaN,NaN,6.97,NaN,8.87,NaN,10.83,NaN,NaN,7.28,NaN,NaN,10.53,NaN,10.53,NaN,10.20,5,6
"Benda, Ondrej (CZE) (1985)",15-Jun-13,0.174,0.8 m/s,2.05,3.15,4.15,5.11,6.06,6.99,7.93,8.87,9.84,10.83,4.88,9.09,10.00,10.42,10.53,10.75,10.64,10.64,10.31,10.10,2,6
"Grønhaug, Jonas André (NOR) (1989)",20-Jul-14,NaN,3.1 m/s,NaN,NaN,4.09,NaN,NaN,6.97,NaN,8.86,NaN,10.83,NaN,NaN,7.33,NaN,NaN,10.42,NaN,10.58,NaN,10.15,2,5
"Buhagen, Kristoffer (NOR) (1992)",26-Jul-15,NaN,0.9 m/s,NaN,NaN,4.10,NaN,NaN,6.91,NaN,8.83,NaN,10.83,NaN,NaN,7.32,NaN,NaN,10.68,NaN,10.42,NaN,10.00,2,7
"Storhaug, Lars Jøran (NOR) (1989)",26-Jul-15,NaN,0.6 m/s,NaN,NaN,NaN,NaN,NaN,7.01,NaN,NaN,NaN,10.83,NaN,NaN,NaN,NaN,NaN,8.56,NaN,NaN,NaN,10.47,5,3
"Zirignon, Jean Christian (SWE) (1995)",30-Jul-17,NaN,1.5 m/s,NaN,NaN,4.13,NaN,6.03,6.96,NaN,8.86,NaN,10.83,NaN,NaN,7.26,NaN,10.53,10.75,NaN,10.53,NaN,10.15,6,2
"Nakamura, Shota (JPN) (2001)",24-Oct-20,0.149,-2.4 m/s,1.93,3.03,4.04,5.00,5.95,6.90,7.86,8.83,9.82,10.83,5.18,9.09,9.90,10.42,10.53,10.53,10.42,10.31,10.10,9.90,6,5
Song Xinlong (CHN) (2000),14-Jul-22,NaN,-0.8 m/s,2.05,3.10,4.10,5.05,6.02,6.95,7.89,8.84,9.83,10.83,4.88,9.52,10.00,10.53,10.31,10.75,10.64,10.53,10.10,10.00,8,6
Song Xinlong (CHN) (2000),01-Jun-24,0.157,0.3 m/s,2.00,3.07,4.05,5.01,5.95,6.91,7.88,8.85,9.81,10.83,5.00,9.35,10.20,10.42,10.64,10.42,10.31,10.31,10.42,9.80,7,4
"Ojuri, Sunday (SWE) (1993)",17-Jun-12,NaN,2.8 m/s,NaN,NaN,4.21,NaN,NaN,7.03,NaN,8.90,NaN,10.84,NaN,NaN,7.13,NaN,NaN,10.64,NaN,10.70,NaN,10.31,NaN,2
"Benda, Ondrej (CZE) (1985)",15-Jun-13,0.169,1.4 m/s,NaN,3.11,NaN,5.06,NaN,6.95,NaN,8.86,NaN,10.84,NaN,6.43,NaN,10.26,NaN,10.58,NaN,10.47,NaN,10.10,3,3
"Thorshaug, Erik (SWE) (1987)",28-Jul-13,NaN,2.8 m/s,NaN,NaN,4.14,NaN,NaN,7.02,NaN,8.92,NaN,10.84,NaN,NaN,7.25,NaN,NaN,10.42,NaN,10.53,NaN,10.42,3,2
"Helsing, Yonathan (SWE) (1998)",20-Jul-14,NaN,3.1 m/s,NaN,NaN,4.19,NaN,NaN,7.05,NaN,8.90,NaN,10.84,NaN,NaN,7.16,NaN,NaN,10.49,NaN,10.81,NaN,10.31,7,6
"Saito, Isami (JPN) (1999)",30-Jul-16,0.128,3.0 m/s,NaN,3.00,4.08,5.07,6.02,6.97,7.92,8.87,NaN,10.84,NaN,6.67,9.26,10.10,10.53,10.53,10.53,10.53,NaN,10.15,NaN,5
"Tärnhuvud, Stefan (SWE) (1985)",31-Jul-16,NaN,0.7 m/s,NaN,NaN,4.11,NaN,NaN,6.98,NaN,NaN,NaN,10.84,NaN,NaN,7.30,NaN,NaN,10.45,NaN,NaN,NaN,10.36,2,3
"Okamoto, Ryotaro (JPN) (2004)",29-May-21,NaN,3.3 m/s,NaN,NaN,4.13,NaN,NaN,7.02,NaN,NaN,9.85,10.84,NaN,NaN,7.26,NaN,NaN,10.38,NaN,NaN,10.60,10.10,6,3
Wen Shiqi (CHN) (1999),02-Jun-23,NaN,-0.8 m/s,1.98,3.10,4.11,5.07,6.03,6.96,7.91,8.88,9.84,10.84,5.05,8.93,9.90,10.42,10.42,10.75,10.53,10.31,10.42,10.00,4,3
"Sivle, Per Ivar (NOR) (1970)",20-Jul-94,NaN,1.8 m/s,NaN,NaN,4.13,NaN,NaN,7.02,NaN,8.90,NaN,10.85,NaN,NaN,7.26,NaN,NaN,10.38,NaN,10.64,NaN,10.26,NaN,8
"Sysoyev, Aleksey (RUS) (1985)",19-Aug-09,0.144,0.3 m/s,NaN,3.17,NaN,5.15,NaN,7.06,NaN,8.93,NaN,10.85,NaN,6.31,NaN,10.10,NaN,10.47,NaN,10.70,NaN,10.42,4,1
"Tsukamoto, Kazuya (JPN) (1994)",04-Aug-11,NaN,-0.5 m/s,NaN,NaN,NaN,5.89,6.86,7.80,8.78,9.79,10.85,10.85,NaN,NaN,NaN,8.49,10.31,10.64,10.20,9.90,9.43,9.22,3,9
"Engwall, Andreas (SWE) (1992)",17-Jun-12,NaN,2.8 m/s,NaN,4.16,NaN,NaN,7.01,NaN,8.90,NaN,10.85,10.85,NaN,7.21,NaN,NaN,10.53,NaN,10.58,NaN,10.26,9.22,NaN,3
"Zirignon, Jean Christian (SWE) (1995)",20-Jul-14,NaN,0.3 m/s,NaN,4.09,NaN,NaN,6.95,NaN,8.87,NaN,10.85,10.85,NaN,7.33,NaN,NaN,10.49,NaN,10.42,NaN,10.10,9.22,7,5
"Fujiwara, Hiroto (JPN) (2003)",04-Oct-19,0.151,-2.3 m/s,NaN,4.09,NaN,6.00,NaN,NaN,NaN,NaN,10.85,10.85,NaN,7.33,NaN,3.33,NaN,NaN,NaN,NaN,10.31,9.22,5,4
"Green, Joseph (GUM) (2001)",03-Aug-24,0.163,-0.4 m/s,2.04,3.15,4.15,5.12,6.06,6.99,7.94,8.89,9.86,10.85,4.90,9.01,10.00,10.31,10.64,10.75,10.53,10.53,10.31,10.10,7,5-4
"Komisarenko, Oleksandr (UKR) (2006)",07-Aug-25,0.204,-0.1 m/s,1.98,3.08,4.05,5.01,5.95,6.90,7.86,8.84,9.84,10.85,5.05,9.09,10.31,10.42,10.64,10.53,10.42,10.20,10.00,9.90,7,6
"Armfelt, Carl (SWE) (1984)",08-Aug-10,NaN,2.6 m/s,NaN,NaN,4.18,NaN,NaN,7.05,NaN,8.92,NaN,10.86,NaN,NaN,7.18,NaN,NaN,10.45,NaN,10.70,NaN,10.31,NaN,2
"Fossoy, Jostein (NOR) (1992)",17-Jun-12,NaN,2.8 m/s,NaN,NaN,4.10,NaN,NaN,6.95,NaN,8.86,NaN,10.86,NaN,NaN,7.32,NaN,NaN,10.53,NaN,10.47,NaN,10.00,NaN,4
"Ričar, Martin (CZE) (1991)",15-Jun-13,0.121,1.4 m/s,NaN,3.10,NaN,5.06,NaN,6.95,NaN,8.87,NaN,10.86,NaN,6.45,NaN,10.20,NaN,10.58,NaN,10.42,NaN,10.05,2,4
"Ričar, Martin (CZE) (1991)",15-Jun-13,0.144,0.8 m/s,2.03,3.10,4.12,5.08,6.03,6.97,7.92,8.87,9.85,10.86,4.93,9.35,9.80,10.42,10.53,10.64,10.53,10.53,10.20,9.90,1,7
"Andersson, Patrik (SWE) (1991)",28-Jul-13,NaN,1.1 m/s,NaN,NaN,4.13,NaN,NaN,6.96,NaN,8.86,NaN,10.86,NaN,NaN,7.26,NaN,NaN,10.60,NaN,10.53,NaN,10.00,6,6
"Fossoy, Jostein (NOR) (1992)",20-Jul-14,NaN,0.3 m/s,NaN,NaN,4.05,NaN,NaN,6.94,NaN,8.87,NaN,10.86,NaN,NaN,7.41,NaN,NaN,10.38,NaN,10.36,NaN,10.05,1,6
"Lesser, Alexander (SWE) (1993)",26-Jul-15,NaN,1.1 m/s,NaN,NaN,4.14,NaN,NaN,7.01,NaN,8.93,NaN,10.86,NaN,NaN,7.25,NaN,NaN,10.45,NaN,10.42,NaN,10.36,4,1
"Nakamura, Akihiko (JPN) (1990)",08-Jun-19,NaN,0.0 m/s,1.92,3.04,4.05,5.02,5.98,6.93,7.89,8.86,9.85,10.86,5.21,8.93,9.90,10.31,10.42,10.53,10.42,10.31,10.10,9.90,5,1
"Idris, Muhd Noor Firdaus (BRU) (1996)",03-Aug-24,0.158,0.3 m/s,2.02,3.11,4.10,5.06,5.99,6.94,7.90,8.87,9.86,10.86,4.95,9.17,10.10,10.42,10.75,10.53,10.42,10.31,10.10,10.00,9,8
"Lysne, Torbjørn (NOR) (1990)",26-Jul-15,NaN,0.6 m/s,NaN,NaN,NaN,NaN,NaN,7.06,NaN,NaN,NaN,10.87,NaN,NaN,NaN,NaN,NaN,8.50,NaN,NaN,NaN,10.50,5,4
"Ojuri, Sunday (SWE) (1993)",31-Jul-16,NaN,1.4 m/s,NaN,NaN,4.20,NaN,NaN,7.02,NaN,NaN,NaN,10.87,NaN,NaN,7.14,NaN,NaN,10.64,NaN,NaN,NaN,10.39,3,3
"Suzuki, Ryota (JPN)",30-Jul-17,0.134,-2.0 m/s,NaN,NaN,4.10,NaN,NaN,6.98,NaN,NaN,9.87,10.87,NaN,NaN,7.32,NaN,NaN,10.42,NaN,NaN,10.38,10.00,2,7
"Goto, Tatsuki (JPN) (2002)",23-Aug-20,0.158,0.7 m/s,1.95,3.06,4.07,5.04,5.99,6.94,7.90,8.87,9.86,10.87,5.13,9.01,9.90,10.31,10.53,10.53,10.42,10.31,10.10,9.90,1,9
Song Xinlong (CHN) (2000),02-Jun-23,NaN,-0.8 m/s,2.02,3.12,4.11,5.07,6.03,6.96,7.91,8.88,9.84,10.87,4.95,9.09,10.10,10.42,10.42,10.75,10.53,10.31,10.42,9.71,7,4
"Ogata, Eiji (JPN)",03-Aug-23,0.223,-2.7 m/s,1.97,3.09,4.10,5.07,6.03,6.99,7.95,8.91,9.89,10.87,5.08,8.93,9.90,10.31,10.42,10.42,10.42,10.42,10.20,10.20,5,2
"Urena, Jorge (ESP) (1993)",02-Aug-24,0.139,0.9 m/s,2.05,3.15,4.15,5.12,6.05,6.99,7.95,8.94,9.90,10.87,4.88,9.09,10.00,10.31,10.75,10.64,10.42,10.10,10.42,10.31,7,3
"Nashimoto, Masaki (JPN) (1993)",30-Jul-10,NaN,-2.1 m/s,1.89,2.97,NaN,4.94,5.92,6.88,7.87,8.85,9.85,10.88,5.29,9.26,NaN,10.15,10.20,10.42,10.10,10.20,10.00,9.71,7,5
"Lilja, Johan (SWE) (1995)",28-Jul-13,NaN,1.7 m/s,NaN,NaN,4.18,NaN,NaN,7.03,NaN,8.92,NaN,10.88,NaN,NaN,7.18,NaN,NaN,10.53,NaN,10.58,NaN,10.20,3,3
"Engwall, Andreas (SWE) (1992)",28-Jul-13,NaN,1.1 m/s,NaN,NaN,4.13,NaN,NaN,6.98,NaN,8.89,NaN,10.88,NaN,NaN,7.26,NaN,NaN,10.53,NaN,10.47,NaN,10.05,7,7
"Thorshaug, Erik (NOR) (1987)",20-Jul-14,NaN,2.1 m/s,NaN,NaN,4.17,NaN,NaN,7.06,NaN,8.94,NaN,10.88,NaN,NaN,7.19,NaN,NaN,10.38,NaN,10.64,NaN,10.31,5,2
"Kuroki, Motoki (JPN) (1999)",30-Jul-16,0.128,3.0 m/s,NaN,2.92,3.99,4.98,5.91,6.87,7.84,8.83,NaN,10.88,NaN,6.85,9.35,10.10,10.75,10.42,10.31,10.10,NaN,9.76,NaN,6
"Ojuri, Sunday (SWE) (1993)",30-Jul-17,NaN,1.5 m/s,NaN,NaN,4.18,NaN,6.10,7.03,NaN,8.93,NaN,10.88,NaN,NaN,7.18,NaN,10.42,10.75,NaN,10.53,NaN,10.26,7,3
"Akiyama, Yuki (JPN) (2001)",04-Oct-19,0.154,-2.3 m/s,NaN,NaN,4.06,NaN,6.00,NaN,NaN,NaN,NaN,10.88,NaN,NaN,7.39,NaN,3.33,NaN,NaN,NaN,NaN,10.25,9,5
Song Xinlong (CHN) (2000),26-May-23,0.175,-0.1 m/s,2.02,3.12,4.13,5.10,6.04,6.99,7.94,8.90,9.88,10.88,4.95,9.09,9.90,10.31,10.64,10.53,10.53,10.42,10.20,10.00,7,5
"Kern, Lucien (SUI) (2002)",30-Jun-23,0.149,-0.8 m/s,2.02,3.12,4.12,5.08,6.03,6.97,7.93,8.90,9.89,10.88,4.95,9.09,10.00,10.42,10.53,10.64,10.42,10.31,10.10,10.10,4,6
Cui Sen (CHN) (2004),13-May-24,0.168,-0.3 m/s,2.05,3.16,4.15,5.10,6.03,6.96,7.92,8.88,9.88,10.88,4.88,9.01,10.10,10.53,10.75,10.75,10.42,10.42,10.00,10.00,3,7
"Ishibashi, Shota (JPN)",31-May-25,NaN,2.7 m/s,NaN,NaN,4.15,NaN,NaN,7.00,NaN,NaN,9.88,10.88,NaN,NaN,7.23,NaN,NaN,10.53,NaN,NaN,10.42,10.00,8,5
"Karlsson, Erik (SWE) (1987)",25-Jul-09,NaN,1.1 m/s,NaN,4.13,NaN,NaN,7.01,NaN,8.91,NaN,10.89,10.89,NaN,7.26,NaN,NaN,10.42,NaN,10.53,NaN,10.10,9.18,NaN,5
"Coertzen, Willem (RSA) (1982)",19-Aug-09,0.181,-0.4 m/s,3.14,NaN,5.09,NaN,7.01,NaN,8.91,NaN,10.89,10.89,6.37,NaN,10.26,NaN,10.42,NaN,10.53,NaN,10.10,9.18,2,1
"Wobeto, Philipp (GER) (1991)",06-Aug-10,NaN,-0.4 m/s,3.17,4.17,5.12,NaN,7.00,NaN,8.90,NaN,10.89,10.89,6.31,10.00,10.53,NaN,10.64,NaN,10.53,NaN,10.05,9.18,NaN,2
"Armfelt, Carl (SWE) (1984)",17-Jun-12,NaN,1.0 m/s,NaN,4.13,NaN,NaN,7.02,NaN,8.92,NaN,10.89,10.89,NaN,7.26,NaN,NaN,10.38,NaN,10.53,NaN,10.15,9.18,NaN,4
"Brännström, André (SWE) (1987)",17-Jun-12,NaN,2.8 m/s,NaN,4.21,NaN,NaN,7.06,NaN,8.94,NaN,10.89,10.89,NaN,7.13,NaN,NaN,10.53,NaN,10.64,NaN,10.26,9.18,NaN,5
"Waltersson, Jonathan (SWE) (1985)",28-Jul-13,NaN,2.8 m/s,NaN,4.19,NaN,NaN,7.05,NaN,8.93,NaN,10.89,10.89,NaN,7.16,NaN,NaN,10.49,NaN,10.64,NaN,10.20,9.18,6,3
"Kåstad, Martin (NOR) (1990)",28-Jul-13,NaN,1.7 m/s,NaN,4.17,NaN,NaN,7.05,NaN,8.95,NaN,10.89,10.89,NaN,7.19,NaN,NaN,10.42,NaN,10.53,NaN,10.31,9.18,4,4
"Zirignon, Jean Christian (SWE) (1995)",28-Jul-13,NaN,1.1 m/s,NaN,4.13,NaN,NaN,6.97,NaN,8.88,NaN,10.89,10.89,NaN,7.26,NaN,NaN,10.56,NaN,10.47,NaN,9.95,9.18,5,8
"Dang, Joakim (NOR) (1990)",20-Jul-14,NaN,3.1 m/s,NaN,4.08,NaN,NaN,6.95,NaN,8.86,NaN,10.89,10.89,NaN,7.35,NaN,NaN,10.45,NaN,10.47,NaN,9.85,9.18,1,7
Nakawaki Yuya (JPN) (1998),30-Jul-16,0.141,3.0 m/s,2.96,4.05,5.05,6.01,6.96,7.93,8.90,NaN,10.89,10.89,6.76,9.17,10.00,10.42,10.53,10.31,10.31,NaN,10.05,9.18,NaN,7
"Yu, Matsuura (JPN)",26-May-18,NaN,2.3 m/s,NaN,4.10,NaN,NaN,6.97,NaN,NaN,9.88,10.89,10.89,NaN,7.32,NaN,NaN,10.45,NaN,NaN,10.31,9.90,9.18,1,4
"Nishio, Kotora (JPN)",29-May-21,interval,3.3 m/s,NaN,4.03,NaN,NaN,6.97,NaN,NaN,9.87,10.89,10.89,7.44,NaN,10.20,NaN,10.34,9.80,9.18,46.5,7.44,10.20,5,4
"Kawabata, Ryota (JPN)",29-May-21,NaN,3.3 m/s,NaN,4.08,NaN,NaN,7.00,NaN,NaN,9.87,10.89,10.89,NaN,NaN,7.35,NaN,10.27,NaN,NaN,10.45,9.80,9.18,8,5
Meng Desheng (CHN) (2006),30-Aug-22,0.195,-0.1 m/s,2.10,3.20,4.20,5.16,6.12,7.06,8.01,8.96,9.93,10.89,4.76,9.09,10.00,10.42,10.42,10.64,10.53,10.53,10.31,10.42,4,1
"Tae, Shun (JPN) (1997)",06-May-23,0.155,0.6 m/s,1.98,3.11,4.12,5.09,6.03,6.97,7.92,8.88,9.87,10.89,5.05,8.85,9.90,10.31,10.64,10.64,10.53,10.42,10.10,9.80,2,2
"Öiglane, Janek (EST) (1994)",02-Aug-24,0.142,0.9 m/s,2.03,3.13,4.20,5.16,6.11,7.06,8.01,8.97,9.94,10.89,4.93,9.09,9.35,10.42,10.53,10.53,10.53,10.42,10.31,10.53,3,4
"Michel, Andreas (GER) (1992)",06-Aug-10,NaN,-0.4 m/s,NaN,3.16,4.16,5.11,NaN,7.00,NaN,8.93,NaN,10.90,NaN,6.33,10.00,10.53,NaN,10.58,NaN,10.36,NaN,10.15,NaN,3
"Huke, Maurice (GER) (1993)",07-Aug-10,NaN,0.0 m/s,NaN,3.17,4.18,5.13,NaN,7.00,NaN,8.92,NaN,10.90,NaN,6.31,9.90,10.53,NaN,10.70,NaN,10.42,NaN,10.10,NaN,3
"Wulff, Jonathan (SWE) (1994)",31-Jul-11,NaN,1.6 m/s,NaN,NaN,4.21,NaN,NaN,7.04,NaN,8.93,NaN,10.90,NaN,NaN,7.13,NaN,NaN,10.60,NaN,10.58,NaN,10.15,1,3
"Lilja, Johan (SWE) (1995)",31-Jul-16,NaN,0.7 m/s,NaN,NaN,4.18,NaN,NaN,7.02,NaN,NaN,NaN,10.90,NaN,NaN,7.18,NaN,NaN,10.56,NaN,NaN,NaN,10.31,7,4
"Kuroki, Motoki (JPN) (1999)",30-Jul-17,0.152,-2.0 m/s,NaN,NaN,4.01,NaN,NaN,6.90,NaN,NaN,9.87,10.90,NaN,NaN,7.48,NaN,NaN,10.38,NaN,NaN,10.10,9.71,3,8
"Kapstad, Linus (SWE) (2000)",30-Jul-17,NaN,1.5 m/s,NaN,NaN,4.17,NaN,6.10,7.03,NaN,8.94,NaN,10.90,NaN,NaN,7.19,NaN,10.36,10.75,NaN,10.47,NaN,10.20,3,4
"Nakamura, Akihiko (JPN) (1990)",21-Apr-18,NaN,0.2 m/s,1.93,3.05,4.07,5.05,6.01,6.96,7.92,8.89,9.88,10.90,5.18,8.93,9.80,10.20,10.42,10.53,10.42,10.31,10.10,9.80,6,2
"Miyauchi, Kazuya (JPN) (2001)",04-Oct-19,0.156,-2.3 m/s,NaN,NaN,4.06,NaN,5.98,NaN,NaN,NaN,NaN,10.90,NaN,NaN,7.39,NaN,3.34,NaN,NaN,NaN,NaN,10.16,7,6
"Maruyama, Yuma (JPN) (1998)",10-Jun-23,NaN,0.1 m/s,1.98,3.09,4.13,5.10,6.06,7.01,7.97,8.93,9.91,10.90,5.05,9.01,9.62,10.31,10.42,10.53,10.42,10.42,10.20,10.10,6,3
"Maruyama, Yuma (JPN) (1998)",25-Aug-23,0.144,0.1 m/s,1.97,3.10,4.12,5.10,6.06,7.01,7.96,8.92,9.90,10.90,5.08,8.85,9.80,10.20,10.42,10.53,10.53,10.42,10.20,10.00,2,8
"Edwards, Eric (USA) (2000)",01-Jun-25,0.179,-1.9 m/s,2.03,3.15,NaN,5.08,NaN,6.95,7.94,8.93,9.94,10.90,4.93,8.93,NaN,10.36,NaN,10.70,10.10,10.10,9.90,10.42,8,5
"Sulusi-Sjö, Brian (SWE) (1977)",24-Jul-07,NaN,1.1 m/s,NaN,NaN,4.15,NaN,NaN,7.00,NaN,8.92,NaN,10.91,NaN,NaN,7.23,NaN,NaN,10.53,NaN,10.42,NaN,10.05,NaN,1
"Nilsson, Niklas (SWE) (1987)",25-Jul-09,NaN,1.1 m/s,NaN,NaN,4.15,NaN,NaN,7.01,NaN,8.92,NaN,10.91,NaN,NaN,7.23,NaN,NaN,10.49,NaN,10.47,NaN,10.05,NaN,6
"Karlsson, Alexander (NOR) (1988)",17-Jun-12,NaN,1.0 m/s,NaN,NaN,4.18,NaN,NaN,7.04,NaN,8.93,NaN,10.91,NaN,NaN,7.18,NaN,NaN,10.49,NaN,10.58,NaN,10.10,NaN,5
"Buhagen, Kristoffer (NOR) (1992)",28-Jul-13,NaN,2.8 m/s,NaN,NaN,4.14,NaN,NaN,6.99,NaN,8.92,NaN,10.91,NaN,NaN,7.25,NaN,NaN,10.53,NaN,10.36,NaN,10.05,5,4
"Allison, Tarley (LBR) (1997)",20-Jul-14,interval,2.1 m/s,NaN,NaN,4.12,NaN,NaN,7.01,NaN,8.93,NaN,10.91,NaN,7.28,NaN,NaN,10.38,10.42,10.10,9.17,NaN,7.28,3,3
"Tjelta Larsen, Simen (NOR) (1994)",26-Jul-15,NaN,0.9 m/s,NaN,4.21,NaN,7.05,NaN,8.96,10.91,10.91,2/1,NaN,NaN,7.13,NaN,10.56,NaN,10.47,10.26,9.17,NaN,7.13,NaN,NaN
"Ishihara, Yoshiaki (JPN) (2006)",27-May-23,NaN,0.9 m/s,NaN,4.12,NaN,7.00,NaN,NaN,9.88,10.91,10.91,6/4,NaN,7.28,NaN,10.42,NaN,NaN,10.42,9.71,9.17,49.7,6,4
"Hyde, Nicklas (DEN) (1986)",25-Jul-09,NaN,1.1 m/s,NaN,4.23,NaN,7.09,NaN,8.97,10.92,10.92,10.92,/7,NaN,7.09,NaN,10.49,NaN,10.64,10.26,9.16,NaN,7.09,NaN,7
"Behrenbruch, Pascal (GER) (1985)",19-Aug-09,0.135,0.0 m/s,NaN,3.10,NaN,7.00,NaN,8.92,10.92,10.92,10.92,4/2,NaN,6.45,NaN,10.36,NaN,10.42,10.00,9.16,NaN,NaN,4,2
"Nordkvist, Robin (SWE) (1993)",28-Jul-13,NaN,1.7 m/s,NaN,4.17,NaN,7.01,NaN,8.93,10.92,10.92,10.92,7/4,NaN,7.19,NaN,10.56,NaN,10.42,10.05,9.16,NaN,7.19,7,4
"Brusenback, Chris (SWE) (1993)",28-Jul-13,NaN,1.8 m/s,NaN,4.12,NaN,6.98,NaN,8.92,10.92,10.92,10.92,1/8,NaN,7.28,NaN,10.49,NaN,10.31,10.00,9.16,NaN,7.28,1,8
"Kjell, Gustav (SWE) (1996)",31-Jul-16,NaN,1.4 m/s,NaN,4.14,NaN,7.00,NaN,NaN,10.92,10.92,8/4,NaN,NaN,7.25,NaN,10.49,NaN,NaN,10.20,9.16,NaN,7.25,NaN,NaN
"Yu, Matsuura (JPN)",27-May-17,NaN,2.1 m/s,NaN,4.07,NaN,6.93,NaN,NaN,10.92,10.92,8/3,NaN,NaN,7.37,NaN,10.49,NaN,NaN,10.03,9.16,51.5,7.37,NaN,NaN
"Hayashi, Kanata (JPN) (2001)",04-Oct-19,0.155,-2.3 m/s,NaN,4.06,NaN,6.00,NaN,NaN,10.92,10.92,8/7,NaN,NaN,7.39,NaN,3.33,NaN,NaN,10.16,9.16,NaN,7.39,NaN,NaN
"Fukagawa, Shinpei (JPN) (2002)",24-Oct-20,0.164,-2.4 m/s,1.97,3.08,4.09,5.05,6.01,6.96,7.93,8.90,9.90,10.92,5.08,9.01,9.90,10.42,10.42,10.53,10.31,10.31,10.00,9.80,4,6
Wang Yongji (CHN) (1995),14-Jul-22,NaN,-0.2 m/s,2.13,3.25,4.27,5.24,6.18,7.10,8.04,8.98,9.94,10.92,4.69,8.93,9.80,10.31,10.64,10.87,10.64,10.64,10.42,10.20,6,6
Cui Sen (CHN) (2004),27-May-24,0.208,-0.7 m/s,2.11,3.21,4.20,5.16,NaN,7.02,7.98,8.93,9.90,10.92,4.74,9.09,10.10,10.42,NaN,10.75,10.42,10.53,10.31,9.80,6,7
Chen Peirong (CHN) (2001),26-Apr-25,0.211,0.3 m/s,2.07,3.17,4.19,5.14,6.09,7.02,7.97,8.94,9.91,10.92,4.83,9.09,9.80,10.53,10.53,10.75,10.53,10.31,10.31,9.90,10,2
Zheng Yongyuan (CHN) (2000),26-Apr-25,0.151,0.3 m/s,1.98,3.10,4.12,5.07,6.04,6.98,7.94,8.91,9.90,10.92,5.05,8.93,9.80,10.53,10.31,10.64,10.42,10.31,10.10,9.80,3,3
"Mesipuu, Maido (EST) (1985)",21-Jul-06,NaN,0.6 m/s,NaN,NaN,4.03,NaN,NaN,6.91,NaN,8.85,NaN,10.93,NaN,NaN,7.44,NaN,NaN,10.42,NaN,10.31,NaN,9.62,NaN,3
"Nakamura, Akihiko (JPN) (1990)",10-Oct-09,NaN,1.3 m/s,1.96,3.06,4.08,5.06,6.02,6.98,7.94,8.91,9.90,10.93,5.10,9.09,9.80,10.20,10.42,10.42,10.42,10.31,10.10,9.71,5,1
"Sakaguchi, Takuya (JPN) (1992)",30-Jul-10,NaN,-2.1 m/s,2.00,3.07,NaN,5.06,6.00,6.97,7.93,8.91,9.90,10.93,5.00,9.35,NaN,10.05,10.64,10.31,10.42,10.20,10.10,9.71,4,6
"Sennung, David (SWE) (1991)",08-Aug-10,NaN,1.8 m/s,NaN,NaN,4.13,NaN,NaN,7.01,NaN,8.93,NaN,10.93,NaN,NaN,7.26,NaN,NaN,10.42,NaN,10.42,NaN,10.00,(2010) - www.ssg.se,en
"Storhaug, Lars Jøran (NOR) (1989)",31-Jul-11,NaN,1.6 m/s,NaN,NaN,4.15,NaN,NaN,7.05,NaN,8.95,NaN,10.93,NaN,NaN,7.23,NaN,NaN,10.34,NaN,10.53,NaN,10.10,(2011) - www.ssg.se,en
"Darkwah, Tony (SWE) (1986)",17-Jun-12,NaN,1.0 m/s,NaN,NaN,4.19,NaN,NaN,7.05,NaN,8.96,NaN,10.93,NaN,NaN,7.16,NaN,NaN,10.49,NaN,10.47,NaN,10.15,(2012) - www.elitlandslag.se,SprintHäck
"Andersson, David (SWE) (1985)",17-Jun-12,NaN,2.5 m/s,NaN,NaN,4.17,NaN,NaN,7.06,NaN,8.97,NaN,10.93,NaN,NaN,7.19,NaN,NaN,10.38,NaN,10.47,NaN,10.20,(2012) - www.elitlandslag.se,SprintHäck
"Ojuri, Sunday (SWE) (1993)",31-Jul-16,NaN,0.7 m/s,NaN,4.21,NaN,NaN,7.06,NaN,NaN,NaN,10.93,10.93,NaN,7.13,NaN,NaN,10.53,NaN,NaN,NaN,10.34,9.15,8,5
"Kapstad, Linus (SWE) (2000)",31-Jul-16,NaN,1.4 m/s,NaN,4.15,NaN,NaN,7.00,NaN,NaN,NaN,10.93,10.93,NaN,7.23,NaN,NaN,10.53,NaN,NaN,NaN,10.18,9.15,2,5
"Shosei, Kadoya (JPN)",26-May-18,NaN,2.3 m/s,NaN,4.10,NaN,NaN,7.01,NaN,NaN,9.92,10.93,10.93,NaN,7.32,NaN,NaN,10.31,NaN,NaN,10.31,9.90,9.15,3,5
"Nakamura, Akihiko (JPN) (1990)",04-Jun-22,NaN,0.1 m/s,1.93,3.05,4.07,5.04,6.00,6.96,7.93,8.91,9.91,10.93,5.18,8.93,9.80,10.31,10.42,10.42,10.31,10.20,10.00,9.80,4,3
"Kanno, Ryohel (JPN)",03-Aug-23,0.194,-2.7 m/s,1.96,3.06,4.07,5.04,6.00,6.96,7.93,8.91,9.91,10.93,5.10,9.09,9.90,10.31,10.42,10.42,10.31,10.20,10.00,9.80,7,3
"Suyama, Hayato (JPN)",31-May-25,NaN,2.7 m/s,NaN,4.17,NaN,NaN,7.05,NaN,NaN,9.92,10.93,10.93,NaN,7.19,NaN,NaN,10.42,NaN,NaN,10.45,9.90,9.15,3,7
"Szymański, Jakub (POL) (2002)",01-Jun-25,0.162,-1.9 m/s,2.02,3.09,NaN,4.99,5.94,6.87,7.85,8.86,9.89,10.93,4.95,9.35,NaN,10.53,10.53,10.75,10.20,9.90,9.71,9.62,7,6
"Begum, Ashik (SUI) (2007)",20-Aug-25,0.146,0.5 m/s,1.98,3.09,4.09,5.05,5.98,6.91,7.83,8.77,9.77,10.93,5.05,9.01,10.00,10.42,10.75,10.75,10.87,10.64,10.00,8.62,5,2
"Kling-Baptiste, Tom (SWE) (1990)",24-Jul-07,NaN,1.1 m/s,NaN,4.19,NaN,NaN,7.02,NaN,8.95,NaN,10.94,10.94,NaN,7.16,NaN,NaN,10.60,NaN,10.36,NaN,10.05,9.14,NaN,2
"Ojuri, Sunday (SWE) (1993)",31-Jul-11,NaN,1.6 m/s,NaN,4.17,NaN,NaN,7.04,NaN,8.95,NaN,10.94,10.94,NaN,7.19,NaN,NaN,10.45,NaN,10.47,NaN,10.05,9.14,6,5
"Rasmussen Osazuwa, Peter Efe (NOR) (-)",26-Jul-15,NaN,0.6 m/s,NaN,NaN,NaN,NaN,7.04,NaN,NaN,NaN,10.94,10.94,NaN,NaN,NaN,NaN,8.52,NaN,NaN,NaN,10.26,9.14,7,5
"Thornberg, Nils (SWE) (1994)",30-Jul-17,interval,1.5 m/s,NaN,4.17,NaN,6.10,7.03,NaN,8.96,NaN,10.94,10.94,NaN,NaN,7.19,10.36,10.75,NaN,10.36,NaN,10.10,9.14,5,5
"Maruyama, Yuma (JPN) (1998)",08-Jun-19,NaN,0.0 m/s,1.97,3.10,4.13,5.12,6.09,7.05,8.01,8.98,9.95,10.94,5.08,8.85,9.71,10.10,10.31,10.42,10.42,10.31,10.31,10.10,4,2
Zhang Baozhou (CHN) (2004),30-Aug-22,0.212,-0.1 m/s,2.05,3.08,4.07,5.06,5.98,6.89,7.84,8.83,9.84,10.94,4.88,9.71,10.10,10.10,10.87,10.99,10.53,10.10,9.90,9.09,7,6
"Pichonnaz, Alan (SUI) (2001)",30-Jun-23,0.173,-0.8 m/s,2.10,3.22,4.22,5.18,6.12,7.06,8.01,8.97,9.95,10.94,4.76,8.93,10.00,10.42,10.64,10.64,10.53,10.42,10.20,10.10,1,7
"Daichi, Musashi (JPN)",03-Aug-23,0.188,-2.7 m/s,1.96,3.07,4.07,5.04,5.99,6.95,7.92,8.90,9.91,10.94,5.10,9.01,10.00,10.31,10.53,10.42,10.31,10.20,9.90,9.71,6,4
"Perkuhn, Matti (SUI) (2007)",20-Aug-25,0.138,0.5 m/s,1.99,3.13,4.14,5.12,6.08,7.03,7.98,8.95,9.93,10.94,5.03,8.77,9.90,10.20,10.42,10.53,10.53,10.31,10.20,9.90,6,3
"Rose, Odain (SWE) (1992)",25-Jul-09,NaN,1.1 m/s,NaN,NaN,4.07,NaN,NaN,6.96,NaN,8.92,NaN,10.95,NaN,NaN,7.37,NaN,NaN,10.38,NaN,10.20,NaN,9.85,NaN,8
"Pogorelov, Aleksandr (RUS) (1980)",19-Aug-09,0.168,-0.3 m/s,NaN,3.17,NaN,5.15,NaN,7.07,NaN,8.97,NaN,10.95,NaN,6.31,NaN,10.10,NaN,10.42,NaN,10.53,NaN,10.10,7,1
"Wobeto, Philipp (GER) (1991)",06-Aug-10,NaN,0.5 m/s,NaN,3.15,4.14,5.08,NaN,7.06,NaN,8.97,NaN,10.95,NaN,6.35,10.10,10.64,NaN,10.10,NaN,10.47,NaN,10.10,NaN,7
"Carter, Nesta (JAM) (1985)",28-Aug-11,0.154,-1.4 m/s,NaN,2.96,3.98,4.94,5.90,6.83,7.79,8.74,9.77,10.95,NaN,6.76,9.80,10.42,10.42,10.75,10.42,10.53,9.71,8.47,7,7
"Milo, Lukáš (CZE) (1983)",15-Jun-13,0.124,-3.2 m/s,NaN,3.06,NaN,5.03,NaN,6.93,NaN,8.90,NaN,10.95,NaN,6.54,NaN,10.15,NaN,10.53,NaN,10.15,NaN,9.76,6,3
"Van Wyk, Isaak (RSA) (1989)",28-Jul-13,NaN,3.0 m/s,NaN,NaN,4.21,NaN,NaN,7.12,NaN,9.02,NaN,10.95,NaN,NaN,7.13,NaN,NaN,10.31,NaN,10.53,NaN,10.36,1,1
"Van den Hend, Mulamba (BEL) (1984)",20-Jul-14,NaN,2.1 m/s,NaN,4.22,NaN,NaN,7.08,NaN,8.98,NaN,10.95,10.95,NaN,NaN,7.11,NaN,10.49,NaN,10.53,NaN,10.15,9.13,6,4
"Helsing, Yonathan (SWE) (1998)",31-Jul-16,NaN,1.4 m/s,NaN,4.21,NaN,NaN,7.08,NaN,NaN,NaN,10.95,10.95,NaN,NaN,7.13,NaN,10.45,NaN,NaN,NaN,10.34,9.13,7,6
"Tsubasa, Suzuki (JPN) (2003)",04-Oct-19,0.138,-1.1 m/s,NaN,4.11,NaN,6.05,NaN,NaN,NaN,NaN,10.95,10.95,NaN,NaN,7.30,NaN,3.31,NaN,NaN,NaN,10.20,9.13,5,1
"Johnsen, Daniel (NOR) (1998)",01-Jul-21,0.108,0.2 m/s,NaN,3.1,NaN,5.1,NaN,7.0,NaN,8.9,NaN,10.95,NaN,6.45,NaN,10.00,NaN,10.53,NaN,10.53,NaN,9.76,3,6
Qiao Jichao (CHN) (2006),26-Apr-23,0.170,-1.2 m/s,2.03,3.13,4.15,5.12,6.10,7.04,8.01,8.97,9.95,10.95,4.93,9.09,9.80,10.31,10.20,10.64,10.31,10.42,10.20,10.00,9,4
"Perrin, Marc (SUI) (1995)",30-Jun-23,0.139,-0.8 m/s,1.94,3.01,4.00,4.95,5.90,6.86,7.84,8.83,9.85,10.95,5.15,9.35,10.10,10.53,10.53,10.42,10.20,10.10,9.80,9.09,2,8
Cui Sen (CHN) (2004),01-Jun-24,0.175,0.7 m/s,2.09,3.16,4.17,5.13,6.09,7.04,8.00,8.96,9.94,10.95,4.78,9.35,9.90,10.42,10.42,10.53,10.42,10.42,10.20,9.90,4,5
Cheng Zhu Yu (CHN) (2006),26-Apr-25,0.198,0.5 m/s,2.07,3.19,4.20,5.16,6.11,7.05,8.00,8.96,9.94,10.95,4.83,8.93,9.90,10.42,10.53,10.64,10.53,10.42,10.20,9.90,3,2
"Kebeya, Gabriel (SUI) (2008)",20-Aug-25,0.134,0.5 m/s,1.95,3.06,4.06,5.02,5.98,6.93,7.91,8.90,9.91,10.95,5.13,9.01,10.00,10.42,10.42,10.53,10.20,10.10,9.90,9.62,3,4
"Wiberg, Nicklas (SWE) (1985)",19-Aug-09,0.161,-0.4 m/s,NaN,3.15,NaN,5.11,NaN,7.04,NaN,8.97,NaN,10.96,NaN,6.35,NaN,10.20,NaN,10.36,NaN,10.36,NaN,10.05,1,2
"Ondráček, Jan (CZE) (1988)",15-Jun-13,0.146,-1.2 m/s,NaN,3.17,NaN,5.18,NaN,7.07,NaN,8.99,NaN,10.96,NaN,6.31,NaN,9.95,NaN,10.58,NaN,10.42,NaN,10.15,6,3
"Johnsen, Henrik (NOR) (1986)",20-Jul-14,NaN,2.1 m/s,NaN,NaN,4.14,NaN,NaN,7.05,NaN,8.98,NaN,10.96,NaN,NaN,7.25,NaN,NaN,10.31,NaN,10.36,NaN,10.10,2,5
"Ewertzh, Jacob (SWE) (1995)",26-Jul-15,NaN,0.6 m/s,NaN,NaN,NaN,NaN,NaN,7.01,NaN,NaN,NaN,10.96,NaN,NaN,NaN,NaN,NaN,8.56,NaN,NaN,NaN,10.13,8,6
"Ogi, Machii (JPN) (2003)",04-Oct-19,0.143,-1.1 m/s,NaN,NaN,4.06,NaN,6.01,NaN,NaN,NaN,NaN,10.96,NaN,NaN,7.39,NaN,3.33,NaN,NaN,NaN,NaN,10.10,7,2
"Takano, Shota (JPN)",29-May-21,NaN,3.3 m/s,NaN,NaN,4.08,NaN,NaN,7.03,NaN,NaN,9.93,10.96,NaN,NaN,7.35,NaN,NaN,10.17,NaN,NaN,10.34,9.71,1,6
"Nakamura, Akihiko (JPN) (1990)",10-Jun-23,NaN,-0.4 m/s,1.97,3.10,4.12,5.10,6.06,7.02,7.98,8.96,9.95,10.96,5.08,8.85,9.80,10.20,10.42,10.42,10.42,10.20,10.10,9.90,7,1
"Ogawa, Ao (JPN)",03-Aug-23,0.201,-2.7 m/s,2.03,3.17,4.19,5.17,6.13,7.09,8.05,9.01,9.98,10.96,4.93,8.77,9.80,10.20,10.42,10.42,10.42,10.42,10.31,10.20,2,5
"Crittenden, Freddie (USA) (1994)",01-Jun-25,0.169,-1.9 m/s,2.04,3.15,NaN,5.13,6.09,7.03,8.02,9.01,10.01,10.96,4.90,9.01,NaN,10.10,10.42,10.64,10.10,10.10,10.00,10.53,5,7
"Island, Cameron (USA) (1986)",23-Jun-05,NaN,-0.4 m/s,NaN,3.14,4.12,5.12,6.07,7.05,7.98,8.96,9.98,10.97,NaN,6.37,10.20,10.00,10.53,10.20,10.75,10.20,9.80,10.10,9,8
"Miyauchi, Kosei (JPN) (1992)",30-Jul-10,NaN,-2.1 m/s,1.93,3.03,NaN,5.04,6.01,6.98,7.97,8.96,9.95,10.97,5.18,9.09,NaN,9.95,10.31,10.31,10.10,10.10,10.10,9.80,8,7
"Lohmann, Jonas (GER) (1993)",07-Aug-10,NaN,0.0 m/s,NaN,3.10,4.12,5.09,NaN,7.00,NaN,8.96,NaN,10.97,6.45,9.80,10.31,NaN,10.47,NaN,10.20,NaN,9.95,9.12,NaN,2
"Persson, Daniel (SWE) (1982)",08-Aug-10,NaN,1.8 m/s,NaN,4.09,NaN,NaN,6.97,NaN,8.91,NaN,10.97,10.97,NaN,7.33,NaN,NaN,10.42,NaN,10.31,NaN,9.71,9.12,NaN,7
"Andersson, Andreas (SWE) (1991)",08-Aug-10,NaN,2.6 m/s,NaN,4.21,NaN,NaN,7.11,NaN,9.01,NaN,10.97,10.97,NaN,7.13,NaN,NaN,10.34,NaN,10.53,NaN,10.20,9.12,NaN,3
"Øien, Vegard (NOR)",17-Jun-12,NaN,2.5 m/s,NaN,4.17,NaN,NaN,7.07,NaN,8.99,NaN,10.97,10.97,NaN,7.19,NaN,NaN,10.34,NaN,10.42,NaN,10.10,9.12,NaN,2
"Netymach, Vojtech (CZE) (1995)",15-Jun-13,0.142,-1.2 m/s,NaN,3.01,NaN,5.01,NaN,6.91,NaN,8.90,NaN,10.97,NaN,6.64,NaN,10.00,NaN,10.53,NaN,10.05,NaN,9.66,3,4
"Wulff, Jonathan (SWE) (1994)",31-Jul-16,NaN,0.7 m/s,NaN,4.20,NaN,NaN,7.04,NaN,NaN,NaN,10.97,10.97,NaN,7.14,NaN,NaN,10.56,NaN,NaN,NaN,10.18,9.12,1,6
"Wulff, Jonathan (SWE) (1994)",31-Jul-16,NaN,1.4 m/s,NaN,4.21,NaN,NaN,7.06,NaN,NaN,NaN,10.97,10.97,NaN,7.13,NaN,NaN,10.53,NaN,NaN,NaN,10.23,9.12,6,7
Quan Jiafu (CHN) (2004),27-May-24,0.156,-0.7 m/s,2.05,3.13,4.15,5.14,NaN,7.04,7.99,8.94,9.94,10.97,4.88,9.26,9.80,10.10,NaN,10.53,10.53,10.53,10.00,9.71,8,7
"Karlsson, Erik (SWE) (1987)",24-Jul-07,NaN,1.1 m/s,NaN,4.15,NaN,NaN,7.01,NaN,8.96,NaN,10.98,10.98,NaN,7.23,NaN,NaN,10.49,NaN,10.26,NaN,9.90,9.11,NaN,3
"Nilsson, Nils-Göran (SWE)",31-Jul-11,NaN,1.6 m/s,NaN,4.14,NaN,NaN,7.03,NaN,8.96,NaN,10.98,10.98,NaN,7.25,NaN,NaN,10.38,NaN,10.36,NaN,9.90,9.11,3,6
"Buhagen, Kristoffer (NOR) (1992)",17-Jun-12,NaN,2.5 m/s,NaN,4.15,NaN,NaN,7.07,NaN,9.00,NaN,10.98,10.98,NaN,7.23,NaN,NaN,10.27,NaN,10.36,NaN,10.10,9.11,NaN,3
"Sato, Ayato (JPN)",25-May-19,NaN,1.3 m/s,NaN,4.17,NaN,NaN,7.05,NaN,NaN,9.93,10.98,10.98,NaN,7.19,NaN,NaN,10.42,NaN,NaN,10.42,9.52,9.11,4,2
Wang Shaobo (CHN),30-Aug-22,0.198,-0.1 m/s,2.02,3.13,4.14,5.10,6.07,7.01,7.97,8.96,9.94,10.98,4.95,9.01,9.90,10.42,10.31,10.64,10.42,10.10,10.20,9.62,1,7
"Komuro, Ayukuto (JPN)",03-Aug-23,0.193,-2.7 m/s,1.99,3.12,4.14,5.11,6.07,7.03,7.99,8.97,9.96,10.98,5.03,8.85,9.80,10.31,10.42,10.42,10.42,10.20,10.10,9.80,9,6
Zeng Shihan (CHN) (2009),26-Apr-25,0.160,0.3 m/s,2.01,3.13,4.14,5.11,6.07,7.02,7.98,8.95,9.95,10.98,4.98,8.93,9.90,10.31,10.42,10.53,10.42,10.31,10.00,9.71,4,4
"Oseto, Kazuma (JPN) (1994)",30-Jul-10,NaN,-2.1 m/s,1.92,3.01,NaN,5.02,5.99,6.97,7.95,8.70,9.94,10.99,5.21,9.17,NaN,9.95,10.31,10.20,10.20,13.33,8.06,9.52,1,8
"Engwall, Andreas (SWE) (1992)",31-Jul-11,NaN,1.6 m/s,NaN,NaN,4.16,NaN,NaN,7.05,NaN,8.98,NaN,10.99,NaN,NaN,7.21,NaN,NaN,10.38,NaN,10.36,NaN,9.95,7,7
"Netymach, Vojtech (CZE) (1995)",28-Jun-14,0.159,-3.4 m/s,1.94,3.01,4.03,5.00,5.96,6.94,7.91,8.91,9.92,10.99,5.15,9.35,9.80,10.31,10.42,10.20,10.31,10.00,9.90,9.35,2,1
"Rosenberg, Michael (NOR) (1990)",26-Jul-15,NaN,0.6 m/s,NaN,NaN,NaN,NaN,NaN,6.94,NaN,NaN,NaN,10.99,NaN,NaN,NaN,NaN,NaN,8.65,NaN,NaN,NaN,9.88,2,7
"Morken, Håkon (NOR) (1993)",26-Jul-15,NaN,0.9 m/s,NaN,NaN,NaN,NaN,NaN,7.14,NaN,9.08,NaN,10.99,NaN,NaN,NaN,NaN,NaN,8.40,NaN,10.31,NaN,10.47,6,2
"Kirihara, Yuto (JPN)",27-May-17,NaN,2.1 m/s,NaN,NaN,4.10,NaN,NaN,7.00,NaN,NaN,NaN,10.99,NaN,NaN,7.32,NaN,NaN,10.34,NaN,NaN,NaN,10.03,4,5
"Yoshichi, Sota (JPN)",11-Jul-20,NaN,1.5 m/s,NaN,NaN,4.18,NaN,NaN,7.00,NaN,NaN,9.97,10.99,NaN,NaN,7.18,NaN,NaN,10.64,NaN,NaN,10.10,9.80,1,4
"Vandezande, Rune (BEL) (2007)",08-Sep-23,0.137,-0.4 m/s,2.03,3.15,4.16,5.13,6.09,7.04,8.01,8.98,9.98,10.99,4.93,8.93,9.90,10.31,10.42,10.53,10.31,10.31,10.00,9.90,2,1
"Shaw, Zachary (GBR) (1995) (T12)",17-Sep-23,0.147,0.0 m/s,2.05,3.18,4.19,5.17,6.12,7.07,8.02,8.98,9.96,10.99,4.88,8.85,9.90,10.20,10.53,10.53,10.53,10.42,10.20,9.71,4,2
"Meerits, Teet (EST) (1989)",21-Jul-06,NaN,0.6 m/s,NaN,NaN,4.06,NaN,NaN,7.07,NaN,9.00,NaN,11.00,NaN,NaN,7.39,NaN,NaN,9.97,NaN,10.36,NaN,10.00,NaN,4
"Tanaka, Hiromasa (JPN) (1981)",25-Jun-09,NaN,0.5 m/s,1.95,3.05,4.06,5.03,5.99,6.96,7.93,8.93,9.95,11.00,5.13,9.09,9.90,10.31,10.42,10.31,10.31,10.00,9.80,9.52,3,2
"Michel, Andreas (GER) (1992)",06-Aug-10,NaN,0.5 m/s,NaN,3.17,4.19,5.16,NaN,7.07,NaN,9.00,NaN,11.00,NaN,6.31,9.80,10.31,NaN,10.47,NaN,10.36,NaN,10.00,NaN,8
"Skoglund, Björn (SWE) (1991)",31-Jul-11,NaN,1.8 m/s,NaN,NaN,4.16,NaN,NaN,7.07,NaN,9.00,NaN,11.00,NaN,NaN,7.21,NaN,NaN,10.31,NaN,10.36,NaN,10.00,3,1
"Petrak, Miloslav (CZE) (1993)",15-Jun-13,0.140,-3.2 m/s,NaN,3.04,NaN,5.02,NaN,6.94,NaN,8.93,NaN,11.00,NaN,6.58,NaN,10.10,NaN,10.42,NaN,10.05,NaN,9.66,7,4
"Nohava, Vojtech (CZE) (1992)",15-Jun-13,0.129,-3.2 m/s,NaN,NaN,NaN,2.00,NaN,1.92,NaN,1.98,NaN,2.01,NaN,6.47,NaN,10.00,NaN,10.42,NaN,NaN,NaN,NaN,NaN,NaN
"Kapstad, Linus (SWE) (2000)",31-Jul-16,NaN,0.7 m/s,NaN,NaN,4.15,NaN,NaN,7.02,NaN,NaN,NaN,11.00,NaN,NaN,7.23,NaN,NaN,10.45,NaN,NaN,NaN,10.05,4,1
Chen Xinyu (CHN) (2004),30-Aug-22,0.207,-0.1 m/s,2.09,3.22,4.24,5.22,6.20,7.12,8.07,9.03,10.01,11.00,4.78,8.85,9.80,10.20,10.20,10.87,10.53,10.42,10.20,10.10,2,8
"Taue, Shun (JPN) (1997)",10-Jun-23,NaN,0.1 m/s,2.00,3.12,4.15,5.13,6.09,7.05,8.01,8.99,9.99,11.00,5.00,8.93,9.71,10.20,10.42,10.42,10.42,10.20,10.00,9.90,9,6
"Maruyama, Yuma (JPN) (1998)",22-Jun-24,NaN,0.2 m/s,1.99,3.13,4.15,5.13,6.09,7.06,8.03,9.01,10.00,11.00,5.03,8.77,9.80,10.20,10.42,10.31,10.31,10.20,10.10,10.00,8,6
"Pfrunder, Jannis (SUI) (2006)",20-Aug-25,0.141,0.5 m/s,1.98,3.12,4.14,5.12,6.08,7.04,8.00,8.98,9.97,11.00,5.05,8.77,9.80,10.20,10.42,10.42,10.42,10.20,10.10,9.71,7,5
"Samuels, J-Mee (USA) (1987)",22-Jun-06,interval,1.5 m/s,1.97,3.00,3.95,4.87,5.76,6.66,7.57,8.55,9.69,11.01,5.08,9.71,10.53,10.87,11.24,11.11,10.99,10.20,8.77,7.58,3,8
"Brännström, André (SWE) (1987)",24-Jul-07,NaN,1.4 m/s,NaN,4.17,NaN,NaN,7.06,NaN,9.01,NaN,11.01,11.01,NaN,7.19,NaN,NaN,10.38,NaN,10.26,NaN,10.00,9.08,NaN,7
"Müller, Norman (GER) (1985)",19-Aug-09,0.131,0.0 m/s,NaN,3.13,NaN,5.13,7.07,NaN,8.99,NaN,11.01,11.01,NaN,6.39,NaN,10.00,10.31,NaN,10.42,NaN,9.90,9.08,7,4
"Arnold, Jake (USA) (1984)",19-Aug-09,0.163,-0.4 m/s,NaN,3.13,NaN,5.10,7.06,NaN,8.99,NaN,11.01,11.01,NaN,6.39,NaN,10.15,10.20,NaN,10.36,NaN,9.90,9.08,3,4
"Larsson, Niklas (SWE) (1985)",08-Aug-10,NaN,2.6 m/s,NaN,NaN,4.29,NaN,7.17,NaN,9.06,NaN,11.01,11.01,NaN,NaN,6.99,NaN,10.42,NaN,10.58,NaN,10.26,9.08,NaN,4
"Kuptik, Ondrej (CZE) (1991)",15-Jun-13,0.201,1.4 m/s,NaN,3.17,NaN,5.14,7.05,NaN,9.00,NaN,11.01,11.01,NaN,6.31,NaN,10.15,10.47,NaN,10.26,NaN,9.95,9.08,8,6
"Grønhaug, Jonas (NOR) (1989)",28-Jul-13,NaN,3.0 m/s,NaN,NaN,4.16,NaN,7.07,NaN,9.01,NaN,11.01,11.01,NaN,NaN,7.21,NaN,10.31,NaN,10.31,NaN,10.00,9.08,3,2
"Procházka, Jáchym (CZE) (1997)",28-Jun-14,0.181,-2.1 m/s,2.06,3.16,4.20,5.18,6.13,7.09,8.05,9.02,10.00,11.01,4.85,9.09,9.62,10.20,10.53,10.42,10.42,10.31,10.20,9.90,6,1
"Armfelt, Carl (SWE) (1984)",31-Jul-16,NaN,0.7 m/s,NaN,NaN,4.21,NaN,7.05,NaN,NaN,NaN,11.01,11.01,NaN,NaN,7.13,NaN,10.56,NaN,NaN,NaN,10.10,9.08,6,7
"Iwamoto, Kosuke (JPN) (2002)",04-Oct-19,0.154,-2.3 m/s,NaN,NaN,4.12,NaN,6.10,NaN,NaN,NaN,11.01,11.01,NaN,NaN,7.28,NaN,3.28,NaN,NaN,NaN,10.18,9.08,3,8
"Taue, Shun (JPN) (1997)",26-Sep-20,NaN,0.2 m/s,2.01,3.14,4.17,5.15,6.11,7.07,8.03,9.01,10.00,11.01,4.98,8.85,9.71,10.20,10.42,10.42,10.42,10.20,10.10,9.90,8,5
"Maruyama, Yuma (JPN) (1998)",30-Apr-22,0.130,-0.2 m/s,1.98,3.13,4.16,5.15,6.12,7.08,8.04,9.01,10.00,11.01,5.05,8.70,9.71,10.10,10.31,10.42,10.42,10.31,10.10,9.90,9,2
"Blackwell, Jaydin (USA) (2004) (T38)",17-Sep-23,0.204,0.0 m/s,2.11,3.21,4.22,5.19,6.14,7.09,8.05,9.02,10.00,11.01,4.74,9.09,9.90,10.31,10.53,10.53,10.42,10.31,10.20,9.90,8,3
Gong Junbo (CHN) (2006),13-May-24,0.178,-0.6 m/s,2.08,3.19,4.24,5.23,6.22,7.14,8.09,9.06,10.04,11.01,4.81,9.01,9.52,10.10,10.10,10.87,10.53,10.31,10.20,10.31,2,7
Song Yunshuai (CHN) (2004),01-Jun-24,0.202,0.3 m/s,2.02,3.11,4.10,5.07,6.04,7.00,7.98,8.97,9.98,11.01,4.95,9.17,10.10,10.31,10.31,10.42,10.20,10.10,9.90,9.71,9,8
"Tilga, Karel (EST) (1998)",02-Aug-24,0.150,0.9 m/s,2.06,3.19,4.21,5.17,6.10,7.10,8.07,9.04,10.02,11.01,4.85,8.85,9.80,10.42,10.75,10.00,10.31,10.31,10.20,10.10,6,5
Wang Xiaoyan (CHN) (1991),26-Apr-25,0.199,0.5 m/s,2.08,3.20,4.21,5.18,6.14,7.09,8.05,9.02,10.00,11.01,4.81,8.93,9.90,10.31,10.42,10.53,10.42,10.31,10.20,9.90,2,3
"Wahn, Erik (SWE) (1980)",24-Jul-07,NaN,1.4 m/s,NaN,NaN,4.18,NaN,NaN,7.07,NaN,9.01,NaN,11.02,NaN,NaN,7.18,NaN,NaN,10.38,NaN,10.31,NaN,9.95,NaN,8
"Karpov, Dmitriy (KAZ) (1981)",19-Aug-09,0.158,0.3 m/s,NaN,3.19,NaN,5.18,NaN,7.12,NaN,9.03,NaN,11.02,NaN,6.27,NaN,10.05,NaN,10.31,NaN,10.47,NaN,10.05,6,2
"Gjertsen, Martin Trondseth (NOR) (1993)",30-Jul-17,NaN,1.5 m/s,NaN,NaN,4.14,NaN,6.10,7.07,NaN,9.00,NaN,11.02,NaN,NaN,7.25,NaN,10.20,10.31,NaN,10.36,NaN,9.90,2,1
"Nakamura, Akihiko (JPN) (1990)",26-Sep-20,NaN,0.2 m/s,1.97,3.10,4.12,5.11,6.08,7.04,8.02,9.00,10.00,11.02,5.08,8.85,9.80,10.10,10.31,10.42,10.20,10.20,10.00,9.80,5,6
"Ezaki, Yuto (JPN)",03-Aug-23,0.202,-2.7 m/s,2.02,3.17,4.20,5.18,6.15,7.11,8.07,9.04,10.02,11.02,4.95,8.70,9.71,10.20,10.31,10.42,10.42,10.31,10.20,10.00,8,7
"Zetterberg, Johan (SWE)",08-Aug-10,NaN,2.8 m/s,NaN,NaN,4.12,NaN,NaN,7.04,NaN,9.00,NaN,11.03,NaN,NaN,7.28,NaN,NaN,10.27,NaN,10.20,NaN,9.85,NaN,1
"Johansson, Oscar (SWE) (1992)",31-Jul-11,NaN,1.8 m/s,NaN,NaN,4.18,NaN,NaN,7.09,NaN,9.03,NaN,11.03,NaN,NaN,7.18,NaN,NaN,10.31,NaN,10.31,NaN,10.00,8,2
"Reznick, Jakub (CZE) (1995)",28-Jun-14,0.158,-3.4 m/s,2.00,3.13,4.18,5.15,6.10,7.08,8.03,9.01,9.99,11.03,5.00,8.85,9.52,10.31,10.53,10.20,10.53,10.20,10.20,9.62,6,2
"Helsing, Yonathan (SWE) (1998)",31-Jul-16,NaN,0.7 m/s,NaN,NaN,4.21,NaN,NaN,7.08,NaN,NaN,NaN,11.03,NaN,NaN,7.13,NaN,NaN,10.45,NaN,NaN,NaN,10.13,5,2
"Shun, Nunomura (JPN)",26-May-18,NaN,2.3 m/s,NaN,NaN,4.12,NaN,NaN,7.04,NaN,NaN,9.98,11.03,NaN,NaN,7.28,NaN,NaN,10.27,NaN,NaN,10.20,9.52,7,6
"Iwasaki, Hoshun (JPN)",29-May-21,NaN,3.3 m/s,NaN,NaN,4.13,NaN,NaN,7.10,NaN,NaN,10.02,11.03,NaN,NaN,7.26,NaN,NaN,10.10,NaN,NaN,10.27,9.90,7,7
Aiertamu Aizihao (CHN) (2001),26-Apr-25,0.179,0.5 m/s,2.05,3.16,4.18,5.16,6.11,7.06,8.03,9.00,10.01,11.03,4.88,9.01,9.80,10.20,10.53,10.53,10.31,10.31,9.90,9.80,8,4
"Collela, Alessandro (SUI) (2006)",20-Aug-25,0.122,0.5 m/s,1.96,3.08,4.11,5.09,6.06,7.02,8.00,8.99,9.99,11.03,5.10,8.93,9.71,10.20,10.31,10.42,10.20,10.10,10.00,9.62,8,6
"Lang, Jesper (SWE) (1992)",31-Jul-11,NaN,1.6 m/s,NaN,NaN,4.21,NaN,NaN,7.10,NaN,9.03,NaN,11.04,NaN,NaN,7.13,NaN,NaN,10.38,NaN,10.36,NaN,9.95,5,8
"Ofori, Gilbert (NOR) (1994)",17-Jun-12,NaN,2.5 m/s,NaN,NaN,4.21,NaN,NaN,7.13,NaN,9.06,NaN,11.04,NaN,NaN,7.13,NaN,NaN,10.27,NaN,10.36,NaN,10.10,NaN,4
"Kiplesund, Ingar (SWE) (1996)",20-Jul-14,NaN,2.1 m/s,NaN,NaN,4.24,NaN,NaN,7.15,NaN,9.06,NaN,11.04,NaN,NaN,7.08,NaN,NaN,10.31,NaN,10.47,NaN,10.10,8,6
"Shlmizu, Tsuyoshi (JPN) (1993)",21-Apr-18,NaN,-4.4 m/s,1.99,3.13,4.16,5.15,6.12,7.08,8.04,9.02,10.02,11.04,5.03,8.77,9.71,10.10,10.31,10.42,10.42,10.20,10.00,9.80,4,3
"Matsunao, Tsubasa (JPN)",25-May-19,NaN,1.3 m/s,NaN,NaN,4.13,NaN,NaN,7.04,NaN,NaN,9.97,11.04,NaN,NaN,7.26,NaN,NaN,10.31,NaN,NaN,10.24,9.35,5,3
"Izumo, Hira (JPN)",25-May-19,NaN,1.3 m/s,NaN,NaN,4.13,NaN,NaN,7.02,NaN,NaN,9.93,11.04,NaN,NaN,7.26,NaN,NaN,10.38,NaN,NaN,10.31,9.01,9,4
Wang Xinkai (CHN) (2004),26-Apr-23,0.164,-0.4 m/s,2.03,3.18,4.19,5.17,6.15,7.09,8.06,9.01,10.01,11.04,4.93,8.70,9.90,10.20,10.20,10.64,10.31,10.53,10.00,9.71,7,6
Fang Haoyang (CHN) (2003),26-Apr-25,0.141,0.3 m/s,1.97,3.08,4.10,5.09,6.05,7.02,8.00,9.00,9.99,11.04,5.08,9.01,9.80,10.10,10.42,10.31,10.20,10.00,10.10,9.52,9,5
"Sintnicolaas, Eelco (NED) (1987)",19-Aug-09,0.166,0.0 m/s,NaN,3.17,NaN,5.16,NaN,7.11,NaN,9.04,NaN,11.05,NaN,6.31,NaN,10.05,NaN,10.26,NaN,10.36,NaN,9.95,5,6
"Mittler, Fabian (GER) (1993)",07-Aug-10,NaN,0.0 m/s,NaN,3.18,4.20,5.17,NaN,7.11,NaN,9.04,NaN,11.05,NaN,6.29,9.80,10.31,NaN,10.31,NaN,10.36,NaN,9.95,NaN,2
"Helsing, Yonathan (SWE) (1998)",30-Jul-17,NaN,1.5 m/s,NaN,NaN,4.27,NaN,6.19,7.13,NaN,9.05,NaN,11.05,NaN,NaN,7.03,NaN,10.42,10.64,NaN,10.42,NaN,10.00,8,6
Wang Shengjie (CHN) (2000),01-Jun-24,0.147,0.9 m/s,2.00,3.13,4.18,5.15,6.12,7.09,8.05,9.02,10.01,11.05,5.00,8.85,9.52,10.31,10.31,10.31,10.42,10.31,10.10,9.62,6,7
"Langua, Gaël (SUI) (2008)",20-Aug-25,0.167,0.5 m/s,2.01,3.15,4.17,5.16,6.13,7.09,8.05,9.03,10.02,11.05,4.98,8.77,9.80,10.10,10.31,10.42,10.42,10.20,10.10,9.71,2,7
"Mårtensson, Jonas (SWE) (1988)",24-Jul-07,NaN,1.1 m/s,NaN,NaN,4.11,NaN,NaN,7.03,NaN,8.99,NaN,11.06,NaN,NaN,7.30,NaN,NaN,10.27,NaN,10.20,NaN,9.66,NaN,4
"Lindberg, Erik (SWE) (1987)",25-Jul-09,NaN,3.0 m/s,NaN,NaN,4.13,NaN,NaN,7.05,NaN,9.01,NaN,11.06,NaN,NaN,7.26,NaN,NaN,10.27,NaN,10.20,NaN,9.76,NaN,1
"Cleve, Moritz (GER) (1987)",19-Aug-09,0.172,-0.3 m/s,NaN,3.21,NaN,5.23,NaN,7.17,NaN,9.08,NaN,11.06,NaN,6.23,NaN,9.90,NaN,10.31,NaN,10.47,NaN,10.10,2,2
"Thessén, Emil (SWE)",31-Jul-11,NaN,1.8 m/s,NaN,NaN,4.20,NaN,NaN,7.11,NaN,9.05,NaN,11.06,NaN,NaN,7.14,NaN,NaN,10.31,NaN,10.31,NaN,9.95,5,3
"Thornberg, Nils (SWE) (1994)",31-Jul-16,NaN,1.4 m/s,NaN,NaN,4.20,NaN,NaN,7.10,NaN,NaN,NaN,11.06,NaN,NaN,7.14,NaN,NaN,10.34,NaN,NaN,NaN,10.10,1,8
"Inoue, Sosuke (JPN)",11-Jul-20,NaN,1.5 m/s,NaN,NaN,4.17,NaN,7.02,NaN,NaN,10.02,11.06,11.06,NaN,NaN,7.19,NaN,10.53,NaN,NaN,10.00,9.62,9.04,7,5
"Nakamura, Akihiko (JPN) (1990)",30-Apr-22,0.134,-0.2 m/s,1.97,3.09,4.12,5.11,6.08,7.05,8.02,9.01,10.03,11.06,5.08,8.93,9.71,10.10,10.31,10.31,10.31,10.10,9.80,9.71,3,2
Qiao Jichao (CHN) (2006),02-Jun-23,NaN,-0.7 m/s,2.08,3.18,4.20,5.19,6.15,7.11,8.07,9.05,10.04,11.06,4.81,9.09,9.80,10.10,10.42,10.42,10.42,10.20,10.10,9.80,7,8
Cui Kunlun (CHN) (2001),26-Apr-25,0.167,0.5 m/s,1.99,3.13,4.15,5.15,6.11,7.07,8.04,9.03,10.03,11.06,5.03,8.77,9.80,10.00,10.42,10.42,10.31,10.10,10.00,9.71,9,5
"Hock, Jochen (GER)",07-Aug-10,NaN,0.0 m/s,NaN,3.18,4.20,5.17,NaN,7.05,NaN,9.05,NaN,11.07,NaN,6.29,9.80,10.31,NaN,10.64,NaN,10.00,NaN,9.90,NaN,4
"Wocalewski, Jan (SWE) (1993)",08-Aug-10,NaN,2.6 m/s,NaN,NaN,4.23,NaN,NaN,7.17,NaN,9.09,NaN,11.07,NaN,NaN,7.09,NaN,NaN,10.20,NaN,10.42,NaN,10.10,NaN,5
"Svoboda, Vojtech (CZE) (1995)",28-Jun-14,0.119,-3.4 m/s,1.97,3.08,4.13,5.11,6.08,7.05,8.03,9.03,10.02,11.07,5.08,9.01,9.52,10.20,10.31,10.31,10.20,10.00,10.10,9.52,4,3
"Hellbrat, Douglas (SWE) (1995)",26-Jul-15,NaN,1.1 m/s,NaN,NaN,4.18,NaN,NaN,7.13,NaN,9.09,NaN,11.07,NaN,NaN,7.18,NaN,NaN,10.17,NaN,10.20,NaN,10.10,6,2
"Kjell, Gustav (SWE) (1996)",31-Jul-16,NaN,0.7 m/s,NaN,NaN,4.15,NaN,NaN,7.04,NaN,NaN,NaN,11.07,NaN,NaN,7.23,NaN,NaN,10.38,NaN,NaN,NaN,9.93,3,8
"Inoue, Sosuke (JPN)",25-May-19,NaN,1.3 m/s,NaN,NaN,4.17,NaN,NaN,7.07,NaN,NaN,10.00,11.07,NaN,NaN,7.19,NaN,NaN,10.34,NaN,NaN,10.24,9.35,8,5
"Terasawa, Daichi (JPN) (2003)",04-Oct-19,0.176,-1.1 m/s,NaN,NaN,4.14,NaN,6.06,NaN,NaN,NaN,NaN,11.07,NaN,NaN,7.25,NaN,3.30,NaN,NaN,NaN,NaN,9.98,4,3
"Sudo, Takumi (JPN)",03-Aug-07,NaN,0.7 m/s,NaN,3.08,4.11,5.08,6.05,7.03,8.01,9.01,10.02,11.08,NaN,6.49,9.71,10.31,10.31,10.20,10.20,10.00,9.90,9.43,1,8
"Storhaug, Lars Jøran (NOR) (1989)",17-Jun-12,NaN,2.5 m/s,NaN,NaN,4.21,NaN,NaN,7.12,NaN,9.06,NaN,11.08,NaN,NaN,7.13,NaN,NaN,10.31,NaN,10.31,NaN,9.90,NaN,5
"Kolár, David (CZE) (1997)",28-Jun-14,0.167,-2.1 m/s,2.01,3.12,4.15,5.13,6.10,7.06,8.04,9.03,10.04,11.08,4.98,9.01,9.71,10.20,10.31,10.42,10.20,10.10,9.90,9.62,4,2
"Touray, Ousman (NOR) (1995)",26-Jul-15,NaN,0.9 m/s,NaN,NaN,NaN,NaN,NaN,7.13,NaN,9.09,NaN,11.08,NaN,NaN,NaN,NaN,NaN,8.42,NaN,10.20,NaN,10.05,5,3
"Totsuna, Akihiro (JPN)",03-Aug-23,0.218,-2.7 m/s,1.98,3.11,4.14,5.12,6.09,7.06,8.04,9.03,10.05,11.08,5.05,8.85,9.71,10.20,10.31,10.31,10.20,10.10,9.80,9.71,3,8
"Rousseau, Xavier (BEL) (2006)",08-Sep-23,0.180,-0.4 m/s,2.10,3.23,4.25,5.23,6.20,7.16,8.12,9.09,10.08,11.08,4.76,8.85,9.80,10.20,10.31,10.42,10.42,10.31,10.10,10.00,4,3
LI Zhiwei (CHN) (2004),13-May-24,0.147,-0.7 m/s,2.00,3.12,4.15,5.14,6.13,7.09,8.08,9.05,10.05,11.08,5.00,8.93,9.71,10.10,10.10,10.42,10.10,10.31,10.00,9.71,2,7
"Inoue, Tetsuya (JPN)",25-May-24,NaN,0.5 m/s,NaN,NaN,4.20,NaN,NaN,7.08,NaN,NaN,10.05,11.08,NaN,NaN,7.14,NaN,NaN,10.42,NaN,NaN,10.10,9.71,7,3
Song Yunshuai (CHN) (2004),27-May-24,0.201,-0.5 m/s,2.02,3.13,4.16,5.14,NaN,7.09,8.06,9.04,10.06,11.08,4.95,9.01,9.71,10.20,NaN,10.26,10.31,10.20,9.80,9.80,4,8
"Taue, Shun (JPN) (1997)",22-Jun-24,NaN,0.2 m/s,2.02,3.16,4.18,5.16,6.12,7.09,8.06,9.05,10.06,11.08,4.95,8.77,9.80,10.20,10.42,10.31,10.31,10.10,9.90,9.80,9,7
"Hilmersson, Jonas (SWE) (1988)",25-Jul-09,NaN,3.0 m/s,NaN,NaN,4.14,NaN,NaN,7.07,NaN,9.02,NaN,11.09,NaN,NaN,7.25,NaN,NaN,10.24,NaN,10.26,NaN,9.66,NaN,2
"Noda, Kojiro (JPN)",25-May-24,NaN,0.5 m/s,NaN,NaN,4.08,NaN,NaN,7.03,NaN,NaN,10.02,11.09,NaN,NaN,7.35,NaN,NaN,10.17,NaN,NaN,10.03,9.35,3,4
"Arnsten, Daniel (SWE) (1982)",24-Jul-07,NaN,1.1 m/s,NaN,NaN,4.11,NaN,NaN,7.04,NaN,8.98,NaN,11.10,NaN,NaN,7.30,NaN,NaN,10.24,NaN,10.31,NaN,9.43,NaN,5
"Grønhaug, Jonas (NOR) (1989)",31-Jul-11,NaN,1.8 m/s,NaN,NaN,4.18,NaN,NaN,7.12,NaN,9.08,NaN,11.10,NaN,NaN,7.18,NaN,NaN,10.20,NaN,10.20,NaN,9.90,1,4
"Kjell, Gustav (SWE) (1996)",28-Jul-13,NaN,3.0 m/s,NaN,NaN,4.21,NaN,NaN,7.15,NaN,9.11,NaN,11.10,NaN,NaN,7.13,NaN,NaN,10.20,NaN,10.20,NaN,10.05,2,3
"Ushiro, Keisuke (JPN) (1986)",29-Sep-14,NaN,2.1 m/s,2.03,3.14,4.15,5.13,6.10,7.07,8.04,9.03,10.04,11.10,4.93,9.01,9.90,10.20,10.31,10.31,10.31,10.10,9.90,9.43,NaN,5
"Motta, Oskar (SWE) (1998)",30-Jul-17,NaN,1.5 m/s,NaN,NaN,4.27,NaN,6.23,7.18,NaN,9.11,NaN,11.10,NaN,NaN,7.03,NaN,10.20,10.53,NaN,10.36,NaN,10.05,2,7
"Mitchell-Blake, Nethaneel (GBR) (1994)",03-Aug-22,NaN,-0.9 m/s,NaN,3.0,NaN,5.0,NaN,6.8,NaN,8.7,NaN,11.10,NaN,6.67,NaN,10.00,NaN,11.11,NaN,10.53,NaN,8.33,6,8
"McDaniel, Otis (USA) (1986)",23-Jun-05,NaN,-0.4 m/s,2.05,3.16,4.19,5.17,6.16,7.11,8.03,9.00,10.03,11.11,4.88,9.01,9.71,10.20,10.10,10.53,10.87,10.31,9.71,9.26,7,9
"Jonáš, Tomáš (CZE) (1994)",15-Jun-13,0.136,-1.2 m/s,NaN,3.12,NaN,5.13,NaN,7.07,NaN,9.04,NaN,11.11,NaN,6.41,NaN,9.95,NaN,10.31,NaN,10.15,NaN,9.66,7,5
"Sundvall, Hjalmar (SWE) (1994)",20-Jul-14,NaN,1.5 m/s,NaN,NaN,4.18,NaN,NaN,7.12,NaN,NaN,NaN,11.11,NaN,NaN,7.18,NaN,NaN,10.20,NaN,NaN,NaN,10.03,5,1
"Sugimoto, Yuya (JPN) (2003)",04-Oct-19,0.175,-1.1 m/s,NaN,NaN,4.11,NaN,6.06,NaN,NaN,NaN,NaN,11.11,NaN,NaN,7.30,NaN,3.30,NaN,NaN,NaN,NaN,9.90,2,4
"Ulianov, Vitalii (EST) (1987)",21-Jul-06,NaN,0.6 m/s,NaN,NaN,4.08,NaN,NaN,7.17,NaN,9.10,NaN,11.12,NaN,NaN,7.35,NaN,NaN,9.71,NaN,10.36,NaN,9.90,NaN,5
"Lohmann, Jonas (GER) (1993)",07-Aug-10,NaN,0.0 m/s,NaN,3.22,4.24,5.20,NaN,7.07,NaN,9.08,NaN,11.12,NaN,6.21,9.80,10.42,NaN,10.70,NaN,9.95,NaN,9.80,NaN,5
"Nakamura, Akihiko (JPN) (1990)",01-Jun-13,NaN,-4.3 m/s,1.99,3.09,4.12,5.13,6.12,7.11,8.10,9.09,10.10,11.12,5.03,9.09,9.71,9.90,10.10,10.10,10.10,10.10,9.90,9.80,7,2
"Andersen, Andres Stoke (NOR) (1992)",28-Jul-13,NaN,3.0 m/s,NaN,NaN,4.18,NaN,NaN,7.09,NaN,9.06,NaN,11.12,NaN,NaN,7.18,NaN,NaN,10.31,NaN,10.15,NaN,9.71,5,4
"Forsberg, Johan (SWE) (1992)",28-Jul-13,NaN,2.8 m/s,NaN,NaN,4.20,NaN,NaN,7.12,NaN,9.07,NaN,11.12,NaN,NaN,7.14,NaN,NaN,10.27,NaN,10.26,NaN,9.76,4,6
"Carlsson, Tobias (SWE) (1991)",28-Jul-13,NaN,1.7 m/s,NaN,NaN,4.18,NaN,NaN,7.13,NaN,9.11,NaN,11.12,NaN,NaN,7.18,NaN,NaN,10.17,NaN,10.10,NaN,9.95,7,6
"Svoboda, Vojtech (CZE) (1995)",28-Jun-14,0.183,-1.7 m/s,NaN,3.23,NaN,5.24,NaN,7.19,NaN,9.15,NaN,11.12,NaN,6.19,NaN,9.95,NaN,10.26,NaN,10.20,NaN,10.15,4,1
"Larsen, Tormod Hjortnäs (NOR) (1986)",26-Jul-15,NaN,0.9 m/s,NaN,NaN,NaN,NaN,NaN,7.13,NaN,9.11,NaN,11.12,NaN,NaN,NaN,NaN,NaN,8.42,NaN,10.10,NaN,9.95,4,4
"Fossey, Jostein (NOR) (1992)",26-Jul-15,NaN,0.9 m/s,NaN,NaN,NaN,NaN,NaN,7.09,NaN,9.08,NaN,11.12,NaN,NaN,NaN,NaN,NaN,8.46,NaN,10.05,NaN,9.80,3,5
"Sussoho, Amadou (SWE) (1995)",30-Jul-17,NaN,1.5 m/s,NaN,NaN,4.24,NaN,6.21,7.18,NaN,9.10,NaN,11.12,NaN,NaN,7.08,NaN,10.15,10.31,NaN,10.42,NaN,9.90,5,2
"Tanaka, Kentaro (JPN) (2002)",25-May-19,interval,1.3 m/s,NaN,NaN,4.10,NaN,NaN,7.05,NaN,NaN,10.03,11.12,NaN,NaN,7.32,NaN,10.17,NaN,NaN,10.07,9.17,8.99,2,6
"Morimoto, Tomoharu (JPN)FINAL - 2019 Shimane High School Championships (Izumo, JPN)",25-May-19,NaN,1.3 m/s,NaN,NaN,4.17,NaN,NaN,7.07,NaN,NaN,10.03,11.12,NaN,NaN,7.19,NaN,NaN,10.34,NaN,NaN,10.14,9.17,3,7
"Taue, Shun (JPN) (1997)Decathlon - FINAL - 2022 Japanese Multi-Event National Championships (Akita, JPN)",04-Jun-22,NaN,0.1 m/s,1.97,3.11,4.14,5.13,6.10,7.07,8.05,9.05,10.07,11.12,5.08,8.77,9.71,10.10,10.31,10.31,10.20,10.00,9.80,9.52,9,7
"Gong Junbo (CHN) (2006)U18 FINAL - 2022 Shandong Provincial Games (Rizhao, CHN)",30-Aug-22,0.197,-0.1 m/s,2.12,3.22,4.25,5.26,6.22,7.17,8.15,9.13,10.11,11.12,4.72,9.09,9.71,9.90,10.42,10.53,10.20,10.20,10.20,9.90,6,3
"Planchon, Jilcien (BEL) (2006)U18 FINAL - 2023 Memorial van Damme (Brussels, BEL)",08-Sep-23,0.135,-0.4 m/s,2.02,3.14,4.16,5.13,6.10,7.07,8.05,9.04,10.07,11.12,4.95,8.93,9.80,10.31,10.31,10.31,10.20,10.10,9.71,9.52,1,4
"Sunneborn, Mattias (SWE) (1970)B FINAL - 2007 Windsprint (Sundsvall, SWE)",24-Jul-07,NaN,1.1 m/s,NaN,NaN,4.23,NaN,NaN,7.15,NaN,9.08,NaN,11.13,NaN,NaN,7.09,NaN,NaN,10.27,NaN,10.36,NaN,9.76,NaN,6
"Ikeda, Daisuke (JPN) (1986)Decathlon - Heat 2 - 2009 Japanese National Championships (Hiroshima, JPN)",25-Jun-09,NaN,-0.9 m/s,2.02,3.15,4.18,5.17,6.15,7.13,8.11,9.11,10.10,11.13,4.95,8.85,9.71,10.10,10.20,10.20,10.20,10.00,10.10,9.71,3,3
"Suárez, Leonel (CUB) (1987)Decathlon - Heat 4 - 2009 IAAF World Championships (Berlin, GER)",19-Aug-09,0.154,0.0 m/s,NaN,3.10,NaN,5.10,NaN,7.07,NaN,9.06,NaN,11.13,NaN,6.45,NaN,10.00,NaN,10.15,NaN,10.05,NaN,9.66,8,8
"Kolarčik, Vojtech (CZE) (1995)Heat 2 - 2014 Czech Republic National U20 Championships (Trinec, CZE)",28-Jun-14,0.153,-1.7 m/s,NaN,3.15,NaN,5.15,NaN,7.12,NaN,9.11,NaN,11.13,NaN,6.35,NaN,10.00,NaN,10.15,NaN,10.05,NaN,9.90,3,2
"Bárta, Tomáš (CZE) (1995)Heat 3 - 2014 Czech Republic National U20 Championships (Trinec, CZE)",28-Jun-14,0.189,-2.5 m/s,NaN,3.20,NaN,5.19,NaN,7.11,NaN,9.08,NaN,11.13,NaN,6.25,NaN,10.05,NaN,10.42,NaN,10.15,NaN,9.76,6,1
"Nyberg, Erik (SWE) (1996)E FINAL - 2014 Windsprint (Sundsvall, SWE)",20-Jul-14,NaN,2.1 m/s,NaN,NaN,4.21,NaN,NaN,7.10,NaN,9.05,NaN,11.13,NaN,NaN,7.13,NaN,NaN,10.38,NaN,10.26,NaN,9.62,7,7
"Hoshida, Daichi (JPN) (2003)U18 FINAL - 2019 National Sports Festival (Hitachinaka, JPN)",04-Oct-19,0.182,-1.1 m/s,NaN,NaN,4.14,NaN,6.13,NaN,NaN,NaN,NaN,11.13,NaN,NaN,7.25,NaN,3.26,NaN,NaN,NaN,NaN,10.00,3,5
"Barras, Romain (FRA) (1980)Decathlon - Heat 5 - 2009 IAAF World Championships (Berlin, GER)",19-Aug-09,0.158,-0.4 m/s,NaN,3.20,NaN,5.21,NaN,7.18,NaN,9.12,NaN,11.14,NaN,6.25,NaN,9.95,NaN,10.15,NaN,10.31,NaN,9.90,4,7
"Klvana, Filip (CZE) (1977)",15-Jun-13,0.131,1.4 m/s,NaN,3.15,NaN,5.18,7.14,NaN,9.11,NaN,11.15,11.15,NaN,6.35,NaN,9.85,10.20,NaN,10.15,NaN,9.80,8.97,7,7
"Ofori, Gilbert (NOR) (1994)",28-Jul-13,NaN,1.9 m/s,NaN,NaN,4.22,NaN,7.14,NaN,9.12,NaN,11.15,11.15,NaN,NaN,7.11,NaN,10.27,NaN,10.10,NaN,9.85,8.97,4,1
"Rapp, Ondrej (CZE) (1997)",28-Jun-14,0.172,-2.1 m/s,2.03,3.18,4.22,5.21,6.19,7.17,8.13,9.12,10.12,11.15,4.93,8.70,9.62,10.10,10.20,10.20,10.42,10.10,10.00,9.71,8,3
"Axelson, Truls (SWE) (1993)",20-Jul-14,NaN,2.1 m/s,NaN,NaN,4.25,NaN,7.20,NaN,9.16,NaN,11.15,11.15,NaN,NaN,7.06,NaN,10.17,NaN,10.20,NaN,10.05,8.97,1,8
"Grennhaug, Jonas (NOR) (1989)",30-Jul-17,NaN,1.5 m/s,NaN,NaN,4.14,NaN,6.14,7.13,NaN,9.10,NaN,11.15,NaN,NaN,7.25,NaN,10.00,10.10,NaN,10.15,NaN,9.76,4,3
"Katayama, Kazuya (JPN) (1995)",10-Jun-23,NaN,0.1 m/s,1.97,3.08,4.10,5.09,6.06,7.04,8.03,9.04,10.08,11.15,5.08,9.01,9.80,10.10,10.31,10.20,10.10,9.90,9.62,9.35,8,7
"Kakiouea, Winzar (NRU) (2001)",03-Aug-24,0.165,-0.4 m/s,2.03,3.13,4.16,5.15,6.12,7.09,8.07,9.07,10.10,11.15,4.93,9.09,9.71,10.10,10.31,10.31,10.20,10.00,9.71,9.52,6,4-5
"Sebrle, Roman (CZE) (1974)",19-Aug-09,0.160,-0.3 m/s,NaN,3.17,NaN,5.17,NaN,7.13,NaN,9.08,NaN,11.16,NaN,6.31,NaN,10.00,NaN,10.20,NaN,10.26,NaN,9.62,8,3
"Walterson, Jonathan (SWE) (1985)",08-Aug-10,NaN,2.8 m/s,NaN,NaN,4.21,NaN,NaN,7.20,NaN,9.15,NaN,11.16,NaN,NaN,7.13,NaN,NaN,10.03,NaN,10.26,NaN,9.95,NaN,2
"Johansson, Oscar (SWE) (1992)",28-Jul-13,NaN,2.8 m/s,NaN,NaN,4.20,NaN,NaN,7.15,NaN,9.12,NaN,11.16,NaN,NaN,7.14,NaN,NaN,10.17,NaN,10.15,NaN,9.80,2,8
"Rosenberg, Michael (NOR) (1990)",28-Jul-13,NaN,3.0 m/s,NaN,NaN,4.11,NaN,NaN,7.07,NaN,9.07,NaN,11.16,NaN,NaN,7.30,NaN,NaN,10.14,NaN,10.00,NaN,9.57,4,5
"Thornberg, Nils (SWE) (1994)",31-Jul-16,NaN,0.7 m/s,NaN,4.20,NaN,NaN,7.08,NaN,NaN,11.16,11.16,7 / 3,NaN,7.14,NaN,NaN,10.42,NaN,NaN,9.80,8.96,NaN,7,3
"Oya, Shunsuke (JPN) (2002)",11-Jul-20,NaN,1.5 m/s,NaN,4.08,NaN,NaN,7.00,NaN,10.08,11.16,11.16,8 / 6,NaN,7.35,NaN,NaN,10.27,NaN,9.74,9.26,8.96,52.5,8,6
"Fujiwara, Ryusei (JPN)",27-May-22,NaN,-1.8 m/s,NaN,4.15,NaN,NaN,7.20,NaN,10.12,11.16,11.16,3 / 4,NaN,7.23,NaN,NaN,9.84,NaN,10.27,9.62,8.96,51.5,3,4
"Elvung-Nilsson, Viktor (SWE) (1994)",17-Jun-12,NaN,1.4 m/s,NaN,4.30,NaN,NaN,7.24,NaN,9.18,NaN,11.17,11.17,NaN,6.98,NaN,NaN,10.20,NaN,10.31,NaN,10.05,8.95,NaN,1
"Macháček, Martin (CZE) (1990)",15-Jun-13,0.166,1.4 m/s,NaN,3.13,NaN,5.15,7.11,NaN,9.12,NaN,11.17,11.17,NaN,6.39,NaN,9.90,10.20,NaN,9.95,NaN,9.76,8.95,1,8
"Netymach, Vojtech (CZE) (1995)",28-Jun-14,0.123,-2.5 m/s,NaN,3.13,NaN,5.09,7.01,NaN,9.00,NaN,11.17,11.17,NaN,6.39,NaN,10.20,10.42,NaN,10.05,NaN,9.22,8.95,3,2
"Gill, Shuan (BIZ) (1993)",03-Aug-24,0.143,0.2 m/s,1.98,3.08,4.08,5.05,6.02,6.99,8.01,9.03,10.08,11.17,5.05,9.09,10.00,10.31,10.31,10.31,9.80,9.80,9.52,9.17,6,6
"Broström, Niklas (SWE) (1977)",24-Jul-07,NaN,-0.4 m/s,NaN,NaN,4.17,NaN,7.08,NaN,9.06,NaN,11.18,11.18,NaN,NaN,7.19,NaN,10.31,NaN,10.10,NaN,9.43,8.94,NaN,1
"Krauchanka, Andrei (BLR) (1986)",19-Aug-09,0.169,-0.3 m/s,NaN,3.20,NaN,5.22,7.19,NaN,9.15,NaN,11.18,11.18,NaN,6.25,NaN,9.90,10.15,NaN,10.20,NaN,9.85,8.94,4,=5
"Martineau, Eugène (NED) (1980)",19-Aug-09,0.124,-0.3 m/s,NaN,3.18,NaN,5.21,7.18,NaN,9.15,NaN,11.18,11.18,NaN,6.29,NaN,9.85,10.15,NaN,10.15,NaN,9.85,8.94,6,=5
"Zirignon, Jean Christian (SWE) (1995)",17-Jun-12,NaN,2.5 m/s,NaN,NaN,4.22,NaN,7.14,NaN,9.12,NaN,11.18,11.18,NaN,NaN,7.11,NaN,10.27,NaN,10.10,NaN,9.71,8.94,NaN,6
"Kolarčik, Vojtech (CZE) (1995)",28-Jun-14,0.152,-3.4 m/s,1.98,3.08,4.13,5.11,6.08,7.06,8.05,9.08,10.09,11.18,5.05,9.09,9.52,10.20,10.31,10.20,10.10,9.71,9.90,9.17,3,4
"Gvušć, Jiri (CZE) (1995)",28-Jun-14,0.162,-3.4 m/s,2.00,3.12,4.17,5.18,6.15,7.14,8.12,9.13,10.14,11.18,5.00,8.93,9.52,9.90,10.31,10.10,10.20,9.90,9.90,9.62,7,5
"Ushiro, Keisuke (JPN) (1986)",25-Apr-15,NaN,1.7 m/s,2.03,3.15,4.18,5.17,6.15,7.12,8.11,9.11,10.13,11.18,4.93,8.93,9.71,10.10,10.20,10.31,10.10,10.00,9.80,9.52,6,4
"Allison, Tarley (SWE) (1997)",31-Jul-16,NaN,0.7 m/s,NaN,NaN,4.21,NaN,NaN,7.12,NaN,NaN,NaN,11.18,NaN,NaN,7.13,NaN,NaN,10.31,NaN,NaN,NaN,9.85,3,4
"Gerlach, Mikael (SWE) (1984)",31-Jul-16,NaN,1.5 m/s,NaN,NaN,4.32,NaN,NaN,7.25,NaN,NaN,NaN,11.18,NaN,NaN,6.94,NaN,NaN,10.24,NaN,NaN,NaN,10.18,3,1
"Tateno, Shunki (JPN) (2003)",04-Oct-19,0.182,-1.1 m/s,NaN,NaN,4.21,NaN,6.21,NaN,NaN,NaN,NaN,11.18,NaN,NaN,7.13,NaN,3.22,NaN,NaN,NaN,NaN,10.06,6,6
"Grennhaug, Jonas (NOR) (1989)",17-Jun-12,NaN,2.5 m/s,NaN,NaN,4.20,NaN,NaN,7.19,NaN,9.17,NaN,11.19,NaN,NaN,7.14,NaN,NaN,10.03,NaN,10.10,NaN,9.90,NaN,7
"Kawabata, Ryota (JPN)",27-May-22,NaN,-1.8 m/s,NaN,NaN,4.10,NaN,NaN,7.17,NaN,NaN,10.13,11.19,NaN,NaN,7.32,NaN,NaN,9.77,NaN,NaN,10.14,9.43,2,5
Li LI (CHN) (2002),02-Jun-23,NaN,-1.0 m/s,2.03,3.12,4.15,5.13,6.12,7.08,8.09,9.11,10.15,11.19,4.93,9.17,9.71,10.20,10.10,10.42,9.90,9.80,9.62,9.62,1,8
Song Yunshuai (CHN) (2004),13-May-24,0.176,0.0 m/s,2.03,3.13,4.14,5.11,6.09,7.07,8.07,9.08,10.13,11.19,4.93,9.09,9.90,10.31,10.20,10.20,10.00,9.90,9.52,9.43,4,8
"Kolár, David (CZE) (1997)",28-Jun-14,0.171,-4.2 m/s,NaN,3.12,NaN,5.16,NaN,7.13,NaN,9.11,NaN,11.20,NaN,6.41,NaN,9.80,NaN,10.15,NaN,10.10,NaN,9.57,6,1
Jiang Chunyang (CHN) (2006),30-Aug-22,0.168,-0.1 m/s,2.02,3.09,4.12,5.09,6.08,7.07,8.07,9.09,10.16,11.20,4.95,9.35,9.71,10.31,10.10,10.10,10.00,9.80,9.35,9.62,5,4
Wang Zhaojun (CHN),30-Aug-22,0.190,-0.1 m/s,1.98,3.10,4.14,5.13,6.12,7.10,8.10,9.13,10.16,11.20,5.05,8.93,9.62,10.10,10.10,10.20,10.00,9.71,9.71,9.62,8,5
"Takumi, Suyama (JPN)",25-May-24,NaN,0.5 m/s,NaN,NaN,4.13,NaN,NaN,7.10,NaN,NaN,10.13,11.20,NaN,NaN,7.26,NaN,NaN,10.10,NaN,NaN,9.90,9.35,8,7
"Lind, Mait (EST)",21-Jul-06,NaN,0.6 m/s,NaN,NaN,4.09,NaN,NaN,7.20,NaN,9.17,NaN,11.21,NaN,NaN,7.33,NaN,NaN,9.65,NaN,10.15,NaN,9.80,NaN,7
"Waltersson, Jonathan (SWE) (1985)",25-Jul-09,NaN,3.0 m/s,NaN,NaN,4.32,NaN,NaN,7.24,NaN,9.19,NaN,11.21,NaN,NaN,6.94,NaN,NaN,10.27,NaN,10.26,NaN,9.90,NaN,3
"Feher, Jan (CZE) (1986)",15-Jun-13,0.148,-1.2 m/s,NaN,3.15,NaN,5.22,NaN,7.18,NaN,9.18,NaN,11.21,NaN,6.35,NaN,9.66,NaN,10.20,NaN,10.00,NaN,9.85,2,6
"Nordmark, Daniel (SWE)",28-Jul-13,NaN,1.7 m/s,NaN,NaN,4.22,NaN,NaN,7.17,NaN,9.13,NaN,11.21,NaN,NaN,7.11,NaN,NaN,10.17,NaN,10.20,NaN,9.62,2,7
"Lesser, Alexander (SWE) (1993)",20-Jul-14,NaN,1.5 m/s,NaN,NaN,4.25,NaN,NaN,7.22,NaN,NaN,NaN,11.21,NaN,NaN,7.06,NaN,NaN,10.10,NaN,NaN,NaN,10.03,3,2
"Ushiro, Keisuke (JPN) (1986)",16-Jun-18,NaN,3.2 m/s,2.00,3.14,4.17,5.16,6.14,7.12,8.10,9.11,10.14,11.21,5.00,8.77,9.71,10.10,10.20,10.20,10.20,9.90,9.71,9.35,7,4
"Yamamoto, Eien (JPN) (2003)",04-Oct-19,0.150,-1.1 m/s,NaN,NaN,4.15,NaN,6.16,NaN,NaN,NaN,NaN,11.21,NaN,NaN,7.23,NaN,3.25,NaN,NaN,NaN,NaN,9.90,9,7
"Sverd, Vegard Dragsund (NOR) (1999)",01-Jul-21,0.151,0.2 m/s,NaN,3.2,NaN,5.2,NaN,7.2,NaN,9.2,NaN,11.21,NaN,6.25,NaN,10.00,NaN,10.00,NaN,10.00,NaN,9.95,1,8
"Muhammad, Amir (QAT) (2004)",10-May-24,0.204,3.8 m/s,2.14,3.26,4.28,5.26,6.22,7.18,8.17,9.17,10.18,11.21,4.67,8.93,9.80,10.20,10.42,10.42,10.10,10.00,9.90,9.71,1,5
"Ali, Chituru (ITA) (1999)",06-Jun-25,0.156,1.1 m/s,1.88,2.99,3.96,4.88,5.78,6.68,7.57,8.52,9.64,11.21,5.32,9.01,10.31,10.87,11.11,11.11,11.24,10.53,8.93,6.37,9,9
"Dufournier, Mathias (SWE) (1990)",24-Jul-07,NaN,-0.4 m/s,NaN,NaN,4.28,NaN,NaN,7.21,NaN,9.22,NaN,11.22,NaN,NaN,7.01,NaN,NaN,10.24,NaN,9.95,NaN,10.00,NaN,2
"Kharlamov, Vasily (RUS) (1986)",19-Aug-09,0.184,0.3 m/s,NaN,3.14,NaN,5.13,NaN,7.12,NaN,9.12,NaN,11.22,NaN,6.37,NaN,10.05,NaN,10.05,NaN,10.00,NaN,9.52,7,3
"Nordkvist, Robin (SWE) (1993)",17-Jun-12,NaN,2.8 m/s,NaN,NaN,4.29,NaN,NaN,7.21,NaN,9.15,NaN,11.22,NaN,NaN,6.99,NaN,NaN,10.27,NaN,10.31,NaN,9.66,NaN,7
"Jónsson, Óttar (NOR)",28-Jul-13,NaN,1.9 m/s,NaN,NaN,4.25,NaN,NaN,7.21,NaN,9.18,NaN,11.22,NaN,NaN,7.06,NaN,NaN,10.14,NaN,10.15,NaN,9.80,6,2
"Helsing, Yonathan (SWE) (1998)",26-Jul-15,NaN,1.1 m/s,NaN,NaN,4.20,NaN,NaN,7.21,NaN,9.19,NaN,11.22,NaN,NaN,7.14,NaN,NaN,9.97,NaN,10.10,NaN,9.85,2,3
"Sato, Hatano (JPN)",27-May-23,NaN,0.9 m/s,NaN,NaN,4.18,NaN,NaN,7.13,NaN,NaN,10.15,11.22,NaN,NaN,7.18,NaN,NaN,10.17,NaN,NaN,9.93,9.35,8,6
"Takumi, Suyama (JPN)",27-May-23,NaN,0.9 m/s,NaN,NaN,4.18,NaN,NaN,7.13,NaN,NaN,10.17,11.22,NaN,NaN,7.18,NaN,NaN,10.17,NaN,NaN,9.87,9.52,1,7
"van Raemdonck, Kobe (BEL) (2006)",08-Sep-23,0.160,-0.4 m/s,2.04,3.19,4.22,5.20,6.18,7.16,8.15,9.15,10.18,11.22,4.90,8.70,9.71,10.20,10.20,10.20,10.10,10.00,9.71,9.62,7,5
"Andersson, Adam (SWE) (1991)",24-Jul-07,NaN,-0.4 m/s,NaN,NaN,4.25,NaN,NaN,7.21,NaN,9.18,NaN,11.23,NaN,NaN,7.06,NaN,NaN,10.14,NaN,10.15,NaN,9.76,NaN,3
"Lilja, Johan (SWE) (1995)",17-Jun-12,NaN,1.4 m/s,NaN,NaN,4.26,NaN,NaN,7.22,NaN,9.18,NaN,11.23,NaN,NaN,7.04,NaN,NaN,10.14,NaN,10.20,NaN,9.76,NaN,2
"Feigel, Jiri (CZE) (1997)",15-Jun-13,0.177,-3.2 m/s,NaN,3.17,NaN,5.18,NaN,7.13,NaN,9.15,NaN,11.23,NaN,6.31,NaN,9.95,NaN,10.26,NaN,9.90,NaN,9.62,1,7
"Skancke, Per (NOR)",28-Jul-13,interval,3.0 m/s,NaN,NaN,4.25,NaN,NaN,7.21,NaN,9.19,NaN,11.23,NaN,NaN,NaN,NaN,NaN,NaN,NaN,NaN,NaN,NaN,8,7
"Feigel, Jiri (CZE) (1997)",28-Jun-14,0.154,-2.1 m/s,2.10,3.21,4.24,5.24,6.22,7.19,8.17,9.18,10.19,11.23,4.76,9.01,9.71,10.00,10.20,10.31,10.20,9.90,9.90,9.62,3,4
"Hori, Sion (JPN) (2003)",11-Jul-20,NaN,1.5 m/s,NaN,NaN,4.18,NaN,NaN,7.08,NaN,NaN,10.17,11.23,NaN,NaN,7.18,NaN,NaN,10.34,NaN,NaN,9.71,9.43,3,7
"Makihara, Kazushi (JPN)",11-Jul-20,NaN,1.5 m/s,NaN,NaN,4.30,NaN,NaN,7.22,NaN,NaN,10.23,11.23,NaN,NaN,6.98,NaN,NaN,10.27,NaN,NaN,9.97,10.00,2,8
"Iwasaki, Hoshun (JPN)",27-May-22,NaN,-1.8 m/s,NaN,NaN,4.10,NaN,NaN,7.10,NaN,NaN,10.12,11.23,NaN,NaN,7.32,NaN,NaN,10.00,NaN,NaN,9.93,9.01,7,6
Gong Junbo (CHN) (2006),26-Apr-23,0.175,-1.6 m/s,2.05,3.16,4.22,5.22,6.21,7.19,8.17,9.16,10.18,11.23,4.88,9.01,9.43,10.00,10.10,10.20,10.20,10.10,9.80,9.52,8,7
"Katayama, Kazuya (JPN) (1995)",06-May-23,0.152,-1.1 m/s,1.95,3.09,4.12,5.12,6.10,7.09,8.09,9.11,10.15,11.23,5.13,8.77,9.71,10.00,10.20,10.10,10.00,9.80,9.62,9.26,5,4
"Wulff, Jonathan (SWE) (1994)",08-Aug-10,NaN,2.6 m/s,NaN,NaN,4.27,NaN,NaN,7.21,NaN,9.17,NaN,11.24,NaN,NaN,7.03,NaN,NaN,10.20,NaN,10.20,NaN,9.66,NaN,6
"Ushiro, Keisuke (JPN) (1986)",31-May-14,NaN,-0.6 m/s,2.07,3.19,4.22,5.21,6.19,7.17,8.16,9.17,10.19,11.24,4.83,8.93,9.71,10.10,10.20,10.20,10.10,9.90,9.80,9.52,4,4
"Reznicek, Jakub (CZE) (1995)",28-Jun-14,0.137,-3.6 m/s,NaN,3.18,NaN,5.25,NaN,7.21,NaN,9.18,NaN,11.24,NaN,6.29,NaN,9.66,NaN,10.20,NaN,10.15,NaN,9.71,6,1
"Bárta, Tomáš (CZE) (1995)",28-Jun-14,0.153,-3.4 m/s,2.03,3.13,4.18,5.16,6.12,7.11,8.09,9.10,10.12,11.24,4.93,9.09,9.52,10.20,10.42,10.10,10.20,9.90,9.80,8.93,5,6
"Takenaga, Ren (JPN)",27-May-22,NaN,-1.8 m/s,NaN,NaN,4.15,NaN,NaN,7.20,NaN,NaN,10.20,11.25,NaN,NaN,7.23,NaN,NaN,9.84,NaN,NaN,10.00,9.52,8,7
"Movin, Andreas (SWE) (1996)",30-Jul-17,NaN,1.2 m/s,NaN,NaN,4.25,NaN,6.24,7.22,NaN,9.21,NaN,11.27,NaN,NaN,7.06,NaN,10.05,10.20,NaN,10.05,NaN,9.71,5,1
Yan Shisong (CHN),30-Aug-22,0.186,-0.1 m/s,1.97,3.10,4.12,5.13,6.10,7.09,8.12,9.16,10.21,11.27,5.08,8.85,9.80,9.90,10.31,10.10,9.71,9.62,9.52,9.43,1,6
"Waltersson, Jonathan (SWE) (1985)",24-Jul-07,NaN,-0.8 m/s,NaN,NaN,4.28,NaN,NaN,7.28,NaN,9.25,NaN,11.28,NaN,NaN,7.01,NaN,NaN,10.00,NaN,10.15,NaN,9.85,NaN,1
"Öberg, Sebastian (SWE) (1986)",08-Aug-10,NaN,2.8 m/s,NaN,NaN,4.24,NaN,NaN,7.18,NaN,9.18,NaN,11.28,NaN,NaN,7.08,NaN,NaN,10.20,NaN,10.00,NaN,9.52,NaN,3
"Gjertsen, Martin Trondseth (NOR) (1993)",28-Jul-13,NaN,3.0 m/s,NaN,NaN,4.32,NaN,NaN,7.30,NaN,9.27,NaN,11.28,NaN,NaN,6.94,NaN,NaN,10.07,NaN,10.15,NaN,9.95,7,8
"Thor, Viktor (SWE) (2000)",30-Jul-17,NaN,1.5 m/s,NaN,NaN,4.20,NaN,6.24,7.26,NaN,9.22,NaN,11.28,NaN,NaN,7.14,NaN,9.80,9.80,NaN,10.20,NaN,9.71,6,4
"Söderqvist, Per-Erik (SWE)",31-Jul-11,NaN,1.8 m/s,NaN,NaN,4.26,NaN,NaN,7.25,NaN,9.25,NaN,11.29,NaN,NaN,7.04,NaN,NaN,10.03,NaN,10.00,NaN,9.80,6,5
"Ushiro, Keisuke (JPN) (1986)",02-Jun-12,NaN,1.2 m/s,2.06,3.17,4.20,5.20,6.18,7.17,8.16,9.18,10.22,11.29,4.85,9.01,9.71,10.00,10.20,10.10,10.10,9.80,9.62,9.35,5,6
"Ekane, Fritz (SWE) (1990)",31-Jul-16,NaN,0.7 m/s,NaN,NaN,4.27,NaN,NaN,7.20,NaN,NaN,NaN,11.29,NaN,NaN,7.03,NaN,NaN,10.24,NaN,NaN,NaN,9.78,2,5
"Langjord, Marcus (NOR) (1996)",30-Jul-17,NaN,1.5 m/s,NaN,NaN,4.25,NaN,6.24,7.22,NaN,9.20,NaN,11.29,NaN,NaN,7.06,NaN,10.05,10.20,NaN,10.10,NaN,9.57,3,5
"Mihara, Rikuo (JPN)",27-May-22,NaN,-1.8 m/s,NaN,NaN,4.15,NaN,NaN,7.20,NaN,NaN,10.23,11.29,NaN,NaN,7.23,NaN,9.84,NaN,NaN,9.90,9.43,8.86,9,8
"Carchon, Robbe (BEL) (2006)",08-Sep-23,0.152,-0.4 m/s,2.05,3.19,4.23,5.23,6.22,7.22,8.22,9.23,10.25,11.29,4.88,8.77,9.62,10.00,10.10,10.00,10.00,9.90,9.80,9.62,8,6
"Zorzi, Axel (FRA) (1997) (T13)",17-Sep-23,0.166,0.0 m/s,2.06,3.19,4.20,5.19,6.17,7.15,8.14,9.17,10.20,11.29,4.85,8.85,9.90,10.10,10.20,10.20,10.10,9.71,9.71,9.17,3,4
"Reed, William (MHL) (2005)",03-Aug-24,0.172,0.6 m/s,2.04,3.17,4.22,5.22,6.20,7.18,8.19,9.21,10.23,11.29,4.90,8.85,9.52,10.00,10.20,10.20,9.90,9.80,9.80,9.43,7,6
"Kaniwete, Kenaz (KIR) (2008)",03-Aug-24,0.177,-0.3 m/s,2.05,3.19,4.23,5.21,6.19,7.17,8.17,9.19,10.23,11.29,4.88,8.77,9.62,10.20,10.20,10.20,10.00,9.80,9.62,9.43,7,5
"Kallur, Martin (SWE) (1991)",31-Jul-11,NaN,1.8 m/s,NaN,NaN,4.24,NaN,NaN,7.21,NaN,9.21,NaN,11.30,NaN,NaN,7.08,NaN,NaN,10.10,NaN,10.00,NaN,9.57,4,6
"Gerlach, Mikael (SWE) (1984)",20-Jul-14,NaN,1.5 m/s,NaN,NaN,4.33,NaN,NaN,7.33,NaN,NaN,NaN,11.30,NaN,NaN,6.93,NaN,NaN,10.00,NaN,NaN,NaN,10.08,6,3
"Nakayama, Tomoki (JPN) (2004)",04-Oct-19,0.167,-1.1 m/s,NaN,NaN,4.18,NaN,6.20,NaN,NaN,NaN,NaN,11.30,NaN,NaN,7.18,NaN,3.23,NaN,NaN,NaN,NaN,9.80,8,8
Wu Bowen (CHN) (2006),30-Aug-22,0.182,-0.1 m/s,1.97,3.09,4.10,5.11,6.10,7.12,8.14,9.18,10.23,11.30,5.08,8.93,9.90,9.90,10.10,9.80,9.80,9.62,9.52,9.35,7,7
"Lecomte, Tiago (BEL) (2007)",08-Sep-23,0.155,-0.4 m/s,2.06,3.21,4.26,5.27,6.27,7.26,8.25,9.25,10.26,11.30,4.85,8.70,9.52,9.90,10.00,10.10,10.10,10.00,9.90,9.62,3,7
"Maibuca, Karalo Hepoiteloto (TUV) (199)",03-Aug-24,0.153,0.6 m/s,1.97,3.10,4.13,5.12,6.12,7.11,8.14,9.18,10.24,11.30,5.08,8.85,9.71,10.10,10.00,10.10,9.71,9.62,9.43,9.43,8,7
"Angell-Petersen, Børge (NOR)",24-Jul-07,NaN,-0.4 m/s,NaN,NaN,4.25,NaN,NaN,7.22,NaN,9.23,NaN,11.31,NaN,NaN,7.06,NaN,NaN,10.10,NaN,9.95,NaN,9.62,NaN,4
"Näsman, Erik (SWE)",31-Jul-11,NaN,1.6 m/s,NaN,4.26,NaN,NaN,7.25,NaN,9.25,NaN,11.33,11.33,NaN,7.04,NaN,NaN,10.03,NaN,10.00,NaN,9.62,8.83,1,2
Liu Dian (CHN) (2005),26-Apr-25,0.158,0.5 m/s,2.06,3.19,4.22,5.22,6.20,7.20,8.19,9.20,10.26,11.33,4.85,8.85,9.71,10.00,10.20,10.00,10.10,9.90,9.43,9.35,4,6
"Ertzgaard, John (NOR) (1977)",24-Jul-07,NaN,1.1 m/s,NaN,4.33,NaN,NaN,7.29,NaN,9.27,NaN,11.34,11.34,NaN,6.93,NaN,NaN,10.14,NaN,10.10,NaN,9.66,8.82,NaN,7
"Lecjaks, Martin (CZE) (1990)",15-Jun-13,0.162,-1.2 m/s,NaN,3.20,NaN,5.25,NaN,7.22,NaN,9.23,NaN,11.34,NaN,6.25,NaN,9.76,NaN,10.15,NaN,9.95,NaN,9.48,8,7
"Röder, Adam (CZE) (1998)",28-Jun-14,0.173,-2.1 m/s,2.08,3.17,4.23,5.21,6.20,7.21,8.21,9.23,10.27,11.34,4.81,9.17,9.43,10.20,10.10,9.90,10.00,9.80,9.62,9.35,5,5
"Kaul, Niklas (GER) (1998)",02-Aug-24,0.162,0.9 m/s,2.15,3.33,4.39,5.39,6.38,7.36,8.37,9.34,10.35,11.34,4.65,8.47,9.43,10.00,10.10,10.20,9.90,10.31,9.90,10.10,5,7
"Angell-Petersen, Børge (NOR)",25-Jul-09,NaN,3.0 m/s,NaN,NaN,4.30,NaN,NaN,7.25,NaN,9.21,NaN,11.35,NaN,NaN,6.98,NaN,NaN,10.17,NaN,10.20,NaN,9.35,NaN,6
"Gerlach, Mikael (SWE) (1984)",28-Jul-13,NaN,1.9 m/s,NaN,NaN,4.32,NaN,NaN,7.31,NaN,9.32,NaN,11.35,NaN,NaN,6.94,NaN,NaN,10.03,NaN,9.95,NaN,9.85,5,3
"Procházka, Jáchym (CZE) (1997)",28-Jun-14,0.145,-3.9 m/s,NaN,3.15,NaN,5.21,NaN,7.25,NaN,9.25,NaN,11.35,NaN,6.35,NaN,9.71,NaN,9.80,NaN,10.00,NaN,9.52,4,1
"Ataide, Manuel (TLS) (2001)",03-Aug-24,0.145,0.1 m/s,2.14,3.28,4.30,5.28,6.25,7.23,8.24,9.25,10.30,11.35,4.67,8.77,9.80,10.20,10.31,10.20,9.90,9.90,9.52,9.52,9,8
"Zálesky, Dominik (CZE) (1995)",28-Jun-14,0.154,-1.7 m/s,NaN,3.15,NaN,5.21,NaN,7.24,NaN,9.30,NaN,11.36,NaN,6.35,NaN,9.71,NaN,9.85,NaN,9.71,NaN,9.71,2,4
"Wall, Fredrik (SWE)",20-Jul-14,interval,1.5 m/s,NaN,NaN,4.32,NaN,NaN,7.29,NaN,NaN,NaN,11.36,NaN,NaN,6.94,NaN,10.10,NaN,NaN,NaN,9.83,8.80,7,4
"Gerlach, Mikael (SWE) (1984)",31-Jul-16,NaN,0.6 m/s,NaN,4.36,NaN,NaN,7.34,NaN,NaN,NaN,11.36,11.36,NaN,6.88,NaN,NaN,10.07,NaN,NaN,NaN,9.95,8.80,5,2
"Norgren, Daniel (SWE)",24-Jul-07,NaN,-0.4 m/s,NaN,4.23,NaN,NaN,7.22,NaN,9.28,NaN,11.37,11.37,NaN,7.09,NaN,NaN,10.03,NaN,9.71,NaN,9.57,8.80,NaN,6
"Ushiro, Keisuke (JPN) (1986)",23-Apr-11,NaN,-1.6 m/s,2.09,3.21,4.24,5.24,6.24,7.25,8.27,9.30,10.32,11.37,4.78,8.93,9.71,10.00,10.00,9.90,9.80,9.71,9.80,9.52,9,3
"Rask, Jesper (SWE)",20-Jul-14,NaN,1.5 m/s,NaN,4.23,NaN,NaN,7.24,NaN,NaN,NaN,11.37,11.37,NaN,7.09,NaN,NaN,9.97,NaN,NaN,NaN,9.69,8.80,1,5
"Bogaert, Mateo (BEL) (2006)",08-Sep-23,0.145,-0.4 m/s,2.10,3.25,4.29,5.30,6.29,7.29,8.28,9.29,10.32,11.37,4.76,8.70,9.62,9.90,10.10,10.00,10.10,9.90,9.71,9.52,6,8
"Skoglund, Björn (SWE) (1991)",24-Jul-07,NaN,-0.8 m/s,NaN,4.28,NaN,NaN,7.29,NaN,9.29,NaN,11.38,11.38,NaN,7.01,NaN,NaN,9.97,NaN,10.00,NaN,9.57,8.79,NaN,2
"Berggren, Marcus (SWE) (1996)",31-Jul-16,NaN,0.7 m/s,NaN,4.32,NaN,NaN,7.31,NaN,NaN,NaN,11.38,11.38,NaN,6.94,NaN,NaN,10.03,NaN,NaN,NaN,9.83,8.79,6,6
"Olofsson, Ludwig (SWE) (1998)",31-Jul-16,NaN,0.6 m/s,NaN,4.30,NaN,NaN,7.32,NaN,NaN,NaN,11.38,11.38,NaN,6.98,NaN,NaN,9.93,NaN,NaN,NaN,9.85,8.79,6,3
"Ushiro, Keisuke (JPN) (1986)",04-Jun-11,NaN,-1.1 m/s,2.08,3.22,4.28,5.29,6.30,7.29,8.29,9.31,10.33,11.39,4.81,8.77,9.43,9.90,9.90,10.10,10.00,9.80,9.80,9.43,NaN,NaN
"Hendriks, Olivier (NED) (2003) (T62)",17-Sep-23,0.209,0.0 m/s,2.24,3.43,4.49,5.50,6.48,7.43,8.40,9.37,10.36,11.39,4.46,8.40,9.43,9.90,10.20,10.53,10.31,10.31,10.10,9.71,2,5
"Adolfsson, Henrik (SWE) (1988)",24-Jul-07,NaN,-0.4 m/s,NaN,4.23,NaN,NaN,7.24,NaN,9.31,NaN,11.40,11.40,NaN,7.09,NaN,NaN,9.97,NaN,9.66,NaN,9.57,8.77,NaN,7
"Øien, Vegard (NOR)",31-Jul-11,NaN,1.6 m/s,NaN,4.32,NaN,NaN,7.34,NaN,9.36,NaN,11.40,11.40,NaN,NaN,6.94,NaN,9.93,NaN,9.90,NaN,9.80,8.77,2,3
Jia Runze (CHN) (2003),14-May-24,0.165,0.0 m/s,1.99,3.08,4.07,5.06,6.05,7.01,7.97,8.93,10.11,11.40,5.03,9.17,10.10,10.10,10.10,10.42,10.42,10.42,8.47,7.75,6,8
"Ushiro, Keisuke (JPN) (1986)",21-Apr-12,NaN,0.6 m/s,2.10,3.23,4.27,5.28,6.27,7.27,8.28,9.30,10.34,11.41,4.76,8.85,9.62,9.90,10.10,10.00,9.90,9.80,9.62,9.35,NaN,NaN
"Kuta, Radim (CZE) (1990)",15-Jun-13,NaN,-3.2 m/s,NaN,3.23,NaN,5.28,NaN,7.25,NaN,9.31,NaN,11.41,NaN,6.19,NaN,9.76,NaN,10.15,NaN,9.71,NaN,9.52,8,8
"Richter, David (CZE) (1998)",28-Jun-14,0.172,-2.7 m/s,NaN,3.20,NaN,5.29,NaN,7.30,NaN,9.33,NaN,11.41,NaN,6.25,NaN,9.57,NaN,9.95,NaN,9.85,NaN,9.62,6,2
"Burlák, Jakub (CZE) (1996)",28-Jun-14,0.214,-2.5 m/s,NaN,3.23,NaN,5.28,NaN,7.28,NaN,9.31,NaN,11.41,NaN,6.19,NaN,9.76,NaN,10.00,NaN,9.85,NaN,9.52,5,3
"Meyerdiersk, Eddy (SWE) (1995)",26-Jul-15,NaN,0.9 m/s,NaN,NaN,NaN,NaN,NaN,7.25,NaN,9.32,NaN,11.41,NaN,NaN,NaN,NaN,NaN,8.28,NaN,9.66,NaN,9.57,7,7
"Glide, Vebjörn (NOR) (1993)",26-Jul-15,NaN,1.1 m/s,NaN,NaN,4.22,NaN,NaN,7.28,NaN,9.33,NaN,11.41,NaN,NaN,7.11,NaN,NaN,9.80,NaN,9.76,NaN,9.62,8,5
"Nilsson, Anton (SWE) (1992)",31-Jul-16,NaN,0.5 m/s,NaN,NaN,4.33,NaN,NaN,7.32,NaN,NaN,NaN,11.41,NaN,NaN,6.93,NaN,NaN,10.03,NaN,NaN,NaN,9.78,3,1
"Ushiro, Keisuke (JPN) (1986)",26-Sep-20,NaN,0.2 m/s,2.05,3.20,4.25,5.26,6.26,7.25,8.26,9.29,10.34,11.41,4.88,8.70,9.52,9.90,10.00,10.10,9.90,9.71,9.52,9.35,5,4
Huang Yiqian (CHN) (2009),26-Apr-25,NaN,0.3 m/s,2.10,3.25,4.28,5.27,6.26,7.22,8.23,9.26,10.32,11.41,4.76,8.70,9.71,10.10,10.10,10.42,9.90,9.71,9.43,9.17,2,8
"Ekane, Fritz (SWE) (1990)",31-Jul-16,NaN,0.6 m/s,NaN,NaN,4.38,NaN,NaN,7.34,NaN,NaN,NaN,11.42,NaN,NaN,6.85,NaN,NaN,10.14,NaN,NaN,NaN,9.80,3,4
"Thor, William (SWE) (2000)",30-Jul-17,NaN,1.2 m/s,NaN,NaN,4.30,NaN,6.31,7.32,NaN,9.34,NaN,11.42,NaN,NaN,6.98,NaN,9.95,9.90,NaN,9.90,NaN,9.62,6,2
"Moravec, Aleš (CZE) (1998)",28-Jun-14,0.175,-2.7 m/s,NaN,3.20,NaN,5.25,NaN,7.26,NaN,9.29,NaN,11.43,NaN,6.25,NaN,9.76,NaN,9.95,NaN,9.85,NaN,9.35,3,3
"Richter, David (CZE) (1998)",28-Jun-14,0.167,-2.1 m/s,2.08,3.20,4.26,5.29,6.29,7.30,8.32,9.34,10.37,11.43,4.81,8.93,9.43,9.71,10.00,9.90,9.80,9.80,9.71,9.43,2,6
Bu Yunhan (CHN) (1984),26-Apr-25,0.207,0.5 m/s,2.08,3.19,4.23,5.22,6.20,7.20,8.22,9.26,10.32,11.43,4.81,9.01,9.62,10.10,10.20,10.00,9.80,9.62,9.43,9.01,10,7
"Mukiibi, Simon (SWE)",24-Jul-07,NaN,-0.8 m/s,NaN,NaN,4.29,NaN,NaN,7.30,NaN,9.33,NaN,11.44,NaN,NaN,6.99,NaN,NaN,9.97,NaN,9.85,NaN,9.48,NaN,3
"Forsberg, Johan (SWE) (1992)",31-Jul-11,NaN,1.8 m/s,NaN,NaN,4.25,NaN,NaN,7.24,NaN,9.24,NaN,11.44,NaN,NaN,7.06,NaN,NaN,10.03,NaN,10.00,NaN,9.09,2,7
"Dvorák, Filip (CZE) (1997)",28-Jun-14,0.150,-2.7 m/s,NaN,3.16,NaN,5.23,NaN,7.23,NaN,9.28,NaN,11.44,NaN,6.33,NaN,9.66,NaN,10.00,NaN,9.76,NaN,9.26,5,4
"Ushiro, Keisuke (JPN) (1986)",12-Jun-10,NaN,-0.9 m/s,2.04,3.17,4.21,5.23,6.25,7.26,8.27,9.31,10.36,11.45,4.90,8.85,9.62,9.80,9.80,9.90,9.90,9.62,9.52,9.17,NaN,NaN
"Ushiro, Keisuke (JPN) (1986)",04-Jun-22,NaN,0.1 m/s,2.05,3.20,4.26,5.28,6.28,7.28,8.30,9.32,10.37,11.45,4.88,8.70,9.43,9.80,10.00,10.00,9.80,9.80,9.52,9.26,2,9
Hu Zhenyu (CHN) (2007),26-Apr-25,0.173,0.5 m/s,2.15,3.33,4.37,5.38,6.38,7.36,8.36,9.36,10.38,11.45,4.65,8.47,9.62,9.90,10.00,10.20,10.00,10.00,9.80,9.35,1,8
"Moravec, Aleš (CZE) (1998)",28-Jun-14,0.181,-2.1 m/s,2.08,3.19,4.25,5.24,6.24,7.25,8.26,9.30,10.37,11.46,4.81,9.01,9.43,10.10,10.00,9.90,9.90,9.62,9.35,9.17,7,7
"Förnestig, Frank (SWE) (1998)",30-Jul-17,NaN,1.5 m/s,NaN,NaN,4.30,NaN,6.35,7.35,NaN,9.35,NaN,11.46,NaN,NaN,6.98,NaN,9.76,10.00,NaN,10.00,NaN,9.48,8,6
"Hilmersson, Jonas (SWE) (1988)",24-Jul-07,NaN,-0.4 m/s,NaN,NaN,4.24,NaN,NaN,7.27,NaN,9.35,NaN,11.47,NaN,NaN,7.08,NaN,NaN,9.90,NaN,9.62,NaN,9.43,NaN,8
"Zetterberg, Johan (SWE)",24-Jul-07,NaN,0.2 m/s,NaN,NaN,4.30,NaN,NaN,7.30,NaN,9.34,NaN,11.47,NaN,NaN,6.98,NaN,NaN,10.00,NaN,9.80,NaN,9.39,NaN,1
"Ushiro, Keisuke (JPN) (1986)",26-Apr-13,NaN,1.0 m/s,2.09,3.24,4.29,5.29,6.30,7.30,8.32,9.35,10.39,11.47,4.78,8.70,9.52,10.00,9.90,10.00,9.80,9.71,9.62,9.26,5,7
"Zálesky, Dominik (CZE) (1995)",28-Jun-14,0.160,-3.4 m/s,2.04,3.15,4.22,5.25,6.28,7.30,8.33,9.37,10.40,11.47,4.90,9.01,9.35,9.71,9.71,9.80,9.71,9.62,9.71,9.35,1,7
"Portalatini, Andrea (ITA)",06-Jun-25,0.150,0.2 m/s,1.99,3.17,4.23,5.26,6.26,7.26,8.27,9.29,10.33,11.47,5.03,8.47,9.43,9.71,10.00,10.00,9.90,9.80,9.62,8.77,4,1
"Ushiro, Keisuke (JPN) (1986)",25-Jun-09,NaN,0.5 m/s,2.04,3.18,4.23,5.25,6.25,7.26,8.28,9.32,10.39,11.48,4.90,8.77,9.52,9.80,10.00,9.90,9.80,9.62,9.35,9.17,8,8
"Goldman, Daniel (SWE) (1979)",31-Jul-11,NaN,1.6 m/s,NaN,NaN,4.28,NaN,NaN,7.33,NaN,9.38,NaN,11.48,NaN,NaN,7.01,NaN,NaN,9.84,NaN,9.76,NaN,9.52,7,4
"Vesely, Martin (CZE) (1995)",28-Jun-14,0.146,-2.5 m/s,NaN,3.17,NaN,5.23,NaN,7.23,NaN,9.30,NaN,11.48,NaN,6.31,NaN,9.71,NaN,10.00,NaN,9.66,NaN,9.17,2,4
"Habrda, Filip (CZE) (1997)",28-Jun-14,0.157,-4.2 m/s,3.25,NaN,5.31,NaN,7.33,9.35,NaN,11.49,11.49,4/3,6.15,NaN,9.71,NaN,9.90,9.90,NaN,9.35,8.70,NaN,4,3
"Olofsson, Ludwig (SWE) (1998)",31-Jul-16,NaN,0.7 m/s,NaN,4.30,NaN,NaN,7.31,NaN,NaN,11.49,11.49,1/7,NaN,6.98,NaN,NaN,9.97,NaN,NaN,9.57,8.70,NaN,1,7
"Ardizzone, Giuseppe (ITA)",06-Jun-25,0.158,0.2 m/s,1.99,3.17,4.21,5.23,6.23,7.23,8.25,9.28,10.34,11.49,5.03,8.47,9.62,9.80,10.00,10.00,9.80,9.71,9.43,8.70,2,2
"Døhlie, Petter Gire (NOR) (1985)",25-Jul-09,NaN,3.0 m/s,NaN,4.41,NaN,NaN,7.44,NaN,9.44,NaN,11.50,11.50,NaN,6.80,NaN,NaN,9.90,NaN,10.00,NaN,9.71,8.70,NaN,7
"Näsman, Erik (SWE)",25-Jul-09,NaN,0.9 m/s,NaN,4.30,NaN,NaN,7.34,NaN,9.36,NaN,11.50,11.50,NaN,6.98,NaN,NaN,9.87,NaN,9.90,NaN,9.35,8.70,NaN,1
"Hjelle, ∅ivind (NOR)",28-Jul-13,NaN,1.9 m/s,NaN,4.24,NaN,NaN,7.28,NaN,9.34,NaN,11.50,11.50,NaN,7.08,NaN,NaN,9.87,NaN,9.71,NaN,9.26,8.70,7,5
"Dvorák, Filip (CZE) (1997)",28-Jun-14,0.148,-2.1 m/s,2.05,3.17,4.22,5.26,6.27,7.29,8.32,9.35,10.40,11.50,4.88,8.93,9.52,9.62,9.90,9.80,9.71,9.71,9.52,9.09,1,8
"Sandström, Emil (SWE) (2000)",31-Jul-16,NaN,1.5 m/s,NaN,4.28,NaN,NaN,7.32,NaN,NaN,11.50,11.50,11.50,NaN,7.01,NaN,NaN,9.87,NaN,NaN,9.57,8.70,NaN,6,2
"Bäcke, Gabriel (SWE) (2000)",30-Jul-17,NaN,1.2 m/s,NaN,4.38,NaN,6.37,7.37,NaN,9.39,NaN,11.50,11.50,NaN,6.85,NaN,10.05,10.00,NaN,9.90,NaN,9.48,8.70,3,3
"Fau, Štepán (CZE) (1995)",28-Jun-14,0.219,-1.7 m/s,NaN,3.32,NaN,5.43,7.46,NaN,9.49,NaN,11.52,11.52,NaN,6.02,NaN,9.48,9.85,NaN,9.85,NaN,9.85,8.68,6,5
"Otani, Tomoki (JPN)",25-May-24,NaN,0.5 m/s,NaN,4.22,NaN,NaN,7.27,NaN,NaN,10.40,11.52,11.52,NaN,7.11,NaN,NaN,9.84,NaN,NaN,9.58,8.93,8.68,2,8
"Wdowik, Oliwer (POL) (2002)",03-Aug-24,0.175,0.0 m/s,1.98,3.08,4.09,5.04,5.99,6.94,7.91,8.93,10.09,11.53,5.05,9.09,9.90,10.53,10.53,10.53,10.31,9.80,8.62,6.94,9,9
"Rapp, Ondrej (CZE) (1997)",28-Jun-14,0.167,-3.9 m/s,NaN,3.21,NaN,5.31,NaN,7.39,NaN,9.43,NaN,11.54,NaN,6.23,NaN,9.52,NaN,9.62,NaN,9.80,NaN,9.48,3,2
"Nilsen, Erlend (SWE) (1992)",31-Jul-16,NaN,0.5 m/s,NaN,NaN,4.31,NaN,NaN,7.36,NaN,NaN,NaN,11.54,NaN,NaN,6.96,NaN,NaN,9.84,NaN,NaN,NaN,9.57,4,2
"Al-Yafaee, Samer (YEM) (2005)",03-Aug-24,0.150,0.1 m/s,2.09,3.24,4.29,5.31,6.32,7.33,8.36,9.40,10.46,11.54,4.78,8.70,9.52,9.80,9.90,9.90,9.71,9.62,9.43,9.26,8,9
"Riis, Jacob (DEN) (1984)",25-Jul-09,NaN,3.0 m/s,NaN,NaN,4.41,NaN,NaN,7.46,NaN,9.46,NaN,11.55,NaN,NaN,6.80,NaN,NaN,9.84,NaN,10.00,NaN,9.57,NaN,8
"Ekholm, Andrej (SWE) (1989)",31-Jul-11,NaN,1.6 m/s,NaN,NaN,4.29,NaN,NaN,7.35,NaN,9.40,NaN,11.55,NaN,NaN,6.99,NaN,NaN,9.80,NaN,9.76,NaN,9.30,6,6
"Aselius, Erik (SWE)",25-Jul-09,NaN,0.9 m/s,NaN,NaN,4.39,NaN,NaN,7.44,NaN,9.45,NaN,11.56,NaN,NaN,6.83,NaN,NaN,9.84,NaN,9.95,NaN,9.48,NaN,2
"Nilsen, Erlend (SWE) (1992)",31-Jul-16,NaN,1.5 m/s,NaN,NaN,4.33,NaN,NaN,7.39,NaN,NaN,NaN,11.56,NaN,NaN,6.93,NaN,NaN,9.80,NaN,NaN,NaN,9.59,4,3
Liu Siyuan (CHN),26-Apr-25,0.200,0.5 m/s,2.14,3.31,4.38,5.41,6.41,7.40,8.41,9.43,10.47,11.56,4.67,8.55,9.35,9.71,10.00,10.10,9.90,9.80,9.62,9.17,7,9
"Jonsson, Per (SWE) (1988)",31-Jul-11,NaN,1.6 m/s,NaN,NaN,4.38,NaN,NaN,3.05,NaN,2.03,NaN,2.11,NaN,NaN,6.85,NaN,NaN,9.84,NaN,9.85,NaN,9.48,NaN,NaN
"Jonsson, Tobias (SWE) (1996)",31-Jul-16,NaN,1.5 m/s,NaN,NaN,NaN,NaN,NaN,7.38,NaN,NaN,NaN,11.57,NaN,NaN,6.90,NaN,NaN,9.90,NaN,NaN,NaN,9.55,2,4
"Ushiro, Keisuke (JPN) (1986)",01-Jun-13,interval,-2.8 m/s,2.07,3.21,4.26,5.28,6.30,7.33,8.37,9.42,10.49,11.58,4.83,8.77,9.52,9.80,9.80,9.71,9.62,9.52,9.35,9.17,7,5
"Jonsson, Tobias (SWE) (1996)",31-Jul-16,NaN,0.5 m/s,NaN,4.34,NaN,NaN,NaN,7.38,NaN,NaN,NaN,11.58,NaN,6.91,NaN,NaN,NaN,9.87,NaN,NaN,NaN,9.52,5,3
"Hartych, Vit (CZE) (1997)",28-Jun-14,0.183,-2.7 m/s,NaN,3.31,NaN,5.43,NaN,7.47,NaN,9.48,NaN,11.59,NaN,6.04,NaN,9.43,NaN,9.80,NaN,9.95,NaN,9.48,7,5
"Östli, Philip (NOR)",20-Jul-13,NaN,1.6 m/s,NaN,4.29,NaN,NaN,NaN,7.37,NaN,9.44,NaN,11.60,NaN,6.99,NaN,NaN,NaN,9.74,NaN,9.66,NaN,9.26,4,1
"Nilsson, Anton (SWE) (1992)",31-Jul-16,NaN,0.7 m/s,NaN,4.40,NaN,NaN,NaN,7.42,NaN,NaN,NaN,11.60,NaN,6.82,NaN,NaN,NaN,9.93,NaN,NaN,NaN,9.57,8,8
"Kristofferson, Fredrik (SWE) (1989)",24-Jul-07,NaN,0.2 m/s,NaN,4.39,NaN,NaN,NaN,7.43,NaN,9.46,NaN,11.61,NaN,6.83,NaN,NaN,NaN,9.87,NaN,9.85,NaN,9.30,NaN,2
"Fiti, Scott James (FSM) (1995)",03-Aug-24,0.185,0.2 m/s,2.05,3.20,4.23,5.25,6.26,7.29,8.34,9.40,10.49,11.61,4.88,8.70,9.71,9.80,9.90,9.71,9.52,9.43,9.17,8.93,8,7
"Červik, Jakub (CZE) (1997)",28-Jun-14,0.192,-3.9 m/s,NaN,3.28,NaN,5.40,NaN,7.49,NaN,9.52,NaN,11.62,NaN,6.10,NaN,9.43,NaN,9.57,NaN,9.85,NaN,9.52,5,3
"Ushiro, Keisuke (JPN) (1986)",21-Apr-18,NaN,-4.4 m/s,2.00,3.16,4.23,5.28,6.32,7.36,8.41,9.47,10.54,11.62,5.00,8.62,9.35,9.52,9.62,9.62,9.52,9.43,9.35,9.26,5,1
"Idenfors, Daniel (SWE)",24-Jul-07,NaN,-0.8 m/s,NaN,4.33,NaN,NaN,NaN,7.38,NaN,9.46,NaN,11.63,NaN,6.93,NaN,NaN,NaN,9.84,NaN,9.62,NaN,9.22,NaN,4
"Näsman, Erik (SWE)",08-Aug-10,NaN,1.6 m/s,NaN,4.34,NaN,NaN,NaN,7.40,NaN,9.47,NaN,11.63,NaN,6.91,NaN,NaN,NaN,9.80,NaN,9.66,NaN,9.26,NaN,1
"Jonsson, Per (SWE) (1988)",20-Jul-14,NaN,1.6 m/s,NaN,4.37,NaN,NaN,NaN,7.44,NaN,9.51,NaN,11.63,NaN,6.86,NaN,NaN,NaN,9.77,NaN,9.66,NaN,9.43,6,2
"Rask, Jesper (SWE)",28-Jul-13,NaN,1.8 m/s,NaN,4.35,NaN,NaN,7.39,NaN,9.48,NaN,11.64,11.64,NaN,NaN,6.90,NaN,9.87,NaN,9.57,NaN,9.26,8.59,4,1
"Getahun, Kidus Yohannes (SWE) (1998)",30-Jul-17,NaN,1.5 m/s,NaN,4.42,NaN,6.49,7.50,NaN,9.52,NaN,11.64,11.64,NaN,NaN,6.79,NaN,9.90,NaN,9.90,NaN,9.43,8.59,7,7
"Söderqvist, Per-Erik (SWE)",24-Jul-07,NaN,-0.8 m/s,NaN,4.40,NaN,NaN,7.49,NaN,9.54,NaN,11.65,11.65,NaN,NaN,6.82,NaN,9.71,NaN,9.76,NaN,9.48,8.58,NaN,5
"Walser, Andreas (GER) (1996) (T12)",17-Sep-23,0.175,0.0 m/s,2.14,3.32,4.38,5.41,6.42,7.43,8.46,9.49,10.55,11.65,4.67,8.47,9.43,9.71,9.90,9.90,9.71,9.71,9.43,9.09,6,6
"Santander Villarubia, Remigio (GEQ) (20)",03-Aug-24,0.186,-0.4 m/s,2.10,3.28,4.34,5.36,6.37,7.39,8.42,9.48,10.55,11.65,4.76,8.47,9.43,9.80,9.90,9.80,9.71,9.43,9.35,9.09,9,7-6
"Ortelli, Mario (ITA)",06-Jun-25,0.169,0.2 m/s,2.05,3.24,4.32,5.36,6.38,7.39,8.41,9.44,10.49,11.65,4.88,8.40,9.26,9.62,9.80,9.90,9.80,9.71,9.52,8.62,1,3
"Paulsson Bixo, Jonathan (SWE)",20-Jul-14,NaN,1.6 m/s,NaN,NaN,4.39,NaN,NaN,7.48,NaN,9.55,NaN,11.66,NaN,NaN,6.83,NaN,NaN,9.71,NaN,9.66,NaN,9.48,5,3
"Isa, Yoshinori (JPN) (1993)",30-Apr-22,0.148,-0.2 m/s,2.04,3.22,4.31,5.35,6.37,7.40,8.43,9.49,10.56,11.66,4.90,8.47,9.17,9.62,9.80,9.71,9.71,9.43,9.35,9.09,7,7
"Gerlach, Mikael (SWE) (1984)",31-Jul-11,NaN,1.4 m/s,NaN,NaN,4.47,NaN,NaN,7.55,NaN,9.57,NaN,11.67,NaN,NaN,6.71,NaN,NaN,9.74,NaN,9.90,NaN,9.52,6,1
"Klima, Jakub (CZE) (1995)",28-Jun-14,0.174,-1.7 m/s,NaN,3.37,NaN,5.52,NaN,7.58,NaN,9.62,NaN,11.67,NaN,5.93,NaN,9.30,NaN,9.71,NaN,9.80,NaN,9.76,5,6
"Ushiro, Keisuke (JPN) (1986)",06-May-23,0.177,0.6 m/s,2.09,3.27,4.34,5.38,6.40,7.42,8.45,9.50,10.57,11.68,4.78,8.47,9.35,9.62,9.80,9.80,9.71,9.52,9.35,9.01,8,7
"Kuklik, Jan (CZE) (1996)",28-Jun-14,0.155,-1.7 m/s,NaN,3.35,NaN,5.48,NaN,7.53,NaN,9.58,NaN,11.69,NaN,5.97,NaN,9.39,NaN,9.76,NaN,9.76,NaN,9.48,7,7
"Schädelbauer, David (CZE) (1997)",28-Jun-14,0.186,-4.2 m/s,NaN,3.22,NaN,5.34,NaN,7.41,NaN,9.50,NaN,11.69,NaN,6.21,NaN,9.43,NaN,9.66,NaN,9.57,NaN,9.13,2,4
"Samuelsson, Jakob (SWE) (1998)",31-Jul-16,NaN,1.5 m/s,NaN,NaN,4.41,NaN,NaN,7.48,NaN,NaN,NaN,11.69,NaN,NaN,6.80,NaN,NaN,9.77,NaN,NaN,NaN,9.50,5,5
"Jonsson, Per (SWE) (1988)",08-Aug-10,NaN,1.6 m/s,NaN,NaN,4.38,NaN,NaN,7.50,NaN,9.57,NaN,11.70,NaN,NaN,6.85,NaN,NaN,9.62,NaN,9.66,NaN,9.39,NaN,2
"Persson, Marcus (SWE)",08-Aug-10,NaN,1.6 m/s,NaN,NaN,4.36,NaN,NaN,7.44,NaN,9.52,NaN,11.70,NaN,NaN,6.88,NaN,NaN,9.74,NaN,9.62,NaN,9.17,NaN,3
"Skeppstedt, Martin (SWE)",24-Jul-07,NaN,-0.8 m/s,NaN,NaN,4.33,NaN,NaN,7.41,NaN,9.50,NaN,11.71,NaN,NaN,6.93,NaN,NaN,9.74,NaN,9.57,NaN,9.05,NaN,6
"Jonsson, Per (SWE) (1988)",17-Jun-12,NaN,1.4 m/s,NaN,NaN,4.44,NaN,NaN,7.52,NaN,9.58,NaN,11.71,NaN,NaN,6.76,NaN,NaN,9.74,NaN,9.71,NaN,9.39,NaN,4
"Zouželka, Jaroslav (CZE) (1995)",28-Jun-14,0.215,-3.6 m/s,NaN,3.26,NaN,5.38,NaN,7.47,NaN,9.57,NaN,11.72,NaN,6.13,NaN,9.43,NaN,9.57,NaN,9.52,NaN,9.30,8,3
"Jonsson, Per (SWE) (1988)",28-Jul-13,NaN,1.9 m/s,NaN,NaN,4.43,NaN,NaN,7.50,NaN,9.57,NaN,11.73,NaN,NaN,6.77,NaN,NaN,9.77,NaN,9.66,NaN,9.26,8,6
"Musil, Jan (CZE) (1997)",28-Jun-14,0.158,-4.2 m/s,NaN,3.32,NaN,5.42,NaN,7.49,NaN,9.56,NaN,11.73,NaN,6.02,NaN,9.52,NaN,9.66,NaN,9.66,NaN,9.22,7,5
"Slaviček, Lukáš (CZE) (1997)",28-Jun-14,0.153,-2.7 m/s,NaN,3.25,NaN,5.39,NaN,7.49,NaN,9.56,NaN,11.74,NaN,6.15,NaN,9.35,NaN,9.52,NaN,9.66,NaN,9.17,8,6
"Hašek, Josef (CZE) (1997)",28-Jun-14,0.135,-2.7 m/s,NaN,3.22,NaN,5.34,NaN,7.43,NaN,9.54,NaN,11.74,NaN,6.21,NaN,9.43,NaN,9.57,NaN,9.48,NaN,9.09,2,7
"Zucca, Michele (ITA)",06-Jun-25,0.156,0.2 m/s,2.03,3.23,4.32,5.36,6.39,7.41,8.45,9.51,10.58,11.75,4.93,8.33,9.17,9.62,9.71,9.80,9.62,9.43,9.35,8.55,3,4
"Urbánek, Petr (CZE) (1998)",28-Jun-14,0.177,-4.2 m/s,NaN,3.23,NaN,5.34,NaN,7.43,NaN,9.54,NaN,11.76,NaN,6.19,NaN,9.49,NaN,9.57,NaN,9.48,NaN,9.01,8,6
"Lamač, Martin (CZE) (1997)",28-Jun-14,0.160,-3.9 m/s,NaN,3.18,NaN,5.32,NaN,7.45,NaN,9.56,NaN,11.77,NaN,6.29,NaN,9.35,NaN,9.39,NaN,9.48,NaN,9.05,2,4
"Garofoli, Alessandro (ITA)",06-Jun-25,0.208,0.2 m/s,2.07,3.27,4.35,5.38,6.41,7.44,8.48,9.54,10.61,11.78,4.83,8.33,9.26,9.71,9.71,9.71,9.62,9.43,9.35,8.55,5,5
"Sakshaug, Ola (NOR) (1984)",25-Jul-09,NaN,0.9 m/s,NaN,NaN,4.51,NaN,NaN,7.67,NaN,9.85,NaN,12.06,NaN,NaN,6.65,NaN,NaN,9.49,NaN,9.17,NaN,9.05,NaN,3
"Eriksson, Daniel (SWE)",17-Jun-12,NaN,1.2 m/s,NaN,NaN,4.52,NaN,NaN,7.70,NaN,9.83,NaN,12.07,NaN,NaN,6.64,NaN,NaN,9.43,NaN,9.39,NaN,8.93,NaN,1
"Persson, Marcus (SWE) (1987)",31-Jul-11,NaN,1.4 m/s,NaN,NaN,4.42,NaN,NaN,7.57,NaN,9.79,NaN,12.08,NaN,NaN,6.79,NaN,NaN,9.52,NaN,9.01,NaN,8.73,5,4
"Jarošek, Michal (CZE) (1996)",28-Jun-14,0.159,-3.6 m/s,NaN,3.33,NaN,5.53,NaN,7.70,NaN,9.87,NaN,12.09,NaN,6.01,NaN,9.09,NaN,9.22,NaN,9.22,NaN,9.01,3,7
"Walaza, Bayanda (RSA) (2006)",28-Aug-25,0.156,-0.4 m/s,1.87,2.91,3.85,4.74,5.61,6.48,7.43,8.56,9.99,12.10,5.35,9.62,10.64,11.24,11.49,11.49,10.53,8.85,6.99,4.74,1,8
"Hargrett, Chrisdon (USA) (1984)",29-Jun-08,NaN,2.2 m/s,1.97,3.02,3.95,4.86,5.72,6.62,7.47,8.61,9.98,12.11,5.08,9.52,10.75,10.99,11.63,11.11,11.76,8.77,7.30,4.69,7,8
"Fukofuka, Maleselo (TGA) (2005)",03-Aug-24,0.155,-0.4 m/s,2.15,3.35,4.45,5.54,6.62,7.68,8.77,9.87,10.98,12.11,4.65,8.33,9.09,9.17,9.26,9.43,9.17,9.09,9.01,8.85,8,8-7
"Končicky, Tomáš (CZE) (1996)",28-Jun-14,0.183,-2.5 m/s,NaN,3.34,NaN,5.46,NaN,7.53,NaN,9.63,NaN,12.13,NaN,5.99,NaN,9.43,NaN,9.66,NaN,9.52,NaN,8.00,7,7
Wang Fujie (CHN) (2006),30-Aug-22,0.172,-0.1 m/s,2.10,3.27,4.38,5.44,6.55,NaN,NaN,NaN,NaN,NaN,4.76,8.55,9.01,9.43,9.01,NaN,NaN,NaN,NaN,NaN,2,8
"Barkhall, Matias (NOR)",25-Jul-09,NaN,0.9 m/s,NaN,NaN,4.41,NaN,NaN,7.73,NaN,9.85,NaN,12.16,NaN,NaN,6.80,NaN,NaN,9.04,NaN,9.43,NaN,8.66,NaN,4
Zhang Chenshuo (CHN) (2002),26-Apr-25,0.191,0.3 m/s,2.17,3.41,4.54,5.63,6.70,7.76,8.81,9.89,10.98,12.19,4.61,8.06,8.85,9.17,9.35,9.43,9.52,9.26,9.17,8.26,7,9
"Jonasson, Erik (SWE)",24-Jul-07,NaN,0.2 m/s,NaN,4.51,NaN,NaN,7.75,NaN,9.94,NaN,12.21,12.21,NaN,6.65,NaN,NaN,9.26,NaN,9.13,NaN,8.81,8.19,NaN,5
"Vojtek, Matouš (CZE) (1998)",28-Jun-14,0.166,-3.9 m/s,NaN,3.33,NaN,5.54,7.76,NaN,9.93,NaN,12.21,12.21,NaN,6.01,NaN,9.05,9.01,NaN,9.22,NaN,8.77,8.19,7,7
"Mártensson, Oskar (SWE)",20-Jul-14,NaN,1.6 m/s,NaN,4.56,NaN,NaN,7.81,NaN,9.98,NaN,12.21,12.21,NaN,6.58,NaN,NaN,9.23,NaN,9.22,NaN,8.97,8.19,7,5
"Tömmervik, Sindre (NOR)",20-Jul-14,NaN,1.6 m/s,NaN,4.60,NaN,NaN,7.84,NaN,10.01,NaN,12.25,12.25,NaN,6.52,NaN,NaN,9.26,NaN,9.22,NaN,8.93,8.16,8,6
"Stewart, Raymond (JAM) (1965)",24-Sep-88,0.159,1.1 m/s,1.88,2.95,3.92,4.84,5.71,6.65,NaN,NaN,12.26,12.26,5.32,9.35,10.31,10.87,11.49,10.64,NaN,NaN,7.13,8.16,2,87
"Alberti, Alessandro (ITA)",06-Jun-25,0.137,0.2 m/s,2.02,3.23,4.34,5.41,6.48,7.57,8.66,9.81,10.97,12.26,4.95,8.26,9.01,9.35,9.35,9.17,9.17,8.70,8.62,7.75,8,8
"Solberg, Mats (NOR)",25-Jul-09,NaN,0.9 m/s,NaN,4.51,NaN,NaN,7.80,NaN,9.97,NaN,12.27,12.27,NaN,6.65,NaN,NaN,9.12,NaN,9.22,NaN,8.70,8.15,NaN,5
"Larsson, Åke (SWE)",24-Jul-07,NaN,0.2 m/s,NaN,4.59,NaN,NaN,7.84,NaN,10.06,NaN,12.29,12.29,NaN,6.54,NaN,NaN,9.23,NaN,9.01,NaN,8.97,8.14,NaN,6
"Donnarumma, Michele (ITA)",06-Jun-25,0.144,0.2 m/s,2.07,3.29,4.42,5.52,6.62,7.72,8.84,9.97,11.13,12.38,4.83,8.20,8.85,9.09,9.09,9.09,8.93,8.85,8.62,8.00,9,9
"di Marino, Emanuele (ITA) (1989) (T44)",17-Sep-23,0.137,0.0 m/s,2.25,3.48,4.62,5.72,6.82,7.92,9.02,10.14,11.27,12.44,4.44,8.13,8.77,9.09,9.09,9.09,9.09,8.93,8.85,8.55,1,8
"Storsve, Ingar (NOR)",25-Jul-09,NaN,0.9 m/s,NaN,4.52,NaN,NaN,7.82,NaN,10.07,NaN,12.49,12.49,NaN,6.64,NaN,NaN,9.09,NaN,8.89,NaN,8.26,8.01,NaN,6
"Patta, Lorenzo (ITA) (2000)",27-Jun-25,0.148,0.0 m/s,1.85,2.90,3.84,4.72,5.62,6.64,NaN,NaN,NaN,NaN,5.41,9.52,10.64,11.36,11.11,9.80,NaN,NaN,NaN,NaN,2,8
"Mittler, Fabian (GER) (1993)",07-Aug-10,NaN,0.0 m/s,NaN,3.21,4.23,5.19,NaN,NaN,NaN,NaN,NaN,14.62,NaN,6.23,9.80,10.42,NaN,NaN,NaN,NaN,NaN,6.36,NaN,7
"Kündig, Hugo (SWE) (2006)",07-Aug-25,0.200,-0.1 m/s,2.02,3.08,4.07,5.02,5.95,6.93,8.09,9.47,11.47,15.90,4.95,9.43,10.10,10.53,10.75,10.20,8.62,7.25,5.00,2.26,8,7
"Pavoni, Pierfrancesco (ITA) (1963)",30-Aug-87,0.163,1.0 m/s,NaN,NaN,4.33,5.47,NaN,NaN,NaN,NaN,NaN,NaN,NaN,NaN,6.93,8.77,NaN,NaN,NaN,NaN,NaN,NaN,2,8-7
"Greene, Maurice (USA) (1974)",25-Jun-05,NaN,-2.3 m/s,1.95,3.00,3.90,4.82,5.68,6.57,7.54,NaN,NaN,NaN,5.13,9.52,11.11,10.87,11.63,11.24,10.31,NaN,NaN,NaN,6,--
"Morlu, Abraham (LBR) (1981)",25-Jul-09,NaN,1.0 m/s,NaN,NaN,4.14,NaN,NaN,NaN,NaN,NaN,NaN,NaN,NaN,NaN,7.25,NaN,NaN,NaN,NaN,NaN,NaN,NaN,NaN,--
"Johansson, Oscar (SWE) (1992)",17-Jun-12,NaN,1.4 m/s,NaN,NaN,4.43,NaN,NaN,8.79,NaN,NaN,NaN,NaN,NaN,NaN,6.77,NaN,NaN,6.88,NaN,NaN,NaN,NaN,NaN,--
"Adegoke, Enoch (NGR) (2000)",01-Aug-21,0.157,0.1 m/s,NaN,NaN,3.84,NaN,NaN,6.56,NaN,NaN,NaN,NaN,NaN,NaN,7.81,NaN,NaN,11.03,NaN,NaN,NaN,NaN,8,--
"Kjerpeset, ∅yvind (NOR) (1991)",12-Jun-25,NaN,0.7 m/s,1.93,3.72,6.47,NaN,NaN,NaN,NaN,NaN,NaN,NaN,5.18,5.59,3.64,NaN,NaN,NaN,NaN,NaN,NaN,NaN,6,--
