Name,date,reaction time,wind,time 50m,time 100m,time 150m,time 200m,velocity 50m,velocity 100m,velocity 150m,velocity 200m,lane,place
"Bolt, Usain (JAM) (1986)",20-Aug-09,0.133,-0.3 m/s,5.60,9.92,14.44,19.19,8.93,11.57,11.06,10.53,5,1
"Blake, Yohan (JAM) (1989)",16-Sep-11,0.269,0.7 m/s,NaN,10.14,NaN,19.26,NaN,9.86,NaN,10.96,7,1
"Blake, Yohan (JAM) (1989)",16-Sep-11,0.269,0.7 m/s,NaN,10.14,NaN,19.26,NaN,9.86,NaN,10.96,NaN,1
"Bolt, Usain (JAM) (1986)",20-Aug-08,0.182,-0.9 m/s,NaN,9.98,NaN,19.30,NaN,10.02,NaN,10.73,5,1
"Lyles, Noah (USA) (1997)",21-Jul-22,0.141,0.4 m/s,NaN,10.15,NaN,19.31,NaN,9.85,NaN,10.92,6,1
"Johnson, Michael (USA) (1967)",01-Aug-96,0.161,0.4 m/s,5.79,10.14,14.62,19.32,8.64,11.49,11.16,10.64,3,1
"Bolt, Usain (JAM) (1986)",09-Aug-12,0.180,0.4 m/s,NaN,10.00,NaN,19.32,NaN,10.00,NaN,10.73,7,1
"Bolt, Usain (JAM) (1986)",03-Sep-11,0.193,0.8 m/s,5.53,9.97,14.54,19.40,9.04,11.26,10.94,10.29,3,1
"Gay, Tyson (USA) (1982)",16-May-10,NaN,-0.4 m/s,NaN,9.89,14.41,19.41,NaN,10.11,11.06,10.00,3,1
"Blake, Yohan (JAM) (1989)",09-Aug-12,0.172,0.4 m/s,NaN,10.19,NaN,19.44,NaN,9.81,NaN,10.81,4,2
"Tebogo, Letsile (BOT) (2003)",08-Aug-24,0.162,0.4 m/s,5.70,10.12,14.65,19.46,8.77,11.31,11.04,10.40,7,1
"Lyles, Noah (USA) (1997)",23-Jul-23,0.157,1.6 m/s,5.77,10.19,14.70,19.47,8.67,11.31,11.09,10.48,6,1
"Lyles, Noah (USA) (1997)",05-Jul-19,0.147,-0.1 m/s,5.8,10.2,14.8,19.50,8.62,11.36,10.87,10.64,7,1
"Tebogo, Letsile (BOT) (2003)",23-Jul–23,0.170,1.6 m/s,5.77,10.23,14.77,19.50,8.67,11.21,11.01,10.57,8,2
"Lyles, Noah (USA) (1997)",18-Sep-25,0.181,1.0 m/s,NaN,10.13,NaN,19.51,NaN,9.87,NaN,10.66,7,1
"Lyles, Noah (USA) (1997)",21-Aug-21,0.147,1.5 m/s,5.9,10.3,14.8,19.52,8.47,11.36,11.11,10.59,7,1
"Lyles, Noah (USA) (1997)",08-Sep-22,0.164,-0.6 m/s,5.72,10.13,14.71,19.52,8.74,11.34,10.92,10.40,6,1
"Lyles, Noah (USA) (1997)",25-Aug-23,0.144,-0.2 m/s,NaN,10.26,NaN,19.52,NaN,9.75,NaN,10.80,6,1
"Lyles, Noah (USA) (1997)",19-Sep-25,0.167,0.0 m/s,NaN,10.12,NaN,19.52,NaN,9.88,NaN,10.64,6,1
"Lyles, Noah (USA) (1997)",29-Jun-24,NaN,0.5 m/s,5.82,10.31,14.89,19.53,8.59,11.14,10.92,10.78,6,1
"Lyles, Noah (USA) (1997)",26-Aug-22,0.182,1.3 m/s,5.76,10.15,14.70,19.56,8.68,11.39,10.99,10.29,7,1
"Gatlin, Justin (USA) (1982)",28-Jun-15,NaN,1.3 m/s,NaN,10.2,NaN,19.6,NaN,9.80,NaN,10.64,NaN,1
"Bednarek, Kenneth (USA) (1998)",03-Sep-24,0.182,0.4 m/s,5.75,10.20,14.75,19.57,8.70,11.24,10.99,10.37,7,2
"de Grasse, Andre (CAN) (1994)",12-Jun-15,NaN,2.4 m/s,NaN,10.3,NaN,19.6,NaN,9.71,NaN,10.75,NaN,1
"Bednarek, Kenneth (USA) (1998)",19-Sep-25,0.179,0.0 m/s,NaN,10.09,NaN,19.58,NaN,9.91,NaN,10.54,8,2
"Bednarek, Kenneth (USA) (1998)",29-Jun-24,NaN,0.5 m/s,5.73,10.26,14.81,19.59,8.73,11.04,10.99,10.46,8,2
"Lyles, Noah (USA) (1997)",28-Jun-24,NaN,2.5 m/s,5.70,10.22,14.75,19.60,8.77,11.06,11.04,10.31,7,1
"Gay, Tyson (USA) (1982)",24-Jun-07,NaN,-0.3 m/s,NaN,10.1,NaN,19.6,NaN,9.90,NaN,10.53,6,1
"de Grasse, Andre (CAN) (1994)",04-Aug-21,0.135,-0.6 m/s,NaN,10.3,NaN,19.62,NaN,9.71,NaN,10.73,6,1
"Bednarek, Kenneth (USA) (1998)",08-Aug-24,0.163,0.4 m/s,5.68,10.10,14.69,19.62,8.80,11.31,10.89,10.14,8,2
"Tebogo, Letsile (BOT) (2003)",22-Aug-24,0.148,0.9 m/s,5.77,10.27,14.83,19.64,8.67,11.11,10.96,10.40,6,1
"Lyles, Noah (USA) (1997)",24-Aug-19,0.166,0.2 m/s,5.9,10.3,14.8,19.65,8.47,11.36,11.11,10.31,6,1
"Bednarek, Kenneth (USA) (1998)",26-Aug-21,0.163,3.2 m/s,5.8,10.3,14.9,19.65,8.62,11.11,10.87,10.53,6,1
"Tebogo, Letsile (BOT) (2003)",19-Sep-25,0.163,0.0 m/s,NaN,10.17,NaN,19.65,NaN,9.83,NaN,10.55,5,4
"Johnson, Michael (USA) (1967)",23-Jun-96,NaN,1.7 m/s,NaN,10.48,15.04,19.66,NaN,9.54,10.96,10.82,5,1
"Bolt, Usain (JAM) (1986)",17-Aug-13,0.177,0.0 m/s,NaN,10.2,NaN,19.7,NaN,9.80,NaN,10.53,4,1
"Lyles, Noah (USA) (1997)",26-Jun-22,NaN,-0.3 m/s,5.96,10.44,14.98,19.67,8.39,11.16,11.01,10.66,NaN,1
"Bednarek, Kenneth (USA) (1998)",10-May-24,0.175,1.7 m/s,5.75,10.22,14.79,19.67,8.70,11.19,10.94,10.25,7,1
"Fredericks, Frank (NAM) (1967)",01-Aug-86,0.200,0.4 m/s,NaN,10.19,14.80,19.68,NaN,9.81,10.85,10.25,5,2
"Gay, Tyson (USA) (1982)",10-Sep-06,0.150,-0.1 m/s,5.68,10.05,14.69,19.68,8.80,11.44,10.78,10.02,6,1
"Bednarek, Kenneth (USA) (1998)",04-Aug-21,0.165,-0.6 m/s,NaN,10.3,NaN,19.68,NaN,9.71,NaN,10.66,7,2
"Knighton, Erriyon (USA) (2004)",26-Jun-22,NaN,-0.3 m/s,5.85,10.31,14.86,19.69,8.55,11.21,10.99,10.35,NaN,2
"Johnson, Michael (USA) (1967)",23-Jun-96,NaN,2.7 m/s,NaN,10.21,14.74,19.70,NaN,9.79,11.04,10.08,3,1
"Dix, Walter (USA) (1986)",03-Sep-11,0.161,0.8 m/s,5.59,10.11,14.75,19.70,8.94,11.06,10.78,10.10,4,2
"Bednarek, Kenneth (USA) (1998)",09-Sep-21,0.165,0.5 m/s,5.7,10.2,14.8,19.70,8.77,11.11,10.87,10.20,7,1
"Lyles, Noah (USA) (1997)",08-Aug-24,0.173,0.4 m/s,5.73,10.18,14.78,19.70,8.73,11.24,10.87,10.16,5,3
"Mennea, Pietro (ITA) (1952)",12-Sep-79,NaN,1.8 m/s,NaN,10.29,NaN,19.72,NaN,9.72,NaN,10.60,4,1
"de Grasse, Andre (CAN) (1994)",08-Sep-21,NaN,0.5 m/s,5.8,10.3,15.0,19.72,8.62,11.11,10.64,10.59,6,2
"Knighton, Erriyon (USA) (2004)",09-Jul-23,NaN,-0.1 m/s,10.31,NaN,19.72,19.72,9.70,NaN,10.63,10.14,6,1
"Marsh, Michael (USA) (1967)",06-Aug-92,NaN,-0.2 m/s,NaN,14.81,19.73,19.73,NaN,10.13,10.16,10.14,5,1
"Hughes, Zharnel (GBR) (1995)",23-Jul-23,0.130,1.6 m/s,5.76,10.20,14.75,19.73,8.68,11.26,10.99,10.04,7,3
"Gatlin, Justin (USA) (1982)",27-Aug-15,0.161,-0.1 m/s,5.62,10.13,14.77,19.74,8.90,11.09,10.78,10.06,4,2
"Merritt, LaShawn (USA) (1986)",08-Jul-16,NaN,1.4 m/s,NaN,10.3,NaN,19.7,NaN,9.71,NaN,10.64,NaN,1
"Lyles, Noah (USA) (1997)",06-Sep-19,0.167,0.8 m/s,5.9,10.4,14.9,19.74,8.47,11.11,11.11,10.33,7,1
"Lyles, Noah (USA) (1997)",28-Aug-25,0.173,-0.6 m/s,5.81,10.27,14.88,19.74,8.61,11.21,10.85,10.29,6,1
"DeLoach, Joe (USA) (1967)",28-Sep-88,0.185,1.7 m/s,5.81,10.35,14.97,19.75,8.61,11.01,10.82,10.46,6,1
"Gatlin, Justin (USA) (1982)",09-Jul-16,0.174,1.6 m/s,NaN,10.3,NaN,19.7,NaN,9.71,NaN,10.64,8,1
"Knighton, Erriyon (USA) (2004)",25-Aug-23,0.138,-0.2 m/s,NaN,10.28,NaN,19.75,NaN,9.73,NaN,10.56,8,2
"Gay, Tyson (USA) (1982)",30-Aug-07,0.143,-0.8 m/s,5.74,10.13,14.75,19.76,8.71,11.39,10.82,9.98,4,1
"Norman, Michael (USA) (1997)",26-Aug-22,0.138,1.3 m/s,5.62,10.09,14.77,19.76,8.90,11.19,10.68,10.02,6,2
"Lyles, Noah (USA) (1997)",24-Aug-23,0.152,-0.1 m/s,NaN,10.33,NaN,19.76,NaN,9.68,NaN,10.60,8,1
"de Grasse, Andre (CAN) (1994)",17-Sep-23,0.148,0.6 m/s,5.83,10.34,14.93,19.76,8.58,11.09,10.89,10.35,6,1
"Tebogo, Letsile (BOT) (2003)",28-Aug-25,0.154,-0.6 m/s,5.74,10.19,14.81,19.76,8.71,11.24,10.82,10.10,7,2
"Kerley, Fred (USA) (1995)",26-Aug-21,0.146,3.2 m/s,5.8,10.3,15.0,19.77,8.62,11.11,10.64,10.48,5,2
"Knighton, Erriyon (USA) (2004)",19-Jul-22,0.147,0.3 m/s,NaN,10.27,NaN,19.77,NaN,9.74,NaN,10.53,4,1
"Bednarek, Kenneth (USA) (1998)",21-Jul-22,0.143,0.4 m/s,NaN,10.26,NaN,19.77,NaN,9.75,NaN,10.52,5,2
"Knighton, Erriyon (USA) (2004)",15-Jun-23,0.153,0.6 m/s,5.81,10.27,14.91,19.77,8.61,11.21,10.78,10.29,5,1
"Knighton, Erriyon (USA) (2004)",29-Jun-24,NaN,0.5 m/s,5.86,10.42,14.99,19.77,8.53,10.96,10.94,10.46,7,3
"Bolt, Usain (JAM) (1986)",17-Aug-16,0.156,-0.3 m/s,5.71,10.20,14.83,19.78,8.76,11.14,10.80,10.10,4,1
"Bolt, Usain (JAM) (1986)",18-Aug-16,0.156,-0.5 m/s,5.67,10.13,14.77,19.78,8.82,11.21,10.78,9.98,6,1
"Lyles, Noah (USA) (1997)",28-Jul-19,NaN,-0.7 m/s,NaN,10.4,NaN,19.8,NaN,9.62,NaN,10.64,NaN,1
"Knighton, Erriyon (USA) (2004)",22-Aug-24,0.130,0.9 m/s,5.77,10.21,14.82,19.78,8.67,11.26,10.85,10.08,7,2
"Hughes, Zharnel (GBR) (1995)",19-Sep-25,0.126,0.0 m/s,NaN,10.20,NaN,19.78,NaN,9.80,NaN,10.44,9,5
"Lewis, Carl (USA) (1961)",28-Sep-88,0.116,1.7 m/s,5.76,10.31,14.97,19.79,8.68,10.99,10.73,10.37,3,2
"Johnson, Michael (USA) (1967)",11-Aug-95,NaN,0.5 m/s,NaN,10.35,NaN,19.79,NaN,9.66,NaN,10.59,4,1
"Crawford, Shawn (USA) (1978)",26-Aug-04,0.226,1.2 m/s,NaN,10.2,NaN,19.8,NaN,9.80,NaN,10.42,4,1
"Weir, Warren (JAM) (1989)",17-Aug-13,0.176,0.0 m/s,NaN,10.3,NaN,19.8,NaN,9.71,NaN,10.53,8,2
"Merritt, LaShawn (USA) (1986)",09-Jul-16,0.199,1.6 m/s,NaN,10.4,NaN,19.8,NaN,9.62,NaN,10.64,5,2
"Bednarek, Kenneth (USA) (1998)",08-Sep-23,0.174,-0.1 m/s,5.73,10.16,14.80,19.79,8.73,11.29,10.78,10.02,7,1
"Knighton, Erriyon (USA) (2004)",05-Sep-24,0.152,0.4 m/s,5.80,10.26,14.85,19.79,8.62,11.21,10.89,10.12,5,3
"Lewis, Carl (USA) (1961)",08-Aug-84,0.177,-0.9 m/s,NaN,10.23,NaN,19.80,NaN,9.78,NaN,10.45,7,1
"Boldon, Ato (TTO) (1973)",01-Aug-96,0.208,0.4 m/s,NaN,10.18,14.84,19.80,NaN,9.82,10.73,10.08,6,3
"De Grasse, Andre (CAN) (1994)",17-Aug-16,0.130,-0.3 m/s,5.77,10.31,14.94,19.80,8.67,11.01,10.80,10.29,5,2
"Bednarek, Kenneth (USA) (1998)",21-Aug-21,0.166,1.5 m/s,5.9,10.4,15.0,19.80,8.47,11.11,10.87,10.42,6,2
"Knighton, Erriyon (USA) (2004)",21-Jul-22,0.153,0.4 m/s,NaN,10.31,NaN,19.80,NaN,9.70,NaN,10.54,3,3
"Richards, Jereem (TTO) (1994)",06-Aug-22,0.134,1.1 m/s,5.7,10.3,14.9,19.80,8.77,10.87,10.87,10.20,7,1
"Lyles, Noah (USA) (1997)",31-Aug-23,0.164,-0.5 m/s,5.76,10.20,14.86,19.80,8.68,11.26,10.73,10.12,6,1
"Tebogo, Letsile (BOT) (2003)",14-Sep-24,0.162,0.7 m/s,5.79,10.30,14.87,19.80,8.64,11.09,10.94,10.14,7,2
"Edward, Alonso (PAN) (1989)",20-Aug-09,0.179,-0.3 m/s,5.88,10.37,15.00,19.81,8.50,11.14,10.80,10.40,6,2
"Tebogo, Letsile (BOT) (2003)",25-Aug-23,0.141,-0.2 m/s,NaN,10.32,NaN,19.81,NaN,9.69,NaN,10.54,9,3
"Kerley, Fred (USA) (1995)",05-Sep-24,0.162,0.4 m/s,5.86,10.36,14.97,19.81,8.53,11.11,10.85,10.33,4,4
"Martina, Churandy (AHO) (1984)",20-Aug-08,0.144,-0.9 m/s,NaN,10.20,NaN,19.82,NaN,9.80,NaN,10.40,7,2
"Spearmon, Wallace (USA) (1984)",01-Jul-12,0.146,2.3 m/s,NaN,10.4,NaN,19.82,NaN,9.62,NaN,10.62,6,1
"Adams, Luxolo (RSA) (1996)",18-Jun-22,0.171,0.6 m/s,5.83,10.33,14.93,19.82,8.58,11.11,10.87,10.22,8,1
"Bednarek, Kenneth (USA) (1998)",09-Jul-23,NaN,-0.1 m/s,NaN,10.29,NaN,19.82,NaN,9.72,NaN,10.49,5,2
"Hughes, Zharnel (GBR) (1995)",08-Sep-23,0.125,-0.1 m/s,5.78,10.22,14.82,19.82,8.65,11.26,10.87,10.00,6,2
"Smith, Tommie (USA) (1944)",16-Oct-68,NaN,0.9 m/s,NaN,10.52,NaN,19.83,NaN,9.51,NaN,10.74,3,1
"Lyles, Noah (USA) (1997)",01-Oct-19,0.168,0.3 m/s,5.83,10.32,14.89,19.83,8.58,11.14,10.94,10.12,5,1
"Kerley, Fred (USA) (1995)",09-Sep-21,0.137,0.5 m/s,5.8,10.4,15.1,19.83,8.62,10.87,10.64,10.57,5,3
"Kerley, Fred (USA) (1995)",26-Jun-22,NaN,-0.3 m/s,5.93,10.52,15.10,19.83,8.43,10.89,10.92,10.57,NaN,3
"Tebogo, Letsile (BOT) (2003)",25-Aug-24,0.187,0.6 m/s,5.96,10.48,15.04,19.83,8.39,11.06,10.96,10.44,7,1
"Weir, Warren (JAM) (1989)",09-Aug-12,0.162,0.4 m/s,NaN,10.34,NaN,19.84,NaN,9.67,NaN,10.53,8,3
"Norman, Michael (USA) (1997)",19-May-19,0.156,-0.4 m/s,5.67,10.14,14.85,19.84,8.82,11.19,10.62,10.02,6,1
"Bednarek, Kenneth (USA) (1998)",19-Jul-22,0.156,1.1 m/s,NaN,10.43,NaN,19.84,NaN,9.59,NaN,10.63,4,2
"Fahnbulleh, Joseph (LBR) (2001)",21-Jul-22,0.151,0.4 m/s,NaN,10.36,NaN,19.84,NaN,9.65,NaN,10.55,7,4
"Knighton, Erriyon (USA) (2004)",10-Aug-22,0.192,0.8 m/s,5.78,10.21,14.86,19.84,8.65,11.29,10.75,10.04,6,2
"Bednarek, Kenneth (USA) (1998)",04-May-25,0.180,0.2 m/s,5.74,10.27,14.91,19.84,8.71,11.04,10.78,10.14,6,1
"Fredericks, Frank (NAM) (1967)",20-Aug-93,0.213,0.3 m/s,5.86,10.39,14.99,19.85,8.53,11.04,10.87,10.29,5,1
"Capel, John (USA) (1978)",23-Jul-00,0.151,-0.3 m/s,NaN,10.3,NaN,19.9,NaN,9.71,NaN,10.42,5,1
"Kedéris, Konstadínos (GRE) (1973)",09-Aug-02,0.132,-0.5 m/s,5.75,10.29,14.93,19.85,8.70,11.01,10.78,10.16,NaN,1
"Spearmon, Wallace (USA) (1984)",20-Aug-09,0.152,-0.3 m/s,5.89,10.42,15.06,19.85,8.49,11.04,10.78,10.44,4,3
"Lewis, Carl (USA) (1961)",21-Jun-84,NaN,-0.2 m/s,NaN,10.23,NaN,19.86,NaN,9.78,NaN,10.38,5,1
"Dix, Walter (USA) (1986)",06-Jul-08,0.174,1.7 m/s,5.77,10.30,14.94,19.86,8.67,11.04,10.78,10.16,3,1
"Crawford, Shawn (USA) (1978)",06-Jul-08,0.167,1.7 m/s,5.78,10.29,14.92,19.86,8.65,11.09,10.80,10.12,4,2
"Dukes, Dedric (USA) (1994)",12-Jun-15,NaN,2.4 m/s,NaN,10.4,NaN,19.9,NaN,9.62,NaN,10.53,NaN,2
"Bromell, Trayvon (USA) (1995)",12-Jun-15,NaN,2.4 m/s,NaN,10.4,NaN,19.9,NaN,9.62,NaN,10.53,NaN,3
"Guliyev, Ramil (TUR) (1990)",06-Sep-19,0.153,0.8 m/s,5.8,10.3,14.9,19.86,8.62,11.11,10.87,10.08,5,2
"Richards, Jereem (TTO) (1994)",19-Jul-22,0.122,1.1 m/s,NaN,10.51,NaN,19.86,NaN,9.51,NaN,10.70,3,3
"Kerley, Fred (USA) (1995)",09-Jul-23,NaN,-0.1 m/s,NaN,10.20,NaN,19.86,NaN,9.80,NaN,10.35,9,4
"Kerley, Fred (USA) (1995)",22-Aug-24,0.157,0.9 m/s,5.82,10.42,15.01,19.86,8.59,10.87,10.89,10.31,8,3
"Richards, Jereem (TTO) (1994)",02-May-25,0.160,2.4 m/s,5.95,10.50,15.07,19.86,8.40,10.99,10.94,10.44,6,1
"Ogando, Alexander (DOM) (2000)",02-May-25,0.170,2.4 m/s,5.91,10.48,15.03,19.86,8.46,10.94,10.99,10.35,3,2
"Gatlin, Justin (USA) (1982)",26-Aug-15,0.147,-0.2 m/s,5.63,10.15,14.83,19.87,8.88,11.06,10.68,9.92,7,1
"Jobodwana, Anaso (RSA) (1992)",27-Aug-15,0.154,-0.1 m/s,5.82,10.31,14.92,19.87,8.59,11.14,10.85,10.10,7,3
"Edward, Alonso (PAN) (1989)",27-Aug-15,0.170,-0.1 m/s,NaN,10.3,NaN,19.9,NaN,9.71,NaN,10.42,9,7
"Quiñónez, Alex (ECU) (1989)",05-Jul-19,0.170,-0.1 m/s,6.0,10.4,15.0,19.87,8.33,11.36,10.87,10.27,8,2
"Bednarek, Kenneth (USA) (1998)",26-Jun-22,NaN,-0.3 m/s,5.91,10.39,14.98,19.87,8.46,11.16,10.89,10.22,NaN,4
"De Grasse, Andre (CAN) (1994)",06-Sep-19,0.105,0.8 m/s,5.8,10.4,15.0,19.87,8.62,10.87,10.87,10.27,6,3
"Knighton, Erriyon (USA) (2004)",31-Aug-23,0.147,-0.5 m/s,5.76,10.22,14.88,19.87,8.68,11.21,10.73,10.02,7,2
"Tebogo, Letsile (BOT) (2003)",12-Jul-24,0.178,0.6 m/s,5.90,10.37,14.96,19.87,8.47,11.19,10.89,10.18,6,1
"Heard, Floyd (USA) (1966)",23-Jul-00,0.159,-0.3 m/s,NaN,10.3,NaN,19.9,NaN,9.71,NaN,10.42,7,2
"Johnson, Michael (USA) (1967)",24-Aug-01,NaN,0.1 m/s,NaN,10.4,NaN,19.9,NaN,9.62,NaN,10.53,NaN,1
"Spearmon, Wallace (USA) (1984)",10-Sep-06,0.133,-0.1 m/s,5.83,10.33,14.94,19.88,8.58,11.11,10.85,10.12,5,2
"Bednarek, Kenneth (USA) (1998)",28-May-21,0.171,0.4 m/s,6.0,10.2,14.9,19.88,8.33,11.90,10.64,10.04,6,1
"Lyles, Noah (USA) (1997)",11-Jul-25,0.208,-0.8 m/s,5.74,10.21,14.85,19.88,8.71,11.19,10.78,9.94,7,1
"Bednarek, Kenneth (USA) (1998)",18-Sep-25,0.168,-0.1 m/s,NaN,10.28,NaN,19.88,NaN,9.73,NaN,10.42,7,1
"Spearmon, Wallace (USA) (1984)",24-Jun-07,NaN,-0.3 m/s,NaN,10.4,NaN,19.9,NaN,9.62,NaN,10.53,5,2
"Saidy Ndure, Jaysuma (NOR) (1984)",23-Sep-07,0.148,1.3 m/s,5.81,10.34,14.99,19.89,8.61,11.04,10.75,10.20,4,1
"Crawford, Shawn (USA) (1978)",20-Aug-09,0.148,-0.3 m/s,5.73,10.15,14.80,19.89,8.73,11.31,10.75,9.82,8,4
"Bolt, Usain (JAM) (1986)",22-Jul-16,0.157,-0.3 m/s,NaN,10.17,NaN,19.89,NaN,9.83,NaN,10.29,6,1
"Knighton, Erriyon (USA) (2004)",02-Jun-23,0.158,0.0 m/s,5.80,10.28,14.97,19.89,8.62,11.16,10.66,10.16,5,1
"de Grasse, Andre (CAN) (1994)",08-Sep-23,0.171,-0.1 m/s,5.84,10.34,14.97,19.89,8.56,11.11,10.80,10.16,5,3
"Bednarek, Kenneth (USA) (1998)",25-May-24,0.180,1.8 m/s,5.82,10.33,14.98,19.89,8.59,11.09,10.75,10.18,7,1
"Coleman, Christian (USA) (1996)",28-Jun-24,NaN,2.5 m/s,5.65,10.27,14.90,19.89,8.85,10.82,10.80,10.02,6,2
"Coleman, Christian (USA) (1996)",29-Jun-24,NaN,0.5 m/s,5.68,10.27,15.03,19.89,8.80,10.89,10.50,10.29,5,4
"Greene, Maurice (USA) (1974)",27-Aug-99,0.144,1.2 m/s,5.74,10.25,14.94,19.90,8.71,11.09,10.66,10.08,3,1
"King, Kyree (USA) (1994)",29-Jun-24,NaN,0.5 m/s,5.76,10.39,15.12,19.90,8.68,10.80,10.57,10.46,9,5
"Spearmon, Wallace (USA) (1984)",25-Jun-06,NaN,0.3 m/s,5.97,10.54,15.18,19.90,8.38,10.94,10.78,10.59,7,1
"Spearmon, Wallace (USA) (1984)",06-Jul-08,0.147,1.7 m/s,5.97,10.54,15.18,19.90,8.38,10.94,10.78,10.59,6,3
"Spearmon, Wallace (USA) (1984)",09-Aug-12,0.165,0.4 m/s,NaN,10.48,NaN,19.90,NaN,9.54,NaN,10.62,6,4
"Bolt, Usain (JAM) (1986)",30-Aug-07,0.159,-0.8 m/s,5.69,10.15,14.85,19.91,8.79,11.21,10.64,9.88,5,2
"Dukes, Dedric (USA) (1994)",14-Jun-14,NaN,2.1 m/s,NaN,10.5,NaN,19.9,NaN,9.52,NaN,10.64,NaN,1
"Ogando, Alexander (DOM) (2000)",19-Jul-22,0.128,-0.1 m/s,NaN,10.46,NaN,19.91,NaN,9.56,NaN,10.58,3,1
"Makarawu, Tapiwanashe (ZIM) (2000)",17-Sep-25,0.154,-0.5 m/s,NaN,10.29,NaN,19.91,NaN,9.72,NaN,10.40,6,1
"Carlos, John (USA) (1945)",12-Sep-68,NaN,1.9 m/s,NaN,10.22,14.97,19.92,NaN,9.78,10.53,10.10,NaN,1
"De Grasse, Andre (CAN) (1994)",05-Jul-19,0.119,-0.1 m/s,5.8,10.3,15.0,19.92,8.62,11.11,10.64,10.16,5,3
"Knighton, Erriyon (USA) (2004)",28-Jun-24,NaN,0.3 m/s,5.90,10.48,15.11,19.93,8.47,10.92,10.80,10.37,8,1
"Regis, John (GBR) (1966)",20-Aug-93,0.155,0.3 m/s,5.84,10.28,14.93,19.94,8.56,11.26,10.75,9.98,6,2
"Hughes, Zharnel (GBR) (1995)",31-Aug-23,0.151,-0.5 m/s,5.81,10.26,14.91,19.94,8.61,11.24,10.75,9.94,5,3
"Ogando, Alexander (DOM) (2000)",22-Aug-24,0.147,0.9 m/s,5.93,10.43,15.00,19.94,8.43,11.11,10.94,10.12,5,4
"Spearmon, Wallace (USA) (1984)",20-Aug-08,0.167,-0.9 m/s,NaN,10.50,NaN,19.95,NaN,9.52,NaN,10.58,9,3
"Dix, Walter (USA) (1986)",26-Jun-11,NaN,2.4 m/s,NaN,10.4,NaN,20.0,NaN,9.62,NaN,10.42,NaN,1
"Saidy Ndure, Jaysuma (NOR) (1984)",03-Sep-11,0.164,0.8 m/s,NaN,10.2,NaN,19.95,NaN,9.80,NaN,10.26,8,4
"Bolt, Usain (JAM) (1986)",26-Aug-15,0.171,0.8 m/s,5.75,10.28,14.89,19.95,8.70,11.04,10.85,9.88,7,1
"Brown, Aaron (CAN) (1992)",05-Jul-19,0.137,-0.1 m/s,5.9,10.5,15.1,19.95,8.47,10.87,10.87,10.31,3,4
"De Grasse, Andre (CAN) (1994)",01-Oct-19,0.168,0.3 m/s,5.79,10.29,14.96,19.95,8.64,11.11,10.71,10.02,7,2
"Richards, Jereem (TTO) (1994)",26-Aug-22,0.139,1.3 m/s,5.78,10.29,14.96,19.95,8.65,11.09,10.71,10.02,5,3
"Bednarek, Kenneth (USA) (1998)",17-Sep-23,0.165,0.6 m/s,5.78,10.26,14.90,19.95,8.65,11.16,10.78,9.90,8,2
"Bednarek, Kenneth (USA) (1998)",31-May-25,0.170,0.0 m/s,5.76,10.33,15.08,19.95,8.68,10.94,10.53,10.27,7,1
"Lindsey, Courtney (USA) (1998)",17-Sep-25,0.162,-0.5 m/s,NaN,10.26,NaN,19.95,NaN,9.75,NaN,10.32,9,2
"Tebogo, Letsile (BOT) (2003)",18-Sep-25,0.181,0.0 m/s,NaN,10.35,NaN,19.95,NaN,9.66,NaN,10.42,6,2
"Hughes, Zharnel (GBR) (1995)",18-Sep-25,0.133,1.0 m/s,NaN,10.31,NaN,19.95,NaN,9.70,NaN,10.37,6,2
"Baptiste, Kirk (USA) (1963)",08-Aug-84,0.153,-0.9 m/s,NaN,10.41,NaN,19.96,NaN,9.61,NaN,10.47,3,2
"DeLoach, Joe (USA) (1967)",20-Jul-88,NaN,1.0 m/s,NaN,10.3,NaN,19.96,NaN,9.71,NaN,10.35,5,1
"Fredericks, Frank (NAM) (1967)",12-Jun-96,NaN,2.0 m/s,5.85,10.37,15.06,19.96,8.55,11.06,10.66,10.20,NaN,1
"Makwala, Isaac (BOT) (1986)",20-May-18,0.198,0.9 m/s,5.86,10.37,15.07,19.96,8.53,11.09,10.64,10.22,7,1
"Bednarek, Kenneth (USA) (1998)",24-Aug-23,0.174,0.0 m/s,NaN,10.34,NaN,19.96,NaN,9.67,NaN,10.40,7,1
"Bednarek, Kenneth (USA) (1998)",28-Jun-24,NaN,0.7 m/s,5.82,10.40,15.05,19.96,8.59,10.92,10.75,10.18,6,1
"Bednarek, Kenneth (USA) (1998)",05-Aug-24,0.182,0.2 m/s,5.80,10.34,15.00,19.96,8.62,11.01,10.73,10.08,3,1
"Tebogo, Letsile (BOT) (2003)",07-Aug-24,0.160,-0.2 m/s,5.84,10.38,15.03,19.96,8.56,11.01,10.75,10.14,8,1
"Tebogo, Letsile (BOT) (2003)",24-Aug-23,0.174,0.0 m/s,NaN,10.43,NaN,19.97,NaN,9.59,NaN,10.48,6,2
"Knighton, Erriyon (USA) (2004)",17-Sep-23,0.155,0.6 m/s,5.82,10.30,14.92,19.97,8.59,11.16,10.82,9.90,7,3
"Ogando, Alexander (DOM) (2000)",14-Sep-24,0.156,0.7 m/s,5.94,10.47,15.07,19.97,8.42,11.04,10.87,10.20,8,3
"Tebogo, Letsile (BOT) (2003)",11-Jul-25,0.172,-0.8 m/s,5.73,10.20,14.85,19.97,8.73,11.19,10.75,9.77,6,2
"Lyles, Noah (USA) (1997)",03-Aug-25,NaN,1.7 m/s,5.85,10.46,15.08,19.97,8.55,10.85,10.82,10.22,6,1
"Dambile, Sinesipho (RSA) (2002)",18-Sep-25,0.147,1.0 m/s,NaN,10.38,NaN,19.97,NaN,9.63,NaN,10.43,9,3
"Vaden, Jordan (USA) (1978)",25-Jun-06,NaN,0.3 m/s,5.82,10.39,15.09,19.98,8.59,10.94,10.64,10.22,6,2
"Dix, Walter (USA) (1986)",20-Aug-08,0.151,-0.9 m/s,NaN,10.26,NaN,19.98,NaN,9.75,NaN,10.29,8,5-3
"Mullings, Steve (JAM) (1982)",20-Aug-09,0.146,-0.3 m/s,5.70,10.20,14.93,19.98,8.77,11.11,10.57,9.90,3,5
"Patton, Darvis (USA) (1977)",26-Jun-11,NaN,2.4 m/s,NaN,10.6,NaN,20.0,NaN,9.43,NaN,10.64,NaN,2
"Quiñónez, Alex (ECU) (1989)",01-Oct-19,0.189,0.3 m/s,5.91,10.45,15.07,19.98,8.46,11.01,10.82,10.18,4,3
"Lyles, Noah (USA) (1997)",18-Jul-22,0.189,-0.3 m/s,NaN,10.50,NaN,19.98,NaN,9.52,NaN,10.55,3,1
"Knighton, Erriyon (USA) (2004)",24-Aug-23,0.151,-0.4 m/s,NaN,10.35,NaN,19.98,NaN,9.66,NaN,10.38,6,1
"Bednarek, Kenneth (USA) (1998)",31-Aug-23,0.199,-0.5 m/s,5.78,10.24,14.92,19.98,8.65,11.21,10.68,9.88,8,4
"Brown, Aaron (CAN) (1992)",08-Sep-23,0.148,-0.1 m/s,5.82,10.35,15.01,19.98,8.59,11.04,10.73,10.06,4,4
"Gregory, Robert (USA) (2001)",28-Jun-24,NaN,2.5 m/s,5.83,10.55,15.18,19.98,8.58,10.59,10.80,10.42,8,3
"Gout, Gout (AUS) (2007)",16-Mar-25,NaN,3.6 m/s,NaN,10.67,15.37,19.98,NaN,9.37,10.64,10.85,4,1
"Bednarek, Kenneth (USA) (1998)",17-Sep-25,0.173,-0.3 m/s,NaN,10.34,NaN,19.98,NaN,9.67,NaN,10.37,3,1
"Ogando, Alexander (DOM) (2000)",18-Sep-25,0.130,-0.1 m/s,NaN,10.38,NaN,19.98,NaN,9.63,NaN,10.42,8,2
"Makarawu, Tapiwanashe (ZIM) (2000)",18-Sep-25,0.177,1.0 m/s,NaN,10.30,NaN,19.98,NaN,9.71,NaN,10.33,8,4
"Lewis, Carl (USA) (1961)",20-Aug-93,NaN,0.3 m/s,NaN,10.31,NaN,19.99,NaN,9.70,NaN,10.33,7,3
"Clay, Ramon (USA) (1975)",23-Jun-96,NaN,2.7 m/s,NaN,10.35,14.94,19.99,NaN,9.66,10.89,9.90,6,2
"Crawford, Shawn (USA) (1978)",18-Jul-04,NaN,-0.7 m/s,5.72,10.25,14.87,19.99,8.74,11.04,10.82,9.77,5,1
"Martin, Rodney (USA) (1982)",06-Jul-08,0.171,1.7 m/s,5.82,10.39,15.10,19.99,8.59,10.94,10.62,10.22,5,4
"Hughes, Zharnel (GBR) (1995)",23-Aug-23,0.138,0.0 m/s,NaN,10.46,NaN,19.99,NaN,9.56,NaN,10.49,4,1
"Knighton, Erriyon (USA) (2004)",05-Aug-24,0.157,0.2 m/s,5.85,10.38,15.05,19.99,8.55,11.04,10.71,10.12,4,1
"Knighton, Erriyon (USA) (2004)",08-Aug-24,0.157,0.4 m/s,5.82,10.31,14.98,19.99,8.59,11.14,10.71,9.98,6,4
"Charamba, Makanakaishe (ZIM) (2001)",11-Jul-25,0.155,-0.8 m/s,5.87,10.37,15.04,19.99,8.52,11.11,10.71,10.10,4,3
"Bednarek, Kenneth (USA) (1998)",03-Aug-25,NaN,-0.1 m/s,5.80,10.35,15.02,19.99,8.62,10.99,10.71,10.06,6,1
"Lyles, Noah (USA) (1997)",17-Sep-25,0.182,0.1 m/s,NaN,10.44,NaN,19.99,NaN,9.58,NaN,10.47,5,1
"Borzov, Valeriy (URS) (1949)",04-Sep-72,NaN,0.0 m/s,NaN,10.40,15.05,20.00,NaN,9.62,10.75,10.10,5,1
"da Silva, Robson Caetano (BRA) (19€)",10-Sep-89,0.235,1.9 m/s,NaN,10.41,15.07,20.00,NaN,9.61,10.73,10.14,2,1
"da Silva, Claudinei Quirino (BRA) (19)",27-Aug-99,0.138,1.2 m/s,5.88,10.32,14.99,20.00,8.50,11.26,10.71,9.98,6,2
"Crawford, Shawn (USA) (1978)",17-Jul-04,NaN,0.1 m/s,5.87,10.41,15.03,20.00,8.52,11.01,10.82,10.06,3,1
"Gay, Tyson (USA) (1982)",29-Aug-07,0.157,-0.4 m/s,5.76,10.25,14.92,20.00,8.68,11.14,10.71,9.84,5,1
"Martina, Churandy (NED) (1984)",09-Aug-12,0.157,0.4 m/s,NaN,10.42,NaN,20.00,NaN,9.60,NaN,10.44,5,5
"Webb, Ameer (USA) (1991)",09-Jul-16,0.185,1.6 m/s,NaN,10.5,NaN,20.0,NaN,9.52,NaN,10.53,7,3
"Brown, Aaron (CAN) (1992)",06-Sep-19,0.144,0.8 m/s,5.8,10.4,15.0,20.00,8.62,10.87,10.87,10.00,4,4
"Lindsey, Courtney (USA) (1998)",29-Jun-24,NaN,0.5 m/s,5.83,10.37,15.14,20.00,8.58,11.01,10.48,10.29,4,6
"Bednarek, Kenneth (USA) (1998)",07-Aug-24,0.188,-0.1 m/s,5.82,10.34,15.02,20.00,8.59,11.06,10.68,10.04,7,1
"Bednarek, Kenneth (USA) (1998)",25-Aug-24,0.189,0.6 m/s,5.86,10.36,14.98,20.00,8.53,11.11,10.82,9.96,6,3
"Lewis, Carl (USA) (1961)",20-Jul-88,NaN,1.0 m/s,NaN,10.3,NaN,20.01,NaN,9.71,NaN,10.30,6,2
"Johnson, Michael (USA) (1967)",27-Aug-91,NaN,-3.4 m/s,NaN,10.21,NaN,20.01,NaN,9.79,NaN,10.20,3,1
"Williams, Bernard (USA) (1978)",24-Aug-01,NaN,0.1 m/s,NaN,10.3,NaN,20.0,NaN,9.71,NaN,10.31,NaN,2
"Gatlin, Justin (USA) (1982)",18-Jul-04,NaN,-0.7 m/s,5.79,10.32,14.96,20.01,8.64,11.04,10.78,9.90,7,2
"Williams, Bernard (USA) (1978)",26-Aug-04,0.173,1.2 m/s,NaN,10.3,NaN,20.0,NaN,9.71,NaN,10.31,3,2
"Jobodwana, Anaso (RSA) (1992)",26-Aug-15,0.165,0.8 m/s,5.85,10.41,15.04,20.01,8.55,10.96,10.80,10.06,6,2
"Guliyev, Ramil (TUR) (1990)",05-Jul-19,0.130,-0.1 m/s,5.9,10.4,15.1,20.01,8.47,11.11,10.64,10.18,4,5
"Guliyev, Ramil (TUR) (1990)",24-Aug-19,0.148,0.2 m/s,5.9,10.5,15.1,20.01,8.47,10.87,10.87,10.18,4,2
"Bednarek, Kenneth (USA) (1998)",09-Jun-22,0.181,-0.1 m/s,5.79,10.29,14.97,20.01,8.64,11.11,10.68,9.92,7,1
"Knighton, Erriyon (USA) (2004)",18-Jul-22,0.174,2.1 m/s,NaN,10.36,NaN,20.01,NaN,9.65,NaN,10.36,3,1
"Ogando, Alexander (DOM) (2000)",18-Jul-22,0.141,0.5 m/s,NaN,10.59,NaN,20.01,NaN,9.44,NaN,10.62,6,1
"Tebogo, Letsile (BOT) (2003)",30-Jun-23,0.172,-1.4 m/s,5.75,10.36,15.03,20.01,8.70,10.85,10.71,10.04,7,1
"King, Kyree (USA) (1994)",23-Jul-23,0.154,1.6 m/s,5.75,10.30,14.98,20.01,8.70,10.99,10.68,9.94,4,4
"Bednarek, Kenneth (USA) (1998)",23-Aug-23,0.159,-0.1 m/s,NaN,10.43,NaN,20.01,NaN,9.59,NaN,10.44,5,1
"Lindsey, Courtney (USA) (1998)",10-May-24,0.154,1.7 m/s,5.75,10.31,15.00,20.01,8.70,10.96,10.66,9.98,6,2
"Mo-Ajok, Xavi (NED) (2002)",29-Jun-25,0.164,1.8 m/s,5.75,10.25,14.94,20.01,8.70,11.11,10.66,9.86,6,1
"Ogando, Alexander (DOM) (2000)",11-Jul-25,0.162,-0.8 m/s,5.84,10.36,14.99,20.01,8.56,11.06,10.80,9.96,5,4
"Ogando, Alexander (DOM) (2000)",19-Sep-25,0.149,0.0 m/s,NaN,10.37,NaN,20.01,NaN,9.64,NaN,10.37,4,6
"Williams, Jeff (USA) (1965)",23-Jun-96 time,NaN,-0.3 m/s velocity,10.48,15.09,20.02,20.02,9.54,10.85,10.14,9.99,4,1
"Brown, Aaron (CAN) (1992)",14-Jun-14 time,NaN,2.1 m/s velocity,10.4,NaN,20.0,20.02,9.62,NaN,10.42,9.99,NaN,2
"Hughes, Zharnel (GBR) (1995)",27-Aug-15 time,0.119 interval,-0.1 m/s velocity,10.4,NaN,20.0,20.02,9.62,NaN,10.42,9.99,5,5
"De Grasse, Andre (CAN) (1994)",18-Aug-16 time,0.141 interval,-0.5 m/s velocity,10.36,15.06,20.02,20.02,10.89,10.64,10.08,9.99,4,2
"Coleman, Christian (USA) (1996)",28-Jul-19 time,NaN,-0.7 m/s velocity,10.4,NaN,20.0,20.02,9.62,NaN,10.42,9.99,NaN,2
"Ogando, Alexander (DOM) (2000)",10-Aug-22 time,0.155 interval,0.8 m/s velocity,10.40,15.04,20.02,20.02,11.16,10.78,10.04,9.99,3,4
"Brown, Aaron (CAN) (1992)",08-Sep-22 time,0.148 interval,-0.6 m/s velocity,10.35,15.04,20.02,20.02,11.04,10.66,10.04,9.99,2,2
"Ogando, Alexander (DOM) (2000)",08-Sep–22 time,0.157 interval,-0.6 m/s velocity,10.42,15.07,20.02,20.02,11.11,10.75,10.10,9.99,4,3
"Ogando, Alexander (DOM) (2000)",24-Aug-23 time,0.142 interval,-0.1 m/s velocity,10.49,NaN,20.02,20.02,9.53,NaN,10.49,9.99,6,2
"Hughes, Zharnel (GBR) (1995)",24-Aug-23 time,0.151 interval,-0.4 m/s velocity,10.48,NaN,20.02,20.02,9.54,NaN,10.48,9.99,7,2
"Hughes, Zharnel (GBR) (1995)",25-Aug-23 time,0.142 interval,-0.2 m/s velocity,10.39,NaN,20.02,20.02,9.62,NaN,10.38,9.99,4,4
"Ogando, Alexander (DOM) (2000)",08-Aug-24,0.142,0.4 m/s,5.88,10.36,15.01,20.02,8.50,11.16,10.75,9.98,4,5
"Williams, Jeff (USA) (1965)",23-Jun-96,NaN,1.7 m/s,NaN,10.65,15.26,20.03,NaN,9.39,10.85,10.48,6,2
"Capel, John (USA) (1978)",23-Jul-00,NaN,-.07 m/s,NaN,10.4,NaN,20.0,NaN,9.62,NaN,10.42,NaN,1
"Williams, Bernard (USA) (1978)",23-Jul-00,0.174,-0.3 m/s,NaN,10.4,NaN,20.0,NaN,9.62,NaN,10.42,6,4
"Gatlin, Justin (USA) (1982)",26-Aug-04,0.195,1.2 m/s,NaN,10.3,NaN,20.0,NaN,9.71,NaN,10.31,5,3
"Bolt, Usain (JAM) (1986)",29-Aug-07,0.169,-0.4 m/s,5.78,10.27,14.99,20.03,8.65,11.14,10.59,9.92,6,1
"Lyles, Josephus (USA) (1998)",21-Aug-21,0.155,1.5 m/s,5.9,10.5,15.1,20.03,8.47,10.87,10.87,10.14,8,3
"Ogando, Alexander (DOM) (2000)",18-Jun-22,0.154,0.6 m/s,5.88,10.42,15.09,20.03,8.50,11.01,10.71,10.12,4,2
"Gregory, Robert (USA) (2001)",03-Aug-25,NaN,-0.1 m/s,5.83,10.44,15.09,20.03,8.58,10.85,10.75,10.12,8,2
"Charamba, Makanakaishe (ZIM) (2001)",18-Sep-25,0.149,-0.1 m/s,NaN,10.53,NaN,20.03,NaN,9.50,NaN,10.53,6,3
"Marsh, Michael (USA) (1967)",23-Jun-96,NaN,1.7 m/s,NaN,10.65,15.29,20.04,NaN,9.39,10.78,10.53,4,3
"Boldon, Ato (TTO) (1973)",08-Aug-97,0.132,2.3 m/s,5.69,10.23,15.01,19.91,8.79,11.01,10.46,10.20,3,1
"Williams, Bernard (USA) (1978)",23-Jul-00,NaN,1.1 m/s,NaN,10.2,NaN,20.0,NaN,9.80,NaN,10.20,NaN,1
"Kedéris, Konstadínos (GRE) (1973)",09-Aug-01,0.163,0.2 m/s,NaN,10.3,NaN,20.0,NaN,9.71,NaN,10.27,4,1
"Gatlin, Justin (USA) (1982)",26-Jun-05,NaN,-0.9 m/s,5.84,10.34,15.08,20.04,8.56,11.11,10.55,10.08,6,1
"Martin, Rodney (USA) (1982)",05-Jul-08,NaN,2.2 m/s,5.96,10.57,15.18,20.04,8.39,10.85,10.85,10.29,5,1
"Mitchell, Curtis (USA) (1989)",17-Aug-13,0.147,0.0 m/s,NaN,10.5,NaN,20.0,NaN,9.52,NaN,10.53,3,3
"Friday, Trentavis (USA) (1995)",25-Jul-14,NaN,2.3 m/s,NaN,10.4,NaN,20.0,NaN,9.62,NaN,10.42,NaN,1
"Edward, Alonso (PAN) (1989)",22-Jul-16,0.129,-0.3 m/s,NaN,10.29,NaN,20.04,NaN,9.72,NaN,10.26,7,2
"Ogando, Alexander (DOM) (2000)",05-Aug-24,0.159,0.2 m/s,5.86,10.37,15.02,20.04,8.53,11.09,10.75,9.96,5,2
"Martin, Roy (USA) (1966)",20-Jul-88,NaN,1.0 m/s,10.4,NaN,20.05,20.05,9.62,NaN,10.36,9.98,4,3
"Spearmon, Wallace (USA) (1984)",29-Aug-07,0.133,-0.4 m/s,5.90,10.42,15.10,20.05,8.47,11.06,10.68,10.10,7,2
"Spearmon, Wallace (USA) (1984)",05-Jul-08,NaN,2.2 m/s,6.02,10.62,15.18,20.05,8.31,10.87,10.96,10.27,7,2
"Norman, Peter (AUS) (1942)",16-Oct-68,NaN,0.9 m/s,NaN,10.7,NaN,20.1,NaN,9.35,NaN,10.64,6,2
"DeLoach, Joe (USA) (1967)",28-Sep-88,0.213,1.6 m/s,5.93,10.49,15.15,20.06,8.43,10.96,10.73,10.18,6,1
"Gay, Tyson (USA) (1982)",26-Jun-05,NaN,-0.9 m/s,5.81,10.27,15.11,20.06,8.61,11.21,10.33,10.10,4,2
"Anderson, Marvin (JAM) (1982)",29-Aug-07,0.163,-0.4 m/s,5.86,10.33,14.99,20.06,8.53,11.19,10.73,9.86,6,2
"Martin, Rodney (USA) (1982)",30-Aug-07,0.186,-0.8 m/s,5.83,10.32,15.02,20.06,8.58,11.14,10.64,9.92,8,4
,17-Sep-25,0.157,-0.1 m/s,10.61,20.06,20.06,5/2,9.43,10.58,9.97,82.7,NaN,NaN
"Williams, Jeff (USA) (1965)",22-Jun-96,NaN,2.4 m/s,NaN,10.36,NaN,20.07,NaN,9.65,NaN,10.30,NaN,1
"Dodson, Jeremy (USA) (1987)",26-Jun-11,NaN,2.4 m/s,NaN,10.6,NaN,20.1,NaN,9.43,NaN,10.53,NaN,3
"Gemili, Adam (GBR) (1993)",22-Jul-16,0.144,-0.3 m/s,NaN,10.30,NaN,20.07,NaN,9.71,NaN,10.24,8,3
"Knighton, Erriyon (USA) (2004)",02-Sep-22,0.152,-2.9 m/s,5.76,10.26,15.00,20.07,8.68,11.11,10.55,9.86,7,1
"Makarawu, Tapiwanashe (ZIM) (2000)",05-Aug-24,0.157,0.2 m/s,5.81,10.36,15.07,20.07,8.61,10.99,10.62,10.00,3,2
"Knighton, Erriyon (USA) (2004)",25-Aug-24,0.200,0.6 m/s,5.98,10.49,15.13,20.07,8.36,11.09,10.78,10.12,5,4
"Bednarek, Kenneth (USA) (1998)",05-Apr-25,0.180,0.2 m/s,5.87,10.36,15.10,20.07,8.52,11.14,10.55,10.06,4,1
"Hughes, Zharnel (GBR) (1995)",17-Sep-25,0.130,0.1 m/s,NaN,10.44,NaN,20.07,NaN,9.58,NaN,10.38,7,2
"Johnson, Michael (USA) (1967)",12-Jun-94,NaN,2.8 m/s,5.97,10.54,15.20,20.08,8.38,10.94,10.73,10.25,NaN,1
"Clay, Ramon (USA) (1975)",23-Jun-96,NaN,1.7 m/s,NaN,10.70,15.38,20.08,NaN,9.35,10.68,10.64,3,4
"Carter, Xavier (USA) (1985)",11-Jun-05,NaN,-0.7 m/s,NaN,10.5,NaN,20.1,NaN,9.52,NaN,10.42,5,2
"Gay, Tyson (USA) (1982)",28-Aug-07,0.154,0.9 m/s,5.77,10.23,14.91,20.08,8.67,11.21,10.68,9.67,7,1
"Merritt, LaShawn (USA) (1986)",09-May-08,0.190,0.8 m/s,NaN,10.56,NaN,20.08,NaN,9.47,NaN,10.50,4,1
"Bolt, Usain (JAM) (1986)",19-Aug-09,0.177,0.0 m/s,5.74,10.14,14.86,20.08,8.71,11.36,10.59,9.58,3,1
"Sani Brown, Abdul Hakim (JPN) (1995)",07-Jun-19,NaN,0.8 m/s,NaN,10.3,NaN,20.1,NaN,9.71,NaN,10.20,NaN,3
"Richards, Jereem (TTO) (1994)",21-Jul-22,0.124,0.4 m/s,NaN,10.41,NaN,20.08,NaN,9.61,NaN,10.34,2,6
"Brown, Aaron (CAN) (1992)",23-Aug-23,0.154,0.0 m/s,NaN,10.78,NaN,20.08,NaN,9.28,NaN,10.75,2,2
"Ogando, Alexander (DOM) (2000)",17-Sep-23,0.134,0.6 m/s,5.87,10.42,15.10,20.08,8.52,10.99,10.68,10.04,3,4
"Lyles, Noah (USA) (1997)",07-Aug-24,0.191,-0.2 m/s,5.87,10.41,15.14,20.08,8.52,11.01,10.57,10.12,6,2
"Lindsey, Courtney (USA) (1998)",03-Aug-25,NaN,0.0 m/s,5.64,10.22,14.98,20.08,8.87,10.92,10.50,9.80,7,1
"Kerr, Adrian (JAM) (2003)",18-Sep-25,0.153,1.0 m/s,NaN,10.35,NaN,20.08,NaN,9.66,NaN,10.28,4,5
"Lewis, Carl (USA) (1961)",21-Jun-84,NaN,-1.3 m/s,NaN,10.25,NaN,20.09,NaN,9.76,NaN,10.16,NaN,1
"Christie, Linford (GBR) (1960)",28-Sep-88,0.160,1.7 m/s,5.81,10.41,15.09,20.09,8.61,10.87,10.68,10.00,5,4
"Little, Kevin (USA) (1968)",23-Jun-96,NaN,2.7 m/s,NaN,10.28,14.94,20.09,NaN,9.73,10.73,9.71,5,3
"De Grasse, Andre (CAN) (1994)",16-Aug-16,NaN,1.0 m/s,5.78,10.33,15.00,20.09,8.65,10.99,10.71,9.82,NaN,1
"Webb, Ameer (USA) (1991)",25-Jun-17,NaN,-2.3 m/s,NaN,10.34,NaN,20.09,NaN,9.67,NaN,10.26,7,1
"Guliyev, Ramil (TUR) (1990)",10-Aug-17,0.165,-0.1 m/s,5.79,10.32,15.08,20.09,8.64,11.04,10.50,9.98,5,1
"de Grasse, Andre (CAN) (1994)",01-Jul-21,0.159,-1.0 m/s,5.8,10.4,15.1,20.09,8.62,10.87,10.64,10.02,7,1
"Adams, Luxolo (RSA) (1996)",19-Jul-22,0.124,1.1 m/s,NaN,10.53,NaN,20.09,NaN,9.50,NaN,10.46,6,4
"Ogando, Alexander (DOM) (2000)",26-Aug-22,0.125,1.3 m/s,5.84,10.39,15.06,20.09,8.56,10.99,10.71,9.94,3,4
"Hudson, Andrew (JAM) (1996)",36-Aug-22,0.135,1.3 m/s,5.78,10.31,15.04,20.09,8.65,11.04,10.57,9.90,2,5
"Mena, Reynier (CUB) (1996)",15-Jun-23,0.136,0.6 m/s,5.80,10.42,15.11,20.09,8.62,10.82,10.66,10.04,6,2
"Lindsey, Courtney (USA) (1998)",25-May-24,0.155,1.8 m/s,5.84,10.36,15.06,20.09,8.56,11.06,10.64,9.94,6,2
"Knighton, Erriyon (USA) (2004)",07-Aug-24,0.158,-0.6 m/s,5.86,10.39,15.09,20.09,8.53,11.04,10.64,10.00,8,1
"Carlos, John (USA) (1945)",16-Oct-68,NaN,0.9 m/s,NaN,10.4,NaN,20.1,NaN,9.62,NaN,10.31,4,3
"Hampton, Millard (USA) (1956)",21-Jun-76,NaN,1.7 m/s,NaN,10.17,15.03,20.10,NaN,9.83,10.29,9.86,8,1
"Williams, Jeff (USA) (1965)",21-Jun-96,NaN,0.9 m/s,NaN,10.38,NaN,20.10,NaN,9.63,NaN,10.29,6,1
"Spearmon, Wallace (USA) (1984)",28-Jun-15,NaN,1.3 m/s,NaN,10.7,NaN,20.1,NaN,9.35,NaN,10.64,NaN,3
"Coleman, Christian (USA) (1996)",25-Jun-17,NaN,-2.3 m/s,NaN,10.21,NaN,20.10,NaN,9.79,NaN,10.11,5,2
"Adams, Luxolo (RSA) (1996)",18-Jul-22,0.127,2.1 m/s,NaN,10.43,NaN,20.10,NaN,9.59,NaN,10.34,6,2
"Brown, Aaron (CAN) (1992)",19-Jul-22,0.152,0.3 m/s,NaN,10.46,NaN,20.10,NaN,9.56,NaN,10.37,8,2
"Tortu, Filippo (ITA) (1998)",19-Jul-22,0.146,0.3 m/s,NaN,10.45,NaN,20.10,NaN,9.57,NaN,10.36,5,3
"de Grasse, Andre (CAN) (1994)",24-Aug-23,0.152,-0.4 m/s,NaN,10.55,NaN,20.10,NaN,9.48,NaN,10.47,5,3
"Lyles, Noah (USA) (1997)",27-Jun-24,NaN,0.0 m/s,5.83,10.43,15.16,20.10,8.58,10.87,10.57,10.12,7,1
"Tebogo, Letsile (BOT) (2003)",05-Aug-24,0.167,-0.1 m/s,5.85,10.42,15.06,20.10,8.55,10.94,10.78,9.92,3,1
"Makarawu, Tapiwanashe (ZIM) (2000)",08-Aug-24,0.137,0.4 m/s,5.82,10.39,15.11,20.10,8.59,10.94,10.59,10.02,2,6
"Richards, Jereem (TTO) (1994)",22-Aug-24,0.142,0.9 m/s,5.87,10.44,15.14,20.10,8.52,10.94,10.64,10.08,3,5
"Tebogo, Letsile (BOT) (2003)",16-May-25,0.154,0.7 m/s,5.79,10.37,15.03,20.10,8.64,10.92,10.73,9.86,7,1
"Gout, Gout (AUS) (2007)",11-Jul-25,0.136,-1.9 m/s,5.79,10.41,15.10,20.10,8.64,10.82,10.66,10.00,7,1
"Ogando, Alexander (DOM) (2000)",17-Sep-25,0.146,-0.2 m/s,NaN,10.51,NaN,20.10,NaN,9.51,NaN,10.43,4,1
"Obikwelu, Francis (NGR) (1978)",17-Aug-99,0.174,1.2 m/s,5.83,10.28,15.02,20.11,8.58,11.24,10.55,9.82,4,3
"Lee, Beejay (USA) (1993)",28-Jun-15,NaN,1.3 m/s,NaN,10.5,NaN,20.1,NaN,9.52,NaN,10.42,NaN,4
"Guliyev, Ramil (TUR) (1990)",27-Aug-15,0.180,-0.1 m/s,NaN,10.5,NaN,20.1,NaN,9.52,NaN,10.42,3,6
"Iizuka, Shota (JPN) (1991)",26-Jun-16,0.156,1.8 m/s,5.81,10.40,15.13,20.11,8.61,10.89,10.57,10.04,6,1
"van Niekerk, Wayde (RSA) (1992)",10-Aug-17,0.156,-0.1 m/s,5.77,10.32,15.08,20.11,8.67,10.99,10.50,9.94,3,2
"Richards, Jereem (TTO) (1994)",10-Aug-17,0.149,-0.1 m/s,5.84,10.41,15.14,20.11,8.56,10.94,10.57,10.06,7,3
"Burke, Mario (BAR) (1997)",07-Jun-19,NaN,0.8 m/s,NaN,10.4,NaN,20.1,NaN,9.62,NaN,10.31,NaN,4
"Gardiner, Steven (BAH) (1995)",26-Aug-21,0.126,3.2 m/s,6.0,10.6,15.2,20.11,8.33,10.87,10.87,10.18,7,3
"Mitchell-Blake, Nethaneel (GBR) (199)",18-Jul-22,0.129,2.1 m/s,NaN,10.51,NaN,20.11,NaN,9.51,NaN,10.42,8,3
"Bednarek, Kenneth (USA) (1998)",05-May-23,0.169,0.3 m/s,5.86,10.14,14.87,20.11,8.53,11.68,10.57,9.54,6,2
"Richards, Jereem (TTO) (1994)",30-Jun-23,0.136,-1.4 m/s,5.83,10.40,15.07,20.11,8.58,10.94,10.71,9.92,8,2
"Lindsey, Courtney (USA) (1998)",16-May-25,0.160,0.7 m/s,5.82,10.38,15.06,20.11,8.59,10.96,10.68,9.90,8,2
"Clay, Ramon (USA) (1975)",21-Jun-96,NaN,1.1 m/s,NaN,10.34,NaN,20.12,NaN,9.67,NaN,10.22,2,1
"Crawford, Shawn (USA) (1978)",26-Jun-05,NaN,-0.9 m/s,5.89,10.22,14.98,20.12,8.49,11.55,10.50,9.73,9,3
"Saidy Ndure, Jaysuma (NOR) (1984)",28-Jul-13,NaN,2.2 m/s,NaN,10.43,15.11,20.12,NaN,9.59,10.68,9.98,5,1
"Gemili, Adam (GBR) (1993)",18-Aug-16,0.178,-0.5 m/s,NaN,10.5,NaN,20.12,NaN,9.52,NaN,10.40,2,4
"Young, Isiah (USA) (1990)",09-Aug-17,0.158,2.1 m/s,NaN,10.14,14.83,19.96,NaN,9.86,10.66,9.75,7,1
"Brown, Aaron (CAN) (1992)",21-Aug-21,0.144,1.5 m/s,5.9,10.6,15.3,20.12,8.47,10.64,10.64,10.37,4,4
"Fahnbulleh, Joseph (LBR) (2001)",18-Jul-22,0.123,1.0 m/s,NaN,10.62,NaN,20.12,NaN,9.42,NaN,10.53,4,1
"Hughes, Zharnel (GBR) (1995)",06-Aug-22,0.134,1.1 m/s,5.7,10.3,15.0,20.12,8.77,10.87,10.64,9.77,4,2
"Fahnbulleh, Joseph (LBR) (2001)",07-Aug-24,0.164,-0.6 m/s,5.89,10.39,15.12,20.12,8.49,11.11,10.57,10.00,6,2
"van Niekerk, Wayde (RSA) (1992)",18-Sep-25,0.178,-0.1 m/s,NaN,10.42,NaN,20.12,NaN,9.60,NaN,10.31,4,4
"Makarawu, Tapiwanashe (ZIM) (2000)",19-Sep-25,0.136,0.0 m/s,NaN,10.35,NaN,20.12,NaN,9.66,NaN,10.24,3,7
"Bolt, Usain (JAM) (1986)",28-Aug-07,0.175,-0.3 m/s,5.75,10.20,14.93,20.13,8.70,11.24,10.57,9.62,7,1
"Anderson, Marvin (JAM) (1982)",28-Aug-07,0.152,0.9 m/s,5.84,10.35,15.04,20.13,8.56,11.09,10.66,9.82,4,2
"Walker, Justin (USA) (1990)",14-Jun-14,NaN,2.1 m/s,NaN,10.5,NaN,20.1,NaN,9.52,NaN,10.42,NaN,3
"Mitchell, Curtis (USA) (1989)",29-Jun-14,0.173,1.3 m/s,NaN,10.7,NaN,20.1,NaN,9.35,NaN,10.64,NaN,1
"Martina, Churandy (NED) (1984)",18-Aug-16,0.148,-0.5 m/s,NaN,10.3,NaN,20.13,NaN,9.71,NaN,10.17,8,5
"Hardy, Prezel (USA) (1992)",07-Jun-19,NaN,0.8 m/s,NaN,10.4,NaN,20.1,NaN,9.62,NaN,10.31,NaN,5
"Brown, Aaron (CAN) (1992)",24-Aug-19,0.141,0.2 m/s,5.9,10.5,15.2,20.13,8.47,10.87,10.64,10.14,3,3
"Brown, Aaron (CAN) (1992)",09-Sep-21,0.147,0.5 m/s,5.8,10.4,15.1,20.13,8.62,10.87,10.64,9.94,8,4
"Lyles, Josephus (USA) (1998)",08-Sep-21,0.182,0.5 m/s,5.8,10.3,15.1,20.13,8.62,11.11,10.42,9.94,4,5
"Martinez, Yancarlos (DOM) (1992)",18-Jul-22,0.146,2.1 m/s,NaN,10.50,NaN,20.13,NaN,9.52,NaN,10.38,7,4
"Knighton, Erriyon (USA) (2004)",26-Aug-22,0.150,1.3 m/s,5.78,10.32,15.02,20.13,8.65,11.01,10.64,9.78,8,6
"Seville, Oblique (JAM) (2001)",04-May-25,0.160,0.2 m/s,5.87,10.46,15.11,20.13,8.52,10.89,10.75,9.96,4,2
"Hughes, Zharnel (GBR) (1995)",04-May-25,0.180,0.2 m/s,5.83,10.42,15.07,20.13,8.58,10.89,10.75,9.88,5,3
"Ogando, Alexander (DOM) (2000)",01-Jun-25,0.188,0.8 m/s,5.89,10.51,15.28,20.13,8.49,10.82,10.48,10.31,4,1
"Kerr, Adrian (JAM) (2003)",17-Sep-25,0.192,-0.5 m/s,NaN,10.41,NaN,20.13,NaN,9.61,NaN,10.29,7,3
"de Grasse, Andre (CAN) (1994)",18-Sep-25,0.157,1.0 m/s,NaN,10.51,NaN,20.13,NaN,9.51,NaN,10.40,3,6
"Smith, Calvin (USA) (1961)",14-Aug-83,0.244,1.2 m/s,NaN,10.30,15.10,20.14,NaN,9.71,10.42,9.92,3,1
"Thompson, Obadele (BAR) (1976)",01-Aug-96,0.202,0.4 m/s,NaN,10.34,NaN,20.14,NaN,9.67,NaN,10.20,8,4
"Johnson, Michael (USA) (1967)",23-Jul-00,NaN,-.07 m/s,NaN,10.4,NaN,20.1,NaN,9.62,NaN,10.31,NaN,2
"Fredericks, Frank (NAM) (1967)",26-Aug-04,0.248,1.2 m/s,NaN,10.4,NaN,20.1,NaN,9.62,NaN,10.31,8,4
"Obikwelu, Francis (POR) (1978)",26-Aug-04,0.183,1.2 m/s,NaN,10.3,NaN,20.1,NaN,9.71,NaN,10.20,6,5
"Martin, Rodney (USA) (1982)",25-Jun-06,NaN,0.3 m/s,5.87,10.51,15.21,20.14,8.52,10.78,10.64,10.14,4,3
"Spearmon, Wallace (USA) (1984)",19-Aug-09,0.164,0.3 m/s,5.90,10.43,15.12,20.14,8.47,11.04,10.66,9.96,5,1
"Jobodwana, Anaso (RSA) (1992)",17-Aug-13,0.172,0.0 m/s,NaN,10.4,NaN,20.1,NaN,9.62,NaN,10.31,7,6
"Mitchell, Maurice (USA) (1989)",01-Jul-12,0.175,2.3 m/s,NaN,10.3,NaN,20.14,NaN,9.71,NaN,10.16,4,2
"Norman, Michael (USA) (1997)",09-Jul-16,0.191,1.6 m/s,NaN,10.5,NaN,20.1,NaN,9.52,NaN,10.42,6,5
"Richards, Jereem (TTO) (1994)",09-Aug-17,0.158,-0.3 m/s,5.82,10.37,15.03,20.14,8.59,10.99,10.73,9.78,5,1
"Makwala, Isaac (BOT) (1986)",09-Aug-17,0.187,2.1 m/s,NaN,10.22,14.92,19.95,NaN,9.78,10.64,9.94,1,2
"Ogando, Alexander (DOM) (2000)",23-Jul-23,0.152,1.6 m/s,5.90,10.45,15.15,20.14,8.47,10.99,10.64,10.02,5,5
"Rodney, Brendon (CAN) (1992)",23-Aug-23,0.153,-0.2 m/s,NaN,10.42,NaN,20.14,NaN,9.60,NaN,10.29,8,1
"Ogando, Alexander (DOM) (2000)",23-Aug-23,0.165,-0.1 m/s,NaN,10.73,NaN,20.14,NaN,9.32,NaN,10.63,7,2
"de Grasse, Andre (CAN) (1994)",25-Aug-23,0.170,-0.2 m/s,NaN,10.59,NaN,20.14,NaN,9.44,NaN,10.47,3,6
"Knighton, Erriyon (USA) (2004)",03-Aug-25,NaN,-0.1 m/s,5.84,10.40,15.09,20.14,8.56,10.96,10.66,9.90,7,3
"Ogando, Alexander (DOM) (2000)",28-Aug-25,0.150,-0.6 m/s,5.88,10.39,15.07,20.14,8.50,11.09,10.68,9.86,5,3
"Heard, Floyd (USA) (1966)",23-Jun-96,NaN,2.7 m/s,NaN,10.41,15.06,20.15,NaN,9.61,10.75,9.82,2,4
"Heard, Floyd (USA) (1966)",23-Jul-00,NaN,1.1 m/s,NaN,10.3,NaN,20.2,NaN,9.71,NaN,10.10,NaN,2
"Patton, Darvis (USA) (1977)",22-Jun-03,NaN,0.1 m/s,5.92,10.60,15.16,20.15,8.45,10.68,10.96,10.02,5,1
"Williams, Bernard (USA) (1978)",17-Jul-04,NaN,-0.7 m/s,5.82,10.41,15.07,20.15,8.59,10.89,10.73,9.84,6,1
"Dukes, Dedric (USA) (1994)",28-Jun-15,NaN,1.3 m/s,NaN,10.5,NaN,20.1,NaN,9.52,NaN,10.42,NaN,5
"Richards, Jerem (TTO) (1994)",13-May-22,0.153,2.1 m/s,5.9,10.5,15.2,20.15,8.47,10.87,10.64,10.10,3,3
"de Grasse, Andre (CAN) (1994)",13-May-22,0.147,2.1 m/s,5.9,10.5,15.3,20.15,8.47,10.87,10.42,10.31,7,4
"Boling, Matthew (USA) (2000)",26-Jun-22,NaN,-0.3 m/s,5.94,10.45,15.14,20.15,8.42,11.09,10.66,9.98,NaN,6
"Adams, Luxolo (RSA) (1996)",23-Aug-23,0.149,0.0 m/s,NaN,10.57,NaN,20.15,NaN,9.46,NaN,10.44,5,3
"King, Kyree (USA) (1994)",25-May-24,0.191,1.8 m/s,5.84,10.41,15.13,20.15,8.56,10.94,10.59,9.96,8,3
"Knighton, Erriyon (USA) (2004)",27-Jun-24,NaN,1.2 m/s,5.78,10.37,15.15,20.15,8.65,10.89,10.46,10.00,5,1
"Fahnbulleh, Joseph (LBR) (2001)",08-Aug-24,NaN,0.4 m/s,5.97,10.52,15.21,20.15,8.38,10.99,10.66,10.12,9,7
"Williams, Steve (USA) (1953)",26-Aug-75,NaN,-0.1 m/s,NaN,10.25,15.19,20.16,NaN,9.76,10.12,10.06,NaN,1
"Smith, Calvin (USA) (1961)",03-Sep-87,0.284,-0.4 m/s,5.98,10.63,15.29,20.16,8.36,10.75,10.73,10.27,8,1
"Quénéhervé, Gilles (FRA) (1966)",03-Sep-87,0.207,-0.4 m/s,5.96,10.57,15.25,20.16,8.39,10.85,10.68,10.43,6,2
"Gay, Tyson (USA) (1982)",11-Jun-05,NaN,-0.7 m/s,NaN,10.4,NaN,20.2,NaN,9.62,NaN,10.20,6,3
"Spearmon, Wallace (USA) (1984)",26-Jun-05,NaN,-0.9 m/s,5.94,10.37,15.20,20.16,8.42,11.29,10.35,10.08,5,4
"Young, Isiah (USA) (1990)",01-Jul-12,0.180,2.3 m/s,NaN,10.4,NaN,20.16,NaN,9.62,NaN,10.25,5,3
"van Niekerk, Wayde (RSA) (1992)",07-Aug-17,0.192,0.3 m/s,5.87,10.36,15.07,20.16,8.52,11.14,10.62,9.82,7,1
"Guliyev, Ramil (TUR) (1990)",07-Aug-17,0.153,0.7 m/s,5.84,10.44,15.18,20.16,8.56,10.87,10.55,10.04,5,1
Xie Zhenye (CHN) (1993),20-May-18,0.191,0.9 m/s,5.90,10.53,15.22,20.16,8.47,10.80,10.66,10.12,9,2
"Guliyev, Ramil (TUR) (1990)",10-Sep-19,0.156,-0.1 m/s,NaN,10.52,NaN,20.16,NaN,9.51,NaN,10.37,5,1
"Benjamin, Rai (USA) (1997)",21-Aug-21,0.174,1.5 m/s,5.8,10.5,15.2,20.16,8.62,10.64,10.64,10.08,5,5
"King, Kyree (USA) (1994)",17-Sep-23,0.153,0.6 m/s,5.79,10.36,15.11,20.16,8.64,10.94,10.53,9.90,9,5
"Fahnbulleh, Joseph (LBR) (2001)",25-May-24,0.170,1.8 m/s,5.98,10.56,15.24,20.16,8.36,10.92,10.68,10.16,5,4
"Makarawu, Tapiwanashe (ZIM) (2000)",07-Aug-24,0.139,-0.6 m/s,5.80,10.32,15.05,20.16,8.62,11.06,10.57,9.78,7,3
"Ogando, Alexander (DOM) (2000)",22-Aug-25,0.157,-0.3 m/s,5.99,10.53,15.18,20.16,8.35,11.01,10.75,10.04,7,1
"Williams, Jeff (USA) (1965)",01-Aug-96,0.182,0.4 m/s,NaN,10.43,NaN,20.17,NaN,9.59,NaN,10.27,2,5
"Crawford, Shawn (USA) (1978)",06-Sep-01,NaN,-0.2 m/s,NaN,10.2,NaN,20.2,NaN,9.80,NaN,10.00,NaN,1
"Capel, John (USA) (1978)",22-Jun-03,NaN,0.1 m/s,5.91,10.42,15.18,20.17,8.46,11.09,10.50,10.02,3,2
"Patton, Darvis (USA) (1977)",17-Jul-04,NaN,0.1 m/s,5.86,10.43,15.12,20.17,8.53,10.94,10.66,9.90,4,2
"Gay, Tyson (USA) (1982)",17-Jul-04,NaN,0.1 m/s,5.89,10.48,15.14,20.17,8.49,10.89,10.73,9.94,5,3
"Newman, Calesio (USA) (1986)",01-Jul-12,0.192,2.3 m/s,NaN,10.3,NaN,20.17,NaN,9.71,NaN,10.13,8,4
"Kerley, Fred (USA) (1995)",18-Jul-22,0.137,0.4 m/s,NaN,10.63,NaN,20.17,NaN,9.41,NaN,10.48,4,1
"Knighton, Erriyon (USA) (2004)",23-Aug-23,0.158,-0.5 m/s,NaN,10.56,NaN,20.17,NaN,9.47,NaN,10.41,9,1
"Brown, Aaron (CAN) (1992)",24-Aug-23,0.145,0.0 m/s,NaN,10.48,NaN,20.17,NaN,9.54,NaN,10.32,8,3
"Lindsey, Courtney (USA) (1998)",05-Sep-24,0.184,0.4 m/s,5.76,10.26,15.00,20.17,8.68,11.11,10.55,9.67,3,6
"Regis, John (GBR) (1966)",03-Sep-87,0.146,-0.4 m/s,5.89,10.53,15.21,20.18,8.49,10.78,10.68,10.06,2,3
"Marsh, Michael (USA) (1967)",20-Aug-93,NaN,0.3 m/s,NaN,10.43,NaN,20.18,NaN,9.59,NaN,10.26,4,4
"Capobianco, Dean (AUS) (1970)",8/20/93,NaN,0.3 m/s,5.82,10.36,15.13,20.16,8.59,11.01,10.48,9.94,3,5
"Kedéris, Konstadinos (GRE) (1973)",09-Aug-02,0.124,0.2 m/s,5.79,10.37,15.09,20.18,8.64,10.92,10.59,9.82,NaN,1
"Martin, Rodney (USA) (1982)",24-Jun-07,NaN,-0.3 m/s,NaN,10.4,NaN,20.2,NaN,9.62,NaN,10.20,4,3
"Martin, Rodney (USA) (1982)",29-Aug-07,0.165,-0.4 m/s,5.96,10.45,15.19,20.18,8.39,11.14,10.55,10.02,4,3
"Crawford, Shawn (USA) (1978)",04-Jul-08,NaN,1.0 m/s,5.92,10.46,15.03,20.18,8.45,11.01,10.94,9.71,7,1
"Brown, Aaron (CAN) (1992)",26-Aug-21,0.149,3.2 m/s,5.9,10.5,15.2,20.18,8.47,10.87,10.64,10.04,4,4
"Brown, Aaron (CAN) (1992)",13-May-22,0.155,2.1 m/s,5.8,10.4,15.1,20.18,8.62,10.87,10.64,9.84,4,5
"Tortu, Filippo (ITA) (1998)",18-Jul-22,0.148,1.0 m/s,NaN,10.56,NaN,20.18,NaN,9.47,NaN,10.40,5,1
"Brown, Aaron (CAN) (1992)",21-Jul-22,0.143,0.4 m/s,NaN,10.38,NaN,20.18,NaN,9.63,NaN,10.20,8,7
"Ogando, Alexander (DOM) (2000)",02-Sep-22,0.152,-2.9 m/s,5.90,10.38,15.10,20.18,8.47,11.16,10.59,9.84,4,2
"Orogot, Tarsis (UGA) (2002)",07-Jul-24,0.153,-0.4 m/s,5.90,10.42,15.17,20.18,8.47,11.06,10.53,9.98,7,2
"Fahnbulleh, Joseph (LBR) (2001)",22-Aug-24,0.170,0.9 m/s,5.97,10.53,15.21,20.18,8.38,10.96,10.68,10.06,4,6
"Desalu, Eseosa (ITA) (1994)",29-Jun-25,0.129,1.8 m/s,5.89,10.44,15.07,20.18,8.49,10.99,10.80,9.78,5,2
"Tebogo, Letsile (BOT) (2003)",17-Sep-25,0.179,0.0 m/s,NaN,10.55,NaN,20.18,NaN,9.48,NaN,10.38,9,1
"Lemaitre, Christophe (FRA) (1990)",09-Aug-12,0.153,0.4 m/s,NaN,10.60,NaN,20.19,NaN,9.43,NaN,10.43,2,6
"Spearmon, Wallace (USA) (1984)",29-Jun-14,0.174,1.3 m/s,NaN,10.7,NaN,20.2,NaN,9.35,NaN,10.53,NaN,2
"Gatlin, Justin (USA) (1982)",25-Aug-15,0.165,0.0 m/s,5.69,10.28,15.06,20.19,8.79,10.89,10.46,9.75,3,1
"Lawson, Jarrion (USA) (1994)",10-Jun-16,NaN,0.1 m/s,NaN,10.5,NaN,20.2,NaN,9.52,NaN,10.31,NaN,1
"Merritt, LaShawn (USA) (1986)",18-Aug-16,0.189,-0.5 m/s,NaN,10.4,NaN,20.19,NaN,9.62,NaN,10.21,5,6
"Mitchell-Blake, Nethaneel (GBR) (199)",09-Aug-17,0.168,2.1 m/s,NaN,10.27,15.01,20.02,NaN,9.74,10.55,9.98,5,3
"Amoah, Joseph (GHA) (1997)",07-Jun-19,NaN,0.8 m/s,NaN,10.4,NaN,20.2,NaN,9.62,NaN,10.20,NaN,6
"King, Kyree (USA) (1994)",26-Jun-22,NaN,-0.3 m/s,5.90,10.49,15.20,20.19,8.47,10.89,10.62,10.02,NaN,7
"Lyles, Noah (USA) (1997)",05-Aug-24,0.164,0.1 m/s,5.90,10.45,15.13,20.19,8.47,10.99,10.68,9.88,6,1
"Gregory, Robert (USA) (2001)",22-Aug-25,0.168,-0.3 m/s,5.90,10.51,15.24,20.19,8.47,10.85,10.57,10.10,6,2
"Trouabal, Jean-Charles (FRA) (1965)",20-Aug-93 time,NaN,0.3 m/s velocity,10.46,15.15,20.20,20.20,10.89,10.66,9.90,9.90,8,6
"Clay, Ramon (USA) (1975)",22-Jun-96 time,NaN,0.7 m/s velocity,10.44,NaN,20.20,20.20,9.58,NaN,10.25,9.90,4,1
"Bradley, Gentry (USA) (1974)",23-Jun-96 time,NaN,2.7 m/s velocity,10.69,15.28,20.20,20.20,9.35,10.89,10.16,9.90,1,5
"Marsh, Michael (USA) (1967)",23-Jun-96 time,NaN,-0.3 m/s velocity,10.48,15.11,20.22,20.20,9.54,10.80,9.78,9.90,6,2
"Lewis, Carl (USA) (1961)",23-Jun-96 time,NaN,1.7 m/s velocity,10.72,15.44,20.20,20.20,9.33,10.59,10.50,9.90,1,5
"Williams, Christopher (JAM) (1972)",09-Aug-01 time,0.143 interval,0.2 m/s velocity,10.1,NaN,20.2,20.20,9.90,NaN,9.90,9.90,3,2
"Collins, Kim (SKN) (1976)",09-Aug-01 time,0.136 interval,0.2 m/s velocity,10.3,NaN,20.2,20.20,9.71,NaN,10.10,9.90,1,3
"Crawford, Shawn (USA) (1978)",09-Aug-01 time,0.161 interval,0.2 m/s velocity,10.3,NaN,20.20,20.20,9.71,NaN,10.10,9.90,2,3
"Unger, Tobias (GER) (1979)",03-Jul-05 time,0.164 interval,0.7 m/s velocity,10.41,15.17,20.20,20.20,10.82,10.50,9.94,9.90,NaN,1
"Martina, Churandy (AHO) (1984)",29-Aug-07 time,0.140 interval,-0.4 m/s velocity,10.40,15.17,20.20,20.20,11.11,10.48,9.94,9.90,3,4
"Blake, Jerome (CAN) (1995)",21-Aug-21,0.152,1.5 m/s,6.0,10.7,15.4,20.20,8.33,10.64,10.64,10.42,2,6
"Knighton, Erriyon (USA) (2004)",08-Sep-22,0.183,-0.6 m/s,5.81,10.33,15.02,20.20,8.61,11.06,10.66,9.65,5,4
"Bednarek, Kenneth (USA) (1998)",,NaN,NaN,time,5.81,10.30,15.01,velocity,8.61,11.14,10.62,7,5
"Brown, Aaron (CAN) (1992)",,NaN,NaN,time,5.91,10.36,15.08,velocity,8.46,11.24,10.59,4,3
"Fahnbulleh, Joseph (LBR) (2001)",,NaN,NaN,time,5.96,10.51,15.22,velocity,8.39,10.99,10.62,4,1
"Maswanganyi, Shaun (RSA) (2001)",,NaN,NaN,time,5.77,10.30,15.05,velocity,8.67,11.04,10.53,7,3
"Coleman, Christian (USA) (1996)",,NaN,NaN,time,5.83,10.37,15.10,velocity,8.58,11.01,10.57,9,2
"Gregory, Robert (USA) (2001)",,NaN,NaN,time,5.87,10.48,15.24,velocity,8.52,10.85,10.50,4,4
"García, Iván (CUB) (1972)",,NaN,NaN,time,NaN,10.43,NaN,velocity,NaN,9.59,NaN,4,6
"Obikwelu, Francis (POR) (1978)",,NaN,NaN,time,5.83,10.39,15.13,velocity,8.58,10.96,10.55,NaN,2
"Lattany, Mel (USA) (1959)",06-Sep-81,NaN,0.1 m/s,NaN,10.5,NaN,20.21,NaN,9.52,NaN,10.30,NaN,1
"Hall-Thompson, Elijah (USA) (1994)",25-Jun-17,NaN,-2.3 m/s,NaN,10.41,NaN,20.21,NaN,9.61,NaN,10.20,8,3
"Bednarek, Kenneth (USA) (1998)",05-Jun-22,0.157,2.0 m/s,5.78,10.31,15.06,20.21,8.65,11.04,10.53,9.71,7,1
"Martinez, Yancarlos (DOM) (1992)",19-Jul-22,0.116,0.3 m/s,NaN,10.54,NaN,20.21,NaN,9.49,NaN,10.34,2,4
"Fahnbulleh, Joseph (LBR) (2001)",30-Jun-23,0.124,-1.4 m/s,5.84,10.49,15.22,20.21,8.56,10.75,10.57,10.02,5,3
"Fahnbulleh, Joseph (LBR) (2001)",24-Aug-23,0.180,-0.4 m/s,NaN,10.60,NaN,20.21,NaN,9.43,NaN,10.41,4,4
"King, Kyree (USA) (1994)",10-May-24,0.139,1.7 m/s,5.79,10.42,15.16,20.21,8.64,10.80,10.55,9.90,3,3
"Lindsey, Courtney (USA) (1998)",14-Sep-24,0.173,0.7 m/s,5.88,10.43,15.13,20.21,8.50,10.99,10.64,9.84,4,4
"Kerley, Fred (USA) (1995)",14-Sep-24,0.146,0.7 m/s,5.94,10.57,15.31,20.21,8.42,10.80,10.55,10.20,5,5
"Taylor, Christopher (JAM) (1999)",18-Sep-25,0.191,-0.1 m/s,NaN,10.45,NaN,20.21,NaN,9.57,NaN,10.24,9,5
"Evans, Dwayne (USA) (1958)",21-Jun-76,NaN,1.7 m/s,NaN,10.5,NaN,20.22,NaN,9.52,NaN,10.29,1,2
"da Silva, Robson Caetano (BRA) (196)",03-Sep-87,0.254,-0.4 m/s,10.50,15.22,20.22,20.22,9.52,10.59,10.00,9.89,4,4
"Napier, Dino (USA) (1969)",23-Jun-96,NaN,2.7 m/s,10.58,15.20,20.22,20.22,9.45,10.82,9.96,9.89,4,6
"Malcolm, Christian (GBR) (1979)",09-Aug-01,0.157,0.2 m/s,10.2,NaN,20.2,20.22,9.80,NaN,9.98,9.89,5,5
"Johnson, Joshua J. (USA) (1976)",22-Jun-03,NaN,0.1 m/s,6.06,10.71,15.26,20.22,8.25,10.75,10.99,10.08,6,3
"Dzingai, Brian (ZIM) (1981)",20-Aug-08,0.185,-0.9 m/s,10.39,NaN,20.22,20.22,9.62,NaN,10.17,9.89,6,4
"Edward, Alonso (PAN) (1959)",19-Aug-09,0.164,0.0 m/s,5.85,10.36,15.03,20.22,8.55,11.09,10.71,9.63,5,2
"Forte, Julian (JAM) (1993)",28-Jul-13,NaN,3.1 m/s,10.52,15.25,20.22,20.22,9.51,10.57,10.06,9.89,4,1
"Jobodwana, Anaso (RSA) (1992)",25-Aug-15,0.142,-0.4 m/s,5.80,10.35,15.09,20.22,8.62,10.99,10.55,9.75,5,1
"Webb, Ameer (USA) (1991)",09-Aug-17,0.148,0.3 m/s,NaN,10.14,14.86,20.07,NaN,9.86,10.59,9.60,5,2
"King, Kyree (USA) (1994)",21-Aug-21,0.138,1.5 m/s,5.8,10.5,15.2,20.22,8.62,10.64,10.64,9.96,9,7
"Brown, Aaron (CAN) (1992)",02-Sep-22,0.129,-2.9 m/s,5.82,10.40,15.12,20.22,8.59,10.92,10.59,9.80,8,3
"Tebogo, Letsile (BOT) (2003)",23-Aug-23,0.168,-1.4 m/s,NaN,10.60,NaN,20.22,NaN,9.43,NaN,10.40,7,1
"Lindsey, Courtney (USA) (1998)",24-Aug-23,0.180,0.0 m/s,NaN,10.49,NaN,20.22,NaN,9.53,NaN,10.28,5,4-3
"Mennea, Pietro (ITA) (1952)",13-Jul-75,NaN,0.0 m/s,NaN,10.55,NaN,20.23,NaN,9.48,NaN,10.33,7,1
"Quarrie, Don (JAM) (1951)",26-Jul-76,NaN,0.7 m/s,NaN,10.38,NaN,20.23,NaN,9.63,NaN,10.15,2,1
"Krylov, Vladimir (URS) (1964)",03-Sep-87,NaN,-0.4 m/s,5.87,10.52,15.22,20.23,8.52,10.75,10.64,9.98,5,5
"Lewis, Carl (USA) (1961)",28-Sep-88,0.219,1.5 m/s,5.95,10.53,15.25,20.23,8.40,10.92,10.59,10.04,4,1
"Johnson, Michael (USA) (1967)",22-Jun-96,NaN,0.0 m/s,NaN,10.31,NaN,20.23,NaN,9.70,NaN,10.08,6,1
"Fredericks, Frank (NAM) (1967)",08-Aug-97,0.127,2.3 m/s,5.66,10.28,15.10,20.10,8.83,10.82,10.37,10.00,4,2
"Thompson, Obadele (BAR) (1976)",27-Aug-99,0.134,1.2 m/s,5.82,10.31,15.07,20.11,8.59,11.14,10.50,9.92,7,4
"Devonish, Marlon (GBR) (1976)",09-Aug-02,0.142,0.2 m/s,5.83,10.42,15.17,20.23,8.58,10.89,10.53,9.88,NaN,2
"Mullings, Steve (JAM) (1982)",18-Aug-09,0.156,-0.3 m/s,5.74,10.30,15.08,20.23,8.71,10.96,10.46,9.71,4,1
"Edward, Alonso (PAN) (1989)",18-Aug-16,0.162,-0.5 m/s,NaN,10.4,NaN,20.23,NaN,9.62,NaN,10.17,3,7
"Koike, Yuki (JPN) (1995)",29-Aug-18,0.139,0.7 m/s,5.78,10.37,15.14,20.23,8.65,10.89,10.48,9.82,3,1
Yang Chun-Hun (TPE) (1997),29-Aug-18,0.139,0.7 m/s,5.76,10.34,15.10,20.23,8.68,10.92,10.50,9.75,4,2
"Cissé, Arthur (CIV) (1996)",25-Sep-20,0.147,0.9 m/s,5.9,10.5,15.2,20.23,8.47,10.87,10.64,9.94,4,1
"Brown, Aaron (CAN) (1992)",10-Aug-22,0.168,0.8 m/s,5.78,10.40,15.04,20.23,8.65,10.82,10.78,9.63,8,5
"Fahnbulleh, Joseph (LBR) (2001)",15-Jun-23,0.131,0.6 m/s,5.95,10.58,15.30,20.23,8.40,10.80,10.59,10.14,4,3
"Ogando, Alexander (DOM) (2000)",25-Aug-23,0.145,-0.2 m/s,NaN,10.51,NaN,20.23,NaN,9.51,NaN,10.29,5,7
"Brown, Aaron (CAN) (1992)",17-Sep-23,0.143,0.6 m/s,5.80,10.40,15.18,20.23,8.62,10.87,10.46,9.90,5,6
"de Grasse, Andre (CAN) (1994)",04-May-25,0.230,0.2 m/s,5.94,10.56,15.27,20.23,8.42,10.82,10.62,10.08,7,4
"Samukonga, Muzala (ZAM) (2002)",02-May-25,0.190,2.4 m/s,5.95,10.52,15.25,20.23,8.40,10.94,10.57,10.04,7,3
"Gout, Gout (AUS) (2007)",17-Sep-25,0.144,-0.1 m/s,NaN,10.59,NaN,20.23,NaN,9.44,NaN,10.37,8,3
"Uzawa, Towa (JPN) (2002)",18-Sep-25,0.140,-0.1 m/s,NaN,10.42,NaN,20.23,NaN,9.60,NaN,10.19,5,6
"Dambile, Sinesipho (RSA) (2002)",19-Sep-25,0.169,0.0 m/s,NaN,10.54,NaN,20.23,NaN,9.49,NaN,10.32,2,8
"Buckland, Stéphan (MRI) (1977)",09-Aug-01,0.179,0.2 m/s,NaN,10.2,NaN,20.2,NaN,9.80,NaN,9.96,7,6
"Devonish, Marlon (GBR) (1976)",09-Aug-02,0.142,-0.5 m/s,5.84,10.45,15.21,20.24,8.56,10.85,10.50,9.94,NaN,3
"Buckland, Stéphan (MRI) (1977)",26-Aug-04,0.294,1.2 m/s,NaN,10.5,NaN,20.2,NaN,9.52,NaN,10.31,7,6
"Willie, Kelly (USA) (1986)",25-Jun-06,NaN,0.3 m/s,5.87,10.52,15.28,20.24,8.52,10.75,10.50,10.08,5,4
"Wariner, Jeremy (USA) (1984)",26-Jun-06,NaN,0.3 m/s,5.88,10.46,15.26,20.24,8.50,10.92,10.42,10.04,3,5
"Williams, Christopher (JAM) (1972)",29-Aug-07,NaN,-0.4 m/s,5.88,10.42,15.19,20.24,8.50,11.01,10.48,9.90,9,3
"Patton, Darvis (USA) (1977)",01-Jul-12,0.167,2.3 m/s,NaN,10.8,NaN,20.24,NaN,9.26,NaN,10.59,1,5
"Mitchell-Blake, Nethaneel (GBR) (199)",10-Aug-17,0.147,-0.1 m/s,NaN,10.29,15.22,20.09,NaN,9.72,10.14,10.27,2,4
"Mena, Reynier (CUB) (1996)",30-Jun-23,0.125,-1.4 m/s,5.74,10.40,15.13,20.24,8.71,10.73,10.57,9.78,6,4
"Fahnbulleh, Joseph (LBR) (2001)",08-Sep-23,0.159,-0.1 m/s,5.95,10.51,15.27,20.24,8.40,10.96,10.50,10.06,3,5
"Heard, Floyd (USA) (1966)",03-Sep-87,NaN,-0.4 m/s,NaN,10.66,NaN,20.25,NaN,9.38,NaN,10.43,3,6
"Little, Kevin (USA) (1968)",09-Aug-01,0.134,0.2 m/s,NaN,10.1,NaN,20.3,NaN,9.90,NaN,9.85,6,7
"Brokenburr, Kenny (USA) (1968)",22-Jun-03,NaN,0.1 m/s,5.91,10.58,15.25,20.25,8.46,10.71,10.71,10.00,7,4
"Martin, Rodney (USA) (1982)",28-Aug-07,0.163,0.3 m/s,5.89,10.40,15.15,20.25,8.49,11.09,10.53,9.80,6,1
"Dodson, Jeremy (USA) (1987)",01-Jul-12,0.150,2.3 m/s,NaN,10.6,NaN,20.25,NaN,9.43,NaN,10.36,3,6
"Ogunode, Femi (QAT) (1991)",25-Aug-15,0.153,-0.4 m/s,5.77,10.37,15.14,20.25,8.67,10.87,10.48,9.78,3,2
"Coleman, Christian (USA) (1996)",09-Jun-17,NaN,-3.1 m/s,NaN,10.2,NaN,20.3,NaN,9.80,NaN,9.90,NaN,1
"Hudson, Andrew (JAM) (1996)",07-Jun-19,NaN,0.8 m/s,NaN,10.5,NaN,20.3,NaN,9.52,NaN,10.20,NaN,7
"Quiñónez, Alex (ECU) (1989)",24-Aug-19,0.198,0.2 m/s,6.0,10.6,15.3,20.25,8.33,10.87,10.64,10.10,5,4
"Quiñónez, Alex (ECU) (1989)",06-Sep-19,0.203,0.8 m/s,6.0,10.6,15.3,20.25,8.33,10.87,10.64,10.10,3,5
"Brown, Aaron (CAN) (1992)",28-May-21,0.146,0.4 m/s,5.8,10.4,15.1,20.25,8.62,10.87,10.64,9.71,7,3
"Blake, Jerome (CAN) (1995)",13-May-22,0.135,2.1 m/s,5.9,10.5,15.1,20.25,8.47,10.87,10.87,9.71,2,6
"Hudson, Andrew (JAM) (1996)",23-Aug-23,0.141,-0.1 m/s,NaN,10.55,NaN,20.25,NaN,9.48,NaN,10.31,4,2
"King, Kyree (USA) (1994)",28-Jun-24,NaN,0.3 m/s,5.82,10.46,15.20,20.25,8.59,10.78,10.55,9.90,7,2
"Harries, Toby (GBR) (1998)",29-Jun-25,0.170,1.8 m/s,5.80,10.34,15.07,20.25,8.62,11.01,10.57,9.65,7,3
"King, Kyree (USA) (1994)",03-Aug-25,NaN,1.7 m/s,5.80,10.38,15.14,20.25,8.62,10.92,10.50,9.78,8,3
"Quarrie, Don (JAM) (1951)",24-Aug-77,NaN,-0.9 m/s,NaN,10.29,15.18,20.26,NaN,9.72,10.22,9.84,NaN,1
"Jefferson, Thomas (USA) (1962)",08-Aug-84,0.180,-0.9 m/s,NaN,10.43,NaN,20.26,NaN,9.59,NaN,10.17,4,3
"da Silva, Claudinei Quirino (BRA) (19)",08-Aug-97,0.141,2.3 m/s,5.76,10.42,15.22,20.12,8.68,10.73,10.42,10.20,5,3
"Spearmon, Wallace (USA) (1984)",28-Aug-07,0.120,-0.3 m/s,5.91,10.47,15.15,20.26,8.46,10.96,10.68,9.78,5,2
"Mullings, Steve (JAM) (1982)",19-Aug-09,0.156,0.3 m/s,5.71,10.27,15.09,20.26,8.76,10.96,10.37,9.67,3,2
"Coleman, Christian (USA) (1996)",10-Jun-16,NaN,0.1 m/s,NaN,10.4,NaN,20.3,NaN,9.62,NaN,10.10,NaN,2
"Webb, Ameer (USA) (1991)",10-Aug-17,0.148,-0.1 m/s,NaN,10.25,15.14,20.11,NaN,9.76,10.22,10.06,9,5
"Fall, Mouhamadou (FRA) (1992)",18-Jun-22,0.144,0.6 m/s,5.77,10.33,15.10,20.26,8.67,10.96,10.48,9.69,7,3
"Ueyama, Koki (JPN) (1999)",18-Jul-22,0.127,1.0 m/s,NaN,10.49,NaN,20.26,NaN,9.53,NaN,10.24,7,2
"Lyles, Josephus (USA) (1998)",10-Aug-22,0.198,0.8 m/s,5.78,10.34,15.15,20.26,8.65,10.96,10.40,9.78,2,6
"Orogot, Tarsis (UGA) (2002)",24-Aug-23,0.151,-0.1 m/s,NaN,10.58,NaN,20.26,NaN,9.45,NaN,10.33,3,3
"de Grasse, Andre (CAN) (1994)",31-Aug-23,0.170,-0.5 m/s,5.86,10.43,15.17,20.26,8.53,10.94,10.55,9.82,4,5
"Fahnbulleh, Joseph (LBR) (2001)",10-May-24,0.151,1.7 m/s,6.01,10.66,15.36,20.26,8.32,10.75,10.64,10.20,4,4
"Fahnbulleh, Joseph (LBR) (2001)",16-May-25,0.152,0.7 m/s,5.90,10.52,15.21,20.26,8.47,10.82,10.66,9.90,6,3
"Mena, Reynier (CUB) (1996)",28-Aug-25,0.128,-0.6 m/s,5.78,10.36,15.13,20.26,8.65,10.92,10.48,9.75,3,5
"Taylor, Christopher (JAM) (1999)",17-Sep-25,0.184,0.1 m/s,NaN,10.52,NaN,20.26,NaN,9.51,NaN,10.27,3,3
"Onwuzurike, Udodi (NGR) (2003)",18-Sep-25,0.119,1.0 m/s,NaN,10.39,NaN,20.26,NaN,9.62,NaN,10.13,5,7
"Lewis, Carl (USA) (1961)",08-Aug-84,NaN,0.7 m/s,NaN,10.36,NaN,20.27,NaN,9.65,NaN,10.09,6,1
"Smith, Calvin (USA) (1961)",20-Jul-88,NaN,1.0 m/s,10.5,NaN,20.27,20.27,9.52,NaN,10.24,9.87,2,5
"Stevens, Patrick (BEL) (1968)",01-Aug-96,0.151,0.4 m/s,NaN,10.43,NaN,20.27,NaN,9.59,NaN,10.16,7,7
"Clay, Raymon (USA) (1975)",22-Jun-03,NaN,0.1 m/s,5.92,10.58,15.27,20.27,8.45,10.73,10.66,10.00,4,5
"Martin, Rodney (USA) (1982)",23-Sep-07,0.174,1.3 m/s,5.98,10.51,15.24,20.27,8.36,11.04,10.57,9.94,6,3
"Richards, Jereem (TTO) (1994)",02-Sep-22,0.152,-2.9 m/s,5.89,10.41,15.15,20.27,8.49,11.06,10.55,9.77,6,4
"Ogando, Alexander (DOM) (2000)",15-Jun-23,0.131,0.6 m/s,5.97,10.62,15.32,20.27,8.38,10.75,10.64,10.10,3,4
"lizuka, Shota (JPN) (1991)",23-Aug-23,0.157,0.0 m/s,5.88,10.54,15.24,20.27,8.50,10.73,10.64,9.94,8,4
"Rodney, Brendon (CAN) (1992)",24-Aug-23,0.148,-0.1 m/s,NaN,10.36,NaN,20.27,NaN,9.65,NaN,10.09,7,4
"Ogando, Alexander (DOM) (2000)",25-May-24,0.159,1.8 m/s,6.00,10.57,15.25,20.27,8.33,10.94,10.68,9.96,3,5
"Charamba, Makanakaishe (ZIM) (2001)",05-Aug-24,0.156,-0.1 m/s,6.00,10.60,15.33,20.27,8.33,10.87,10.57,10.12,4,2
"King, Kyree (USA) (1994)",25-Aug-24,0.158,0.6 m/s,5.87,10.43,15.16,20.27,8.52,10.96,10.57,9.78,4,5
"Onwuzurike, Udodi (NGR) (2003)",17-Sep-25,0.135,-0.3 m/s,NaN,10.45,NaN,20.27,NaN,9.57,NaN,10.18,2,2
"Dambile, Sinesipho (RSA) (2002)",17-Sep-25,0.155,-0.3 m/s,NaN,10.45,NaN,20.27,NaN,9.57,NaN,10.18,7,3
"da Silva, Robson Caetano (BRA) (196)",28-Sep-88,0.213,1.5 m/s,5.84,10.47,15.25,20.28,8.56,10.80,10.46,9.94,3,2
"Martina, Churandy (AHO) (1984)",30-Aug-07,0.144,-0.8 m/s,5.84,10.37,15.18,20.28,8.56,11.04,10.40,9.80,3,5
"Anderson, Marvin (JAM) (1982)",30-Aug-07,0.171,-0.8 m/s,5.96,10.50,15.26,20.28,8.39,11.01,10.50,9.96,7,6
"Guliyev, Ramil (AZE) (1990)",19-Aug-09,0.154,0.3 m/s,5.85,10.43,15.21,20.28,8.55,10.92,10.46,9.86,4,4
"Fujimitsu, Kenji (JPN) (1986)",25-Aug-15,0.166,-0.2 m/s,5.82,10.40,15.15,20.28,8.59,10.92,10.53,9.75,2,2
"Bolt, Usain (JAM) (1986)",25-Aug-15,NaN,0.1 m/s,5.78,10.30,15.06,20.28,8.65,11.06,10.50,9.58,4,1
"Bolt, Usain (JAM) (1986)",16-Aug-16,NaN,0.6 m/s,5.79,10.34,15.08,20.28,8.64,10.99,10.55,9.62,5,1
"van Niekerk, Wayde (RSA) (1992)",09-Aug-17,0.158,0.3 m/s,5.84,10.39,15.15,20.28,8.56,10.99,10.50,9.75,6,3
"Richards, Jereem (TTO) (1994)",02-Jun-23,0.136,0.0 m/s,5.91,10.50,15.24,20.28,8.46,10.89,10.55,9.92,6,2
"Dambile, Sinesipho (RSA) (2002)",24-Aug-23,0.162,0.0 m/s,10.52,NaN,20.28,20.28,9.51,NaN,10.25,9.86,9,5.4
"Lindsey, Courtney (USA) (1998)",27-Jun-24,NaN,0.3 m/s,5.82,10.53,15.17,20.28,8.59,10.62,10.78,9.78,8,1
"Kaalund, Garrett (USA) (2004)",27-Jun-24,NaN,0.3 m/s,5.90,10.67,15.24,20.28,8.47,10.48,10.94,9.92,9,2
"Bednarek, Kenneth (USA) (1998)",27-Jun-24,NaN,1.1 m/s,5.86,10.55,15.24,20.28,8.53,10.66,10.66,9.92,6,1
"Kebinatshipi, Collen (BOT) (2004)",11-Jul-25,0.169,-1.9 m/s,5.83,10.39,15.09,20.28,8.58,10.96,10.64,9.63,6,2
"Baptiste, Kirk (USA) (1963)",08-Aug-84,NaN,-2.2 m/s,NaN,10.45,NaN,20.29,NaN,9.57,NaN,10.16,5,1
"Lewis, Carl (USA) (1961)",22-Jun-96,NaN,0.7 m/s,NaN,10.42,NaN,20.29,NaN,9.60,NaN,10.13,6,2
"Lewis, Carl (USA) (1961)",23-Jun-96,NaN,-0.3 m/s,NaN,10.46,15.19,20.29,NaN,9.56,10.57,9.80,5,3
"Whitted, Alvis (USA) (1974)",24-Jun-96,NaN,-0.3 m/s,NaN,10.56,15.29,20.29,NaN,9.47,10.57,10.00,3,4
"Kedéris, Konstadinos (GRE) (1973)",08-Aug-02,0.165,-0.8 m/s,5.82,10.43,15.16,20.29,8.59,10.85,10.57,9.75,NaN,1
"Onwuzurike, Udodi (NGR) (2003)",22-Aug-25,0.152,-0.3 m/s,5.79,10.38,15.19,20.29,8.64,10.89,10.40,9.80,8,3
"Mennea, Pietro (ITA) (1952)",04-Sep-72,NaN,0.0 m/s,NaN,10.67,15.41,20.30,NaN,9.37,10.55,10.22,2,3
"da Silva, João Eugênio (BRA) (1963)",08-Aug-84,0.165,-0.9 m/s,NaN,10.47,NaN,20.30,NaN,9.55,NaN,10.17,8,4
"Lewis, Carl (USA) (1961)",21-Jun-96,NaN,1.1 m/s,NaN,10.38,NaN,20.30,NaN,9.63,NaN,10.08,7,2
"Marsh, Michael (USA) (1967)",22-Jun-96,NaN,0.0 m/s,NaN,10.46,NaN,20.30,NaN,9.56,NaN,10.16,3,2
"Wheeler, Tony (USA) (1975)",23-Jun-96,NaN,2.7 m/s,NaN,10.46,15.18,20.30,NaN,9.56,10.59,9.77,8,7
"Urbaś, Marcin (POL) (1976)",17-Aug-99,0.131,1.2 m/s,5.89,10.44,15.22,20.30,8.49,10.99,10.46,9.84,5,5
"Greene, Maurice (USA) (1974)",23-Jul-00,NaN,-.07 m/s,NaN,10.4,NaN,20.3,NaN,9.62,NaN,10.10,NaN,3
"Malcolm, Christian (GBR) (1979)",09-Aug-02,0.146,-0.5 m/s,5.84,10.42,15.19,20.30,8.56,10.92,10.48,9.78,NaN,4
"Williams, Bernard (USA) (1978)",18-Jul-04,NaN,-0.7 m/s,5.76,10.30,15.03,20.30,8.68,11.01,10.57,9.49,6,3
"Dix, Walter (USA) (1986)",10-Jun-06,NaN,-0.2 m/s,NaN,10.6,NaN,20.3,NaN,9.43,NaN,10.31,7,1
"Wissman, Johan (SWE) (1982)",23-Sep-07,0.166,1.3 m/s,6.08,10.63,15.33,20.30,8.22,10.99,10.64,10.06,7,4
"Mitchell, Maurice (USA) (1989)",29-Jun-14,0.176,1.3 m/s,NaN,10.5,NaN,20.3,NaN,9.52,NaN,10.20,NaN,3
"Webb, Ameer (USA) (1991)",28-Jun-15,NaN,1.3 m/s,NaN,10.5,NaN,20.3,NaN,9.52,NaN,10.20,NaN,6
"Martinez, Yancarlos (DOM) (1992)",26-Aug-21,0.143,3.2 m/s,6.0,10.6,15.4,20.30,8.33,10.87,10.42,10.20,3,5
"Blake, Jerome (CAN) (1995)",18-Jul-22,0.126,1.0 m/s,NaN,10.59,NaN,20.30,NaN,9.44,NaN,10.30,5,3
Xie Zhenye (CHN) (1993),18-Jul-22,0.159,-0.3 m/s,NaN,10.50,NaN,20.30,NaN,9.52,NaN,10.20,7,3
"Mitchell-Blake, Nethaneel (GBR) (199)",19-Jul-22,0.135,-0.1 m/s,NaN,10.51,NaN,20.30,NaN,9.51,NaN,10.21,7,4
"Tortu, Filippo (ITA) (1998)",08-Sep-23,0.182,-0.1 m/s,5.88,10.44,15.20,20.30,8.50,10.96,10.50,9.80,8,6
"Coleman, Christian (USA) (1996)",27-Jun-24,NaN,1.2 m/s,5.77,10.39,15.13,20.30,8.67,10.82,10.55,9.67,7,2
"Rodney, Brendon (CAN) (1992)",05-Aug-24,0.146,-0.1 m/s,5.84,10.44,15.18,20.30,8.56,10.87,10.55,9.77,2,4
"Hartmann, Joshua (GER) (1999)",05-Aug-24,0.144,0.2 m/s,5.84,10.51,15.31,20.30,8.56,10.71,10.42,10.02,2,3
"de Grasse, Andre (CAN) (1994)",05-Aug-24,0.146,0.1 m/s,5.90,10.53,15.28,20.30,8.47,10.80,10.53,9.96,7,2
"de Grasse, Andre (CAN) (1994)",17-Sep-25,0.152,0.1 m/s,NaN,10.53,NaN,20.30,NaN,9.50,NaN,10.24,4,4
"Lindsey, Courtney (USA) (1998)",18-Sep-25,0.168,0.0 m/s,NaN,10.34,NaN,20.30,NaN,9.67,NaN,10.04,7,3
"Borzov, Valeriy (URS) (1949)",13-Aug-71,NaN,0.0 m/s,NaN,10.5,NaN,20.31,NaN,9.52,NaN,10.19,NaN,1
"Riddick, Steve (USA) (1951)",20-Aug-75,NaN,0.5 m/s,NaN,10.67,15.41,20.31,NaN,9.37,10.55,10.20,NaN,2
"Quénéhervé, Gilles (FRA) (1966)",03-Sep-87,0.264,1.2 m/s,6.01,10.70,15.34,20.31,8.32,10.66,10.78,10.06,5,1
"Griffin, Rohsaan (USA) (1974)",23-Jun-96,NaN,2.7 m/s,NaN,10.49,15.12,20.31,NaN,9.53,10.80,9.63,7,8
"Whitted, Alvis (USA) (1974)",23-Jun-96,NaN,1.7 m/s,10.77,15.54,20.31,20.31,9.29,10.48,10.48,9.85,2,6
"García, Iván (CUB) (1972)",08-Aug-97,0.131,2.3 m/s,5.66,10.30,15.06,20.18,8.83,10.78,10.50,9.77,6,4
"Kedéris, Konstadínos (GRE) (1973)",24-Jun-01,0.157,-0.7 m/s,5.93,10.57,15.27,20.31,8.43,10.78,10.64,9.92,NaN,1
"Jedrusinski, Marcin (POL) (1981)",09-Aug-02,0.175,-0.5 m/s,5.81,10.38,15.16,20.31,8.61,10.94,10.46,9.71,NaN,5
"Mitchell, Maurice (USA) (1989)",26-Jun-11,NaN,2.4 m/s,NaN,10.7,NaN,20.3,NaN,9.35,NaN,10.42,NaN,4
"Austin, Justin (USA) (1989)",26-Jun-11,NaN,2.4 m/s,NaN,10.7,NaN,20.3,NaN,9.35,NaN,10.42,NaN,5
"Bolt, Usain (JAM) (1986)",02-Sep-11,0.207,-1.0 m/s,5.64,10.23,14.98,20.31,9.75,9.80,9.89,9.94,6,1
"de Barros, Bruno (BRA) (1987)",03-Sep-11,0.158,0.8 m/s,NaN,10.5,NaN,20.31,NaN,9.52,NaN,10.19,2,6
"Ernest, Aaron (USA) (1993)",14-Jun-14,NaN,2.1 m/s,NaN,10.4,NaN,20.3,NaN,9.62,NaN,10.10,NaN,4
"Takase, Kei (JPN) (1988)",26-Jun-16,0.176,1.8 m/s,5.89,10.50,15.24,20.31,8.49,10.85,10.55,9.86,7,2
"Makwala, Isaac (BOT) (1986)",09-Sep-21,0.167,0.5 m/s,5.9,10.5,15.3,20.31,8.47,10.87,10.42,9.98,3,6
"Harding, Javonte (USA) (2001)",26-Jun-22,NaN,-0.3 m/s,5.96,10.61,15.37,20.31,8.39,10.75,10.50,10.12,NaN,8
"Brown, Aaron (CAN) (1992)",02-Jun-23,0.150,0.0 m/s,5.82,10.39,15.18,20.31,8.59,10.94,10.44,9.75,4,3
"Burnet, Taymir (NED) (1992)",23-Aug-23,0.137,0.0 m/s,NaN,10.58,NaN,20.31,NaN,9.45,NaN,10.28,7,5
"Stubbs, Jamarion (USA) (2004)",28-Jun-24,NaN,0.7 m/s,6.02,10.68,15.40,20.31,8.31,10.73,10.59,10.18,5,4
"Charamba, Makanakaishe (ZIM) (2001)",07-Aug-24,0.159,-0.2 m/s,6.03,10.66,15.41,20.31,8.29,10.80,10.53,10.20,4,3
"Butler, James (USA) (1960)",10-Jul-82,NaN,1.7 m/s,NaN,10.37,NaN,20.32,NaN,9.64,NaN,10.05,NaN,1
"Panayiotopoulos, Yeoryios (GRE) (19)",08-Aug-97,0.115,2.3 m/s,5.73,10.37,15.19,20.21,8.73,10.78,10.37,9.96,7,5
"Patton, Darvis (USA) (1977)",18-Jul-04,NaN,-0.7 m/s,5.89,10.51,15.22,20.32,8.49,10.82,10.62,9.80,4,4
"Dix, Walter (USA) (1986)",09-Jun-07,NaN,0.4 m/s,NaN,10.5,NaN,20.3,NaN,9.52,NaN,10.20,7,1
"Fujimitsu, Kenji (JPN) (1986)",27-Jun-15,0.190,0.8 m/s,5.89,10.46,15.22,20.32,8.49,10.94,10.50,9.80,4,1
"Brown, Aaron (CAN) (1992)",08-May-16,0.134,-0.6 m/s,5.70,10.30,15.13,20.32,8.77,10.87,10.35,9.63,6,1
"Sani Brown, Abdul Hakim (JPN) (1995)",25-Jun-17,0.185,0.3 m/s,5.80,10.39,15.19,20.32,8.62,10.89,10.42,9.75,6,1
"Dukes, Dedric (USA) (1994)",20-May-18,0.149,0.9 m/s,5.91,10.51,15.30,20.32,8.46,10.87,10.44,9.96,4,3
Xie Zhenye (CHN) (1993),05-Jul-19,0.147,-0.1 m/s,5.9,10.5,15.2,20.32,8.47,10.87,10.64,9.77,1,7
"Hughes, Zharnel (GBR) (1995)",05-Aug-22,0.120,2.1 m/s,5.8,10.4,15.1,20.32,8.62,10.87,10.64,9.58,6,1
"Uzawa, Towa (JPN) (2002)",02-Jun-23,0.165,-0.2 m/s,5.92,10.59,15.31,20.32,8.45,10.71,10.59,9.98,6,1
"Orogot, Tarsis (UGA) (2002)",12-Jul-24,0.157,0.6 m/s,5.96,10.52,15.28,20.32,8.39,10.96,10.50,9.92,7,3
"Orogot, Tarsis (UGA) (2002)",05-Aug-24,0.156,-0.1 m/s,5.89,10.48,15.28,20.32,8.49,10.89,10.42,9.92,3,1
"Larsson, Henrik (SWE) (1999)",18-Sep-25,0.128,1.0 m/s,NaN,10.55,NaN,20.32,NaN,9.48,NaN,10.24,2,8
"Christie, Linford (GBR) (1960)",28-Sep-88,0.164,1.6 m/s,5.85,10.49,15.24,20.33,8.55,10.78,10.53,9.82,3,2
"Napier, Dino (USA) (1969)",22-Jun-96,NaN,0.7 m/s,NaN,10.64,NaN,20.33,NaN,9.40,NaN,10.32,7,3
"Brokenburr, Kenny (USA) (1968)",23-Jul-00,NaN,-0.3 m/s,NaN,10.4,NaN,20.4,NaN,9.62,NaN,10.00,3,5
"Devonish, Marlon (GBR) (1976)",24-Jun-07,0.141,1.0 m/s,NaN,10.41,15.19,20.33,NaN,9.61,10.46,9.73,NaN,1
"Goúsis, Anastásios (GRE) (1979)",29-Aug-07,0.151,-0.4 m/s,5.90,10.42,15.19,20.33,8.47,11.06,10.48,9.73,7,4
"Crawford, Shawn (USA) (1978)",05-Jul-08,NaN,1.8 m/s,5.95,10.59,15.16,20.33,8.40,10.78,10.94,9.67,6,1
"Edward, Alonso (PAN) (1989)",18-Aug-09,0.179,-0.6 m/s,5.88,10.50,15.28,20.33,8.50,10.82,10.46,9.90,6,1
"Fujimitsu, Kenji (JPN) (1986)",10-May-15,NaN,-0.5 m/s,5.82,10.42,15.22,20.33,8.59,10.87,10.42,9.78,6,1
"Takase, Kei (JPN) (1988)",25-Aug-15,0.174,-0.2 m/s,5.78,10.35,15.15,20.33,8.65,10.94,10.42,9.65,6,4
"Ashmeade, Nickel (JAM) (1990)",27-Aug-15,0.132,-0.1 m/s,NaN,10.4,NaN,20.3,NaN,9.62,NaN,10.10,8,8
"Hara, Shota (JPN) (1992)",26-Jun-16,0.152,1.8 m/s,5.89,10.54,15.29,20.33,8.49,10.75,10.53,9.92,5,3
"Bednarek, Kenneth (USA) (1998)",23-May-21,0.166,-3.0 m/s,6.3,10.9,15.7,20.33,7.94,10.87,10.42,10.80,7,1
"Adams, Luxolo (RSA) (1996)",09-Jun-22,0.161,-0.1 m/s,5.88,10.47,15.24,20.33,8.50,10.89,10.48,9.82,5,2
"Ferguson, Joe (GBR) (2000)",18-Jul-22,0.151,1.0 m/s,NaN,10.81,NaN,20.33,NaN,9.25,NaN,10.50,8,4
"Fahnbulleh, Joseph (LBR) (2001)",26-Aug-22,0.145,1.3 m/s,5.95,10.54,15.32,20.33,8.40,10.89,10.46,9.98,4,7
"Uzawa, Towa (JPN) (2002)",23-Aug-23,0.150,-0.2 m/s,5.92,10.56,15.30,20.33,8.45,10.78,10.55,9.94,8,5
"Uzawa, Towa (JPN) (2002)",05-Aug-24,0.114,0.1 m/s,5.84,10.44,15.20,20.33,8.56,10.87,10.50,9.75,4,3
"Brown, Aaron (CAN) (1992)",17-Sep-25,0.153,-0.5 m/s,NaN,10.52,NaN,20.33,NaN,9.51,NaN,10.19,3,5
"Davis, Harold (USA) (1921)",17-May-41,NaN,+ m/s,NaN,10.3,NaN,20.1,NaN,9.71,NaN,5.10,NaN,1
"Roberts, Edwin (TRI) (1941)",16-Oct-68,NaN,0.9 m/s,NaN,10.7,NaN,20.3,NaN,9.35,NaN,10.42,8,4
"Fredericks, Frank (NAM) (1967)",27-Aug-91,NaN,-3.4 m/s,10.36,NaN,20.34,20.34,9.65,NaN,10.02,9.83,4,2
"Marsh, Michael (USA) (1967)",21-Jun-96,NaN,0.3 m/s,NaN,10.42,NaN,20.34,NaN,9.60,NaN,10.08,7,1
"Bradley, Gentry (USA) (1974)",22-Jun-96,NaN,0.7 m/s,NaN,10.63,NaN,20.34,NaN,9.41,NaN,10.30,3,4
"Heard, Floyd (USA) (1966)",23-Jun-96,NaN,1.7 m/s,10.70,15.44,20.34,20.34,9.35,10.55,10.20,9.83,8,7
"Alerte, David (FRA) (1984)",24-Jun-07,0.166,1.0 m/s,NaN,10.55,15.29,20.34,NaN,9.48,10.55,9.90,NaN,2
"Fujimitsu, Kenji (JPN) (1986)",26-Aug-15,0.164,0.8 m/s,5.84,10.43,15.20,20.34,8.56,10.89,10.48,9.73,5,7
"Iizuka, Shota (JPN) (1991)",24-Jun-18,0.178,0.8 m/s,5.91,10.55,15.31,20.34,8.46,10.78,10.50,9.94,5,1
Xie Zhenye (CHN) (1993),03-Aug-19,NaN,0.0 m/s,5.91,10.45,15.27,20.34,8.46,11.01,10.37,9.86,6,1
"Young, Isiah (USA) (1990)",26-Aug-21,0.147,3.2 m/s,5.9,10.5,15.4,20.34,8.47,10.87,10.20,10.12,2,6
"Onwuzurike, Udodi (NGR) (2003)",18-Jul-22,0.134,0.4 m/s,NaN,10.48,NaN,20.34,NaN,9.54,NaN,10.14,7,3
"Dobson, Charles (GBR) (1999)",26-Aug-22,0.145,1.3 m/s,5.95,10.55,15.33,20.34,8.40,10.87,10.46,9.98,1,8
"Uzawa, Towa (JPN) (2002)",23-Aug-23,0.149,-0.2 m/s,5.94,10.62,15.33,20.34,8.42,10.68,10.62,9.98,8,1
"Dambile, Sinesipho (RSA) (2002)",23-Aug-23,0.156,-0.5 m/s,NaN,10.58,NaN,20.34,NaN,9.45,NaN,10.25,8,3
"Richards, Jereem (TTO) (1994)",01-Jun-25,0.176,0.8 m/s,5.93,10.58,15.39,20.34,8.43,10.75,10.40,10.10,6,2
"Mo-Ajok, Xavi (NED) (2002)",11-Jul-25,0.154,-0.8 m/s,5.75,10.34,15.17,20.34,8.70,10.89,10.35,9.67,3,5
"Little, Kevin (USA) (1968)",22-Jun-96,NaN,2.4 m/s,NaN,10.43,NaN,20.35,NaN,9.59,NaN,10.08,NaN,2
"Crawford, Shawn (USA) (1978)",22-Jun-03,NaN,0.1 m/s,5.99,10.54,15.28,20.35,8.35,10.99,10.55,9.86,2,6
"Wariner, Jeremy (USA) (1984)",24-Jun-07,NaN,-0.3 m/s,NaN,10.53,NaN,20.35,NaN,9.50,NaN,10.18,3,4
"Crawford, Shawn (USA) (1978)",19-Aug-09,0.140,0.0 m/s,5.78,10.27,15.05,20.35,8.65,11.14,10.46,9.43,6,3
"Mbandjock, Martial (FRA) (1985)",15-May-11,NaN,2.3 m/s,5.88,10.37,15.13,20.35,8.50,11.14,10.50,9.58,1,1
"Martina, Churandy (NED) (1984)",17-Aug-13,0.138,0.0 m/s,NaN,10.7,NaN,20.4,NaN,9.35,NaN,10.31,1,7
"Sani Brown, Abdul Hakim (JPN) (1995)",25-Aug-15,0.158,0.0 m/s,5.78,10.38,15.19,20.35,8.65,10.87,10.40,9.69,9,2
"Sani Brown, Abdul Hakim (JPN) (1995)",30-Jun-19,0.175,-1.3 m/s,5.73,10.32,15.16,20.35,8.73,10.89,10.33,9.63,4,1
"Adams, Luxolo (RSA) (1996)",05-Jun-22,0.140,2.0 m/s,5.86,10.45,15.23,20.35,8.53,10.89,10.46,9.77,5,2
"Blake, Yohan (JAM) (1989)",18-Jul-22,0.124,0.4 m/s,NaN,10.55,NaN,20.35,NaN,9.48,NaN,10.20,3,4
"Orogot, Tarsis (UGA) (2002)",19-Jul-22,0.181,1.1 m/s,NaN,10.72,NaN,20.35,NaN,9.33,NaN,10.38,1,5
"de Grasse, Andre (CAN) (1994)",05-May-23,0.137,0.3 m/s,5.91,10.46,15.16,20.35,8.46,10.99,10.64,9.63,8,6
"Matadi, Emmanuel (LBR) (1991)",23-Jul-23,0.177,1.6 m/s,5.84,10.45,15.24,20.35,8.56,10.85,10.44,9.78,3,6
"McCoy, Wanya (BAH) (2003)",05-Aug-24,0.160,-0.1 m/s,5.87,10.57,15.34,20.35,8.52,10.64,10.48,9.98,9,2
"Brown, Aaron (CAN) (1992)",16-May-25,0.147,0.7 m/s,5.82,10.48,15.21,20.35,8.59,10.73,10.57,9.73,3,4
"Mo-Ajok, Xavi (NED) (2002)",17-Sep-25,0.154,0.0 m/s,NaN,10.48,NaN,20.35,NaN,9.54,NaN,10.13,8,2
"Heard, Floyd (USA) (1966)",10-Sep-89,0.158,1.9 m/s,NaN,10.40,15.17,20.36,NaN,9.62,10.48,9.63,6,2
"Whitted, Alvis (USA) (1974)",22-Jun-96,NaN,0.0 m/s,NaN,10.51,NaN,20.36,NaN,9.51,NaN,10.15,5,3
"Christian, Brendan (ANT) (1983)",29-Aug-07,0.139,-0.4 m/s,5.79,10.35,15.15,20.36,8.64,10.96,10.42,9.60,3,5
"Sorrillo, Rondell (TTO) (1986)",12-Jun-10,NaN,3.7 m/s,NaN,10.8,NaN,20.4,NaN,9.26,NaN,10.42,NaN,1
Xie Zhenye (CHN) (1993),25-Aug-15,0.191,-0.4 m/s,5.80,10.37,15.15,20.36,8.62,10.94,10.46,9.60,8,3
"Uzawa, Towa (JPN) (2002)",07-Aug-19,NaN,2.1 m/s,5.89,10.44,15.21,20.36,8.49,10.99,10.48,9.71,6,1
"Norwood, Vernon (USA) (1992)",21-Aug-21,0.152,1.5 m/s,6.0,10.7,15.4,20.36,8.33,10.64,10.64,10.08,3,8.7
"Hartmann, Joshua (GER) (1999)",10-May-24,0.126,1.7 m/s,5.80,10.43,15.22,20.36,8.62,10.80,10.44,9.73,2,6
"Rutledge, John (USA) (2003)",28-Jun-24,NaN,0.7 m/s,5.96,10.74,15.43,20.36,8.39,10.46,10.66,10.14,8,5
"Brown, Aaron (CAN) (1992)",05-Aug-24,0.158,0.2 m/s,5.82,10.44,15.26,20.36,8.59,10.82,10.37,9.80,2,4
"Gout, Gout (AUS) (2007)",18-Sep-25,0.140,0.0 m/s,NaN,10.55,NaN,20.36,NaN,9.48,NaN,10.19,4,4
"Burton, Larry (USA) (1951)",04-Sep-72,NaN,0.0 m/s,NaN,10.57,15.23,20.37,NaN,9.46,10.73,9.73,6,4
"Thompson, Obadele (BAR) (1976)",08-Aug-97,0.184,2.3 m/s,5.75,10.31,15.11,20.19,8.70,10.96,10.42,9.84,2,6
"Little, Kevin (USA) (1968)",27-Aug-99,0.159,1.2 m/s,5.84,10.35,15.17,20.37,8.56,11.09,10.37,9.62,8,6
"Jedrusinski, Marcin (POL) (1981)",08-Aug-02,0.158,-0.3 m/s,5.88,10.40,15.22,20.37,8.50,11.06,10.37,9.71,NaN,1
"Crawford, Shawn (USA) (1978)",18-Aug-09,0.166,-0.2 m/s,5.86,10.37,15.13,20.37,8.53,11.09,10.50,9.54,3,1
"Crawford, Shawn (USA) (1978)",01-Jul-12,0.179,2.3 m/s,NaN,10.4,NaN,20.37,NaN,9.62,NaN,10.03,7,7
"Saidy Ndure, Jaysuma (NOR) (1984)",17-Aug-13,0.145,0.0 m/s,NaN,10.5,NaN,20.4,NaN,9.52,NaN,10.10,2,8
"Lyles, Josephus (USA) (1998)",28-Jun-24,NaN,2.5 m/s,5.87,10.55,15.37,20.37,8.52,10.68,10.37,10.00,4,4
"Desalu, Eseosa (ITA) (1994)",07-Aug-24,0.141,-0.2 m/s,5.95,10.53,15.22,20.37,8.40,10.92,10.66,9.71,7,4
"Hughes, Zharnel (GBR) (1995)",05-Apr-25,0.160,0.2 m/s,6.00,10.52,15.28,20.37,8.33,11.06,10.50,9.82,5,2
"Gardiner, Steven (BAH) (1995)",02-May-25,0.200,2.4 m/s,6.20,10.86,15.61,20.37,8.06,10.73,10.53,10.50,5,4
"McCallum, T'Mars (USA) (2004)",03-Aug-25,NaN,0.0 m/s,5.78,10.42,15.19,20.37,8.65,10.78,10.48,9.65,8,2
"Smith, Calvin (USA) (1961)",01-Sep-87,0.246,1.3 m/s,5.89,10.55,15.33,20.38,8.49,10.73,10.46,9.90,3,1
"Adeniken, Olapade (NGR) (1969)",10-Sep-89,0.264,1.9 m/s,NaN,10.49,15.29,20.38,NaN,9.53,10.42,9.82,5,3
"Devonish, Marlon (GBR) (1976)",09-Aug-01,0.133,0.2 m/s,NaN,10.2,NaN,20.4,NaN,9.80,NaN,9.82,8,8
"Williams, Christopher (JAM) (1972)",06-Sep-01,NaN,-0.2 m/s,NaN,10.3,NaN,20.4,NaN,9.71,NaN,9.90,NaN,2
"Obikwelu, Francis (POR) (1978)",28-Aug-07,0.164,0.9 m/s,5.88,10.35,15.15,20.38,8.50,11.19,10.42,9.56,3,3
"Iizuka, Shota (JPN) (1991)",03-May-16,NaN,1.0 m/s,5.86,10.52,15.35,20.38,8.53,10.73,10.35,9.94,NaN,1
"Gay, Tyson (USA) (1982)",09-Jul-16,0.180,1.6 m/s,NaN,10.7,NaN,20.4,NaN,9.35,NaN,10.31,2,6
"Williams, Kendal (USA) (1995)",09-Jul-16,0.166,1.6 m/s,NaN,10.6,NaN,20.4,NaN,9.43,NaN,10.20,3,7
"de Grasse, Andre (CAN) (1994)",18-Jun-22,0.163,0.6 m/s,5.88,10.51,15.28,20.38,8.50,10.80,10.48,9.80,6,4
"Mena, Reynier (CUB) (1996)",02-Sep-22,0.129,-2.9 m/s,5.75,10.34,15.15,20.38,8.70,10.89,10.40,9.56,5,5
"Hudson, Andrew (JAM) (1996)",24-Aug-23,0.138,-0.1 m/s,NaN,10.48,NaN,20.38,NaN,9.54,NaN,10.10,9,5
"Fahnbulleh, Joseph (LBR) (2001)",17-Sep-23,0.165,0.6 m/s,6.00,10.64,15.38,20.38,8.33,10.78,10.55,10.00,4,7
"Gregory, Robert (USA) (2001)",27-Jun-24,NaN,0.0 m/s,5.98,10.63,15.43,20.38,8.36,10.75,10.42,10.10,3,2
"Reais, William (SUI) (1999)",17-Sep-25,0.163,-0.3 m/s,NaN,10.48,NaN,20.38,NaN,9.54,NaN,10.10,6,4
"Wright, Terron (USA) (1958)",10-Jul-82,NaN,1.7 m/s,NaN,10.47,NaN,20.39,NaN,9.55,NaN,10.08,NaN,2
"Mahorn, Atlee (CAN) (1965)",28-Sep-88,0.159,1.7 m/s,5.88,10.60,15.35,20.39,8.50,10.59,10.53,9.92,2,5
"Wheeler, Tony (USA) (1975)",22-Jun-96,NaN,0.0 m/s,NaN,10.55,NaN,20.39,NaN,9.48,NaN,10.16,4,4
"Little, Kevin (USA) (1968)",23-Jun-96,NaN,1.7 m/s,10.72,15.48,20.39,20.39,9.33,10.50,10.18,9.81,7,8
"Wissman, Johan (SWE) (1982)",24-Jul-07,NaN,0.3 m/s,NaN,10.67,15.38,20.39,NaN,9.37,10.62,9.98,4,1
"Martina, Churandy (AHO) (1984)",28-Aug-07,0.140,-0.3 m/s,5.91,10.43,15.22,20.39,8.46,11.06,10.44,9.67,6,3
"Williams, Christopher (JAM) (1972)",23-Sep-07,0.151,1.3 m/s,5.95,10.57,15.38,20.39,8.40,10.82,10.40,9.98,3,5
"Clark, Charles (USA) (1987)",20-Aug-09,0.158,-0.3 m/s,5.80,10.38,15.16,20.39,8.62,10.92,10.46,9.56,7,6
"Crawford, Shawn (USA) (1978)",26-Jun-11,NaN,2.4 m/s,NaN,10.6,NaN,20.4,NaN,9.43,NaN,10.20,NaN,6
"Iizuka, Shota (JPN) (1991)",03-May-14,NaN,0.8 m/s,5.88,10.48,15.23,20.39,8.50,10.87,10.53,9.69,NaN,1
"Rodney, Brendon (CAN) (1992)",10-Jun-16,NaN,0.1 m/s,NaN,10.5,NaN,20.4,NaN,9.52,NaN,10.10,NaN,3
"Desalu, Eseosa (ITA) (1994)",04-Sep-20,0.150,0.1 m/s,6.1,10.6,15.3,20.39,8.20,11.11,10.64,9.82,6,1
"Forte, Julian (JAM) (1993)",25-Sep-20,0.150,0.9 m/s,5.9,10.5,15.3,20.39,8.47,10.87,10.42,9.82,6,2
"Onwuzurike, Udodi (NGR) (2003)",19-Jul-22,0.122,1.1 m/s,NaN,10.60,NaN,20.39,NaN,9.43,NaN,10.21,7,6
"Hartmann, Joshua (GER) (1999)",15-Jun-23,0.131,0.6 m/s,5.85,10.49,15.32,20.39,8.55,10.78,10.35,9.86,1,6
"Lindsey, Courtney (USA) (1998)",23-Aug-23,0.153,-0.2 m/s,NaN,10.54,NaN,20.39,NaN,9.49,NaN,10.15,7,2
"Brown, Aaron (CAN) (1992)",31-Aug-23,0.157,-0.5 m/s,5.79,10.36,NaN,20.39,8.64,10.94,NaN,9.97,3,6
"Fahnbulleh, Joseph (LBR) (2001)",25-Aug-24,0.164,0.6 m/s,6.11,10.74,15.47,20.39,8.18,10.80,10.57,10.16,3,6
"Kerley, Fred (USA) (1995)",05-Apr-25,0.180,0.2 m/s,5.87,10.48,15.31,20.39,8.52,10.85,10.35,9.84,7,3
"Mumenthaler, Timothé (SUI) (2002)",17-Sep-25,0.140,-0.2 m/s,NaN,10.56,NaN,20.39,NaN,9.47,NaN,10.17,9,3
"Uzawa, Towa (JPN) (2002)",17-Sep-25,0.170,0.0 m/s,NaN,10.49,NaN,20.39,NaN,9.53,NaN,10.10,3,3
"Williams, Desai (CAN) (1959)",06-Aug-84,NaN,2.2 m/s,NaN,10.35,NaN,20.40,NaN,9.66,NaN,9.95,7,1
"Jefferson, Thomas (USA) (1962)",08-Aug-84,NaN,-2.2 m/s,NaN,10.46,NaN,20.40,NaN,9.56,NaN,10.06,3,2
"Quénéhervé, Gilles (FRA) (1966)",28-Sep-88,0.190,1.7 m/s,5.95,10.65,15.44,20.40,8.40,10.64,10.44,10.08,1,6
"Berrian, Chris (USA) (1983)",25-Jun-06,NaN,0.3 m/s,5.90,10.66,15.43,20.40,8.47,10.50,10.48,10.06,8,6
"Williams, Rubin (USA) (1983)",24-Jun-07,NaN,-0.3 m/s,NaN,10.5,NaN,20.4,NaN,9.52,NaN,10.10,7,5
"Williams, Christopher (JAM) (1972)",28-Aug-07,0.143,0.3 m/s,5.91,10.48,15.30,20.40,8.46,10.94,10.37,9.80,7,4
"Obikwelu, Francis (POR) (1978)",29-Aug-07,0.167,-0.4 m/s,5.84,10.30,15.13,20.40,8.56,11.21,10.35,9.49,8,5
"Dix, Walter (USA) (1986)",14-Jun-08,NaN,0.8 m/s,NaN,10.5,NaN,20.4,NaN,9.52,NaN,10.10,NaN,1
"Malcolm, Christian (GBR) (1979)",20-Aug-08,0.212,-0.9 m/s,NaN,10.47,NaN,20.40,NaN,9.55,NaN,10.07,3,7-5
"Guliyev, Ramil (AZE) (1990)",18-Aug-09,0.154,-0.3 m/s,5.92,10.56,15.31,20.40,8.45,10.78,10.53,9.82,7,2
"Iizuka, Shota (JPN) (1991)",08-May-16,0.160,-0.6 m/s,5.78,10.39,15.24,20.40,8.65,10.85,10.31,9.69,4,2
"King, Kyree (USA) (1994)",25-Jun-17,NaN,-2.3 m/s,NaN,10.49,NaN,20.40,NaN,9.53,NaN,10.09,4,4
"Tortu, Filippo (ITA) (1998)",09-Jun-22,0.174,-0.1 m/s,5.92,10.58,15.33,20.40,8.45,10.73,10.53,9.86,6,3
"Amoah, Joseph (GHA) (1997)",18-Jul-22,0.145,1.0 m/s,NaN,10.61,NaN,20.40,NaN,9.43,NaN,10.21,6,5
"Richards, Jereem (TTO) (1994)",05-Aug-22,0.142,0.1 m/s,5.8,10.5,15.3,20.40,8.62,10.64,10.42,9.80,5,1
"Macik, Ondrej (CZE) (2001)",23-Aug-23,0.149,-0.1 m/s,NaN,10.64,NaN,20.40,NaN,9.40,NaN,10.25,9,3
"Hudson, Andrew (JAM) (1996)",25-Aug-23,0.147,-0.2 m/s,10.46,NaN,20.40,20.40,9.56,NaN,10.06,9.80,1,8
"Blake, Jerome (CAN) (1995)",04-May-25,0.240,0.2 m/s,5.98,10.57,15.34,20.40,8.36,10.89,10.48,9.88,8,6
"Larsson, Henrik (SWE) (1999)",17-Sep-25,0.126,-0.2 m/s,NaN,10.48,NaN,20.40,NaN,9.54,NaN,10.08,8,4
"Quow, Elliott (USA) (1962)",14-Aug-83,0.213,1.2 m/s,NaN,10.54,15.31,20.41,NaN,9.49,10.48,9.80,6,2
"Tilli, Stefano (ITA) (1962)",10-Sep-89,0.157,1.9 m/s,NaN,10.54,15.35,20.41,NaN,9.49,10.40,9.88,4,4
"Devonish, Marlon (GBR) (1976)",08-Aug-02,0.143,-0.8 m/s,5.87,10.47,15.27,20.41,8.52,10.87,10.42,9.73,NaN,2
"Barnett, Brian (CAN) (1987)",28-Aug-07,0.173,-0.3 m/s,5.95,10.52,15.31,20.41,8.40,10.94,10.44,9.80,4,4
"Bolt, Usain (JAM) (1986)",18-Aug-09,0.164,0.0 m/s,5.71,10.35,15.22,20.41,8.76,10.78,10.27,9.63,3,1
"McLean, Sean (USA) (1992)",29-Jun-14,0.205,1.3 m/s,NaN,10.8,NaN,20.4,NaN,9.26,NaN,10.42,NaN,4
"Tortu, Filippo (ITA) (1998)",13-May-22,0.139,2.1 m/s,5.8,10.7,15.4,20.41,8.62,10.20,10.64,9.98,1,7
Xie Zhenye (CHN) (1993),19-Jul-22,0.148,0.3 m/s,NaN,10.47,NaN,20.41,NaN,9.55,NaN,10.06,7,5
"Tortu, Filippo (ITA) (1998)",02-Jun-23,0.159,0.0 m/s,5.92,10.56,15.36,20.41,8.45,10.78,10.42,9.90,7,4
"Correa, Renan (BRA) (2004)",05-Aug-24,0.169,-0.1 m/s,5.88,10.49,15.29,20.41,8.50,10.85,10.42,9.77,6,3
"de Grasse, Andre (CAN) (1994)",07-Aug-24,0.129,-0.1 m/s,5.95,10.55,15.33,20.41,8.40,10.87,10.46,9.84,5,3
"Tortu, Filippo (ITA) (1998)",16-May-25,0.168,0.7 m/s,5.85,10.53,15.28,20.41,8.55,10.68,10.53,9.75,4,5
"Blake, Jerome (CAN) (1995)",18-Sep-25,0.143,0.0 m/s,NaN,10.49,NaN,20.41,NaN,9.53,NaN,10.08,2,5
"Maybank, Anthuan (USA) (1969)",21-Jun-96,NaN,0.3 m/s,NaN,10.62,NaN,20.42,NaN,9.42,NaN,10.20,8,2
"Cavallaro, Alessandro (ITA) (1980)",27-Aug-03,0.151,-0.5 m/s,NaN,10.76,NaN,20.42,NaN,9.29,NaN,10.35,4,2
"Walker, Everett (USA) (1990)",14-Jun-14,NaN,2.1 m/s,NaN,10.4,NaN,20.4,NaN,9.62,NaN,10.00,NaN,5
"Young, Isiah (USA) (1990)",25-Jun-17,NaN,-2.3 m/s,NaN,10.39,NaN,20.42,NaN,9.62,NaN,9.97,6,5
"Koike, Yuki (JPN) (1995)",24-Jun-18,0.162,0.8 m/s,5.83,10.48,15.26,20.42,8.58,10.75,10.46,9.69,7,2
"Fahnbulleh, Joseph (LBR) (2001)",23-Aug-23,0.161,-1.4 m/s,NaN,10.82,NaN,20.42,NaN,9.24,NaN,10.42,5,2
"van Niekerk, Wayde (RSA) (1992)",05-Aug-24,0.157,0.1 m/s,5.83,10.42,15.23,20.42,8.58,10.89,10.40,9.63,3,3
"Rodney, Brendon (CAN) (1992)",06-Aug-24,0.144,0.6 m/s,5.85,10.43,15.21,20.42,8.55,10.92,10.46,9.60,4,1
"Brown, Aaron (CAN) (1992)",06-Aug-24,0.158,0.0 m/s,5.83,10.46,15.31,20.42,8.58,10.80,10.31,9.78,4,2
"Maswanganyi, Shaun (RSA) (2001)",07-Aug-24,0.156,-0.1 m/s,5.85,10.43,15.23,20.42,8.55,10.92,10.42,9.63,4,4
"Fahnbulleh, Joseph (LBR) (2001)",05-Apr-25,0.180,0.2 m/s,6.08,10.65,15.48,20.42,8.22,10.94,10.35,10.12,8,4
"Jack, Naeem (RSA) (2007)",11-Jul-25,0.180,-1.9 m/s,5.78,10.39,15.17,20.42,8.65,10.85,10.46,9.52,5,3
"Coleman, Christian (USA) (1996)",22-Aug-25,0.160,-0.3 m/s,5.82,10.42,15.23,20.42,8.59,10.87,10.40,9.63,4,4
"Evans, Dwayne (USA) (1958)",26-Jul-76,NaN,0.7 m/s,NaN,10.30,15.31,20.43,NaN,9.71,9.98,9.77,7,3
"Martin, Roy (USA) (1966)",21-Jun-84,NaN,-0.2 m/s,NaN,10.51,NaN,20.43,NaN,9.51,NaN,10.08,2,4
"Mahorn, Atlee (CAN) (1965)",28-Sep-88,0.250,1.5 m/s,5.93,10.55,15.35,20.43,8.43,10.82,10.42,9.84,6,3
"Wheeler, Tony (USA) (1975)",21-Jun-96,NaN,1.1 m/s,NaN,10.51,NaN,20.43,NaN,9.51,NaN,10.08,3,3
"Bridgewater, Brian (USA) (1970)",22-Jun-96,NaN,2.4 m/s,NaN,10.51,NaN,20.43,NaN,9.51,NaN,10.08,NaN,3
"Goúsis, Anastásios (GRE) (1979)",24-Jun-07,0.139,1.0 m/s,NaN,10.52,15.26,20.43,NaN,9.51,10.55,9.67,NaN,3
"Gay, Tyson (USA) (1982)",04-Jul-08,NaN,0.8 m/s,5.89,10.49,15.23,20.43,8.49,10.87,10.55,9.62,5,1
"Mbandjock, Martial (FRA) (1985)",19-Aug-09,0.155,0.3 m/s,5.89,10.54,15.36,20.43,8.49,10.75,10.37,9.86,7,5
"Collins, Kim (SKN) (1976)",15-May-11,NaN,2.3 m/s,5.78,10.27,15.10,20.43,8.65,11.14,10.35,9.38,2,2
"Fujimitsu, Kenji (JPN) (1986)",18-Apr-15,NaN,1.5 m/s,5.96,10.63,15.39,20.43,8.39,10.71,10.50,9.92,5,1
"Guliyev, Ramil (TUR) (1990)",18-Aug-16,0.141,-0.5 m/s,NaN,10.6,NaN,20.43,NaN,9.43,NaN,10.17,1,8
"Sani Brown, Abdul Hakim (JPN) (1995)",09-Aug-17,0.193,-0.3 m/s,5.79,10.35,15.15,20.43,8.64,10.96,10.42,9.47,9,2
"Flournoy, Jaron (USA) (1996)",08-Jun-18,NaN,0.0 m/s,NaN,10.5,NaN,20.4,NaN,9.52,NaN,10.10,NaN,4
"de Grasse, Andre (CAN) (1994)",08-Sep-22,0.152,-0.6 m/s,5.98,10.59,15.38,20.43,8.36,10.85,10.44,9.90,8,6
"Correa, Renan (BRA) (2004)",24-Aug-23,0.174,0.0 m/s,NaN,10.56,NaN,20.43,NaN,9.47,NaN,10.13,4,5
"Hartmann, Joshua (GER) (1999)",31-Aug-23,0.141,-0.5 m/s,5.84,10.47,15.35,20.43,8.56,10.80,10.25,9.84,1,7
"Rutledge, John (USA) (2003)",27-Jun-24,NaN,0.0 m/s,5.87,10.57,15.38,20.43,8.52,10.64,10.40,9.90,8,3
"Hudson, Andrew (JAM) (1996)",12-Jul-24,0.143,0.6 m/s,5.81,10.36,15.15,20.43,8.61,10.99,10.44,9.47,8,4
"Tortu, Filippo (ITA) (1998)",12-Jul-24,0.199,0.6 m/s,5.94,10.53,15.31,20.43,8.42,10.89,10.46,9.77,5,5
"Seville, Oblique (JAM) (2001)",05-Apr-25,0.370,0.2 m/s,6.03,10.62,15.37,20.43,8.29,10.89,10.53,9.88,6,5
"King, Kyree (USA) (1994)",28-Aug-25,0.155,-0.6 m/s,5.80,10.39,15.22,20.43,8.62,10.89,10.35,9.60,2,6
"Gregory, Robert (USA) (2001)",17-Sep-25,0.175,-0.2 m/s,NaN,10.61,NaN,20.43,NaN,9.43,NaN,10.18,5,5
"Blake, Jerome (CAN) (1995)",17-Sep-25,0.154,-0.3 m/s,NaN,10.47,NaN,20.43,NaN,9.55,NaN,10.04,4,5
"Desalu, Eseosa (ITA) (1994)",17-Sep-25,0.149,0.1 m/s,NaN,10.54,NaN,20.43,NaN,9.49,NaN,10.11,6,5
"Davis, Harold (USA) (1921)",20-Jun-43,NaN,+ m/s,NaN,9.9,NaN,20.2,NaN,10.10,NaN,4.85,NaN,1
"Brown, Aaron (CAN) (1992)",30-Jun-23,0.140,-1.4 m/s,5.75,10.37,15.18,20.44,8.70,10.82,10.40,9.51,4,5
"Tuffour, Emmanuel (GHA) (1966)",19-Aug-93,NaN,0.1 m/s,6.02,10.68,15.40,20.44,8.31,10.73,10.59,9.92,8,4-3
"Little, Kevin (USA) (1968)",21-Jun-96,NaN,0.9 m/s,NaN,10.45,NaN,20.44,NaN,9.57,NaN,10.01,4,2
"Dopek, Dave (USA) (1973)",22-Jun-96,NaN,0.0 m/s,NaN,10.72,NaN,20.44,NaN,9.33,NaN,10.29,7,5
"Dopek, Dave (USA) (1973)",23-Jun-96,NaN,-0.3 m/s,NaN,10.83,15.51,20.44,NaN,9.23,10.68,10.14,7,5
"Drummond, Jon (USA) (1968)",08-Aug-97,0.144,2.3 m/s,5.62,10.20,15.06,20.30,8.90,10.92,10.29,9.54,1,7
"Stevens, Patrick (BEL) (1968)",08-Aug-97,0.183,2.3 m/s,5.74,10.38,15.18,20.26,8.71,10.78,10.42,9.84,8,8
"Dix, Walter (USA) (1986)",11-Jun-05,NaN,-0.7 m/s,NaN,10.4,NaN,20.3,NaN,9.62,NaN,10.10,7,4
"Dixon, Leroy (USA) (1983)",25-Jun-06,NaN,0.3 m/s,5.87,10.47,15.33,20.44,8.52,10.87,10.29,9.78,2,7
"Spearmon, Wallace (USA) (1984)",18-Aug-09,0.161,-0.6 m/s,6.06,10.56,15.35,20.44,8.25,11.11,10.44,9.82,4,2
"Makwala, Isaac (BOT) (1986)",10-Aug-17,0.170,-0.1 m/s,NaN,10.15,15.17,20.27,NaN,9.85,9.96,9.80,6,6
"Orogot, Tarsis (UGA) (2002)",18-Jul-22,0.158,0.5 m/s,NaN,10.67,NaN,20.44,NaN,9.37,NaN,10.24,3,3
"Maganga Gorra, Guy (GAB) (1993)",18-Jul-22,0.150,1.0 m/s,NaN,10.65,NaN,20.44,NaN,9.39,NaN,10.21,8,2
"Ferguson, Joe (GBR) (2000)",23-Jul-23,0.156,1.6 m/s,6.00,10.74,15.52,20.44,8.33,10.55,10.46,10.16,1,7
"Correa, Renan (BRA) (2004)",23-Aug-23,0.171,-0.2 m/s,NaN,10.55,NaN,20.44,NaN,9.48,NaN,10.11,6,2
"Orogot, Tarsis (UGA) (2002)",23-Aug-23,0.160,-0.2 m/s,NaN,10.92,NaN,20.44,NaN,9.16,NaN,10.50,5,4
"Stubbs, Jamarion (USA) (2004)",27-Jun-24,NaN,0.3 m/s,5.97,10.66,15.40,20.44,8.38,10.66,10.55,9.92,3,3
"Lyles, Josephus (USA) (1998)",27-Jun-24,NaN,0.3 m/s,5.89,10.56,15.37,20.44,8.49,10.71,10.40,9.86,7,4
"Colbert, Laurenz (USA) (2003)",28-Jun-24,NaN,2.5 m/s,5.92,10.69,15.48,20.44,8.45,10.48,10.44,10.08,1,5
"Riddick, Steve (USA) (1951)",21-Jun-76,NaN,1.7 m/s,NaN,10.7,NaN,20.45,NaN,9.35,NaN,10.26,4,4
"Pavoni, Pierfrancesco (ITA) (1963)",03-Sep-87,NaN,-0.4 m/s,5.93,10.65,15.37,20.45,8.43,10.59,10.59,10.20,7,7
"Whitted, Alvis (USA) (1974)",21-Jun-96,NaN,0.9 m/s,NaN,10.48,NaN,20.45,NaN,9.54,NaN,10.03,1,3
"Johnson, Joshua J. (USA) (1976)",17-Jul-04,NaN,-0.7 m/s,5.97,10.58,15.30,20.45,8.38,10.85,10.59,9.71,3,2
"Dzingai, Brian (ZIM) (1981)",29-Aug-07,0.125,-0.4 m/s,5.91,10.45,15.25,20.45,8.46,11.01,10.42,9.62,5,6
"Alerte, David (FRA) (1984)",19-Aug-09,0.147,0.0 m/s,5.94,10.60,15.40,20.45,8.42,10.73,10.42,9.90,4,4
"Mitchell, Curtis (USA) (1989)",12-Jun-10,NaN,3.7 m/s,NaN,10.9,NaN,20.5,NaN,9.17,NaN,10.42,NaN,2
"Takase, Kei (JPN) (1988)",03-May-14,NaN,0.8 m/s,5.93,10.56,15.30,20.45,8.43,10.80,10.55,9.71,NaN,2
"Matadi, Emmanuel (LBR) (1991)",28-May-21,0.152,0.4 m/s,5.9,10.5,15.3,20.45,8.47,10.87,10.42,9.71,2,4
"King, Kyree (USA) (1994)",14-Sep-24,0.155,0.7 m/s,5.85,10.48,15.31,20.45,8.55,10.80,10.35,9.73,3,6
"Prenzler, Olaf (GDR) (1958)",09-Sep-82,NaN,-0.6 m/s,NaN,10.42,NaN,20.46,NaN,9.60,NaN,9.96,NaN,1
"Baptiste, Kirk (USA) (1963)",21-Jun-84,NaN,-1.3 m/s,NaN,10.42,NaN,20.46,NaN,9.60,NaN,9.96,NaN,2
"Emmelmann, Frank (GDR) (1961)",21-Jul-84,NaN,0.6 m/s,NaN,10.49,NaN,20.46,NaN,9.53,NaN,10.03,NaN,1
"Jędrusiński, Marcin (POL) (1981)",09-Aug-02,0.160,-0.5 m/s,5.90,10.55,15.34,20.46,8.47,10.75,10.44,9.77,NaN,1
"Martin, Rodney (USA) (1982)",26-Jun-05,NaN,-0.9 m/s,5.96,10.59,15.40,20.46,8.39,10.80,10.40,9.88,7,5
"Yamashita, Jun (JPN) (1997)",24-Jun-18,0.160,0.8 m/s,5.88,10.53,15.30,20.46,8.50,10.75,10.48,9.69,9,3
"Trimble, Jamiel (USA) (1995)",28-Jul-19,NaN,-0.7 m/s,NaN,10.8,NaN,20.5,NaN,9.26,NaN,10.31,NaN,4
"Koike, Yuki (JPN) (1995)",29-Sep-19,0.167,0.5 m/s,5.85,10.44,15.22,20.46,8.55,10.89,10.46,9.54,8,4
"Reais, William (SUI) (1999)",26-Aug-21,0.140,3.2 m/s,5.9,10.6,15.4,20.46,8.47,10.64,10.42,9.88,8,7-6
"Norwood, Vernon (USA) (1992)",09-Sep-21,0.150,0.5 m/s,5.9,10.6,15.4,20.46,8.47,10.64,10.42,9.88,2,7
"Fahnbulleh, Joseph (LBR) (2001)",10-Aug-22,0.261,0.8 m/s,6.05,10.63,15.43,20.46,8.26,10.92,10.42,9.94,4,7
"Tortu, Filippo (ITA) (1998)",23-Aug-23,0.179,-0.5 m/s,NaN,10.64,NaN,20.46,NaN,9.40,NaN,10.18,3,4
"Phillips, David (USA) (2001)",28-Jun-24,NaN,2.5 m/s,5.90,10.63,15.39,20.46,8.47,10.57,10.50,9.86,2,6
"Fahnbulleh, Joseph (LBR) (2001)",28-Aug-25,0.134,-0.6 m/s,5.90,10.51,15.33,20.46,8.47,10.85,10.37,9.75,8,8
"Croal, Jaleel (IVB) (2003)",17-Sep-25,0.156,0.0 m/s,NaN,10.46,NaN,20.46,NaN,9.56,NaN,10.00,7,4
"Quow, Elliott (USA) (1962)",21-Jun-84,NaN,-0.2 m/s,NaN,10.39,NaN,20.47,NaN,9.62,NaN,9.92,6,5
"Henderson, Kevin (USA) (1965)",21-Jun-96,NaN,1.1 m/s,10.42,NaN,20.47,20.47,9.60,NaN,9.95,9.77,5,4
"Napier, Dino (USA) (1969)",21-Jun-96,NaN,0.9 m/s,10.49,NaN,20.47,20.47,9.53,NaN,10.02,9.77,2,4
"Cavallaro, Alessandro (ITA) (1980)",27-Aug-03,0.137,0.6 m/s,10.70,NaN,20.47,20.47,9.35,NaN,10.24,9.77,5,2
"Wissman, Johan (SWE) (1982)",06-Jul-08,NaN,2.5 m/s,10.67,15.44,20.47,20.47,9.37,10.48,9.94,9.77,5,1
"McClain, Remontay (USA) (1992)",28-Jun-15,NaN,1.3 m/s,10.6,NaN,20.5,20.47,9.43,NaN,10.10,9.77,NaN,7
"Sani Brown, Abdul Hakim (JPN) (1995)",26-Aug-15,0.182,-0.2 m/s,5.86,10.43,15.27,20.47,8.53,10.94,10.33,9.62,9,5
"Fujimitsu, Kenji (JPN) (1986)",25-Jun-17,0.174,0.3 m/s,5.88,10.48,15.32,20.47,8.50,10.87,10.33,9.71,7,2
"Webb, Ameer (USA) (1991)",24-Jun-18,NaN,-1.9 m/s,NaN,10.6,NaN,20.5,NaN,9.43,NaN,10.10,4,1
"Siame, Sydney (ZAM) (1997)",05-Jul-19,0.147,-0.1 m/s,5.9,10.5,15.4,20.47,8.47,10.87,10.20,9.86,2,8
"Iizuka, Shota (JPN) (1991)",20-Sep-20,0.171,1.2 m/s,5.95,10.59,15.39,20.47,8.40,10.78,10.42,9.84,6,1
"Adams, Luxolo (RSA) (1996)",21-Jul-22,0.118,0.4 m/s,10.51,NaN,20.47,20.47,9.51,NaN,10.04,9.77,1,8
"Brown, Aaron (CAN) (1992)",25-May-24,0.143,1.8 m/s,5.86,10.53,15.35,20.47,8.53,10.71,10.37,9.77,4,6
"Hartmann, Joshua (GER) (1999)",07-Aug-24,0.151,-0.2 m/s,5.83,10.47,15.35,20.47,8.58,10.78,10.25,9.77,5,5
"Afrifah, Blessing (ISR) (2003)",17-Sep-25,0.154,-0.1 m/s,NaN,10.59,NaN,20.47,NaN,9.44,NaN,10.12,6,4
"Lewis, Carl (USA) (1961)",06-Aug-84,NaN,-0.5 m/s,NaN,10.47,NaN,20.48,NaN,9.55,NaN,9.99,4,1
"Quénéhervé, Gilles (FRA) (1966)",01-Sep-87,0.271,0.4 m/s,5.94,10.72,15.46,20.48,8.42,10.46,10.55,9.96,4,1
"Bradley, Gentry (USA) (1974)",21-Jun-96,NaN,0.3 m/s,NaN,10.55,NaN,20.48,NaN,9.48,NaN,10.07,1,3
"Henderson, Kevin (USA) (1965)",22-Jun-96,NaN,2.4 m/s,NaN,10.40,NaN,20.48,NaN,9.62,NaN,9.92,NaN,4
"Golding, Julian (GBR) (1975)",27-Aug-99,0.131,1.2 m/s,6.07,10.76,15.51,20.48,8.24,10.66,10.53,10.06,1,7
"Cavallaro, Alessandro (ITA) (1980)",10-Jul-00,NaN,0.4 m/s,NaN,10.59,NaN,20.48,NaN,9.44,NaN,10.11,NaN,1
"Obikwelu, Francis (POR) (1978)",09-Aug-02,0.143,-0.5 m/s,5.81,10.41,15.25,20.48,8.61,10.87,10.33,9.56,NaN,2
"Grimes, Mickey (USA) (1976)",17-Jul-04,NaN,-0.7 m/s,5.84,10.44,15.20,20.48,8.56,10.87,10.50,9.47,7,3
"Willie, Kelly (USA) (1986)",10-Jun-06,NaN,-0.2 m/s,NaN,10.6,NaN,20.5,NaN,9.43,NaN,10.10,6,2
"Johnson, Joshua J. (USA) (1976)",23-Sep-07,0.161,1.3 m/s,6.17,10.73,15.43,20.48,8.10,10.96,10.64,9.90,8,6
"Clark, Charles (USA) (1987)",05-Jul-08,NaN,2.2 m/s,6.02,10.86,15.48,20.48,8.31,10.33,10.82,10.00,6,4
"Hession, Paul (IRL) (1983)",18-Aug-09,0.154,-0.3 m/s,5.89,10.48,15.33,20.48,8.49,10.89,10.31,9.71,6,3
"Hession, Paul (IRL) (1983)",19-Aug-09,0.166,0.3 m/s,5.93,10.55,15.35,20.48,8.43,10.82,10.42,9.75,8,6
"White, Deun (USA) (1985)",26-Jun-11,NaN,2.4 m/s,NaN,10.7,NaN,20.5,NaN,9.35,NaN,10.20,NaN,8
"Koike, Yuki (JPN) (1995)",30-Jun-19,0.162,-1.3 m/s,5.80,10.38,15.20,20.48,8.62,10.92,10.37,9.47,5,2
"Iizuka, Shota (JPN) (1991)",09-May-21,0.139,1.4 m/s,5.91,10.55,15.35,20.48,8.46,10.78,10.42,9.75,5,1
"Ueyama, Koki (JPN) (1999)",19-Jul-22,0.129,0.3 m/s,NaN,10.46,NaN,20.48,NaN,9.56,NaN,9.98,6,6
"Mena, Reynier (CUB) (1996)",02-Jun-23,0.134,0.0 m/s,5.80,10.44,15.29,20.48,8.62,10.78,10.31,9.63,1,5
"Mahorn, Atlee (CAN) (1965)",27-Aug-91,NaN,-3.4 m/s,NaN,10.45,NaN,20.49,NaN,9.57,NaN,9.96,5,3
"da Silva, Robson Caetano (BRA) (19€)",27-Aug-91,NaN,-3.4 m/s,NaN,10.47,NaN,20.49,NaN,9.55,NaN,9.98,1,4
"Emmanuel, Tuffour (GHA) (1966)",20-Aug-93,NaN,0.3 m/s,NaN,10.60,NaN,20.49,NaN,9.43,NaN,10.11,2,7
"Dopek, Dave (USA) (1973)",21-Jun-96,NaN,0.3 m/s,NaN,10.60,NaN,20.49,NaN,9.43,NaN,10.11,5,4
"Capel, John (USA) (1978)",17-Jul-04,NaN,0.1 m/s,5.87,10.51,15.31,20.49,8.52,10.78,10.42,9.65,6,4
"Bookman, Leo (USA) (1982)",26-Jun-05,NaN,-0.9 m/s,5.77,10.36,15.25,20.49,8.67,10.89,10.22,9.54,8,6
"Takahira, Shinji (JPN) (1984)",11-Jun-11,NaN,0.0 m/s,5.85,10.54,15.37,20.49,8.55,10.66,10.35,9.77,NaN,1
"lizuka, Shota (JPN) (1991)",16-Aug-16,NaN,0.3 m/s,5.83,10.53,15.33,20.49,8.58,10.64,10.42,9.69,3,4
"King, Kyree (USA) (1994)",28-Jul-19,NaN,-0.7 m/s,NaN,10.7,NaN,20.5,NaN,9.35,NaN,10.20,NaN,5
"Gatlin, Justin (USA) (1982)",28-May-21,0.153,0.4 m/s,6.0,10.6,15.3,20.49,8.33,10.87,10.64,9.63,8,5
"Reais, William (SUI) (1999)",09-Sep-21,0.157,0.5 m/s,5.9,10.6,15.4,20.49,8.47,10.64,10.42,9.82,1,8
"Amoah, Joseph (GHA) (1997)",06-Aug-22,0.157,1.1 m/s,5.8,10.4,15.2,20.49,8.62,10.87,10.42,9.45,5,3
Xie Zhenye (CHN) (1993),29-Jun-23,0.177,0.1 m/s,NaN,10.56,15.33,20.49,NaN,9.47,10.48,9.69,6,1
"Desalu, Eseosa (ITA) (1994)",23-Aug-23,0.143,0.0 m/s,NaN,10.59,NaN,20.49,NaN,9.44,NaN,10.10,3,6
"Dwyer, Rasheed (JAM) (1989)",24-Aug-23,0.154,-0.4 m/s,NaN,10.65,NaN,20.49,NaN,9.39,NaN,10.16,9,6
"Erlandsson, Erik (SWE) (2004)",06-Aug-24,0.167,0.3 m/s,5.94,10.55,15.40,20.49,8.42,10.85,10.31,9.82,6,1
"Gardiner, Steven (BAH) (1995)",01-Jun-25,0.182,0.8 m/s,6.09,10.74,15.63,20.49,8.21,10.75,10.22,10.29,7,3
"King, Kyree (USA) (1994)",15-Jun-25,0.161,2.0 m/s,5.80,10.48,15.35,20.49,8.62,10.68,10.27,9.73,3,3
Ko Seunghwan (KOR) (1997),17-Sep-25,0.140,-0.3 m/s,NaN,10.46,NaN,20.49,NaN,9.56,NaN,9.97,8,6
"Tortu, Filippo (ITA) (1998)",17-Sep-25,0.149,0.0 m/s,NaN,10.55,NaN,20.49,NaN,9.48,NaN,10.06,4,5
"Myricks, Larry (USA) (1956)",21-Jun-84,NaN,-0.2 m/s,NaN,10.39,NaN,20.50,NaN,9.62,NaN,9.89,4,6
"Marie-Rose, Bruno (FRA) (1965)",28-Sep-88,0.207,1.6 m/s,5.94,10.59,15.37,20.50,8.42,10.75,10.46,9.75,5,3
"Gatlin, Justin (USA) (1982)",17-Jul-04,NaN,-0.7 m/s,5.96,10.57,15.30,20.50,8.39,10.85,10.57,9.62,4,4-3
"Hession, Paul (IRL) (1983)",28-Aug-07,0.154,0.6 m/s,5.91,10.47,15.28,20.50,8.46,10.96,10.40,9.58,5,1
"Hession, Paul (IRL) (1983)",29-Aug-07,0.154,-0.4 m/s,5.87,10.43,15.26,20.50,8.52,10.96,10.35,9.54,4,6
"Nkanata, Carvin (KEN) (1991)",10-May-15,NaN,-0.5 m/s,5.94,10.54,15.36,20.50,8.42,10.87,10.37,9.73,5,2
"Iizuka, Shota (JPN) (1991)",03-May-17,NaN,0.2 m/s,5.91,10.59,15.43,20.50,8.46,10.68,10.33,9.86,5,2
"Dukes, Dedric (USA) (1994)",25-Jun-17,NaN,-2.3 m/s,NaN,10.61,NaN,20.50,NaN,9.43,NaN,10.11,9,6
Yang Chun-Hun (TPE) (1997),19-May-19,0.146,-0.4 m/s,5.79,10.45,15.35,20.50,8.64,10.73,10.20,9.71,3,2
"Law, Calab (AUS) (2003)",18-Jul-22,0.133,1.0 m/s,NaN,10.57,NaN,20.50,NaN,9.46,NaN,10.07,4,3
"Reais, William (SUI) (1999)",23-Aug-23,0.164,-1.4 m/s,NaN,10.77,NaN,20.50,NaN,9.29,NaN,10.28,9,3
"King, Kyree (USA) (1994)",27-Jun-24,NaN,1.1 m/s,5.82,10.53,15.38,20.50,8.59,10.62,10.31,9.77,4,2
"Hughes, Zharnel (GBR) (1995)",31-May-25,0.140,0.0 m/s,5.86,10.48,15.32,20.50,8.53,10.82,10.33,9.65,6,2
"Bambuck, Roger (FRA) (1945)",16-Oct-68,NaN,0.9 m/s,10.5,NaN,20.5,20.51,9.52,NaN,10.00,9.75,2,5
"Mennea, Pietro (ITA) (1952)",14-Aug-83,0.222,1.2 m/s,10.56,15.31,20.51,20.51,9.47,10.53,9.62,9.75,5,3
"Robinson, Albert (USA) (1964)",21-Jun-84,NaN,-0.2 m/s,10.57,NaN,20.51,20.51,9.46,NaN,10.06,9.75,1,7
"Lübke, Ralf (FRG) (1965)",08-Aug-84,0.191,-0.9 m/s,10.72,NaN,20.51,20.51,9.33,NaN,10.21,9.75,6,5
"Rosswess, Michael (GBR) (1965)",28-Sep-88,0.174,1.6 m/s,5.97,10.60,15.41,20.51,8.38,10.80,10.40,9.80,7,4
"Rosswess, Michael (GBR) (1965)",28-Sep-88,0.185,1.7 m/s,6.02,10.70,15.49,20.51,8.31,10.68,10.44,9.96,8,7
"Adeniken, Olapade (NGR) (1969)",27-Aug-91,0.173,-3.4 m/s,NaN,10.40,NaN,20.51,NaN,9.62,NaN,9.89,2,5
"Heard, Floyd (USA) (1966)",21-Jun-96,NaN,0.9 m/s,NaN,10.47,NaN,20.51,NaN,9.55,NaN,9.96,5,5
"Heard, Floyd (USA) (1966)",22-Jun-96,NaN,0.7 m/s,NaN,10.49,NaN,20.51,NaN,9.53,NaN,9.98,2,5
"Crawford, Shawn (USA) (1978)",24-Jun-07,NaN,-0.3 m/s,NaN,10.5,NaN,20.5,NaN,9.52,NaN,10.00,1,7
"Goúsis, Anastásios (GRE) (1979)",28-Aug-07,0.139,0.6 m/s,5.96,10.47,15.25,20.51,8.39,11.09,10.46,9.51,4,2
"Alerte, David (FRA) (1984)",18-Aug-09,0.149,0.0 m/s,5.93,10.64,15.47,20.51,8.43,10.62,10.35,9.92,2,2
"Ricks, Keith (USA) (1990)",29-Jun-14,0.159,1.3 m/s,NaN,10.8,NaN,20.5,NaN,9.26,NaN,10.31,NaN,5
"McClain, Remontay (USA) (1992)",28-Jul-19,NaN,-0.7 m/s,NaN,10.6,NaN,20.5,NaN,9.43,NaN,10.10,NaN,6
"Vanderbemden, Robin (BEL) (1994)",06-Sep-19,0.128,0.8 m/s,5.9,10.5,15.4,20.51,8.47,10.87,10.20,9.78,9,6
"Amoah, Joseph (GHA) (1997)",05-Aug-22,0.152,0.1 m/s,5.8,10.5,15.3,20.51,8.62,10.64,10.42,9.60,7,2
"Fahnbulleh, Joseph (LBR) (2001)",02-Jun-23,0.134,0.0 m/s,6.01,10.63,15.42,20.51,8.32,10.82,10.44,9.82,3,6
"Hartmann, Joshua (GER) (1999)",23-Aug-23,0.157,-1.4 m/s,NaN,10.59,NaN,20.51,NaN,9.44,NaN,10.08,3,4
"Onwuzurike, Udodi (NGR) (2003)",06-Aug-24,0.139,1.0 m/s,5.83,10.46,15.33,20.51,8.58,10.80,10.27,9.65,6,1
"Larsson, Henrik (SWE) (1999)",15-Jun-25,0.145,2.0 m/s,5.75,10.42,15.27,20.51,8.70,10.71,10.31,9.54,7,4
"Mizukubo, Soshi (JPN) (1999)",17-Sep-25,0.159,-0.3 m/s,NaN,10.52,NaN,20.51,NaN,9.51,NaN,10.01,9,7
"Wells, Allan (GBR) (1952)",14-Aug-83,0.213,1.2 m/s,NaN,10.43,15.33,20.52,NaN,9.59,10.20,9.63,4,4
"Boateng, Nelson (GHA) (1968)",19-Aug-93,NaN,0.6 m/s,6.00,10.67,15.45,20.52,8.33,10.71,10.46,9.86,2,6-5
"Bridgewater, Brian (USA) (1970)",23-Jun-96,NaN,-0.3 m/s,NaN,10.66,15.42,20.52,NaN,9.38,10.50,9.80,2,6
"Beyens, Kristof (BEL) (1983)",28-Aug-07,0.149,0.6 m/s,5.96,10.50,15.38,20.52,8.39,11.01,10.25,9.73,7,3
"Martin, Rodney (USA) (1982)",05-Jul-08,NaN,-0.5 m/s,6.02,10.79,15.43,20.52,8.31,10.48,10.78,9.82,3,1
"Hering, Robert (GER) (1990)",19-Aug-09,0.157,0.0 m/s,5.94,10.56,15.39,20.52,8.42,10.82,10.35,9.75,7,5
"Sani Brown, Abdul Hakim (JPN) (1995)",07-Aug-17,0.221,-0.5 m/s,5.89,10.53,15.35,20.52,8.49,10.78,10.37,9.67,8,2
"Blake, Yohan (JAM) (1989)",09-Aug-17,0.165,-0.3 m/s,NaN,10.25,15.00,20.35,NaN,9.76,10.53,9.35,7,3
"Rowe, Rodney (USA) (1997)",08-Jun-18,NaN,0.0 m/s,NaN,10.6,NaN,20.5,NaN,9.43,NaN,10.10,NaN,5
"Golitin, Amaury (FRA) (1997)",18-Jun-22,0.157,0.6 m/s,5.71,10.26,15.16,20.52,8.76,10.99,10.20,9.33,5,5
"Desalu, Eseosa (ITA) (1994)",18-Jun–22,0.129,0.6 m/s,5.96,10.58,15.37,20.52,8.39,10.82,10.44,9.71,2,6
"Ansah, Owen (GER) (2000)",18-Jul-22,0.136,-0.3 m/s,NaN,10.71,NaN,20.52,NaN,9.34,NaN,10.19,2,4
Liu Shuoyuan (CHN) (2002),28-Jun-23,0.158,-0.1 m/s,10.34,15.16,20.52,20.52,9.67,10.37,9.33,9.75,5,1
"King, Kyree (USA) (1994)",08-Sep-23,0.166,-0.1 m/s,5.83,10.45,15.30,20.52,8.58,10.82,10.31,9.58,1,7
"Fahnbulleh, Joseph (LBR) (2001)",05-Sep-24,0.141,0.4 m/s,6.00,10.61,15.42,20.52,8.33,10.85,10.40,9.80,2,7
"Karriem, Abduraqhman (RSA) (2004)",15-Jun-25,0.170,2.0 m/s,5.70,10.28,15.15,20.52,8.77,10.92,10.27,9.31,2,5
"Santos, Delvis (POR) (1999)",29-Jun-25,0.142,-0.2 m/s,5.79,10.47,15.32,20.52,8.64,10.68,10.31,9.62,NaN,2
"Jedrusinski, Marcin (POL) (1981)",24-Jun-07,0.165,1.0 m/s,NaN,10.54,15.38,20.53,NaN,9.49,10.33,9.71,NaN,4
"Beyens, Kristof (BEL) (1983)",24-Jun-07,0.225,1.0 m/s,NaN,10.60,15.41,20.53,NaN,9.43,10.40,9.77,NaN,5
"Jedrusinski, Marcin (POL) (1981)",28-Aug-07,0.163,0.9 m/s,5.89,10.48,15.34,20.53,8.49,10.89,10.29,9.63,2,4
"Beyens, Kristof (BEL) (1983)",29-Aug-07,0.152,-0.4 m/s,5.93,10.48,15.34,20.53,8.43,10.99,10.29,9.63,8,7
"Clark, Charles (USA) (1987)",06-Jul-08,0.156,1.7 m/s,5.93,10.61,15.40,20.53,8.43,10.68,10.44,9.75,1,5
Liu Shuoyuan (CHN) (2002),29-Jun-23,0.161,0.1 m/s,NaN,10.66,15.44,20.53,NaN,9.38,10.46,9.82,5,2
"Hudson, Andrew (JAM) (1996)",10-May-24,0.138,1.7 m/s,5.87,10.59,15.39,20.53,8.52,10.59,10.42,9.73,8,7
"Tortu, Filippo (ITA) (1998)",07-Jul-24,0.164,-0.4 m/s,5.91,10.52,15.37,20.53,8.46,10.85,10.31,9.69,4,4
"Hudson, Andrew (JAM) (1996)",05-Aug-24,0.142,-0.1 m/s,5.75,10.33,15.16,20.53,8.70,10.92,10.35,9.31,7,4
"Kerr, Ian (BAH) (1996)",05-Aug-24,0.162,0.2 m/s,5.92,10.50,15.31,20.53,8.45,10.92,10.40,9.58,9,5
"Pettorossi, Diego Aido (ITA) (1997)",06-Aug-24,0.156,1.0 m/s,5.95,10.63,15.45,20.53,8.40,10.68,10.37,9.84,8,2
"Charamba, Makanakaishe (ZIM) (2001)",08-Aug-24,0.145,0.4 m/s,6.04,10.69,15.51,20.53,8.28,10.75,10.37,9.96,3,8
"Fahnbulleh, Joseph (LBR) (2001)",14-Sep-24,0.121,0.7 m/s,5.98,10.66,15.46,20.53,8.36,10.68,10.42,9.86,2,7
"Regis, John (GBR) (1966)",03-Sep-87,0.195,0.5 m/s,5.99,10.69,15.45,20.54,8.35,10.64,10.50,9.82,5,1
"Smith, Calvin (USA) (1961)",03-Sep-87,0.256,0.5 m/s,6.02,10.76,15.54,20.54,8.31,10.55,10.46,10.00,6,2
"Quénéhervé, Gilles (FRA) (1966)",28-Sep-88,0.250,1.5 m/s,6.02,10.65,15.45,20.54,8.31,10.80,10.42,9.82,8,4
"Johnson, Joshua J. (USA) (1976)",06-Sep-01,NaN,-0.2 m/s,NaN,10.4,NaN,20.5,NaN,9.62,NaN,9.90,NaN,3
"Malcolm, Christian (GBR) (1979)",09-Aug-02,0.156,-0.5 m/s,5.92,10.43,15.29,20.54,8.45,11.09,10.29,9.52,NaN,3
"Jedrusinski, Marcin (POL) (1981)",29-Aug-07,0.151,-0.4 m/s,5.83,10.38,15.26,20.54,8.58,10.99,10.25,9.47,9,7
"Bryam, Brandon (USA) (1988)",12-Jun-10,NaN,3.7 m/s,NaN,10.8,NaN,20.5,NaN,9.26,NaN,10.31,NaN,3
"Sani Brown, Abdul Hakim (JPN) (1995)",03-May-16,NaN,1.0 m/s,5.81,10.50,15.35,20.54,8.61,10.66,10.31,9.63,NaN,2
"Siame, Sydney (ZAM) (1997)",09-Aug-17,0.154,-0.3 m/s,NaN,10.28,15.06,20.39,NaN,9.73,10.46,9.38,6,4
"Kiryu, Yoshihide (JPN) (1995)",30-Jun-19,0.153,-1.3 m/s,5.82,10.47,15.31,20.54,8.59,10.75,10.33,9.56,9,3
"Harrison, Eric (TTO) (1999)",18-Jul-22,0.110,-0.3 m/s,NaN,10.52,NaN,20.54,NaN,9.51,NaN,9.98,8,5
"Iizuka, Shota (JPN) (1991)",24-Aug-23,0.148,-0.1 m/s,5.92,10.64,15.44,20.54,8.45,10.59,10.42,9.80,2,7
"Hartmann, Joshua (GER) (1999)",12-Jul-24,0.169,0.6 m/s,5.88,10.52,15.39,20.54,8.50,10.78,10.27,9.71,3,6
"Svensson, Felix (SUI) (1997)",05-Aug-24,0.148,0.1 m/s,5.94,10.59,15.40,20.54,8.42,10.75,10.40,9.73,8,5
"Traore, Cheickna (CIV) (2000)",05-Aug-24,0.171,0.1 m/s,5.88,10.54,15.37,20.54,8.50,10.73,10.35,9.67,2,6
"Tortu, Filippo (ITA) (1998)",07-Aug-24,0.176,-0.6 m/s,5.95,10.56,15.38,20.54,8.40,10.85,10.37,9.69,5,4
"Uzawa, Towa (JPN) (2002)",07-Aug-24,0.131,-0.2 m/s,5.89,10.52,15.33,20.54,8.49,10.80,10.40,9.60,9,6
"Mumenthaler, Timothé (SUI) (2002)",22-Aug-24,0.124,0.9 m/s,5.87,10.47,15.29,20.54,8.52,10.87,10.37,9.52,2,7
"Onwuzurike, Udodi (NGR) (2003)",28-Aug-25,0.155,-0.6 m/s,5.83,10.48,15.36,20.54,8.58,10.75,10.25,9.65,1,8
"Smith, Chuck (USA) (1949)",04-Sep-72,NaN,0.0 m/s,10.59,15.31,20.55,20.55,9.44,10.59,9.54,9.73,3,5
"Emmelmann, Frank (GDR) (1961)",14-Aug-83,0.194,1.2 m/s,10.44,15.32,20.55,20.55,9.58,10.25,9.56,9.73,7,5
"Boussemart, Jean-Jacques (FRA) (19)",08-Aug-84,0.191,-0.9 m/s,10.58,NaN,20.55,20.55,9.45,NaN,10.03,9.73,2,6
"Mennea, Pietro (ITA) (1952)",06-Aug-84,0.170,-0.9 m/s,10.50,NaN,20.55,20.55,9.52,NaN,9.95,9.73,5,7
"Obikwelu, Francis (POR) (1978)",08-Aug-02,0.172,0.8 m/s,10.46,15.26,20.55,20.55,9.56,10.42,9.45,9.73,NaN,1
"Kedéris, Konstadinos (GRE) (1973)",08-Aug-02,0.177,0.1 m/s,10.37,15.17,20.55,20.55,9.64,10.42,9.29,9.73,NaN,1
"Clark, Charles (USA) (1987)",05-Jul-08,NaN,1.8 m/s,6.09,10.89,15.51,20.55,8.21,10.42,10.82,9.92,7,2
"Carter, Xavier (USA) (1985)",05-Jul-08,NaN,-0.9 m/s,5.96,10.59,15.34,20.55,8.39,10.80,10.53,9.60,6,2
"Mbandjock, Martial (FRA) (1985)",18-Aug-09,0.145,0.0 m/s,5.91,10.55,15.44,20.55,8.46,10.78,10.22,9.78,4,3
"Clark, Charles (USA) (1987)",18-Aug-09,0.177,0.0 m/s,5.94,10.63,15.49,20.55,8.42,10.66,10.29,9.88,8,4
"Howell, Renard (JAM) (1995)",10-Jun-16,NaN,0.1 m/s,NaN,10.6,NaN,20.6,NaN,9.43,NaN,10.00,NaN,4
"Cotton, Kenzo (USA) (1996)",10-Jun 16,NaN,0.1 m/s,NaN,10.8,NaN,20.6,NaN,9.26,NaN,10.20,NaN,5
"Richards, Jereem (TTO) (1994)",09-Jun-17,NaN,-3.1 m/s,NaN,10.5,NaN,20.6,NaN,9.52,NaN,9.90,NaN,3
"Iizuka, Shota (JPN) (1991)",25-Jun-17,0.172,0.3 m/s,5.85,10.48,15.34,20.55,8.55,10.80,10.29,9.60,5,3
"Salem, Mohamed Yacoub (BRN) (199)",29-Aug-18,0.175,0.7 m/s,5.89,10.51,15.37,20.55,8.49,10.82,10.29,9.65,5,3
"Koike, Yuki (JPN) (1995)",24-Apr-19,0.160,1.7 m/s,5.83,10.45,15.27,20.55,8.58,10.82,10.37,9.47,6,2
Xie Zhenye (CHN) (1993),28-Jun-23,0.164,-0.4 m/s,NaN,10.27,15.13,20.55,NaN,9.74,10.29,9.23,6,1
"Onwuzurike, Udodi (NGR) (2003)",05-Aug-24,0.137,-0.1 m/s,5.75,10.41,15.30,20.55,8.70,10.73,10.22,9.52,2,5
"Hudson, Andrew (JAM) (1996)",06-Aug-24,0.134,0.3 m/s,5.78,10.35,15.23,20.55,8.65,10.94,10.25,9.40,7,2
"Maswanganyi, Shaun (RSA) (2001)",25-Aug-24,0.170,0.6 m/s,5.97,10.54,15.32,20.55,8.38,10.94,10.46,9.56,9,7
"Němejc, Tomáš (CZE) (2000)",29-Jun-25,0.153,1.8 m/s,5.89,10.48,15.28,20.55,8.49,10.89,10.42,9.49,8,4
"Kujur, Animesh (IND) (2003)",11-Jul-25,0.155,-1.9 m/s,5.86,10.50,15.31,20.55,8.53,10.78,10.40,9.54,8,4
"Mo-Ajok, Xavi (NED) (2002)",18-Sep-25,0.152,0.0 m/s,NaN,10.51,NaN,20.55,NaN,9.51,NaN,9.96,5,6
"Schenke, Siegfried (GDR) (1943)",04-Sep-72,NaN,0.0 m/s,NaN,10.65,15.42,20.56,NaN,9.39,10.48,9.73,8,6
"Quow, Elliot (USA) (1962)",21-Jun-84,NaN,-0.6 m/s,NaN,10.47,NaN,20.56,NaN,9.55,NaN,9.91,NaN,1
"Marsh, Damien (AUS) (1971)",19-Aug-93,NaN,0.1 m/s,5.95,10.62,15.37,20.51,8.40,10.71,10.53,9.73,1,8
"Christie, Linford (GBR) (1960)",22-Jun-97,NaN,0.7 m/s,5.82,10.47,15.29,20.56,8.59,10.75,10.37,9.49,NaN,=1
"Panayiotópoulos, Yeóryios (GRE) (19)",22-Jun-97,NaN,0.7 m/s,5.92,10.58,15.40,20.56,8.45,10.73,10.37,9.69,NaN,=1
"Dzingai, Brian (ZIM) (1981)",23-Sep-07,0.140,1.3 m/s,5.93,10.55,15.42,20.56,8.43,10.82,10.27,9.73,2,7
"Dix, Walter (USA) (1986)",05-Jul-08,NaN,0.1 m/s,5.93,10.63,15.41,20.56,8.43,10.64,10.46,9.71,7,1
"Williams, Mustaqem (USA) (1995)",07-Jun-19,NaN,0.8 m/s,NaN,10.4,NaN,20.6,NaN,9.62,NaN,9.80,NaN,8
"Desalu, Eseosa (ITA) (1994)",26-Aug-21,0.140,3.2 m/s,6.0,10.6,15.4,20.56,8.33,10.87,10.42,9.69,1,8.7
"Bloomfield, Akeem (JAM) (1997)",18-Jul-22,0.166,2.1 m/s,NaN,10.79,NaN,20.56,NaN,9.27,NaN,10.24,2,5
"Richards, Jereem (TTO) (1994)",08-Sep-22,0.168,-0.6 m/s,5.86,10.49,15.30,20.56,8.53,10.80,10.40,9.51,3,7
"Efoloko, Jona (GBR) (1999)",23-Jul-23,0.146,1.6 m/s,5.86,10.54,15.40,20.56,8.53,10.68,10.29,9.69,2,8
"Maswanganyi, Shaun (RSA) (2001)",23-Aug-23,0.174,-0.2 m/s,NaN,10.64,NaN,20.56,NaN,9.40,NaN,10.08,2,3
"Amoah, Joseph (GHA) (1997)",23-Aug-23,0.160,-0.5 m/s,NaN,10.54,NaN,20.56,NaN,9.49,NaN,9.98,6,5
"Gregory, Robert (USA) (2001)",29-Jun-24,NaN,0.5 m/s,6.05,10.78,15.59,20.56,8.26,10.57,10.40,10.06,3,7
"Samukonga, Muzala (ZAM) (2002)",01-Jun-25,0.164,0.8 m/s,6.03,10.73,15.59,20.56,8.29,10.64,10.29,10.06,5,4
"Ray, Eugen (GDR) (1957)",04-Sep-77,NaN,1.0 m/s,NaN,10.2,NaN,20.57,NaN,9.80,NaN,9.64,3,4
"Quarrie, Don (JAM) (1951)",06-Aug-84,NaN,-0.7 m/s,NaN,10.31,NaN,20.57,NaN,9.70,NaN,9.75,5,3
"Enweani, Cyprean (CAN) (1964)",28-Sep-88,0.170,1.6 m/s,5.93,10.59,15.37,20.57,8.43,10.73,10.46,9.62,4,5
"Bridgewater, Brian (USA) (1970)",21-Jun-96,NaN,1.1 m/s,NaN,10.53,NaN,20.57,NaN,9.50,NaN,9.96,8,5
"Jedrusinski, Marcin (POL) (1981)",08-Aug-02,0.137,0.8 m/s,NaN,10.42,15.28,20.57,NaN,9.60,10.29,9.45,NaN,2
"Scott, Leonard (USA) (1980)",17-Jul-04,NaN,-0.7 m/s,5.87,10.61,15.38,20.57,8.52,10.55,10.48,9.63,5,5.4
"Williams, Rubin (USA) (1983)",25-Jun-06,NaN,0.3 m/s,5.97,10.72,15.56,20.57,8.38,10.53,10.33,9.98,1,8
"Williams, Christopher (JAM) (1972)",30-Aug-07,0.154,-0.8 m/s,5.91,10.48,15.34,20.57,8.46,10.94,10.29,9.56,9,7
"Buckland, Stéphan (MRI) (1977)",14-Sep-08,0.149,-0.1 m/s,5.95,10.54,15.37,20.57,8.40,10.89,10.35,9.62,7,1
"Sani Brown, Abdul Hakim (JPN) (1995)",27-Jun-15,0.168,0.8 m/s,5.89,10.54,15.43,20.57,8.49,10.75,10.22,9.73,5,2
"Takase, Kei (JPN) (1988)",27-Jun-15,0.150,0.8 m/s,5.84,10.48,15.36,20.57,8.56,10.78,10.25,9.60,6,3
"Dobson, Charles (GBR) (1999)",13-Jul-18,0.172,-0.1 m/s,5.86,10.45,15.33,20.57,8.53,10.89,10.25,9.54,3,2
"Belcher, Christopher (USA) (1994)",19-May-19,0.166,-0.4 m/s,5.77,10.33,15.25,20.57,8.67,10.96,10.16,9.40,8,3
"de Grasse, Andre (CAN) (1994)",30-Jun-23,0.144,-1.4 m/s,5.93,10.63,15.46,20.57,8.43,10.64,10.35,9.78,3,6
"Fahnbulleh, Joseph (LBR) (2001)",25-Aug-23,0.163,-0.2 m/s,NaN,10.74,NaN,20.57,NaN,9.31,NaN,10.17,2,9
"Curry, Jeremiah (USA) (2000)",29-Jun-24,NaN,0.5 m/s,6.00,10.69,15.62,20.57,8.33,10.66,10.14,10.10,2,8
"Mateo, Pablo (FRA) (2001)",06-Aug-24,0.191,0.6 m/s,5.92,10.49,15.30,20.57,8.45,10.94,10.40,9.49,8,3
"Brown, Aaron (CAN) (1992)",07-Aug-24,0.138,-0.2 m/s,5.78,10.41,15.30,20.57,8.65,10.80,10.22,9.49,3,7
"Erlandsson, Erik (SWE) (2004)",15-Jun-25,0.162,2.0 m/s,5.89,10.65,15.48,20.57,8.49,10.50,10.35,9.82,5,6
"Charamba, Makanakaishe (ZIM) (2001)",22-Aug-25,0.163,-0.3 m/s,6.08,10.73,15.54,20.57,8.22,10.75,10.40,9.94,3,5
"Evers, Jürgen (FRG) (1965)",28-Aug-86,0.181,0.0 m/s,NaN,10.51,NaN,20.58,NaN,9.51,NaN,9.93,NaN,2
"Marie-Rose, Bruno (FRA) (1965)",28-Sep-88,0.232,1.7 m/s,6.00,10.69,15.56,20.58,8.33,10.66,10.27,9.96,7,8
"Trouabal, Jean-Charles (FRA) (1965)",27-Aug-91,NaN,-3.4 m/s,NaN,10.51,NaN,20.58,NaN,9.51,NaN,9.93,7,6
"Nelloms, Chris (USA) (1971)",21-Jun-96,NaN,1.1 m/s,NaN,10.50,NaN,20.58,NaN,9.52,NaN,9.92,4,6
"Griffin, Rohsaan (USA) (1974)",21-Jun-96,NaN,0.3 m/s,NaN,10.56,NaN,20.58,NaN,9.47,NaN,9.98,3,5
"Eriksson, Torbjörn (SWE) (1971)",24-Aug-99,NaN,-0.6 m/s,NaN,10.56,15.40,20.58,NaN,9.47,10.33,9.65,4,1
"Johnson, Joshua J. (USA) (1976)",18-Jul-04,NaN,-0.7 m/s,5.94,10.59,15.34,20.58,8.42,10.75,10.53,9.54,3,5
"Hession, Paul (IRL) (1983)",23-Sep-07,0.145,1.3 m/s,5.99,10.61,15.47,20.58,8.35,10.82,10.29,9.78,1,8
"Williams, Rubin (USA) (1983)",05-Jul-08,NaN,-0.5 m/s,5.96,10.66,15.38,20.58,8.39,10.64,10.59,9.62,5,2
"Sorrillo, Rondell (TTO) (1986)",18-Aug-09,0.143,0.0 m/s,5.85,10.61,15.44,20.58,8.55,10.50,10.35,9.73,5,5
"Christian, Berndan (ANT) (1983)",18-Aug-09,0.144,-0.3 m/s,5.90,10.52,15.38,20.58,8.47,10.82,10.29,9.62,3,4
"Hering, Robert (GER) (1990)",18-Aug-09,0.142,-0.6 m/s,5.94,10.60,15.46,20.58,8.42,10.73,10.29,9.77,3,3
"Nevers, Adolphus (JAM) (1990)",28-Jul-13,NaN,2.2 m/s,NaN,10.52,15.38,20.58,NaN,9.51,10.29,9.62,6,2
"Iizuka, Shota (JPN) (1991)",07-Aug-17,0.152,0.7 m/s,5.85,10.51,15.36,20.58,8.55,10.73,10.31,9.58,3,4
"Blaskowski, Sam (USA) (2002)",28-Jun-24,NaN,0.7 m/s,5.89,10.60,15.49,20.58,8.49,10.62,10.22,9.82,3,6
"Mateo, Pablo (FRA) (2001)",05-Aug-24,0.162,0.2 m/s,5.86,10.47,15.33,20.58,8.53,10.85,10.29,9.52,6,6
"de Grasse, Andre (CAN) (1994)",31-May-25,0.160,0.0 m/s,5.94,10.61,15.48,20.58,8.42,10.71,10.27,9.80,5,4
"Fahnbulleh, Joseph (LBR) (2001)",22-Aug-25,0.154,-0.3 m/s,5.95,10.57,15.39,20.58,8.40,10.82,10.37,9.63,5,6
"Robinson, Albert (USA) (1964)",21-Jun-84,NaN,-0.6 m/s,NaN,10.59,NaN,20.59,NaN,9.44,NaN,10.00,NaN,2
"Tilli, Stefano (ITA) (1962)",28-Sep-88,0.185,1.5 m/s,5.86,10.55,15.43,20.59,8.53,10.66,10.25,9.69,2,5
"Antonov, Nikolay (BUL) (1968)",27-Aug-91,0.162,-3.4 m/s,NaN,10.53,NaN,20.59,NaN,9.50,NaN,9.94,6,7
"Devonish, Marlon (GBR) (1976)",24-Jun-01,0.140,-0.7 m/s,5.85,10.49,15.34,20.59,8.55,10.78,10.31,9.52,NaN,2
"Cavallaro, Alessandro (ITA) (1980)",28-Aug-03,0.219,0.0 m/s,NaN,10.70,NaN,20.59,NaN,9.35,NaN,10.11,3,7
"Spearmon, Wallace (USA) (1984)",05-Jul-08,NaN,0.1 m/s,6.06,10.68,15.38,20.59,8.25,10.82,10.64,9.60,6,2
"Collins, Kim (SKN) (1976)",20-Aug-08,0.165,-0.9 m/s,NaN,10.45,NaN,20.59,NaN,9.57,NaN,9.86,2,8-6
"Collins, Kim (SKN) (1976)",16-May-10,NaN,-0.4 m/s,NaN,10.24,15.15,20.59,NaN,9.77,10.18,9.19,2,2
"Colvert, Steven (IRL) (1990)",17-Jun-12,NaN,1.5 m/s,NaN,10.77,NaN,20.59,NaN,9.29,NaN,4.86,NaN,1
"King, Kyree (USA) (1994)",09-Aug-17,0.158,-0.3 m/s,NaN,10.34,15.17,20.43,NaN,9.67,10.35,9.51,4,5
Kim Kuk-Young (KOR) (1991),29-Aug-18,0.129,0.7 m/s,5.87,10.47,15.28,20.59,8.52,10.87,10.40,9.42,8,4
"Mitchell-Blake, Nethaneel (GBR) (199)",09-Jun-22,0.151,-0.1 m/s,5.83,10.45,15.33,20.59,8.58,10.82,10.25,9.51,4,5
"Onwuzurike, Udodi (NGR) (2003)",05-Aug-22,0.139,1.9 m/s,5.7,10.5,15.3,20.59,8.77,10.42,10.42,9.45,8,1
"Miller, Cameron (USA) (2000)",27-Jun-24,NaN,0.3 m/s,5.93,10.66,15.45,20.59,8.43,10.57,10.44,9.73,4,5
"Rodney, Brendon (CAN) (1992)",07-Aug-24,0.170,-0.6 m/s,5.91,10.51,15.32,20.59,8.46,10.87,10.40,9.49,3,6
Sun Qingchi (CHN) (2000),16-Sep-24,0.164,-1.1 m/s,NaN,10.64,15.46,20.59,NaN,9.40,10.37,9.75,6,1
"Afrifah, Blessing (ISR) (2003)",19-Jul-25,0.129,-1.4 m/s,5.75,10.43,15.32,20.59,8.70,10.68,10.22,9.49,5,1
"Reais, William (SUI) (1999)",18-Sep-25,0.157,-0.1 m/s,NaN,10.69,NaN,20.59,NaN,9.35,NaN,10.10,2,7
"Brown, Aaron (CAN) (1992)",18-Sep-25,0.160,-0.1 m/s,NaN,10.45,NaN,20.59,NaN,9.57,NaN,9.86,3,8
"Martin, Roy (USA) (1966)",21-Jun-84,NaN,-0.6 m/s,NaN,10.61,NaN,20.60,NaN,9.43,NaN,10.01,NaN,3
"Fedoriv, Andrey (URS) (1963)",28-Aug-86,0.169,0.0 m/s,NaN,10.47,NaN,20.60,NaN,9.55,NaN,9.87,NaN,3
"Brown, Aaron (CAN) (1992)",18-Jul-22,0.138,0.0 m/s,NaN,10.58,NaN,20.60,NaN,9.45,NaN,9.98,5,2
"Matsenjwa, Sibusiso (SWZ) (1988)",18-Jul-22,0.161,2.1 m/s,NaN,10.76,NaN,20.60,NaN,9.29,NaN,10.16,5,6
"Gemili, Adam (GBR) (1993)",18-Jul-22,0.133,1.0 m/s,NaN,10.52,NaN,20.60,NaN,9.51,NaN,9.92,3,4
"Fahnbulleh, Joseph (LBR) (2001)",02-Sep-22,0.148,-2.9 m/s,5.95,10.59,15.48,20.60,8.40,10.78,10.22,9.77,3,6
"Stubbs, Jamarion (USA) (2004)",29-Jun-24,NaN,0.5 m/s,6.03,10.73,15.63,20.60,8.29,10.64,10.20,10.06,1,9
"Kerr, Ian (BAH) (1996)",06-Aug-24,0.162,0.3 m/s,5.97,10.54,15.40,20.60,8.38,10.94,10.29,9.62,8,3
"Correa, Renan (BRA) (2004)",07-Aug-24,0.163,-0.6 m/s,5.91,10.54,15.40,20.60,8.46,10.80,10.29,9.62,9,6
"da Silva, João Eugênio (BRA) (1963)",08-Aug-84,NaN,0.7 m/s,10.43,NaN,20.61,20.61,9.59,NaN,9.82,9.70,4,2
"Johnson, Michael (USA) (1967)",21-Jun-96,NaN,0.9 m/s,10.19,NaN,20.61,20.61,9.81,NaN,9.60,9.70,3,1
"Martin, Rodney (USA) (1982)",11-Jun-05,NaN,-0.7 m/s,10.7,NaN,20.6,20.61,9.35,NaN,10.10,9.70,4,5
"Williams, Bernard (USA) (1978)",05-Jul-08,NaN,1.4 m/s,6.00,10.84,15.52,20.61,8.33,10.33,10.68,9.82,5,1
"Carter, Xavier (USA) (1985)",05-Jul-08,NaN,1.4 m/s,6.04,10.79,15.63,20.61,8.28,10.53,10.33,10.04,3,2
"Williams, Rubin (USA) (1983)",06-Jul-08,0.161,1.7 m/s,6.31,10.84,15.52,20.61,7.92,11.04,10.68,9.82,8,6
"Christian, Berndan (ANT) (1983)",14-Sep-08,0.153,-0.1 m/s,5.86,10.41,15.31,20.61,8.53,10.99,10.20,9.43,3,3
"Guliyev, Ramil (AZE) (1990)",20-Aug-09,0.165,-0.3 m/s,6.04,10.77,15.62,20.61,8.28,10.57,10.31,10.02,1,7
"Wells, Evander (USA) (1987)",12-Jun-10,NaN,3.7 m/s,NaN,10.8,NaN,20.6,NaN,9.26,NaN,10.20,NaN,4
"Koike, Yuki (JPN) (1995)",03-May-14,NaN,0.6 m/s,5.95,10.57,15.30,20.61,8.40,10.82,10.57,9.42,NaN,3
"Saidy Ndure, Jaysuma (NOR) (1984)",20-Jul-14,NaN,1.1 m/s,NaN,10.67,NaN,20.61,NaN,9.37,NaN,10.06,5,1
Xie Zhenye (CHN) (1993),10-May-15,NaN,-0.5 m/s,6.02,10.65,15.46,20.61,8.31,10.80,10.40,9.71,8,3
"King, Kyree (USA) (1994)",09-Jun-17,NaN,-3.1 m/s,NaN,10.5,NaN,20.6,NaN,9.52,NaN,9.90,NaN,4
"Volko, Ján (SVK) (1996)",09-Aug-17,0.165,-0.3 m/s,NaN,10.32,15.14,20.44,NaN,9.69,10.37,9.43,8,6
"Fujimitsu, Kenji (JPN) (1986)",20-May-18,0.148,0.9 m/s,5.87,10.50,15.40,20.61,8.52,10.80,10.20,9.60,5,4
Park Tae-Kyong (KOR) (1991),29-Aug-18,0.151,0.7 m/s,5.93,10.61,15.39,20.61,8.43,10.68,10.46,9.58,7,5
"Gemili, Adam (GBR) (1993)",23-Aug-20,0.189,3.0 m/s,5.9,10.5,15.4,20.61,8.47,10.87,10.20,9.60,6,1
"Yamashita, Jun (JPN) (1997)",09-May-21,0.142,1.4 m/s,5.92,10.56,15.39,20.61,8.45,10.78,10.35,9.58,6,4
"Makwala, Isaac (BOT) (1986)",01-Jul-21,0.175,-1.0 m/s,6.0,10.6,15.4,20.61,8.33,10.87,10.42,9.60,5,3
"Martínez, Yancarlos (DOM) (1992)",18-Jun-22,0.153,0.6 m/s,6.01,10.72,15.55,20.61,8.32,10.62,10.35,9.88,1,7
"Eseme, Emmanuel (CMR) (1993)",06-Aug-22,0.181,1.1 m/s,5.8,10.5,15.3,20.61,8.62,10.64,10.42,9.42,8,4
"Blaskowski, Sam (USA) (2002)",27-Jun-24,NaN,0.3 m/s,5.85,10.61,15.47,20.61,8.55,10.50,10.29,9.73,2,6
"Wakana, Kei (JPN) (2006)",31-Jul-24,0.180,0.1 m/s,5.99,10.74,15.53,20.61,8.35,10.53,10.44,9.84,7,1
"McCoy, Wanya (BAH) (2003)",07-Aug-24,0.163,-0.1 m/s,5.87,10.57,15.44,20.61,8.52,10.64,10.27,9.67,9,5
"King, Kyree (USA) (1994)",16-May-25,0.151,0.7 m/s,5.78,10.41,15.22,20.61,8.65,10.80,10.40,9.28,5,6
"Eseme, Emmanuel (CMR) (1993)",17-Sep-25,0.197,-0.5 m/s,NaN,10.64,NaN,20.61,NaN,9.40,NaN,10.03,4,7
"Reid, Leroy (JAM) (1963)",06-Aug-84 time,NaN,0.6 m/s velocity,10.35,NaN,20.62,20.62,9.66,NaN,9.74,9.70,8,1
"Questad, Larry (USA) (1943)",16-Oct-68 time,NaN,0.9 m/s velocity,10.6,NaN,20.6,20.62,9.43,NaN,10.00,9.70,5,6
"Smith, Calvin (USA) (1961)",01-Sep-87 time,0.246 interval,-0.8 m/s velocity,10.56,15.39,20.62,20.62,10.78,10.35,9.56,9.70,NaN,1
"Martin, Roy (USA) (1966)",28-Sep-88 time,0.298 interval,1.5 m/s velocity,10.75,15.51,20.62,20.62,10.85,10.50,9.78,9.70,5,6
"Martina, Churandy (AHO) (1984)",10-Jun-06 time,NaN,-0.2 m/s velocity,10.9,NaN,20.6,20.62,9.17,NaN,10.31,9.70,5,4
"Johnson, Patrick (AUS) (1972)",28-Aug-07 time,0.148 interval,0.6 m/s velocity,10.38,15.30,20.62,20.62,11.11,10.16,9.40,9.70,6,4
"Mullings, Steve (JAM) (1982)",18-Aug-09 time,0.153 interval,0.1 m/s velocity,10.46,15.36,20.62,20.62,10.75,10.20,9.51,9.70,5,1
"Callender, Emmanuel (TTO) (1984)",18-Aug-09 time,0.148 interval,-0.3 m/s velocity,10.42,15.30,20.62,20.62,10.89,10.25,9.40,9.70,8,5
"Devonish, Marlon (GBR) (1976)",19-Aug-09 time,0.154 interval,0.3 m/s velocity,10.48,15.40,20.62,20.62,10.85,10.16,9.58,9.70,6,7
"Saito, Hitoshi (JPN) (1986)",11-Jun-11 time,NaN,0.0 m/s velocity,10.53,15.43,20.62,20.62,10.73,10.20,9.63,9.70,NaN,2
"Kobayashi, Yuichi (JPN) (1989)",11-Jun-11 time,NaN,0.0 m/s velocity,10.54,15.43,20.62,20.62,10.68,10.22,9.63,9.70,NaN,3
"Adams, Harry (USA) (1989)",28-Jun-15,NaN,1.3 m/s,NaN,10.7,NaN,20.6,NaN,9.35,NaN,10.10,NaN,8
"Brown, Aaron (CAN) (1992)",21-May-17,0.130,-2.0 m/s,5.70,10.30,15.13,20.62,8.77,10.87,10.35,9.11,5,1
"Iizuka, Shota (JPN) (1991)",09-Aug-17,0.164,2.1 m/s,5.85,10.47,15.35,20.62,8.55,10.82,10.25,9.49,8,5
"Tortu, Filippo (ITA) (1998)",09-Aug-17,0.169,2.1 m/s,NaN,10.40,15.26,20.44,NaN,9.62,10.29,9.65,3,6
"Simbine, Akani (RSA) (1993)",09-Aug-17,0.183,2.1 m/s,NaN,10.28,15.14,20.44,NaN,9.73,10.29,9.43,4,7
"Williams, Mustaqem (USA) (1995)",08-Jun-18,NaN,0.0 m/s,NaN,10.3,NaN,20.6,NaN,9.71,NaN,9.71,NaN,6
"Yamashita, Jun (JPN) (1997)",29-Sep-19,0.139,1.0 m/s,5.87,10.50,15.31,20.62,8.52,10.80,10.40,9.42,8,5
"Shiraishi, Kirara (JPN) (1996)",29-Sep-19,0.164,0.9 m/s,5.82,10.46,15.31,20.62,8.59,10.78,10.31,9.42,4,5
"Ogando, Alexander (DOM) (2000)",05-May-23,0.164,0.3 m/s,6.10,10.71,15.46,20.62,8.20,10.85,10.53,9.69,3,7
"Desalu, Eseosa (ITA) (1994)",25-Aug-24,0.170,0.6 m/s,6.09,10.75,15.50,20.62,8.21,10.73,10.53,9.77,2,8
"Lindsey, Courtney (USA) (1998)",05-Apr-25,0.190,0.2 m/s,5.95,10.54,15.43,20.62,8.40,10.89,10.22,9.63,3,6
"Richardson, Benji (RSA) (2003)",04-May-25,0.170,0.2 m/s,5.87,10.58,15.43,20.62,8.52,10.62,10.31,9.63,3,7
"Figueroa, José (PUR) (2004)",17-Sep-25,0.164,0.0 m/s,NaN,10.68,NaN,20.62,NaN,9.36,NaN,10.06,2,6
"Fray, Mike (JAM) (1947)",16-Oct-68,NaN,0.9 m/s,NaN,10.6,NaN,20.6,NaN,9.43,NaN,10.00,1,7
"Egbunike, Innocent (NGR) (1961)",14-Aug-83,0.210,1.2 m/s,NaN,10.45,15.38,20.63,NaN,9.57,10.14,9.52,2,6
"Mafe, Ade (GBR) (1966)",08-Aug-84,NaN,0.7 m/s,NaN,10.58,NaN,20.63,NaN,9.45,NaN,9.95,8,3
"Amoo, Seth (GHA) (1983)",11-Jun-05,NaN,-0.7 m/s,NaN,10.6,NaN,20.6,NaN,9.43,NaN,10.00,9,6
"Kosenkow, Alexander (GER) (1977)",24-Jun-07,0.190,1.0 m/s,NaN,10.47,15.28,20.63,NaN,9.55,10.40,9.35,NaN,6
"Williams, Bernard (USA) (1978)",06-Jul-08,0.171,1.7 m/s,5.92,10.58,15.35,20.63,8.45,10.73,10.48,9.47,2,7
"Sorrillo, Rondell (TTO) (1986)",19-Aug-09,0.128,0.0 m/s,5.91,10.65,15.47,20.63,8.46,10.55,10.37,9.69,2,6
"Nagata, Takuya (JPN) (1994)",27-Jun-15,0.142,0.8 m/s,5.89,10.56,15.47,20.63,8.49,10.71,10.18,9.69,8,4
"McLean, Sean (USA) (1992)",09-Jul-16,0.165,1.6 m/s,NaN,10.7,NaN,20.6,NaN,9.35,NaN,10.10,1,8
"Dix, Walter (USA) (1986)",25-Jun-17,NaN,-2.3 m/s,NaN,10.57,NaN,20.63,NaN,9.46,NaN,9.94,2,7
"Sani Brown, Abdul Hakim (JPN) (1995)",10-Aug-17,0.162,-0.1 m/s,5.76,10.37,15.30,20.63,8.68,10.85,10.14,9.38,8,7
"Dede, Bruno Chikwadoryo (JPN) (1995)",27-Jun-21,0.167,1.0 m/s,5.87,10.62,15.50,20.63,8.52,10.53,10.25,9.75,4,2
"Desalu, Eseosa (ITA) (1994)",18-Jul-22,0.123,0.5 m/s,NaN,10.60,NaN,20.63,NaN,9.43,NaN,9.97,4,4
"Edward, Alonso (PAN) (1989)",23-Aug-23,0.127,-0.1 m/s,NaN,11.71,NaN,20.63,NaN,8.54,NaN,11.21,3,5 - 4
"Mars, Chase (USA) (2003)",27-Jun-24,NaN,1.2 m/s,5.88,10.63,15.51,20.63,8.50,10.53,10.25,9.77,2,4
"Mumenthaler, Timothé (SUI) (2002)",05-Aug-24,0.147,-0.1 m/s,5.91,10.60,15.44,20.63,8.46,10.66,10.33,9.63,5,5
"Pettorossi, Diego Aido (ITA) (1997)",05-Aug-24,0.169,0.2 m/s,5.90,10.54,15.42,20.63,8.47,10.78,10.25,9.60,7,4
"Hartmann, Joshua (GER) (1999)",29-Jun-25,0.126,1.8 m/s,5.85,10.52,15.38,20.63,8.55,10.71,10.29,9.52,4,6
"Taylor, Tate (USA) (2007)",03-Aug-25,NaN,1.7 m/s,6.03,10.78,15.55,20.63,8.29,10.53,10.48,9.84,4,6
"Feliz, Lidio (DOM) (1997)",17-Sep-25,0.220,0.0 m/s,NaN,10.84,NaN,20.63,NaN,9.23,NaN,10.21,5,7
"Jefferson, Thomas (USA) (1962)",21-Jun-84,NaN,-0.6 m/s,NaN,10.61,NaN,20.64,NaN,9.43,NaN,9.97,NaN,4
"Douglas, Troy (NED) (1962)",09-Aug-02,0.153,0.2 m/s,5.93,10.54,15.37,20.64,8.43,10.85,10.35,9.49,NaN,4
"Unger, Tobias (GER) (1979)",26-Aug-04,0.153,1.2 m/s,NaN,10.5,NaN,20.6,NaN,9.52,NaN,9.90,1,7
"Miller, Coby (USA) (1976)",26-Jun-05,NaN,-0.9 m/s,6.01,10.51,15.37,20.64,8.32,11.11,10.29,9.49,3,7
"Perry, Willie (USA) (1987)",10-Jun-06,NaN,-0.2 m/s,NaN,10.9,NaN,20.6,NaN,9.17,NaN,10.31,4,5
"Gray, Brent (USA) (1986)",04-Jul-08,NaN,1.0 m/s,5.92,10.59,15.35,20.64,8.45,10.71,10.50,9.45,8,2
"Lawrence, Michael (USA) (1985)",05-Jul-08,NaN,1.8 m/s,6.02,10.82,15.58,20.64,8.31,10.42,10.50,9.88,5,3
"Hering, Robert (GER) (1990)",18-Aug-09,0.151,-0.7 m/s,5.91,10.53,15.44,20.64,8.46,10.82,10.18,9.62,6,1
"lizuka, Shota (JPN) (1991)",11-Jun-11,NaN,0.0 m/s,5.97,10.65,15.57,20.64,8.38,10.68,10.16,9.86,NaN,4
"Saidy Ndure, Jaysuma (NOR) (1984)",20-May-12,NaN,0.2 m/s,NaN,10.51,NaN,20.64,NaN,9.51,NaN,4.84,2,1
"Wissman, Johan (SWE) (1982)",28-Jul-13,NaN,2.2 m/s,NaN,10.78,15.55,20.64,NaN,9.28,10.48,9.82,4,3
"Takase, Kei (JPN) (1988)",26-Aug-15,0.201,0.8 m/s,5.88,10.53,15.36,20.64,8.50,10.75,10.35,9.47,2,8
"Young, Isiah (USA) (1990)",10-Aug-17,0.148,-0.1 m/s,NaN,10.35,15.34,20.49,NaN,9.66,10.02,9.71,4,8
"Makarawu, Tapiwanashe (ZIM) (2000)",23-Aug-23,0.188,-0.1 m/s,NaN,10.77,NaN,20.64,NaN,9.29,NaN,10.13,3,4
"Colbert, Laurenz (USA) (2003)",27-Jun-24,NaN,0.3 m/s,5.83,10.57,15.41,20.64,8.58,10.55,10.33,9.56,6,7
"Orogot, Tarsis (UGA) (2002)",07-Aug-24,0.160,-0.1 m/s,5.97,10.57,15.44,20.64,8.38,10.87,10.27,9.62,6,6
"Hudson-Smith, Matthew (GBR) (1994)",02-May-25,0.170,2.4 m/s,6.13,10.84,15.62,20.64,8.16,10.62,10.46,9.96,4,7
"Schaub, Théo (FRA) (2000)",29-Jun-25,0.149,1.8 m/s,5.92,10.59,15.42,20.64,8.45,10.71,10.35,9.58,2,7
"Afrifah, Blessing (ISR) (2003)",19-Jul-25,0.165,-0.7 m/s,5.78,10.43,14.90,20.64,8.65,10.75,11.19,8.71,7,1
"Iizuka, Shota (JPN) (1991)",17-Sep-25,0.176,-0.2 m/s,NaN,10.59,NaN,20.64,NaN,9.44,NaN,9.95,6,6
"Jellinghaus, Martin (FRG) (1944)",04-Sep-72,NaN,0.0 m/s,NaN,10.84,15.60,20.65,NaN,9.23,10.50,9.90,4,7
"Watkins, Slip (USA) (1967)",21-Jun-96,NaN,0.9 m/s,10.43,NaN,20.65,20.65,9.59,NaN,9.78,9.69,3,6
"Osovnikar, Matic (SLO) (1980)",28-Aug-07,0.174,0.3 m/s,5.86,10.48,15.37,20.65,8.53,10.82,10.22,9.47,8,5
"Williams, Bernard (USA) (1978)",04-Jul-08,NaN,-0.3 m/s,5.88,10.63,15.40,20.65,8.50,10.53,10.48,9.52,8,1
"Mbandjock, Martial (FRA) (1985)",18-Aug-09,0.120,-0.6 m/s,5.94,10.62,15.58,20.65,8.42,10.68,10.08,9.86,2,1
"Dodson, Jeremy (USA) (1987)",12-Jun-10,NaN,3.7 m/s,NaN,10.7,NaN,20.7,NaN,9.35,NaN,10.00,NaN,5
"Forte, Julian (JAM) (1993)",20-Jul-14,NaN,1.1 m/s,NaN,10.69,NaN,20.65,NaN,9.35,NaN,10.04,3,2
"Nellum, Bryshon (USA) (1989)",29-Jun-14,0.177,1.3 m/s,NaN,10.9,NaN,20.6,NaN,9.17,NaN,10.31,NaN,6
"Kawase, Takanori (JPN) (1994)",26-Jun-16,0.140,1.8 m/s,5.97,10.74,15.59,20.65,8.38,10.48,10.31,9.88,3,4
"Greaux, Kyle (TTO) (1988)",09-Aug-17,0.176,2.1 m/s,NaN,10.42,15.24,20.47,NaN,9.60,10.37,9.56,6,8
"Someya, Yoshihiro (JPN) (1998)",03-May-18,0.175,1.1 m/s,5.89,10.55,15.43,20.65,8.49,10.73,10.25,9.58,8,1
"Hara, Shota (JPN) (1992)",20-May-18,0.121,0.9 m/s,5.86,10.56,15.44,20.65,8.53,10.64,10.25,9.60,1,6
"Vilar, Lucas (BRA) (2001)",18-Jul-22,0.161,-0.3 m/s,NaN,10.66,NaN,20.65,NaN,9.38,NaN,10.01,5,6
"Maganga Gorra, Guy (GAB) (1993)",19-Jul-22,0.165,1.1 m/s,NaN,10.79,NaN,20.65,NaN,9.27,NaN,10.14,8,8
"Rodney, Brendon (CAN) (1992)",06-Aug-22,0.140,1.1 m/s,5.8,10.4,15.3,20.65,8.62,10.87,10.20,9.35,9,5
"Norman, Michael (USA) (1997)",05-May-23,0.145,0.3 m/s,5.93,10.54,15.45,20.65,8.43,10.85,10.18,9.62,5,8
"Fall, Mouhamadou (FRA) (1992)",15-Jun-23,0.152,0.6 m/s,5.88,10.50,15.37,20.65,8.50,10.82,10.27,9.47,8,7
"Burnet, Taymir (NED) (1992)",24-Aug-23,0.140,0.0 m/s,NaN,10.52,NaN,20.65,NaN,9.51,NaN,9.87,3,7 - 6
"Maswanganyi, Shaun (RSA) (2001)",24-Aug-23,0.147,-0.4 m/s,NaN,10.62,NaN,20.65,NaN,9.42,NaN,9.97,3,7
"Erlandsson, Erik (SWE) (2004)",05-Aug-24,0.176,0.2 m/s,5.96,10.65,15.50,20.65,8.39,10.66,10.31,9.71,8,7
"Svensson, Felix (SUI) (1997)",06-Aug-24,0.138,0.3 m/s,5.94,10.58,15.48,20.65,8.42,10.78,10.20,9.67,5,4
"Hession, Paul (IRL) (1983)",18-Aug-09,0.144,0.1 m/s,6.04,10.73,15.55,20.66,8.28,10.66,10.37,9.78,6,2
"Spearmon, Wallace (USA) (1984)",18-Aug-09,0.144,-0.7 m/s,6.02,10.72,15.63,20.66,8.31,10.64,10.18,9.94,3,2
"Devonish, Marlon (GBR) (1976)",18-Aug-09,0.154,-0.2 m/s,5.89,10.56,15.47,20.66,8.49,10.71,10.18,9.63,6,2
"Hession, Paul (IRL) (1983)",16-May-10,NaN,-0.4 m/s,NaN,10.46,15.29,20.66,NaN,9.56,10.35,9.31,4,3
"Kiryu, Yoshihide (JPN) (1995)",02-Aug-13,NaN,-1.2 m/s,NaN,10.60,15.47,20.66,NaN,9.43,10.27,9.63,NaN,1
"Belcher, Christopher (USA) (1994)",09-Jun-17,NaN,-3.1 m/s,NaN,10.3,NaN,20.7,NaN,9.71,NaN,9.62,NaN,5
Liang Jinsheng (CHN) (1996),03-Aug-19,NaN,0.0 m/s,6.00,10.58,15.50,20.66,8.33,10.92,10.16,9.69,5,2
"Desalu, Eseosa (ITA) (1994)",10-Sep-19,0.181,-0.1 m/s,NaN,10.67,NaN,20.66,NaN,9.37,NaN,10.01,7,2
"Mizukubo, Soshi (JPN) (1999)",02-Jun-23,0.170,-0.2 m/s,5.86,10.48,15.39,20.66,8.53,10.82,10.18,9.49,4,3
"Ueyama, Koki (JPN) (1999)",23-Aug-23,0.147,-0.2 m/s,NaN,10.77,NaN,20.66,NaN,9.29,NaN,10.11,5,4
"Morrow, Elijah (USA) (1995)",28-Jun-24,NaN,0.7 m/s,6.02,10.75,15.60,20.66,8.31,10.57,10.31,9.88,1,7
"Mars, Chase (USA) (2003)",28-Jun-24,NaN,0.7 m/s,NaN,5.97,10.74,15.62,8.38,10.48,10.25,9.92,4,8
"Coleman, Christian (USA) (1996)",31-May-25,0.160,0.0 m/s,5.84,10.46,15.40,20.66,8.56,10.82,10.12,9.51,2,6
"Brown, Aaron (CAN) (1992)",15-Jun-25,0.175,2.0 m/s,5.80,10.46,15.33,20.66,8.62,10.73,10.27,9.38,4,2
"Atafi, Abdulaziz Abdui (KSA) (2001)",17-Sep-25,0.182,-0.3 m/s,NaN,10.66,NaN,20.66,NaN,9.38,NaN,10.00,1,8
"Fuseini, Ibrahim (GHA) (2002)",17-Sep-25,0.212,-0.1 m/s,NaN,10.67,NaN,20.66,NaN,9.37,NaN,10.01,4,6
"Mumenthaler, Timothé (SUI) (2002)",18-Sep-25,0.132,0.0 m/s,NaN,10.56,NaN,20.66,NaN,9.47,NaN,9.90,9,7
"Lübke, Ralf (FRG) (1965)",08-Aug-84,NaN,0.7 m/s,NaN,10.63,NaN,20.67,NaN,9.41,NaN,9.96,7,4
"Evans, Dwayne (USA) (1958)",21-Jun-84,NaN,-0.2 m/s,NaN,10.40,NaN,20.67,NaN,9.62,NaN,9.74,7,8
"Adeniken, Olapade (NGR) (1969)",28-Sep-88,0.284,1.6 m/s,6.04,10.63,15.45,20.67,8.28,10.89,10.37,9.58,8,6
"Kurnicki, Robert (GER) (1965)",19-Aug-93,NaN,0.6 m/s,6.08,10.72,15.53,20.67,8.22,10.78,10.40,9.73,8,7-6
"Cavitt, Cornelius (USA) (1974)",21-Jun-96,NaN,1.1 m/s,NaN,10.61,NaN,20.67,NaN,9.43,NaN,9.94,6,7
"Watkins, Slip (USA) (1967)",22-Jun-96,NaN,0.0 m/s,NaN,10.49,NaN,20.67,NaN,9.53,NaN,9.82,8,6
"Edwards, LeShaunte (USA) (1979)",17-Jul-04,NaN,-0.7 m/s,5.94,10.66,15.44,20.67,8.42,10.59,10.46,9.56,8,6-5
"Samuels, J-Mee (USA) (1987)",05-Jul-08,NaN,2.2 m/s,5.94,10.67,15.53,20.67,8.42,10.57,10.29,9.73,2,6
"Palacios, Rolando (HON) (1987)",19-Aug-09,0.191,0.0 m/s,5.98,10.66,15.52,20.67,8.36,10.68,10.29,9.71,8,7
"Ellington, James (GBR) (1985)",20-May-12,NaN,0.2 m/s,NaN,10.47,NaN,20.67,NaN,9.55,NaN,4.84,4,2
"Maslák, Pavel (CZE) (1991)",16-Jun-13,0.216,-0.9 m/s,6.08,10.78,15.67,20.67,8.22,10.64,10.22,10.00,5,1
"Wissman, Johan (SWE) (1982)",20-Jul-14,NaN,1.1 m/s,NaN,10.92,NaN,20.67,NaN,9.16,NaN,10.26,6,3
Liu Shuoyuan (CHN) (2002),23-Jul-23,0.153,-0.4 m/s,NaN,10.43,15.29,20.67,NaN,9.59,10.29,9.29,5,1
"lizuka, Shota (JPN) (1991)",05-Aug-24,0.150,0.2 m/s,5.99,10.68,15.46,20.67,8.35,10.66,10.46,9.60,4,5
"Mumenthaler, Timothé (SUI) (2002)",06-Aug-24,0.134,1.0 m/s,5.95,10.62,15.46,20.67,8.40,10.71,10.33,9.60,5,3
"Onwuzurike, Udodi (NGR) (2003)",31-May-25,0.140,0.0 m/s,5.84,10.53,15.50,20.67,8.56,10.66,10.06,9.67,3,7
"Truskauskas, Gediminas (LTU) (1998)",29-Jun-25,0.129,1.8 m/s,5.86,10.61,15.45,20.67,8.53,10.53,10.33,9.58,1,8
"Prenzler, Olaf (GDR) (1958)",28-Aug-86,0.156,0.0 m/s,NaN,10.50,NaN,20.68,NaN,9.52,NaN,9.82,NaN,4
"Viana, Sandro (BRA) (1977)",28-Aug-07,0.169,0.9 m/s,5.89,10.43,15.35,20.68,8.49,11.01,10.16,9.38,6,5
"Barnett, Brian (CAN) (1987)",29-Aug-07,0.142,-0.4 m/s,6.05,10.70,15.55,20.68,8.26,10.75,10.31,9.75,2,8
"Menga, Alexio Platini (GER) (1987)",18-Aug-09,0.145,-0.3 m/s,5.88,10.54,15.42,20.68,8.50,10.73,10.25,9.51,5,6
"Alerte, David (FRA) (1984)",20-Aug-09,0.161,-0.3 m/s,5.96,10.65,15.59,20.68,8.39,10.66,10.12,9.82,2,8
"Owens, Bruce (USA) (1987)",12-Jun-10,NaN,3.7 m/s,NaN,10.7,NaN,20.7,NaN,9.35,NaN,10.00,NaN,6
"Crawford, Shawn (USA) (1978)",15-May-11,NaN,2.3 m/s,5.93,10.41,15.25,20.68,8.43,11.16,10.33,9.21,NaN,3
"Engel, Roscoe (RSA) (1989)",28-Jul-13,NaN,2.2 m/s,NaN,10.68,15.51,20.68,NaN,9.36,10.35,9.67,3,4
"lizuka, Shota (JPN) (1991)",29-Aug-18,0.142,0.7 m/s,5.93,10.58,15.45,20.68,8.43,10.75,10.27,9.56,6,6
"Shiraishi, Kirara (JPN) (1996)",03-May-19,NaN,-0.2 m/s,5.86,10.46,15.36,20.68,8.53,10.87,10.20,9.40,2,1
"Kerley, Fred (USA) (1995)",19-Jul-22,0.123,-0.1 m/s,NaN,10.62,NaN,20.68,NaN,9.42,NaN,9.94,6,6
"Rodney, Brendon (CAN) (1992)",05-Aug-22,0.147,2.1 m/s,5.8,10.5,15.3,20.68,8.62,10.64,10.42,9.29,7,2
"White-Austin, Trayvion (USA) (2000)",27-Jun-24,NaN,1.1 m/s,5.95,10.66,15.46,20.68,8.40,10.62,10.42,9.58,5,3
"Phillips, David (USA) (2001)",27-Jun-24,NaN,1.2 m/s,5.84,10.64,15.40,20.68,8.56,10.42,10.50,9.47,9,5
"Miller, Cameron (USA) (2000)",28-Jun-24,NaN,2.5 m/s,5.94,10.78,15.56,20.68,8.42,10.33,10.46,9.77,9,7
Sun Qingchi (CHN) (2000),30-Jun-24,0.156,0.8 m/s,NaN,10.81,15.61,20.68,NaN,9.25,10.42,9.86,9,1
Shi Junhao (CHN) (2005),,NaN,NaN,time,NaN,10.60,15.44,velocity,NaN,9.43,10.33,8,2
"Blake, Ackeem (JAM) (2002)",,NaN,NaN,time,5.91,10.55,15.46,velocity,8.46,10.78,10.18,2,7
"Simionato, Carlo (ITA) (1961)",,NaN,NaN,time,NaN,10.68,15.52,velocity,NaN,9.36,10.33,1,7
"Regis, John (GBR) (1966)",,NaN,NaN,time,5.96,10.64,15.45,velocity,8.39,10.68,10.40,1,7
"Watkins, Slip (USA) (1967)",,NaN,NaN,time,NaN,10.56,15.41,velocity,NaN,9.47,10.31,8,7
"Urbaś, Marcin (POL) (1976)",,NaN,NaN,time,5.94,10.94,15.45,velocity,8.42,10.00,11.09,NaN,3
"Marcoullides, Anninos (CYP) (1971)",,NaN,NaN,time,5.91,10.51,15.38,velocity,8.46,10.87,10.27,NaN,5
"Fujimitsu, Kenji (JPN) (1986)",,NaN,NaN,time,5.95,10.65,15.51,velocity,8.40,10.64,10.29,8,3
"Palacios, Rolando (HON) (1987)",,NaN,NaN,time,5.97,10.69,15.55,velocity,8.38,10.59,10.29,8,-4-3
"Takahira, Shinji (JPN) (1984)",,NaN,NaN,time,5.91,10.60,15.45,velocity,8.46,10.66,10.31,7,-5-4
"Jobodwana, Anaso (RSA) (1992)",09-Aug-12,0.216,0.4 m/s,NaN,10.77,NaN,20.69,NaN,9.29,NaN,10.08,9,8
"Maslák, Pavel (CZE) (1991)",16-Jun-13,0.184,-0.9 m/s,6.08,10.80,15.67,20.69,8.22,10.59,10.27,9.96,4,1
"Dwyer, Rasheed (JAM) (1989)",09-Aug-17,0.170,2.1 m/s,NaN,10.28,15.15,20.52,NaN,9.73,10.27,9.31,9,9
"Kiryu, Yoshihide (JPN) (1995)",03-May-18,0.169,1.1 m/s,5.92,10.60,15.46,20.69,8.45,10.68,10.29,9.56,6,2
"Kiryu, Yoshihide (JPN) (1995)",24-Jun-18,0.142,0.8 m/s,5.87,10.61,15.47,20.69,8.52,10.55,10.29,9.58,6,4
"Jobodwana, Anaso (RSA) (1992)",19-May-19,0.125,-0.4 m/s,5.82,10.45,15.35,20.69,8.59,10.80,10.20,9.36,5,4
"Martínez, Yancarlos (DOM) (1992)",05-Jun-22,0.148,2.0 m/s,6.04,10.85,15.70,20.69,8.28,10.40,10.31,10.02,3,4
"Eseme, Emmanuel (CMR) (1993)",05-Aug-22,0.179,1.9 m/s,5.9,10.7,15.5,20.69,8.47,10.42,10.42,9.63,4,2
"Volko, Ján (SVK) (1996)",23-Aug-23,0.161,-0.1 m/s,NaN,10.69,NaN,20.69,NaN,9.35,NaN,10.00,5,5
"Curry, Jeremiah (USA) (2000)",25-May-24,0.155,1.8 m/s,5.95,10.53,15.34,20.69,8.40,10.92,10.40,9.35,9,7
"Andant, Téo (FRA) (1999)",11-Jul-25,0.145,-0.8 m/s,5.87,10.57,15.46,20.69,8.52,10.64,10.22,9.56,1,8
"Dentato, Damiano (ITA) (2004)",19-Jul-25,0.136,-0.7 m/s,5.94,10.61,15.42,20.69,8.42,10.71,10.40,9.49,6,2
"Williams, Desai (CAN) (1959)",06-Aug-84,NaN,1.4 m/s,NaN,10.32,NaN,20.70,NaN,9.69,NaN,9.63,7,2
"Williams, Desai (CAN) (1959)",08-Aug-84,NaN,0.7 m/s,NaN,10.31,NaN,20.70,NaN,9.70,NaN,9.62,3,5
"Dollé, David (SUI) (1969)",19-Aug-93,NaN,0.1 m/s,6.13,10.86,15.63,20.70,8.16,10.57,10.48,9.86,3,-7-6
"Maybank, Anthuan (USA) (1969)",22-Jun-96,NaN,2.4 m/s,NaN,10.89,NaN,20.70,NaN,9.18,NaN,10.19,NaN,6
"Johnson, Joshua J. (USA) (1976)",26-Jun-05,NaN,-0.9 m/s,5.99,10.58,15.47,20.70,8.35,10.89,10.22,9.56,2,8
"Suetsugu, Shingo (JPN) (1980)",28-Aug-07,0.157,0.9 m/s,5.86,10.45,15.37,20.70,8.53,10.89,10.16,9.38,5,6
"Williams, Rubin (USA) (1983)",04-Jul-08,NaN,-0.3 m/s,5.89,10.61,15.39,20.70,8.49,10.59,10.46,9.42,3,2
"Capel, John (USA) (1973)",05-Jul-08,NaN,1.4 m/s,5.91,10.64,15.49,20.70,8.46,10.57,10.31,9.60,7,3
"Bolt, Usain (JAM) (1986)",18-Aug-09,0.183,-0.2 m/s,5.93,10.67,15.55,20.70,8.43,10.55,10.25,9.71,5,1
"Callender, Emmanuel (TTO) (1984)",19-Aug-09,0.145,0.3 m/s,5.83,10.49,15.38,20.70,8.58,10.73,10.22,9.40,1,8
"Iizuka, Shota (JPN) (1991)",03-May-11,NaN,0.5 m/s,5.98,10.73,15.65,20.70,8.36,10.53,10.16,9.90,NaN,2
Liu Ke (CHN) (2000),15-Sep-24,0.173,0.9 m/s,NaN,10.57,15.71,20.70,NaN,9.46,9.73,10.02,5,1
"Hudson-Smith, Matthew (GBR) (1994)",01-Jun-25,0.184,0.8 m/s,6.07,10.84,15.70,20.70,8.24,10.48,10.29,10.00,8,5
"Tolbert, Rod (USA) (1967)",21-Jun-96,NaN,0.9 m/s,NaN,10.58,NaN,20.71,NaN,9.45,NaN,9.87,7,7
"Nelloms, Chris (USA) (1971)",22-Jun-96,NaN,0.7 m/s,NaN,10.51,NaN,20.71,NaN,9.51,NaN,9.80,1,6
"Urbaś, Marcin (POL) (1976)",08-Aug-02,0.117,0.8 m/s,NaN,10.53,15.41,20.71,NaN,9.50,10.25,9.43,NaN,1
"Carter, Xavier (USA) (1985)",26-Jun-05,NaN,-0.9 m/s,6.02,10.69,15.70,20.71,8.31,10.71,9.98,9.98,1,9
"Lawrence, Michael (USA) (1985)",04-Jul-08,NaN,0.8 m/s,6.09,10.84,15.61,20.71,8.21,10.53,10.48,9.80,6,2
"Edward, Alonso (PAN) (1989)",18-Aug-09,0.186,0.2 m/s,6.00,10.65,15.45,20.71,8.33,10.75,10.42,9.51,7,1
"Smellie, Gavin (CAN) (1986)",18-Aug-09,0.165,-0.7 m/s,5.94,10.59,15.44,20.71,8.42,10.75,10.31,9.49,7,3
"Neville, David (USA) (1984)",20-May-12,NaN,0.2 m/s,NaN,10.64,NaN,20.71,NaN,9.40,NaN,4.83,3,3
"Hashimoto, Akiyuki (JPN) (1994)",18-Apr-15,NaN,1.5 m/s,5.94,10.63,15.39,20.71,8.42,10.66,10.50,9.40,3,2
"Takase, Kei (JPN) (1988)",16-Aug-16,NaN,0.6 m/s,5.84,10.48,15.35,20.71,8.56,10.78,10.27,9.33,2,6
"Dukes, Dedric (USA) (1994)",21-May-17,0.163,-2.0 m/s,5.78,10.39,15.24,20.71,8.65,10.85,10.31,9.14,7,2
"Yasuda, Keigo (JPN) (2000)",29-Aug-20,NaN,0.8 m/s,5.93,10.64,15.49,20.71,8.43,10.62,10.31,9.58,4,1
"Desalu, Eseosa (ITA) (1994)",01-Jul-21,0.136,-1.0 m/s,6.0,10.5,15.4,20.71,8.33,11.11,10.20,9.42,4,4
"Reais, William (SUI) (1999)",18-Jul-22,0.156,0.4 m/s,NaN,10.82,NaN,20.71,NaN,9.24,NaN,10.11,6,5
Chen Jinfeng (CHN) (2004),29-Jun-23,0.183,0.1 m/s,NaN,10.58,15.46,20.71,NaN,9.45,10.25,9.52,7,3
"Macík, Ondřej (CZE) (2001)",24-Aug-23,0.137,-0.1 m/s,NaN,10.66,NaN,20.71,NaN,9.38,NaN,9.95,5,8
"Tilli, Stefano (ITA) (1962)",06-Aug-84,NaN,1.5 m/s,NaN,10.43,NaN,20.72,NaN,9.59,NaN,9.72,7,1
"Tilli, Stefano (ITA) (1962)",08-Aug-84,NaN,0.7 m/s,NaN,10.45,NaN,20.72,NaN,9.57,NaN,9.74,5,6
"Capel, John (USA) (1978)",18-Jul-04,NaN,-0.7 m/s,5.84,10.54,15.43,20.72,8.56,10.64,10.22,9.45,1,6
"Seoud, Amr Ibrahim Mostafa (EGY) (1)",28-Aug-07,0.139,0.3 m/s,5.95,10.63,15.54,20.72,8.40,10.68,10.18,9.65,2,6
"Alerte, David (FRA) (1984)",18-Aug-09,0.148,0.1 m/s,5.95,10.69,15.58,20.72,8.40,10.55,10.22,9.73,3,4
"Oseto, Kazuma (JPN) (1994)",26-Jun-16,0.172,1.8 m/s,5.86,10.56,15.48,20.72,8.53,10.64,10.16,9.54,8,5
"Yamashita, Jun (JPN) (1997)",20-May-18,0.143,0.9 m/s,5.89,10.59,15.53,20.72,8.49,10.64,10.12,9.63,2,7
"Ueyama, Koki (JPN) (1999)",29-Aug-20,NaN,0.8 m/s,5.91,10.63,15.47,20.72,8.46,10.59,10.33,9.52,5,2
"Burke, Mario (BAR) (1997)",25-Sep-20,0.121,0.9 m/s,6.0,10.7,15.6,20.72,8.33,10.64,10.20,9.77,3,4
"Ansah, Owen (GER) (2000)",09-Jun-22,0.167,-0.1 m/s,5.94,10.58,15.45,20.72,8.42,10.78,10.27,9.49,9,6
"Iizuka, Shota (JPN) (1991)",18-Jul-22,0.130,0.0 m/s,NaN,10.51,NaN,20.72,NaN,9.51,NaN,9.79,4,3
"Matiyenga, Tinotenda (ZIM) (1999)",18-Jul-22,0.146,2.1 m/s,NaN,10.75,NaN,20.72,NaN,9.30,NaN,10.03,4,7
"Law, Calab (AUS) (2003)",19-Jul-22,0.127,0.3 m/s,NaN,10.77,NaN,20.72,NaN,9.29,NaN,10.05,1,7
"Onwuzurike, Udodi (NGR) (2003)",07-Aug-24,0.143,-0.6 m/s,5.86,10.52,15.46,20.72,8.53,10.73,10.12,9.51,2,7
"van Niekerk, Wayde (RSA) (1992)",07-Aug-24,0.166,-0.6 m/s,5.93,10.55,15.39,20.72,8.43,10.82,10.33,9.38,4,7
"Mumenthaler, Timothé (SUI) (2002)",05-Sep-24,0.143,0.4 m/s,5.93,10.57,15.49,20.72,8.43,10.78,10.16,9.56,1,8
Sun Qingchi (CHN) (2000),15-Sep-24,0.177,0.2 m/s,NaN,10.77,15.57,20.72,NaN,9.29,10.42,9.71,5,1
"Hogans, Dapriest (USA) (2001)",03-Aug-25,NaN,-0.1 m/s,5.98,10.70,15.50,20.72,8.36,10.59,10.42,9.58,9,6
"Myricks, Larry (USA) (1956)",21-Jun-84,NaN,-1.3 m/s,10.44,NaN,20.73,20.73,9.58,NaN,9.72,9.65,NaN,3
"Regis, John (GBR) (1966)",30-Jun-91,NaN,-1.6 m/s,NaN,10.61,NaN,20.73,NaN,9.43,NaN,9.88,NaN,2
"Douglas, Troy (NED) (1962)",09-Aug-02,0.142,-0.5 m/s,6.09,10.78,15.58,20.73,8.21,10.66,10.42,9.71,NaN,7
"Johnson, Patrick (AUS) (1972)",29-Aug-07,0.151,-0.4 m/s,5.86,10.47,15.41,20.73,8.53,10.85,10.12,9.40,2,8
"Capel, John (USA) (1978)",04-Jul-08,NaN,0.8 m/s,5.99,10.67,15.41,20.73,8.35,10.68,10.55,9.40,8,3
"Wells, Evander (USA) (1987)",05-Jul-08,NaN,0.1 m/s,6.01,10.73,15.56,20.73,8.32,10.59,10.35,9.67,4,4
"Hara, Shota (JPN) (1992)",03-May-16,NaN,1.0 m/s,5.95,10.70,15.55,20.73,8.40,10.53,10.31,9.65,NaN,3
"Cotton, Kenzo (USA) (1996)",08-Jun-18,NaN,0.0 m/s,NaN,10.8,NaN,20.7,NaN,9.26,NaN,10.10,NaN,7
"Suzuki, Ryota (JPN) (1999)",27-Jun-21,0.155,1.0 m/s,5.89,10.65,15.55,20.73,8.49,10.50,10.20,9.65,9,3
"Jirka, Jan (CZE) (1993)",18-Jul-22,0.132,-0.3 m/s,NaN,10.76,NaN,20.73,NaN,9.29,NaN,10.03,4,7
"Afrifah, Blessing (ISR) (2003)",23-Aug-23,0.160,-1.4 m/s,NaN,10.69,NaN,20.73,NaN,9.35,NaN,9.96,2,5
"Thomas, Max (USA) (2004)",27-Jun-24,NaN,1.1 m/s,5.96,10.78,15.57,20.73,8.39,10.37,10.44,9.69,9,4-3
Yang Chun-Hun (TPE) (1997),06-Aug-24,0.145,0.0 m/s,5.91,10.62,15.54,20.73,8.46,10.62,10.16,9.63,6,3
"Miller, Christian (USA) (2006)",31-May-25,0.160,0.0 m/s,5.94,10.70,15.64,20.73,8.42,10.50,10.12,9.82,1,8
"Berruti, Livio (ITA) (1939)",18-Jun-61,NaN,0.8 m/s,NaN,10.3,NaN,20.5,NaN,9.71,NaN,4.90,2,1
"Kerr, Stanley (USA) (1967)",19-Jul-86,NaN,0.2 m/s,NaN,10.72,15.72,20.74,NaN,9.33,10.00,9.96,NaN,1
"Bringmann, Steffen (GDR) (1964)",10-Sep-89,0.172,1.9 m/s,NaN,10.61,15.55,20.74,NaN,9.43,10.12,9.63,8,6
"Cavallaro, Alessandro (ITA) (1980)",06-Aug-99,NaN,-0.3 m/s,NaN,10.71,NaN,20.74,NaN,9.34,NaN,9.97,NaN,1
"Berrian, Chris (USA) (1983)",04-Jul-08,NaN,0.8 m/s,5.91,10.56,15.41,20.74,8.46,10.75,10.31,9.38,7,4
"Sorrillo, Rondell (TTO) (1986)",18-Aug-09,0.159,-0.2 m/s,5.95,10.81,15.60,20.74,8.40,10.29,10.44,9.73,8,2
"Fujimitsu, Kenji (JPN) (1986)",03-May-14,NaN,0.8 m/s,6.06,10.73,15.54,20.74,8.25,10.71,10.40,9.62,NaN,5
Liang Jinsheng (CHN) (1996),05-Sep-17,NaN,-0.2 m/s,NaN,10.51,NaN,20.74,NaN,9.51,NaN,9.78,NaN,2
"Inuzuka, Wataru (JPN) (1997)",24-Jun-18,0.209,0.8 m/s,5.96,10.65,15.54,20.74,8.39,10.66,10.22,9.62,8,5
"Iizuka, Shota (JPN) (1991)",23-Aug-20,0.146,0.6 m/s,5.87,10.56,15.45,20.74,8.52,10.66,10.22,9.45,6,1
"Norwood, Vernon (USA) (1992)",01-Jul-21,0.160,-1.0 m/s,6.0,10.7,15.6,20.74,8.33,10.64,10.20,9.73,3,5
"Blake, Jerome (CAN) (1995)",05-Jun-22,0.175,2.0 m/s,5.94,10.63,15.51,20.74,8.42,10.66,10.25,9.56,6,5
"Smith, Demarius (USA) (1998)",28-Jun-24,NaN,0.7 m/s,6.08,10.78,15.59,20.74,8.22,10.64,10.40,9.71,2,9
Liu Shuoyuan (CHN) (2002),29-Jun-24,0.156,0.4 m/s,NaN,10.73,15.55,20.74,NaN,9.32,10.37,9.63,7,1
"Ellis, Quoi (USA) (2000)",03-Aug-25,NaN,0.0 m/s,5.82,10.51,15.44,20.74,8.59,10.66,10.14,9.43,4,3
"Afonso, Pedro (POR) (2007)",09-Aug-25,0.161,-2.4 m/s,6.00,10.72,16.16,20.74,8.33,10.59,9.19,10.92,6,1
"Evans, Dwayne (USA) (1958)",21-Jun-84,NaN,-1.3 m/s,NaN,10.50,NaN,20.75,NaN,9.52,NaN,9.76,NaN,4
"Young, Aguston (JAM) (1961)",06-Aug-84,NaN,-0.3 m/s,NaN,10.45,NaN,20.75,NaN,9.57,NaN,9.71,7,3
"Cheval, Christophe (FRA) (1971)",22-Jun-97,NaN,0.7 m/s,6.05,10.78,15.61,20.75,8.26,10.57,10.35,9.73,NaN,4
"Brinarsky, Martin (SVK) (1976)",08-Aug-02,0.102,-0.2 m/s,NaN,10.71,15.55,20.75,NaN,9.34,10.33,9.62,NaN,2
"Smirnov, Roman (RUS) (1984)",24-Jun-07,0.138,1.0 m/s,NaN,10.67,15.55,20.75,NaN,9.37,10.25,9.62,NaN,7
"Goúsis, Anastásios (GRE) (1979)",30-Aug-07,0.143,-0.8 m/s,5.91,10.48,15.34,20.75,8.46,10.94,10.29,9.24,2,8
"Reid, Orlando (JAM) (1982)",09-Jun-07,NaN,0.4 m/s,NaN,10.8,NaN,20.8,NaN,9.26,NaN,10.00,8,3
"Saito, Hitoshi (JPN) (1986)",10-Jul-11,0.113,-0.4 m/s,5.84,10.61,15.56,20.75,8.56,10.48,10.10,9.63,NaN,2
"Kling-Baptiste, Tom (SWE) (1990)",28-Jul-13,NaN,3.1 m/s,NaN,10.79,15.68,20.75,NaN,9.27,10.22,9.86,3,2
"Bailey, Daniel (ANT) (1986)",08-May-16,0.151,-0.6 m/s,5.81,10.49,15.41,20.75,8.61,10.68,10.16,9.36,7,3
"Hara, Shota (JPN) (1992)",03-May-18,0.162,0.3 m/s,5.91,10.58,15.49,20.75,8.46,10.71,10.18,9.51,5,2
"Iizuka, Shota (JPN) (1991)",20-May-18,0.160,0.9 m/s,5.82,10.49,15.42,20.75,8.59,10.71,10.14,9.38,6,8
"Yamashita, Jun (JPN) (1997)",19-May-19,0.145,-0.4 m/s,5.80,10.40,15.34,20.75,8.62,10.87,10.12,9.24,9,5
"Rowe, Rodney (USA) (1997)",28-Jul-19,NaN,-0.7 m/s,NaN,10.9,NaN,20.7,NaN,9.17,NaN,10.20,NaN,7
"Svensson, Felix (SUI) (1997)",23-Aug-20,0.135,3.0 m/s,6.1,10.9,15.8,20.75,8.20,10.42,10.20,10.10,3,2
"Wicki, Silvan (SUI) (1995)",23-Aug-20,0.144,3.0 m/s,5.9,10.6,15.6,20.75,8.47,10.64,10.00,9.71,5,3
"Iizuka, Shota (JPN) (1991)",03-Oct-20,0.135,-0.5 m/s,5.85,10.48,15.42,20.75,8.55,10.80,10.12,9.38,6,1
"Murphy, Aidan (AUS) (2003)",18-Jul-22,0.144,0.4 m/s,NaN,10.77,NaN,20.75,NaN,9.29,NaN,10.02,2,6
Chen Jinfeng (CHN) (2004),28-Jun-23,0.169,-0.2 m/s,NaN,10.47,15.34,20.75,NaN,9.55,10.27,9.24,6,1
"Law, Calab (AUS) (2003)",05-Aug-24,0.164,0.1 m/s,5.89,10.50,15.39,20.75,8.49,10.85,10.22,9.33,5,7
"Reais, William (SUI) (1999)",22-Aug-24,0.124,0.9 m/s,5.94,10.61,15.51,20.75,8.42,10.71,10.20,9.54,1,8
Liu Shuoyuan (CHN) (2002),14-Sep-24,0.161,0.5 m/s,NaN,10.66,15.52,20.75,NaN,9.38,10.29,9.56,7,1
"Regis, John (GBR) (1966)",01-Sep-87,0.225,0.3 m/s,6.05,10.67,15.54,20.76,8.26,10.82,10.27,9.58,NaN,1
"Clark, Charles (USA) (1987)",04-Jul-08,NaN,1.2 m/s,6.12,10.86,15.56,20.76,8.17,10.55,10.64,9.62,8,2
"Takase, Kei (JPN) (1988)",11-Jun-11,NaN,0.0 m/s,5.83,10.45,15.37,20.76,8.58,10.82,10.16,9.28,NaN,5
"Givens, Senoj (JAM) (1993)",09-Jun-17,NaN,-3.1 m/s,NaN,10.6,NaN,20.8,NaN,9.43,NaN,9.80,NaN,6
"Hara, Shota (JPN) (1992)",03-May-18,0.178,-0.2 m/s,5.92,10.59,15.50,20.76,8.45,10.71,10.18,9.51,5,1
"Iizuka, Shota (JPN) (1991)",19-May-19,0.148,-0.4 m/s,5.86,10.53,15.49,20.76,8.53,10.71,10.08,9.49,7,6
"Koike, Yuki (JPN) (1995)",06-Sep-20,NaN,-0.6 m/s,5.88,10.54,15.42,20.76,8.50,10.73,10.25,9.36,5,1
"Onwuzurike, Udodi (NGR) (2003)",06-Aug-22,0.127,1.1 m/s,5.7,10.4,15.4,20.76,8.77,10.64,10.00,9.33,6,6
"Curry, Jeremiah (USA) (2000)",27-Jun-24,NaN,1.1 m/s,6.07,10.78,15.65,20.76,8.24,10.62,10.27,9.78,2,5-4
"Sato, Katsuki (JPN) (2007)",31-Jul-24,0.160,0.1 m/s,5.85,10.65,15.55,20.76,8.55,10.42,10.20,9.60,8,2
"Sancho, Jaime (ESP) (2003)",19-Jul-25,0.152,-0.7 m/s,5.89,10.61,15.48,20.76,8.49,10.59,10.27,9.47,8,3
"Nappi, Diego (ITA) (2007)",09-Aug-25,0.108,1.9 m/s,5.93,10.74,15.62,20.76,8.43,10.40,10.25,9.73,6,1
"Harries, Toby (GBR) (1998)",17-Sep-25,0.151,-0.2 m/s,NaN,10.55,NaN,20.76,NaN,9.48,NaN,9.79,7,7
"Quarrie, Don (JAM) (1951)",08-Aug-84,NaN,0.7 m/s,NaN,10.53,NaN,20.77,NaN,9.50,NaN,9.77,1,7
"Guilbe, Edgardo (PUR) (1966)",28-Sep-88,0.234,1.6 m/s,5.96,10.61,15.53,20.77,8.39,10.75,10.16,9.54,2,7
"Takahira, Shinji (JPN) (1984)",28-Aug-07,0.187,0.3 m/s,5.93,10.53,15.42,20.77,8.43,10.87,10.22,9.35,4,7
"Fujimitsu, Kenji (JPN) (1986)",26-Jun-16,0.164,1.8 m/s,5.88,10.57,15.46,20.77,8.50,10.66,10.22,9.42,4,6
"Hara, Shota (JPN) (1992)",08-May-16,0.109,-0.6 m/s,5.83,10.57,15.47,20.77,8.58,10.55,10.20,9.43,1,4
"Smith, Teray (BAH) (1994)",09-Jun-17,NaN,-3.1 m/s,NaN,10.6,NaN,20.8,NaN,9.43,NaN,9.80,NaN,7
"Hara, Shota (JPN) (1992)",25-Jun-17,0.168,0.3 m/s,5.89,10.55,15.43,20.77,8.49,10.73,10.25,9.36,4,4
"Azamati, Benjamin (GHA) (1998)",18-Jun-22,0.179,0.6 m/s,5.80,10.40,15.27,20.77,8.62,10.87,10.27,9.09,3,8
"Iizuka, Shota (JPN) (1991)",19-Jul-22,0.129,-0.1 m/s,NaN,10.63,NaN,20.77,NaN,9.41,NaN,9.86,2,7
Sun Qingchi (CHN) (2000),28-Jun-23,0.156,-0.1 m/s,NaN,10.66,15.46,20.77,NaN,9.38,10.42,9.42,7,2
"Hudson-Smith, Matthew (GBR) (1994)",05-Apr-25,0.200,-3.3 m/s,6.12,10.80,15.72,20.77,8.17,10.68,10.16,9.90,6,1
"Nappi, Diego (ITA) (2007)",09-Aug-25,0.146,-2.9 m/s,5.97,10.71,15.57,20.77,8.38,10.55,10.29,9.62,5,1
"Kujur, Animesh (IND) (2003)",17-Sep-25,0.147,-0.3 m/s,NaN,10.72,NaN,20.77,NaN,9.33,NaN,9.95,5,9
"Barré, Pascal (FRA) (1959)",31-Aug-78,0.183,-0.2 m/s,NaN,10.73,NaN,20.78,NaN,9.32,NaN,9.95,NaN,1
"Mahorn, Atlee (CAN) (1965)",03-Sep-87,NaN,-0.4 m/s,NaN,10.85,NaN,20.78,NaN,9.22,NaN,10.07,1,8
"Goremykin, Aleksandr (URS) (1971)",27-Aug-91,0.159,-3.4 m/s,NaN,10.49,NaN,20.78,NaN,9.53,NaN,9.72,8,8
"Campbell, Darren (GBR) (1973)",08-Aug-02,0.106,-1.8 m/s,5.83,10.42,15.36,20.78,8.58,10.89,10.12,9.23,NaN,4
"Torrieri, Marco (ITA) (1978)",09-Aug-02,0.184,-0.5 m/s,6.00,10.75,15.59,20.78,8.33,10.53,10.33,9.63,NaN,4
"Hongisto, Visa (FIN) (1987)",28-Aug-07,0.125,-0.3 m/s,5.90,10.55,15.49,20.78,8.47,10.75,10.12,9.45,3,5
"de Oliveira, Nil (SWE) (1986)",17-Jun-12,NaN,1.5 m/s,NaN,10.86,NaN,20.78,NaN,9.21,NaN,4.81,NaN,2
"Brown, Jermaine (JAM) (1991)",10-May-15,NaN,-0.5 m/s,5.93,10.61,15.53,20.78,8.43,10.68,10.16,9.52,3,4
Xie Zhenye (CHN) (1993),08-May-16,0.191,-0.6 m/s,5.92,10.60,15.49,20.78,8.45,10.68,10.22,9.45,3,5
"Cotton, Kenzo (USA) (1996)",25-Jun-17,NaN,-2.3 m/s,NaN,10.58,NaN,20.78,NaN,9.45,NaN,9.80,3,8
Bie Ge (CHN) (1992),05-Sep-17,NaN,-0.2 m/s,NaN,10.57,NaN,20.78,NaN,9.46,NaN,9.79,NaN,3
"Hartmann, Joshua (GER) (1999)",09-Jun-22,0.127,-0.1 m/s,5.86,10.57,15.51,20.78,8.53,10.62,10.12,9.49,1,7
Jia Runze (CHN) (2003),30-Jun-24,0.158,0.8 m/s,NaN,10.78,15.66,20.78,NaN,9.28,10.25,9.77,7,3
"Afrifah, Blessing (ISR) (2003)",05-Aug-24,0.147,0.1 m/s,5.92,10.66,15.58,20.78,8.45,10.55,10.16,9.62,2,5
"Maswanganyi, Shaun (RSA) (2001)",16-May-25,0.156,0.7 m/s,5.83,10.50,15.39,20.78,8.58,10.71,10.22,9.28,2,7
"Dentato, Damiano (ITA) (2004)",19-Jul-25,0.115,-1.4 m/s,5.90,10.60,15.49,20.78,8.47,10.64,10.22,9.45,6,2
"Tilli, Stefano (ITA) (1962)",30-Jun-91,NaN,-1.6 m/s,NaN,10.69,NaN,20.79,NaN,9.35,NaN,9.90,NaN,3
"Christian, Brendan (ANT) (1983)",19-Aug-09,0.138,0.0 m/s,5.90,10.58,15.50,20.79,8.47,10.68,10.16,9.45,1,8
"Iizuka, Shota (JPN) (1991)",10-May-15,NaN,-0.5 m/s,5.91,10.60,15.55,20.79,8.46,10.66,10.10,9.54,7,5
"Harrison, Eric (USA) (1999)",13-Jul-18,0.149,-0.1 m/s,5.86,10.49,15.44,20.79,8.53,10.80,10.10,9.35,6,3
"Suzuki, Ryota (JPN) (1999)",09-May-21,0.156,1.4 m/s,5.96,10.69,15.57,20.79,8.39,10.57,10.25,9.58,4,5
"Brown, Aaron (CAN) (1992)",23-May-21,0.148,-3.0 m/s,6.3,11.0,16.0,20.79,7.94,10.64,10.00,10.44,6,2
"Maswanganyi, Shaun (RSA) (2001)",18-Jul-22,0.151,0.0 m/s,NaN,10.43,NaN,20.79,NaN,9.59,NaN,9.65,8,4
"Desalu, Eseosa (ITA) (1994)",08-Sep-22,0.142,-0.6 m/s,5.99,10.59,15.45,20.79,8.35,10.87,10.29,9.36,1,8
"Adams, Luxolo (RSA) (1996)",15-Jun-23,0.183,0.6 m/s,6.03,10.75,15.59,20.79,8.29,10.59,10.33,9.62,2,8
"Jones, Terrence (BAH) (2002)",05-Apr-25,0.190,0.2 m/s,5.93,10.61,15.53,20.79,8.43,10.68,10.16,9.51,1,8
"da Silva, João Eugênio (BRA) (1963)",14-Aug-83,0.211,1.2 m/s,NaN,10.60,15.51,20.80,NaN,9.43,10.18,9.45,8,8
"Rouser, Jason (USA) (1970)",21-Jun-96,NaN,0.3 m/s,10.71,NaN,20.80,20.80,9.34,NaN,9.91,9.62,4,6
"Tolbert, Rod (USA) (1967)",22-Jun-96,NaN,0.7 m/s,NaN,10.57,NaN,20.80,NaN,9.46,NaN,9.78,8,7
"Dolphin, James (NZL) (1983)",28-Aug-07,0.147,0.3 m/s,5.95,10.55,15.48,20.80,8.40,10.87,10.14,9.40,3,8
"Wells, Evander (USA) (1987)",05-Jul-08,NaN,-0.9 m/s,5.92,10.67,15.62,20.80,8.45,10.53,10.10,9.65,1,5
"Effah, Sam (CAN) (1988)",18-Aug-09,0.150,-0.2 m/s,5.89,10.65,15.58,20.80,8.49,10.50,10.14,9.58,4,3
"Cribari, Marco (SUI) (1985)",18-Aug-09,0.144,-0.6 m/s,6.01,10.67,15.55,20.80,8.32,10.73,10.25,9.52,5,2
"Saito, Hitoshi (JPN) (1986)",02-Sep-11,0.167,-0.8 m/s,5.92,10.65,15.57,20.80,8.45,10.57,10.16,9.56,6,3
"Kiryu, Yoshihide (JPN) (1995)",18-Apr-15,NaN,1.5 m/s,5.95,10.67,15.55,20.80,8.40,10.59,10.25,9.52,6,3
"Tracey, Tyquendo (JAM) (1993)",26-Jul-15,NaN,0.4 m/s,NaN,10.74,NaN,20.80,NaN,9.31,NaN,9.94,3,1
"Shiraishi, Kirara (JPN) (1996)",30-Jun-19,0.160,-1.3 m/s,5.83,10.46,15.38,20.80,8.58,10.80,10.16,9.23,7,4
"Burke, Mario (BAR) (1997)",23-Aug-20,0.113,3.0 m/s,5.9,10.7,15.6,20.80,8.47,10.42,10.20,9.62,2,4
"Yamashita, Jun (JPN) (1997)",27-Jun-21,0.158,1.0 m/s,5.86,10.57,15.48,20.80,8.53,10.62,10.18,9.40,7,4
"Hansen, Simon (DEN) (1998)",18-Jul-22,0.128,0.0 m/s,NaN,10.54,NaN,20.80,NaN,9.49,NaN,9.75,2,5
"Vides, Jorge (BRA) (1992)",23-Aug-23,0.161,-0.1 m/s,NaN,10.88,NaN,20.80,NaN,9.19,NaN,10.08,2,6
Liu Shuoyuan (CHN) (2002),30-Jun-24,0.157,0.8 m/s,NaN,10.63,15.49,20.80,NaN,9.41,10.29,9.42,6,4
Shi Junhao (CHN) (2005),15-Sep-24,0.200,0.9 m/s,NaN,10.59,15.52,20.80,NaN,9.44,10.14,9.47,6,2
"Erlandsson, Erik (SWE) (2004)",19-Jul-25,0.143,-0.7 m/s,5.89,10.63,15.51,20.80,8.49,10.55,10.25,9.45,2,4
"Henderson, Kevin (USA) (1965)",23-Jun-96,NaN,-0.3 m/s,NaN,10.70,15.52,20.81,NaN,9.35,10.37,9.45,1,8
"Devonish, Marlon (GBR) (1976)",08-Aug-02,0.133,0.1 m/s,NaN,10.71,15.54,20.81,NaN,9.34,10.35,9.49,NaN,1
"Armstrong, Aaron (USA) (1977)",17-Jul-04,NaN,-0.7 m/s,5.99,10.77,15.60,20.81,8.35,10.46,10.35,9.60,1,26
"Spearmon, Wallace (USA) (1984)",04-Jul-08,NaN,1.3 m/s,6.04,10.66,15.60,20.81,8.28,10.82,10.12,9.60,7,1
"Capel, John (USA) (1978)",05-Jul-08,NaN,2.2 m/s,6.08,10.83,15.61,20.81,8.22,10.53,10.46,9.62,8,7
"Christian, Berndan (ANT) (1983)",18-Aug-09,0.144,-1.6 m/s,5.90,10.60,15.54,20.81,8.47,10.64,10.12,9.49,4,1
"Callender, Emmanuel (TTO) (1984)",18-Aug-09,0.161,0.2 m/s,5.85,10.49,15.45,20.81,8.55,10.78,10.08,9.33,5,3
"Fifton, Rikki (USA) (1985)",15-May-11,NaN,2.3 m/s,5.89,10.42,15.30,20.81,8.49,11.04,10.25,9.07,NaN,4
"Hashimoto, Akiyuki (JPN) (1994)",01-Aug-12,NaN,-0.5 m/s,5.91,10.56,15.49,20.81,8.46,10.75,10.14,9.40,4,1
"Taniguchi, Kotara (JPN) (1994)",26-Jun-16,0.144,1.8 m/s,5.98,10.79,15.67,20.81,8.36,10.40,10.25,9.73,1,7
"Volko, Ján (SVK) (1996)",04-Sep-20,0.144,0.1 m/s,5.9,10.6,15.6,20.81,8.47,10.64,10.00,9.60,4,2
"Matsenjwa, Sibusiso (SWZ) (1988)",05-Aug-22,0.169,0.1 m/s,5.9,10.7,15.6,20.81,8.47,10.42,10.20,9.60,4,3
"Callis, De'Montray (USA) (2002)",27-Jun-24,NaN,0.3 m/s,5.89,10.61,15.52,20.81,8.49,10.59,10.18,9.45,5,8
"Thomas, Max (USA) (2004)",28-Jun-24,NaN,2.5 m/s,5.93,10.74,15.62,20.81,8.43,10.40,10.25,9.63,5,8
"Richards, Jereem (TTO) (1994)",05-Apr-25,0.170,-3.3 m/s,6.05,10.72,15.71,20.81,8.26,10.71,10.02,9.80,4,2
"Lestrade, Bradley (SUI) (2001)",29-Jun-25,0.139,-0.2 m/s,5.88,10.56,15.45,20.81,8.50,10.68,10.22,9.33,NaN,3
"Cheval, Christophe (FRA) (1971)",24-Jun-01,0.232,-0.7 m/s,5.99,10.65,15.49,20.82,8.35,10.73,10.33,9.38,NaN,4
"Malcolm, Christian (GBR) (1979)",08-Aug-02,0.148,0.8 m/s,NaN,10.84,15.65,20.82,NaN,9.23,10.40,9.67,NaN,2
"Peterson, Domenik (USA) (1984)",17-Jul-04,NaN,0.1 m/s,5.92,10.76,15.59,20.82,8.45,10.33,10.35,9.56,NaN,7
"Abrantes, Arnaldo (POR) (1986)",28-Aug-07,0.144,0.6 m/s,5.83,10.47,15.45,20.82,8.58,10.78,10.04,9.31,8,5
"Vaden, Jordan (USA) (1978)",04-Jul-08,NaN,1.0 m/s,5.88,10.61,15.42,20.82,8.50,10.57,10.40,9.26,5,2
"Connaughton, Jared (CAN) (1985)",18-Aug-09,0.137,-0.9 m/s,5.88,10.61,15.55,20.82,8.50,10.57,10.12,9.49,1,1
"Sani Brown, Abdul Hakim (JPN) (1995)",01-Aug-15,NaN,-1.5 m/s,5.83,10.68,15.58,20.82,8.58,10.31,10.20,9.54,4,1
Yang Chun-Hun (TPE) (1997),23-Aug-23,0.135,-0.2 m/s,NaN,10.75,NaN,20.82,NaN,9.30,NaN,9.93,4,5
"Blake, Jerome (CAN) (1995)",07-Jul-24,0.146,-0.4 m/s,5.99,10.74,15.66,20.82,8.35,10.53,10.16,9.69,1,5
Liu Ke (CHN) (2000),16-Sep-24,0.164,-1.1 m/s,NaN,10.61,15.51,20.82,NaN,9.43,10.20,9.42,5,2
"Spiering, Timo (NED) (2004)",19-Jul-25,0.157,-0.7 m/s,5.96,10.68,15.55,20.82,8.39,10.59,10.27,9.49,1,5
"Goremykin, Aleksandr (URS) (1971)",30-Jun-91,NaN,-1.6 m/s,NaN,10.71,NaN,20.83,NaN,9.34,NaN,9.88,NaN,4
"Dixon, Arman (USA) (1986)",04-Jul-08,NaN,1.2 m/s,6.00,10.77,15.63,20.83,8.33,10.48,10.29,9.62,7,3
"Palacios, Rolando (HON) (1987)",18-Aug-09,0.195,-0.6 m/s,6.08,10.78,15.65,20.83,8.22,10.64,10.27,9.65,4,3
"Wissman, Johan (SWE) (1982)",26-Jul-15,NaN,0.4 m/s,NaN,10.73,NaN,20.83,NaN,9.32,NaN,9.90,4,2
"Suwa, Tatsuro (JPN) (1994)",25-Jun-17,0.144,0.3 m/s,5.80,10.49,15.50,20.83,8.62,10.66,9.98,9.38,8,5
"Yamashita, Jun (JPN) (1997)",30-Jun-19,0.142,-1.3 m/s,5.84,10.48,15.39,20.83,8.56,10.78,10.18,9.19,6,5
"King, Kyree (USA) (1994)",10-Sep-19,0.177,-0.1 m/s,NaN,10.69,NaN,20.83,NaN,9.35,NaN,9.86,8,3
"Veleba, Jan (CZE) (1986)",23-Aug-20,0.156,3.0 m/s,5.9,10.7,15.6,20.83,8.47,10.42,10.20,9.56,4,5
"Fall, Mouhamadou (FRA) (1992)",18-Jul-22,0.133,0.5 m/s,NaN,10.65,NaN,20.83,NaN,9.39,NaN,9.82,7,5
Wang Qi (CHN) (1995),22-Jul-23,0.168,1.0 m/s,NaN,10.58,15.49,20.83,NaN,9.45,10.18,9.36,6,1
"Carnes, Brandon (USA) (1995)",25-May-24,0.119,1.8 m/s,5.92,10.70,15.60,20.83,8.45,10.46,10.20,9.56,1,8
"Adigida, Onyema (NED) (2000)",07-Jul-24,0.156,-0.3 m/s,6.07,10.76,15.62,20.83,8.24,10.66,10.29,9.60,6,1
Liu Shuoyuan (CHN) (2002),29-May-24,0.180,-0.5 m/s,NaN,10.61,15.54,20.83,NaN,9.43,10.14,9.45,6,2
Yang Chun-Hun (TPE) (1997),05-Aug-24,0.134,0.1 m/s,5.85,10.53,15.46,20.83,8.55,10.68,10.14,9.31,8,6
"Bogaczyński, Igor (POL) (2003)",19-Jul-25,0.139,-0.3 m/s,5.85,10.56,15.52,20.83,8.55,10.62,10.08,9.42,7,1
"Douglas, Troy (BER) (1962)",28-Sep-88,0.169,1.6 m/s,6.06,10.81,15.65,20.84,8.25,10.53,10.33,9.63,1,8
"Cavallaro, Alessandro (ITA) (1980)",24-Jun-01,0.194,-0.7 m/s,6.08,10.71,15.55,20.84,8.22,10.80,10.33,9.45,NaN,5
"Wells, Evander (USA) (1987)",04-Jul-08,NaN,0.8 m/s,5.87,10.64,15.60,20.84,8.52,10.48,10.08,9.54,3,5
"Menga, Alexio Platini (GER) (1987)",18-Aug-09,0.145,-1.6 m/s,5.93,10.62,15.58,20.84,8.43,10.66,10.08,9.51,2,2
"Yamagata, Ryota (JPN) (1992)",03-May-11,NaN,0.5 m/s,5.98,10.56,15.56,20.84,8.36,10.92,10.00,9.47,NaN,3
"Yamagata, Ryota (JPN) (1992)",11-Jun-11,NaN,0.0 m/s,5.89,10.55,15.55,20.84,8.49,10.73,10.00,9.45,NaN,6
"Bacon, Jaylen (USA) (1996)",09-Jun-17,NaN,-3.1 m/s,NaN,10.6,NaN,20.8,NaN,9.43,NaN,9.80,NaN,8
"West, McKinely (USA) (1996)",08-Jun-18,NaN,0.0 m/s,NaN,10.7,NaN,20.8,NaN,9.35,NaN,9.90,NaN,8
"Tanaka, Syota (JPN) (2003)",31-Jul-21,0.150,3.1 m/s,5.92,10.84,15.63,20.84,8.45,10.16,10.44,9.60,4,1
"Iizuka, Shota (JPN) (1991)",02-Jun-23,0.181,-0.2 m/s,5.93,10.62,15.54,20.84,8.43,10.66,10.16,9.43,5,5
"Ueyama, Koki (JPN) (1999)",05-Aug-24,0.152,-0.1 m/s,5.91,10.55,15.42,20.84,8.46,10.78,10.27,9.23,7,6
"Němejc, Tomáš (CZE) (2000)",06-Aug-24,0.160,0.3 m/s,5.95,10.61,15.53,20.84,8.40,10.73,10.16,9.42,3,5
Guan Xin (CHN) (2001),15-Sep-24,0.197,-0.6 m/s,NaN,10.54,15.41,20.84,NaN,9.49,10.27,9.21,7,1
"Sancho, Jaime (ESP) (2003)",19-Jul-25,0.185,-1.4 m/s,5.87,10.56,15.50,20.84,8.52,10.66,10.12,9.36,8,3
"Mafe, Ade (GBR) (1966)",08-Aug-84,0.195,-0.9 m/s,NaN,10.69,NaN,20.85,NaN,9.35,NaN,9.84,1,8
"Moen, Geir (NOR) (1969)",08-Aug-02,0.131,-0.8 m/s,5.92,10.58,15.44,20.86,8.45,10.73,10.29,9.23,NaN,4
"Dykes, Chris (USA) (1987)",05-Jul-08,NaN,1.8 m/s,6.02,10.76,15.63,20.85,8.31,10.55,10.27,9.58,3,4
"Smirnov, Roman (RUS) (1984)",18-Aug-09,0.143,-1.5 m/s,5.96,10.70,15.61,20.85,8.39,10.55,10.18,9.54,2,2
"Hughes, Zharnel (GBR) (1995)",09-Aug-17,0.118,-0.3 m/s,NaN,10.39,15.27,20.73,NaN,9.62,10.25,9.16,3,7
"Someya, Yoshihiro (JPN) (1998)",24-Jun-18,0.155,0.8 m/s,5.85,10.57,15.54,20.85,8.55,10.59,10.06,9.42,4,6
"Fujimitsu, Kenji (JPN) (1986)",19-May-19,0.148,-0.4 m/s,5.91,10.62,15.57,20.85,8.46,10.62,10.10,9.47,4,7
"de Grasse, Andre (CAN) (1994)",23-May-21,0.168,-3.0 m/s,6.4,11.2,16.1,20.85,7.81,10.42,10.20,10.53,5,3
Qiao Zhen (CHN) (2001),27-Apr-23,0.191,0.5 m/s,NaN,10.73,15.61,20.85,NaN,9.32,10.25,9.54,7,1
"Yamaji, Kotaro (JPN) (2000)",29-May-24,0.152,-0.5 m/s,NaN,10.61,15.54,20.85,NaN,9.43,10.14,9.42,8,3
"Carnes, Brandon (USA) (1995)",28-Jun-24,NaN,0.3 m/s,5.93,10.64,15.56,20.85,8.43,10.62,10.16,9.45,2,6
Liu Shuoyuan (CHN) (2002),16-Sep-24,0.167,-1.1 m/s,NaN,10.81,15.67,20.85,NaN,9.25,10.29,9.65,3,3
"Cappelletti, Filippo (ITA) (2003)",19-Jul-25,0.160,-0.7 m/s,5.87,10.56,15.47,20.85,8.52,10.66,10.18,9.29,4,6
"Afonso, Pedro (POR) (2007)",09-Aug-25,0.157,-2.9 m/s,6.09,10.76,15.64,20.85,8.21,10.71,10.25,9.60,7,2
"Urbaś, Marcin (POL) (1976)",08-Aug-02,0.127,-1.8 m/s,5.89,10.56,15.46,20.86,8.49,10.71,10.20,9.26,NaN,2 1
"Cribari, Marco (SUI) (1985)",28-Aug-07,0.168,0.9 m/s,6.08,10.73,15.61,20.86,8.22,10.75,10.25,9.52,8,7
"Samuels, J-Mee (USA) (1987)",05-Jul-08,NaN,1.8 m/s,6.07,10.79,15.65,20.86,8.24,10.59,10.29,9.60,8,5
"Takahira, Shinji (JPN) (1984)",18-Aug-09,0.163,-0.9 m/s,5.85,10.62,15.50,20.86,8.55,10.48,10.25,9.33,8,2
"Kobayashi, Yuichi (JPN) (1989)",03-May-11,NaN,0.5 m/s,5.94,10.67,15.62,20.86,8.42,10.57,10.10,9.54,NaN,4
"Nagata, Takuya (JPN) (1994)",03-May-16,NaN,1.0 m/s,5.95,10.71,15.61,20.86,8.40,10.50,10.20,9.52,NaN,4
"Fujimitsu, Kenji (JPN) (1986)",16-Aug-16,NaN,-1.5 m/s,5.98,10.67,15.58,20.86,8.36,10.66,10.18,9.47,8,6
"Branco, Zane (AUS) (2000)",13-Jul-18,0.159,-0.1 m/s,5.97,10.60,15.54,20.86,8.38,10.80,10.12,9.40,4,5
"Naoki, Masafumi (JPN) (1993)",22-Sep-18,0.101,0.1 m/s,5.86,10.52,15.46,20.86,8.53,10.73,10.12,9.26,6,2
"Belcher, Christopher (USA) (1994)",25-Sep-20,0.158,0.9 m/s,5.9,10.6,15.5,20.86,8.47,10.64,10.20,9.33,7,5
"Yajima, Ryo (JPN) (2004)",31-Jul-21,0.150,3.1 m/s,5.90,10.83,15.70,20.86,8.47,10.14,10.27,9.69,5,2
Guan Xin (CHN) (2001),22-Jul-23,0.190,1.0 m/s,NaN,10.54,15.47,20.86,NaN,9.49,10.14,9.28,4,2
"Lang, Lance (USA) (2001)",28-Jun-24,NaN,0.3 m/s,5.93,10.70,15.65,20.86,8.43,10.48,10.10,9.60,5,7
Zhang Jiajun (CHN) (2005),14-Sep-24,0.200,1.8 m/s,NaN,10.59,15.52,20.86,NaN,9.44,10.14,9.36,8,2
"Purola, Samuel (FIN) (2000)",29-Jun-25,0.173,-0.2 m/s,5.90,10.61,15.53,20.86,8.47,10.62,10.16,9.38,NaN,4
"Cappelletti, Filippo (ITA) (2003)",19-Jul-25,0.124,-0.3 m/s,5.83,10.51,15.45,20.86,8.58,10.68,10.12,9.24,6,2
"Morrow, Elijah (USA) (1995)",03-Aug-25,NaN,1.7 m/s,5.93,10.61,15.44,20.86,8.43,10.68,10.35,9.23,5,7
"Butler, Xavier (USA) (2005)",03-Aug-25,NaN,0.0 m/s,5.95,10.67,15.55,20.86,8.40,10.59,10.25,9.42,9,4-
"Takahira, Shinji (JPN) (1984)",02-Sep-11,0.178,-1.1 m/s,5.87,10.58,15.50,20.87,8.52,10.62,10.16,9.31,2,2
"Hession, Paul (IRL) (1983)",17-Jun-12,NaN,1.5 m/s,NaN,10.80,NaN,20.87,NaN,9.26,NaN,4.79,NaN,3
"Yamashita, Jun (JPN) (1997)",25-Jun-17,0.157,0.3 m/s,5.89,10.57,15.52,20.87,8.49,10.68,10.10,9.35,2,6
"Meyers, Khance (USA) (1999)",13-Jul-18,0.159,-0.1 m/s,5.99,10.69,15.56,20.87,8.35,10.64,10.27,9.42,2,6
"Kilty, Richard (GBR) (1989)",23-Aug-20,0.129,3.0 m/s,6.0,10.8,15.7,20.87,8.33,10.42,10.20,9.67,1,6
"Matushima, Reiya (JPN) (2003)",31-Jul-21,0.155,3.1 m/s,5.95,10.84,15.73,20.87,8.40,10.22,10.22,9.73,8,3
"Makwala, Isaac (BOT) (1986)",05-Jun-22,0.192,2.0 m/s,6.04,10.81,15.71,20.87,8.28,10.48,10.20,9.69,4,6
"Dwyer, Rasheed (JAM) (1989)",19-Jul-22,0.131,0.3 m/s,NaN,10.66,NaN,20.87,NaN,9.38,NaN,9.79,3,8
"Kerr, Ian (BAH) (1996)",25-May-24,0.176,1.8 m/s,6.01,10.74,15.66,20.87,8.32,10.57,10.16,9.60,2,9
Shi Junhao (CHN) (2005),29-May-24,0.159,-0.5 m/s,NaN,10.64,15.56,20.87,NaN,9.40,10.16,9.42,7,4
"Callis, De'Montray (USA) (2002)",28-Jun-24,NaN,0.3 m/s,6.05,10.90,15.82,20.87,8.26,10.31,10.16,9.90,1,8
"Almiron, Cesar (PAR) (2001)",05-Aug-24,NaN,-0.1 m/s,6.01,10.73,15.63,20.87,8.32,10.59,10.20,9.54,8,6
"McRae, Khaleb (USA) (2000)",01-Jun-25,0.142,0.8 m/s,6.03,10.77,15.74,20.87,8.29,10.55,10.06,9.75,1,6
"Boling, Matthew (USA) (2000)",01-Jun-25,0.200,0.8 m/s,6.00,10.68,15.63,20.87,8.33,10.68,10.10,9.54,3,7
"Mészáros, Balázs (HUN) (2005)",29-Jun-25,0.236,-0.2 m/s,6.07,10.79,15.66,20.87,8.24,10.59,10.27,9.60,NaN,5
"Hackley, Jimmie (USA) (1975)",17-Jul-04,NaN,0.1 m/s,5.87,10.50,15.37,20.88,8.52,10.80,10.27,9.07,7,8
"Farmer, Kyle (USA) (1983)",11-Jun-05,NaN,-0.7 m/s,NaN,10.8,NaN,20.9,NaN,9.26,NaN,9.90,3,7
"Dzingai, Brian (ZIM) (1981)",14-Sep-08,0.185,-0.1 m/s,5.96,10.52,15.43,20.88,8.39,10.96,10.18,9.17,4,6
"Hara, Shota (JPN) (1992)",27-Jun-15,0.166,0.8 m/s,6.00,10.73,15.63,20.88,8.33,10.57,10.20,9.52,3,5
"Yamashita, Jun (JPN) (1997)",03-May-18,0.171,0.3 m/s,5.98,10.74,15.63,20.88,8.36,10.50,10.22,9.52,9,3
"Trimble, Jamiel (USA) (1995)",10-Sep-19,0.157,-0.1 m/s,NaN,10.72,NaN,20.88,NaN,9.33,NaN,9.84,4,4
"Mohamed, Abdulaziz (QAT) (2001)",25-Sep-20,0.143,0.9 m/s,6.0,10.6,15.5,20.88,8.33,10.87,10.20,9.29,8,6
"Koike, Yuki (JPN) (1995)",03-Oct-20,0.163,-0.5 m/s,5.83,10.45,15.37,20.88,8.58,10.82,10.16,9.07,5,2
"Higuchi, Kazuma (JPN) (1999)",09-May-21,0.162,1.4 m/s,5.95,10.67,15.61,20.88,8.40,10.59,10.12,9.49,7,7
"Yamada, Yudai (JPN) (2003)",31-Jul-21,0.155,3.1 m/s,5.64,10.84,15.68,20.88,8.87,9.62,10.33,9.62,7,4
"Matsenjwa, Sibusiso (SWZ) (1988)",23-Aug-23,0.166,-0.5 m/s,NaN,10.84,NaN,20.88,NaN,9.23,NaN,9.96,5,6
"Afrifah, Blessing (ISR) (2003)",06-Aug-24,0.155,0.0 m/s,5.97,10.70,15.65,20.88,8.38,10.57,10.10,9.56,3,4
"Attene, Alessandro (ITA) (1977)",22-Jun-97,NaN,0.7 m/s,6.10,10.78,15.63,20.89,8.20,10.68,10.31,9.51,NaN,5
"Kamiyama, Tomoya (JPN) (1988)",28-Aug-07,0.158,-0.3 m/s,6.08,10.70,15.61,20.89,8.22,10.82,10.18,9.47,8,6
"Taniguchi, Kotara (JPN) (1994)",27-Jun-15,0.167,0.8 m/s,6.02,10.77,15.68,20.89,8.31,10.53,10.18,9.60,1,6
"Someya, Yoshihiro (JPN) (1998)",19-May-19,0.148,-0.4 m/s,5.85,10.59,15.60,20.89,8.55,10.55,9.98,9.45,2,8
"Yamashita, Jun (JPN) (1997)",29-Aug-20,NaN,0.8 m/s,5.91,10.56,15.47,20.89,8.46,10.75,10.18,9.23,7,3
"Polák, Jiri (CZE) (1998)",04-Sep-20,0.147,0.1 m/s,6.0,10.7,15.6,20.89,8.33,10.64,10.20,9.45,2,3
"Suzuki, Ryota (JPN) (1999)",03-Oct-20,0.147,-0.5 m/s,5.90,10.62,15.56,20.89,8.47,10.59,10.12,9.38,3,3
"Guliyev, Ramil (TUR) (1990)",23-Aug-23,0.160,-0.2 m/s,NaN,10.86,NaN,20.89,NaN,9.21,NaN,9.97,9,6
"Reais, William (SUI) (1999)",07-Jul-24,0.155,-0.4 m/s,6.04,10.78,15.67,20.89,8.28,10.55,10.22,9.58,2,6
Sun Qingchi (CHN) (2000),14-Sep-24,0.172,-0.6 m/s,NaN,10.68,15.48,20.89,NaN,9.36,10.42,9.24,5,1
Shi Junhao (CHN) (2005),16-Sep-24,0.164,-1.1 m/s,NaN,10.69,15.61,20.89,NaN,9.35,10.16,9.47,4,4
"Erlandsson, Erik (SWE) (2004)",19-Jul-25,0.154,-1.4 m/s,5.91,10.65,15.58,20.89,8.46,10.55,10.14,9.42,7,4
"Cavitt, Cornelius (USA) (1974)",22-Jun-96,NaN,0.0 m/s,NaN,10.82,NaN,20.90,NaN,9.24,NaN,9.92,2,7
"Torrieri, Marco (ITA) (1978)",08-Aug-02,0.142,-1.8 m/s,5.97,10.68,15.61,20.90,8.38,10.62,10.14,9.45,NaN,3.2
"Hane, Seiya (JPN) (1990)",11-Jun-11,NaN,0.0 m/s,5.92,10.67,15.62,20.90,8.45,10.53,10.10,9.47,NaN,7
"Takahira, Shinji (JPN) (1984)",02-Sep-11,0.201,-0.7 m/s,5.95,10.65,15.55,20.90,8.40,10.64,10.20,9.35,8,6
"Fujimitsu, Kenji (JPN) (1986)",08-May-16,0.166,-0.6 m/s,5.91,10.58,15.54,20.90,8.46,10.71,10.08,9.33,5,6
"Tanaka, Yusuke (JPN) (1998)",25-Jun-17,0.181,0.3 m/s,5.88,10.59,15.49,20.90,8.50,10.62,10.20,9.24,3,7
"Hall-Thompson, Elijah (USA) (1994)",23-Aug-20,0.143,3.0 m/s,6.0,10.8,15.7,20.90,8.33,10.42,10.20,9.62,8,7
"Nyangau, Mike (KEN) (1994)",05-Aug-22,0.184,0.1 m/s,6.0,10.8,15.6,20.90,8.33,10.42,10.42,9.43,6,4
"Desalu, Eseosa (ITA) (1994)",02-Jun-23,0.197,0.0 m/s,6.08,10.73,15.58,20.90,8.22,10.75,10.31,9.40,8,7
"Kuroki, Kaisho (JPN)",05-Aug-23,0.214,2.9 m/s,5.89,10.84,15.76,20.90,8.49,10.10,10.16,9.73,4,1
"Truskauskas, Gediminas (LTU) (1998)",23-Aug-23,0.147,0.0 m/s,NaN,10.86,NaN,20.90,NaN,9.21,NaN,9.96,6,7
"Murphy, Aidan (AUS) (2003)",23-Aug-23,0.139,-1.4 m/s,NaN,10.81,NaN,20.90,NaN,9.25,NaN,9.91,6,6
"Buntin, Nadale (SKN) (2000)",23-Aug-23,0.146,-0.2 m/s,NaN,10.74,NaN,20.90,NaN,9.31,NaN,9.84,3,5
"Wahl, Zoltán (HUN) (2000)",23-Aug-23,0.158,-0.2 m/s,NaN,10.98,NaN,20.90,NaN,9.11,NaN,10.08,4,5
Zhang Donghai (CHN) (2000),30-Jun-24,0.159,0.8 m/s,NaN,10.83,15.74,20.90,NaN,9.23,10.18,9.69,5,5
Liu Shuoyuan (CHN) (2002),15-Sep-24,0.157,0.2 m/s,NaN,10.79,15.63,20.90,NaN,9.27,10.33,9.49,6,2
"Pihl, Linus (SWE) (2003)",19-Jul-25,0.142,-0.7 m/s,5.94,10.71,15.61,20.90,8.42,10.48,10.20,9.45,3,7
"St. Julian, Jah'Shawn (USA) (1968)",21-Jun-96,NaN,0.9 m/s,NaN,10.60,NaN,20.91,NaN,9.43,NaN,9.70,5,2
"Bodrov, Igor (UKR) (1987)",24-Jun-07,0.159,1.0 m/s,NaN,10.59,15.53,20.91,NaN,9.44,10.12,9.29,NaN,8
"Mpuang, Thuso (RSA) (1985)",18-Aug-09,0.158,-0.7 m/s,6.01,10.67,15.63,20.91,8.32,10.73,10.08,9.47,4,4
"Phiri, Gerald (ZAM) (1988)",12-Jun-10,NaN,3.7 m/s,NaN,10.9,NaN,20.9,NaN,9.17,NaN,10.00,NaN,8
"Saito, Hitoshi (JPN) (1986)",09-Jul-11,0.146,0.9 m/s,6.03,10.79,15.72,20.91,8.29,10.50,10.14,9.63,NaN,2
Tang Xingqiang (CHN) (1995),05-Sep-17,NaN,-0.2 m/s,NaN,10.51,NaN,20.91,NaN,9.51,NaN,9.62,NaN,5
"Naoki, Masafumi (JPN) (1993)",24-Jun-18,0.167,0.8 m/s,5.91,10.62,15.55,20.91,8.46,10.62,10.14,9.33,3,7
"Someya, Yoshihiro (JPN) (1998)",03-May-19,NaN,0.5 m/s,5.93,10.66,15.60,20.91,8.43,10.57,10.12,9.42,2,2
"Cissé, Arthur (CIV) (1996)",28-May-21,0.163,0.4 m/s,5.9,10.5,15.4,20.91,8.47,10.87,10.20,9.07,1,7
"Saga, Aki (JPN) (2003)",31-Jul-21,0.173,3.1 m/s,5.88,10.80,15.68,20.91,8.50,10.16,10.25,9.56,3,5
"Patta, Lorenzo (ITA) (2000)",09-Jun-22,0.150,-0.1 m/s,5.84,10.50,15.46,20.91,8.56,10.73,10.08,9.17,3,8
"Maaroufou, Hachim (COM) (1997)",18-Jul-22,0.157,0.5 m/s,NaN,10.79,NaN,20.91,NaN,9.27,NaN,9.88,5,6
"Greaux, Kyle (TTO) (1988)",05-Aug-22,0.158,2.1 m/s,6.0,10.8,15.7,20.91,8.33,10.42,10.20,9.60,4,4
"Reais, William (SUI) (1999)",30-Jun-23,0.150,-1.4 m/s,5.92,10.66,15.60,20.91,8.45,10.55,10.12,9.42,2,7
"Smith, Demarius (USA) (1998)",27-Jun-24,NaN,0.0 m/s,5.96,10.67,15.59,20.91,8.39,10.62,10.16,9.40,6,6
"Miyawaki, Akira (JPN) (2006)",31-Jul-24,0.184,0.1 m/s,5.94,10.74,15.66,20.91,8.42,10.42,10.16,9.52,6,3
Zhang Donghai (CHN) (2000),15-Sep-24,0.187,0.9 m/s,NaN,10.76,15.71,20.91,NaN,9.29,10.10,9.62,4,3
"Watkin, Deandre (JAM) (2002)",05-Apr-25,0.200,-3.3 m/s,6.10,10.77,15.72,20.91,8.20,10.71,10.10,9.63,3,3
"Powell, Jevaughn (JAM) (2000)",01-Jun-25,0.201,0.8 m/s,5.94,10.65,15.65,20.91,8.42,10.62,10.00,9.51,2,8
"Law, Calab (AUS) (2003)",17-Sep-25,0.150,-0.2 m/s,NaN,10.65,NaN,20.91,NaN,9.39,NaN,9.75,2,8
"Prokhomovskiy, Aleksandr (RUS) (19)",22-Jun-97,NaN,0.7 m/s,5.91,10.61,15.56,20.92,8.46,10.64,10.10,9.33,NaN,6
"Spearmon, Wallace (USA) (1984)",17-Jul-04,NaN,-0.7 m/s,6.11,10.79,15.65,20.92,8.18,10.68,10.29,9.49,2,8-7
"Devonish, Marlon (GBR) (1976)",18-Aug-09,0.153,0.2 m/s,5.98,10.70,15.62,20.92,8.36,10.59,10.16,9.43,8,1
"Nagata, Takuya (JPN) (1994)",03-May-18,0.179,-0.4 m/s,5.82,10.51,15.50,20.92,8.59,10.66,10.02,9.23,3,1
"Baloyes, Bernardo (COL) (1994)",06-Sep-19,0.151,0.8 m/s,6.1,10.8,15.7,20.92,8.20,10.64,10.20,9.58,2,8
"Fall, Mouhamadou (FRA) (1992)",01-Jul-21,0.135,-1.0 m/s,5.9,10.7,15.6,20.92,8.47,10.42,10.20,9.40,2,6
"Matsenjwa, Sibusiso (SWZ) (1988)",06-Aug-22,0.156,1.1 m/s,5.9,10.7,15.6,20.92,8.47,10.42,10.20,9.40,2,7
"Carnes, Brandon (USA) (1995)",27-Jun-24,NaN,1.1 m/s,5.90,10.67,15.55,20.92,8.47,10.48,10.25,9.31,8,7-6
"Reais, William (SUI) (1999)",05-Aug-24,0.145,0.1 m/s,5.96,10.69,15.59,20.92,8.39,10.57,10.20,9.38,3,7
"Ueyama, Koki (JPN) (1999)",06-Aug-24,0.153,0.6 m/s,5.95,10.65,15.58,20.92,8.40,10.64,10.14,9.36,6,4
Fang Fenghe (CHN) (2001),15-Sep-24,0.169,-0.6 m/s,NaN,10.65,15.54,20.92,NaN,9.39,10.22,9.29,5,2
"Norwood, Vernon (USA) (1992)",05-Apr-25,0.160,-3.3 m/s,6.09,10.80,15.77,20.92,8.21,10.62,10.06,9.71,1,4
"Spiering, Timo (NED) (2004)",19-Jul-25,0.151,-1.4 m/s,5.95,10.64,15.57,20.92,8.40,10.66,10.14,9.35,3,5
"Lang, Lance (USA) (2001)",03-Aug-25,NaN,0.0 m/s,5.77,10.52,15.47,20.92,8.67,10.53,10.10,9.17,5,5 - 4
"Kerr, Ian (BAH) (1996)",17-Sep-25,0.155,0.1 m/s,NaN,10.75,NaN,20.92,NaN,9.30,NaN,9.83,2,7
"Almiron, Cesar (PAR) (2001)",17-Sep-25,0.138,0.1 m/s,NaN,10.86,NaN,20.92,NaN,9.21,NaN,9.94,1,8
"Jackson, Tim (AUS) (1969)",10-Sep-89,0.292,1.9 m/s,NaN,10.75,15.61,20.93,NaN,9.30,10.29,9.40,7,7
"St. Julian, Jah'Shawn (USA) (1968)",22-Jun-96,NaN,0.7 m/s,NaN,10.71,NaN,20.93,NaN,9.34,NaN,9.78,5,8
"Meite, Ben Youssef (CIV) (1986)",18-Aug-09,0.171,-1.6 m/s,5.94,10.64,15.60,20.93,8.42,10.64,10.08,9.38,1,4
"Takahira, Shinji (JPN) (1984)",03-May-11,NaN,0.5 m/s,5.95,10.71,15.67,20.93,8.40,10.50,10.08,9.51,NaN,5
"Magakwe, Simon (RSA) (1985)",28-Jul-13,NaN,3.1 m/s,NaN,10.86,15.70,20.93,NaN,9.21,10.33,9.56,6,3
"Taniguchi, Kotara (JPN) (1994)",18-Apr-15,NaN,1.5 m/s,6.06,10.89,15.78,20.93,8.25,10.35,10.22,9.71,7,4
"Fujimitsu, Kenji (JPN) (1986)",21-May-17,0.153,-2.0 m/s,5.81,10.49,15.41,20.93,8.61,10.68,10.16,9.06,2,3
Lin Qibang (CHN) (1997),05-Sep-17,NaN,-0.2 m/s,NaN,10.76,NaN,20.93,NaN,9.29,NaN,9.83,NaN,6
Sheng Chao (CHN) (1996),03-Aug-19,NaN,0.0 m/s,6.09,10.89,15.70,20.93,8.21,10.42,10.40,9.56,8,3
"Iizuka, Shota (JPN) (1991)",27-Jun-21,0.177,1.0 m/s,5.91,10.61,15.59,20.93,8.46,10.64,10.04,9.36,6,6
Sun Qingchi (CHN) (2000),29-Jun-23,0.169,0.1 m/s,NaN,10.88,15.73,20.93,NaN,9.19,10.31,9.62,4,4
"Morrow, Elijah (USA) (1995)",27-Jun-24,NaN,0.0 m/s,5.90,10.68,15.61,20.93,8.47,10.46,10.14,9.40,5,7
"Erlandsson, Erik (SWE) (2004)",07-Aug-24,0.168,-0.2 m/s,6.04,10.82,15.78,20.93,8.28,10.46,10.08,9.71,2,8
"Bailey, Christopher (USA) (2000)",05-Apr-25,0.200,-3.3 m/s,6.06,10.78,15.72,20.93,8.25,10.59,10.12,9.60,7,5
"Reais, William (SUI) (1999)",16-May-25,0.149,0.7 m/s,5.93,10.68,15.54,20.93,8.43,10.53,10.29,9.28,1,8
"Bogaczyński, Igor (POL) (2003)",19-Jul-25,0.160,-0.7 m/s,5.84,10.56,15.49,20.93,8.56,10.59,10.14,9.19,5,8
"Sales, Antonio (USA) (1989)",22-Jun-08,NaN,-2.2 m/s,NaN,10.65,15.67,20.94,NaN,9.39,9.96,9.49,7,1
"Al-Salfa, Omar Juma (UAE) (1989)",18-Aug-09,0.187,-1.6 m/s,5.98,10.71,15.64,20.84,8.36,10.57,10.14,9.62,8,5
"Kobayashi, Yuichi (JPN) (1989)",03-May-14,NaN,0.8 m/s,6.13,10.86,15.76,20.94,8.16,10.57,10.20,9.65,NaN,8
"Kobayashi, Yuichi (JPN) (1989)",03-May-16,NaN,1.0 m/s,5.99,10.76,15.69,20.94,8.35,10.48,10.14,9.52,NaN,5
"Yamashita, Jun (JPN) (1997)",03-Oct-20,0.146,-0.5 m/s,5.88,10.56,15.51,20.94,8.50,10.68,10.10,9.21,2,4
"Kuboi, So (JPN) (2003)",31-Jul-21,0.130,3.1 m/s,5.97,11.00,15.82,20.94,8.38,9.94,10.37,9.77,6,6
"Ueyama, Koki (JPN) (1999)",02-Jun-23,0.159,-0.2 m/s,5.91,10.58,15.52,20.94,8.46,10.71,10.12,9.23,2,7
"Krill, Bryan (USA) (1973)",21-Jun-96,NaN,0.9 m/s,NaN,10.79,NaN,20.95,NaN,9.27,NaN,9.84,2,3
"Wilson, Erick (USA) (1982)",22-Jun-03,NaN,0.1 m/s,6.17,10.88,NaN,20.95,8.10,10.62,NaN,9.93,8,7
"Garvin, Michael (USA) (1986)",05-Jul-08,NaN,0.1 m/s,5.98,10.67,15.53,20.95,8.36,10.66,10.29,9.23,8,5
"Hara, Shota (JPN) (1992)",10-May-15,NaN,-0.5 m/s,6.00,10.70,15.64,20.95,8.33,10.64,10.12,9.42,2,6
"Suzuki, Aoto (JPN) (2001)",09-May-21,0.168,1.4 m/s,5.95,10.71,15.66,20.95,8.40,10.50,10.10,9.45,2,8
"Norwood, Vernon (USA) (1992)",23-May-21,0.155,-3.0 m/s,6.4,11.1,16.1,20.95,7.81,10.64,10.00,10.31,8,4
"St. Hillaire, Dwight (TTO) (1997)",05-Aug-22,0.149,1.9 m/s,5.9,10.8,15.8,20.95,8.47,10.20,10.00,9.71,7,3
Xie Zhenye (CHN) (1993),14-Sep-24,0.187,1.8 m/s,10.76,15.71,20.95,20.95,9.29,10.10,9.54,9.55,7,3
"Truskauskas, Gediminas (LTU) (1998)",17-Sep-25,0.132,-0.5 m/s,10.80,NaN,20.95,20.95,9.26,NaN,9.85,9.55,2,8
"Gray, Brent (USA) (1986)",09-Jun-07,NaN,0.4 m/s,10.7,NaN,21.0,20.96,9.35,NaN,9.71,9.54,4,4
"Grimes, Mickey (USA) (1976)",05-Jul-08,NaN,-0.9 m/s,5.91,10.59,15.51,20.96,8.46,10.68,10.16,9.17,3,6
"Hongisto, Visa (FIN) (1987)",06-Jul-08,NaN,2.5 m/s,NaN,10.79,15.75,20.97,NaN,9.27,10.08,9.58,6,2
"Dzingai, Brian (ZIM) (1981)",18-Aug-09,0.141,-1.5 m/s,5.94,10.61,15.55,20.97,8.42,10.71,10.12,9.23,3,3
"McKenzie, Ramone (JAM) (1990)",18-Aug-09,0.162,-0.7 m/s,6.06,10.82,15.75,20.97,8.25,10.50,10.14,9.58,5,5
"Nashimoto, Masaki (JPN) (1993)",06-Aug-11,NaN,-0.4 m/s,6.06,10.89,15.67,20.97,8.25,10.35,10.46,9.43,NaN,1
"Koike, Yuki (JPN) (1995)",27-Jun-15,0.146,0.8 m/s,6.01,10.81,15.73,20.97,8.32,10.42,10.16,9.54,9,7
"Saito, Isami (JPN) (1994)",01-Aug-16,0.154,-0.1 m/s,5.93,10.84,15.77,20.97,8.43,10.18,10.14,9.62,6,1
"Takahira, Shinji (JPN) (1984)",03-May-16,NaN,1.0 m/s,5.96,10.74,15.69,20.97,8.39,10.46,10.10,9.47,NaN,6
"Hara, Shota (JPN) (1992)",03-May-19,NaN,-0.2 m/s,5.87,10.61,15.64,20.97,8.52,10.55,9.94,9.38,6,2
"Hara, Shota (JPN) (1992)",23-Aug-20,0.118,0.6 m/s,5.89,10.66,15.65,20.97,8.49,10.48,10.02,9.40,9,2
"Someya, Yoshihiro (JPN) (1998)",23-Aug-20,0.156,0.6 m/s,5.91,10.63,15.59,20.97,8.46,10.59,10.08,9.29,8,3
"Gemili, Adam (GBR) (1993)",05-Aug-22,0.153,1.9 m/s,5.8,10.6,15.6,20.97,8.62,10.42,10.00,9.31,6,4
Liu Zengsheng (CHN) (2003),15-Sep-24,0.209,-0.6 m/s,NaN,10.62,15.55,20.97,NaN,9.42,10.14,9.23,6,3
"Hartmann, Joshua (GER) (1999)",15-Jun-25,0.130,2.0 m/s,5.87,10.68,15.67,20.97,8.52,10.40,10.02,9.43,1,8 7
"Gómez, Miguel Ángel (ESP) (1968)",10-Sep-89,0.278,1.9 m/s,NaN,10.97,15.85,20.98,NaN,9.12,10.25,9.75,3,8
"Ryan, Gary (IRL) (1972)",09-Aug-02,0.139,-0.5 m/s,6.01,10.74,15.66,20.98,8.32,10.57,10.16,9.40,NaN,6
"Grimes, Mickey (USA) (1976)",18-Jul-04,NaN,-0.7 m/s,5.96,10.73,15.53,20.98,8.39,10.48,10.42,9.17,2,7
"Reid, Orlando (JAM) (1982)",10-Jun-06,NaN,-0.2 m/s,10.9,NaN,21.0,20.98,9.17,NaN,9.90,9.53,3,6
"Teplykh, Ivan (RUS) (1985)",28-Aug-07,0.164,0.6 m/s,6.00,10.73,15.68,20.98,8.33,10.57,10.10,9.43,3,6
"McClain, Remontay (USA) (1992)",10-Sep-19,0.147,-0.1 m/s,10.76,NaN,20.98,20.98,9.29,NaN,9.78,9.53,2,5
"Wilson, Alex (SUI) (1990)",01-Jul-21,0.138,-1.0 m/s,6.1,10.8,15.7,20.98,8.20,10.64,10.20,9.47,8,7
"Almiron, Cesar (PAR) (2001)",06-Aug-24,0.169,0.6 m/s,6.08,10.79,15.76,20.98,8.22,10.62,10.06,9.58,3,5
"Tijani-Ajayi, Kenny Emi (NOR) (2003)",19-Jul-25,0.109,-0.3 m/s,5.95,10.66,15.63,20.98,8.40,10.62,10.06,9.35,8,4
"Dykes, Chris (USA) (1987)",04-Jul-08,NaN,1.0 m/s,6.11,10.83,15.69,20.99,8.18,10.59,10.29,9.43,3,4
"Pugh, Marcus (USA) (1986)",04-Jul-08,NaN,0.8 m/s,6.10,10.90,15.77,20.99,8.20,10.42,10.27,9.58,4,6
"Kosenkow, Alexander (GER) (1977)",18-Aug-09,0.152,-0.6 m/s,5.84,10.52,15.48,20.99,8.56,10.68,10.08,9.07,8,5
"Lennon-Ford, Luke (GBR) (1989)",20-May-12,NaN,0.2 m/s,NaN,10.72,NaN,20.99,NaN,9.33,NaN,4.76,1,4
"Štastny, Lukáš (CZE) (1991)",16-Jun-13,0.167,-0.9 m/s,6.12,10.86,15.80,20.99,8.17,10.55,10.12,9.63,3,2
"Taniguchi, Kotara (JPN) (1994)",03-May-17,NaN,0.2 m/s,6.04,10.78,15.73,20.99,8.28,10.55,10.10,9.51,9,3
"Takase, Kei (JPN) (1988)",25-Jun-17,0.184,0.3 m/s,5.89,10.51,15.49,20.99,8.49,10.82,10.04,9.09,9,8
"Imoto, Yoshinobu (JPN) (1999)",03-May-19,NaN,0.5 m/s,5.95,10.70,15.67,20.99,8.40,10.53,10.06,9.40,5,4
Luo Wenyi (CHN) (1998),03-Aug-19,NaN,0.0 m/s,5.98,10.61,15.60,20.99,8.36,10.80,10.02,9.28,7,4
"Yasuda, Keigo (JPN) (2000)",23-Aug-20,0.116,0.6 m/s,5.93,10.73,15.68,20.99,8.43,10.42,10.10,9.42,3,4
"Musah, Kojo (DEN) (1996)",04-Sep-20,0.131,0.1 m/s,5.9,10.6,15.6,20.99,8.47,10.64,10.00,9.28,3,4
"Asamba, Dan (KEN) (1993)",05-Aug-22,0.157,1.9 m/s,5.9,10.8,15.8,20.99,8.47,10.20,10.00,9.63,5,5
Guan Xin (CHN) (2001),28-Jun-23,0.209,-0.2 m/s,10.59,15.50,20.99,20.99,9.44,10.18,9.11,9.53,5,2
Tian Junhao (CHN) (2000),28-Jun-23,0.180,-0.1 m/s,NaN,10.61,15.57,20.99,NaN,9.43,10.08,9.23,8,3
"Reais, William (SUI) (1999)",12-Jul-24,0.139,0.6 m/s,5.98,10.71,15.64,20.99,8.36,10.57,10.14,9.35,2,8
Fang Fenghe (CHN) (2001),14-Sep-24,0.172,0.5 m/s,NaN,10.71,15.66,20.99,NaN,9.34,10.10,9.38,2,2
"Cavallaro, Alessandro (ITA) (1980)",24-Jul-99,NaN,-0.6 m/s,NaN,10.90,NaN,21.00,NaN,9.17,NaN,9.90,NaN,1
"Martin, Rodney (USA) (1982)",04-Jul-08,NaN,1.3 m/s,6.21,11.02,15.84,21.00,8.05,10.40,10.37,9.69,3,3
"Buckland, Stéphan (MRI) (1977)",18-Aug-09,0.144,-0.6 m/s,5.99,10.68,15.63,21.00,8.35,10.66,10.10,9.31,2,3
"Ha, Sawa (JPN)",20-Oct-19,0.177,-1.2 m/s,5.92,10.62,15.65,21.00,8.45,10.64,9.94,9.35,6,1
Qiao Zhen (CHN) (2001),28-Jun-23,0.192,-0.2 m/s,NaN,10.73,15.72,21.00,NaN,9.32,10.02,9.47,7,3
Guan Xin (CHN) (2001),29-Jun-23,0.206,0.1 m/s,NaN,10.80,15.73,21.00,NaN,9.26,10.14,9.49,3,5
"Cavallaro, Alessandro (ITA) (1980)",09-Aug-02,0.148,0.2 m/s,6.04,10.80,15.75,21.01,8.28,10.50,10.10,9.51,NaN,6
"Oseto, Kazuma (JPN) (1994)",18-Apr-15,NaN,1.5 m/s,5.90,10.74,15.71,21.01,8.47,10.33,10.06,9.43,2,5
"Fujimitsu, Kenji (JPN) (1986)",03-May-19,NaN,0.5 m/s,5.98,10.67,15.66,21.01,8.36,10.66,10.02,9.35,8,5
"Yokoyama, Sora (JPN) (2004)",31-Jul-21,0.165,3.1 m/s,6.11,11.06,15.88,21.01,8.18,10.10,10.37,9.75,2,7
"Tateno, Shunki (JPN) (2003)",31-Jul-21,0.184,3.1 m/s,5.96,10.95,15.87,21.01,8.39,10.02,10.16,9.73,1,8
"Deadmon, Bryce (USA) (1997)",02-May-25,0.200,2.4 m/s,6.14,11.05,15.87,21.01,8.14,10.18,10.37,9.73,2,8
"Means, Jae'Len (USA) (1996)",03-Aug-25,NaN,-0.1 m/s,5.93,10.68,15.64,21.01,8.43,10.53,10.08,9.31,3,7
"Lewis, Carl (USA) (1961)",06-Aug-84,NaN,0.6 m/s,NaN,10.45,NaN,21.02,NaN,9.57,NaN,9.46,3,1
"Charles, Jamaal (USA) (1986)",10-Jun-06,NaN,-0.2 m/s,NaN,10.7,NaN,21.0,NaN,9.35,NaN,9.71,9,7
"Devonish, Marlon (GBR) (1976)",14-Sep-08,0.151,-0.1 m/s,6.04,10.74,15.73,21.02,8.28,10.64,10.02,9.45,2,7
"Oseto, Kazuma (JPN) (1994)",01-Aug-12,NaN,-0.5 m/s,5.85,10.63,15.66,21.02,8.55,10.46,9.94,9.33,5,2
"Someya, Yoshihiro (JPN) (1998)",01-Aug-16,0.166,-0.1 m/s,5.81,10.66,15.68,21.02,8.61,10.31,9.96,9.36,7,2
Bao Leer (CHN) (1995),05-Sep-17,NaN,-0.2 m/s,NaN,10.83,NaN,21.02,NaN,9.23,NaN,9.81,NaN,7
"Shigetani, Daiki (JPN) (2002)",25-Oct-21,0.165,1.0 m/s,5.94,10.75,15.73,21.02,8.42,10.40,10.04,9.45,4,3
"Vanderbemden, Robin (BEL) (1994)",02-Sep-22,0.159,-2.9 m/s,5.90,10.59,15.58,21.02,8.47,10.66,10.02,9.19,2,7
"Mukai, Yuta (JPN) (2005)",05-Aug-23,0.189,2.9 m/s,5.96,10.97,15.92,21.02,8.39,9.98,10.10,9.80,5,2
"Yamaji, Kotaro (JPN) (2000)",28-May-24,0.159,-1.0 m/s,NaN,10.61,15.59,21.02,NaN,9.43,10.04,9.21,2,1
Jia Runze (CHN) (2003),29-Jun-24,0.150,0.2 m/s,NaN,10.89,15.87,21.02,NaN,9.18,10.04,9.71,4,1
"Kartal, Deniz Kaan (TUR) (2005)",19-Jul-25,0.115,-0.3 m/s,5.93,10.68,15.68,21.02,8.43,10.53,10.00,9.36,3,5
"Wells, Evander (USA) (1987)",09-Jun-07,NaN,0.4 m/s,NaN,10.7,NaN,21.0,NaN,9.35,NaN,9.71,9,5
"Witherspoon, Reggie (USA) (1985)",09-Jun-27,NaN,0.4 m/s,NaN,10.8,NaN,21.0,NaN,9.26,NaN,9.80,2,6
"Mitchell, Curtis (USA) (1989)",22-Jun-08,NaN,-2.2 m/s,NaN,10.84,15.84,21.03,NaN,9.23,10.00,9.63,3,2
"Hara, Shota (JPN) (1992)",21-May-17,0.151,-2.0 m/s,5.83,10.57,15.47,21.03,8.58,10.55,10.20,8.99,6,4
"Hara, Shota (JPN) (1992)",19-May-19,0.148,-0.4 m/s,5.81,10.55,15.58,21.03,8.61,10.55,9.94,9.17,1,9
Qiao Zhen (CHN) (2001),29-Jun-23,0.197,0.1 m/s,NaN,10.93,15.82,21.03,NaN,9.15,10.22,9.60,2,6
Guan Xin (CHN) (2001),23-Jul-23,0.232,-0.7 m/s,NaN,10.53,15.52,21.03,NaN,9.50,10.02,9.07,5,1
Wang Qi (CHN) (1995),23-Jul-23,0.184,-0.7 m/s,NaN,10.64,15.59,21.03,NaN,9.40,10.10,9.19,6,2
Liu Shuoyuan (CHN) (2002),14-May-24,0.141,-2.2 m/s,NaN,10.86,15.79,21.03,NaN,9.21,10.14,9.54,5,1
"Němejc, Tomáš (CZE) (2000)",05-Aug-24,0.183,-0.1 m/s,5.96,10.67,15.63,21.03,8.39,10.62,10.08,9.26,4,7
"Sanchez, Oriol (ESP) (2006)",09-Aug-25,0.175,-2.9 m/s,6.07,10.83,15.77,21.03,8.24,10.50,10.12,9.51,6,3
"Westhagemann, Volker (FRG) (1964)",28-Aug-86,0.275,0.0 m/s,NaN,10.79,NaN,21.04,NaN,9.27,NaN,9.76,NaN,7
"Price, Mike (USA) (1977)",21-Jun-96,NaN,0.9 m/s,NaN,10.62,NaN,21.04,NaN,9.42,NaN,9.60,4,4
"Pognon, Ronald (FRA) (1982)",09-Aug-02,0.127,-0.5 m/s,6.07,10.90,15.82,21.04,8.24,10.35,10.16,9.58,NaN,7
"Hartonen, Tommi (FIN) (1977)",09-Aug-02,0.141,0.2 m/s,6.01,10.69,15.70,21.04,8.32,10.68,9.98,9.36,NaN,7
"Iizuka, Shota (JPN) (1991)",09-Jul-11,0.137,-1.3 m/s,5.96,10.70,15.66,21.04,8.39,10.55,10.08,9.29,NaN,1
"Koike, Yuki (JPN) (1995)",03-May-17,NaN,0.2 m/s,6.04,10.84,15.77,21.04,8.28,10.42,10.14,9.49,7,4
"Fukushima, Kiyoshi (JPN) (2000)",01-Aug-17,0.158,0.5 m/s,5.91,10.80,15.76,21.04,8.46,10.22,10.08,9.47,4,1
"Ueyama, Koki (JPN) (1999)",12-Jul-18,0.155,-0.9 m/s,6.02,10.75,15.70,21.04,8.31,10.57,10.10,9.36,6,2
"Yasuda, Keigo (JPN) (2000)",21-Oct-18,0.142,0.5 m/s,5.97,10.71,15.70,21.04,8.38,10.55,10.02,9.36,4,2
"Kilty, Richard (GBR) (1989)",10-Sep-19,0.129,-0.1 m/s,NaN,10.70,NaN,21.04,NaN,9.35,NaN,9.67,9,6
"Watrin, Julien (BEL) (1992)",04-Sep-20,0.193,0.1 m/s,6.1,10.9,15.8,20.83,8.20,10.42,10.20,9.94,8,5
"Lestrade, Bradley (SUI) (2001)",26-Aug-21,0.180,3.0 m/s,6.1,10.8,15.7,21.04,8.20,10.64,10.20,9.36,6,1
Sun Qingchi (CHN) (2000),23-Jul-23,0.168,-0.7 m/s,NaN,10.88,15.77,21.04,NaN,9.19,10.22,9.49,7,3
"Maganga Gorra, Guy (GAB) (1993)",23-Aug-23,0.178,-0.5 m/s,NaN,10.92,NaN,21.04,NaN,9.16,NaN,9.88,2,7
"Macik, Ondrej (CZE) (2001)",05-Aug-24,0.159,0.2 m/s,6.04,10.76,15.69,21.04,8.28,10.59,10.14,9.35,6,6
"Sanchez, Oriol (ESP) (2006)",09-Aug-25,0.158,-2.4 m/s,6.04,10.82,15.79,21.04,8.28,10.46,10.06,9.52,5,2
"Zenk, Hans-Joachim (GDR) (1952)",04-Sep-72,NaN,0.0 m/s,NaN,10.92,NaN,21.05,NaN,9.16,NaN,9.87,7,8
"Garvin, Michael (USA) (1986)",10-Jun-06,NaN,-0.2 m/s,NaN,10.8,NaN,21.1,NaN,9.26,NaN,9.71,2,8
"Wims, Scott (USA) (1988)",09-Jun-07,NaN,0.4 m/s,NaN,10.8,NaN,21.1,NaN,9.26,NaN,9.71,1,7
"Fujimitsu, Kenji (JPN) (1986)",11-Jun-11,NaN,0.0 m/s,6.02,10.83,15.79,21.05,8.31,10.40,10.08,9.51,NaN,8
"Wissman, Johan (SWE) (1982)",17-Jun-12,NaN,1.5 m/s,NaN,10.92,NaN,21.05,NaN,9.16,NaN,4.75,NaN,4
Yang Chun-Hun (TPE) (1997),08-May-16,0.146,-0.6 m/s,5.94,10.67,15.65,21.05,8.42,10.57,10.04,9.26,8,7
"Yamashita, Jun (JPN) (1997)",03-May-19,NaN,0.5 m/s,5.96,10.72,15.66,21.05,8.39,10.50,10.12,9.28,7,7
"Rowe, Rodney (USA) (1997)",10-Sep-19,0.134,-0.1 m/s,NaN,10.75,NaN,21.05,NaN,9.30,NaN,9.71,6,7
"Santos, Marcos (ANG) (2004)",23-Aug-23,0.141,-1.4 m/s,NaN,10.76,NaN,21.05,NaN,9.29,NaN,9.72,4,7
Jia Runze (CHN) (2003),28-May-24,0.205,0.3 m/s,NaN,10.87,15.82,21.05,NaN,9.20,10.10,9.56,7,1
"Thompson, Derrick (USA) (1973)",21-Jun-96,NaN,0.9 m/s,NaN,10.53,NaN,21.06,NaN,9.50,NaN,9.50,1,5
"Bittner, Daniel (GER) (1971)",22-Jun-97,NaN,0.7 m/s,5.94,10.73,15.71,21.06,8.42,10.44,10.04,9.35,NaN,7
"Collins, Aaron (USA) (1984)",21-Jun-03,NaN,-1.8 m/s,6.10,10.86,15.72,21.06,8.20,10.50,10.29,9.36,6,1
"Takagi, Yuki (JPN) (2000)",01-Aug-17,0.174,0.5 m/s,5.94,10.74,15.75,21.06,8.42,10.42,9.98,9.42,8,2
"Yasuda, Keigo (JPN) (2000)",03-May-19,NaN,-0.2 m/s,5.96,10.66,15.64,21.08,8.39,10.64,10.04,9.19,9,2
"Tamura, Tomoya (JPN) (1992)",30-Jun-19,0.163,-1.3 m/s,5.98,10.69,15.65,21.06,8.36,10.62,10.08,9.24,8,6
"Yasuda, Keigo (JPN) (2000)",03-Oct-20,0.148,-0.5 m/s,5.93,10.67,15.68,21.06,8.43,10.55,9.98,9.29,4,6
"Löhrer, Daniel (SUI) (1998)",26-Aug-21,0.143,3.0 m/s,6.1,10.9,15.9,21.06,8.20,10.42,10.00,9.69,5,2
"Venäläinen, Juho (FIN) (2006)",09-Aug-25,0.187,1.9 m/s,5.97,10.72,15.67,21.06,8.38,10.53,10.10,9.28,7,2
"Dodson, Jeremy (USA) (1987)",04-Jul-08,NaN,1.3 m/s,6.06,10.86,15.82,21.07,8.25,10.42,10.08,9.52,4,4
"Kimura, Jun (JPN) (1991)",01-Aug-09,NaN,1.6 m/s,6.09,10.95,15.89,21.07,8.21,10.29,10.12,9.65,5,2
"Skupin-Alfa, Milo (GER) (1999)",13-Jul-18,0.143,-0.1 m/s,6.01,10.76,15.71,21.07,8.32,10.53,10.10,9.33,1,7
Tian Junhao (CHN) (2000),29-Jun-24,0.188,0.2 m/s,NaN,10.85,15.86,21.07,NaN,9.22,9.98,9.60,7,2
Zhang Xiaonan (CHN) (2001),14-Sep-24,0.157,-0.6 m/s,NaN,10.70,15.68,21.07,NaN,9.35,10.04,9.28,7,2
"Arame, Joseph (FRA) (1948)",31-Aug-78,0.167,-0.2 m/s,NaN,10.82,NaN,21.08,NaN,9.24,NaN,9.75,NaN,6
"de Morães, Basílio (BRA) (1982)",28-Aug-07,0.145,-0.3 m/s,5.94,10.52,15.54,21.07,8.42,10.92,9.96,9.04,9,7
"Wilks, Terrell (USA) (1989)",22-Jun-08,NaN,-2.2 m/s,NaN,10.70,15.67,21.08,NaN,9.35,10.06,9.24,6,3
"Seoud, Amr Ibrahim Mostafa (EGY) (‘",06-Jul-08,NaN,2.5 m/s,NaN,10.83,15.81,21.08,NaN,9.23,10.04,9.49,2,3
"Fisher, Andrew (JAM) (1991)",28-Jul-13,NaN,2.2 m/s,NaN,10.61,15.51,21.08,NaN,9.43,10.20,8.98,1,5
"Wilson, Kirk (USA) (1991)",29-Jun-14,0.178,1.3 m/s,NaN,10.9,NaN,21.1,NaN,9.17,NaN,9.80,NaN,7
"Konno, Kyosuke (JPN) (1996)",02-Aug-14,NaN,-1.6 m/s,5.79,10.65,15.67,21.08,8.64,10.29,9.96,9.24,6,1
"Hardy, Prezel (USA) (1992)",10-May-15,NaN,-0.5 m/s,5.88,10.59,15.59,21.08,8.50,10.62,10.00,9.11,4,7
"Kitagawa, Sho (JPN) (1995)",20-Sep-20,0.166,1.2 m/s,5.95,10.69,15.67,21.08,8.40,10.55,10.04,9.24,7,2
Zhang Donghai (CHN) (2000),03-Jun-23,0.189,0.0 m/s,NaN,10.71,15.67,21.08,NaN,9.34,10.08,9.24,6,1
"Kebinatshipi, Collen (BOT) (2004)",05-Apr-25,0.170,-3.3 m/s,6.03,10.72,15.78,21.08,8.29,10.66,9.88,9.43,2,6
"Krill, Bryan (USA) (1973)",22-Jun-96,NaN,2.4 m/s,NaN,10.83,NaN,21.09,NaN,9.23,NaN,9.75,NaN,7
"Bittner, Daniel (GER) (1971)",20-Aug-98,NaN,-1.2 m/s,5.94,10.73,15.71,21.06,8.42,10.44,10.04,9.35,NaN,5
"Schneeberger, Marc (SUI) (1981)",28-Aug-07,0.140,0.6 m/s,6.03,10.72,15.68,21.09,8.29,10.66,10.08,9.24,2,7
"de Oliveira, Nil (SWE) (1986)",20-Jul-14,NaN,2.1 m/s,NaN,10.99,NaN,21.09,NaN,9.10,NaN,9.90,4,1
"Koike, Yuki (JPN) (1995)",18-Apr-15,NaN,1.5 m/s,6.08,10.98,15.87,21.09,8.22,10.20,10.22,9.58,1,6
"Kimura, Kazushi (JPN) (1993)",22-Sep-18,0.184,0.1 m/s,6.12,10.92,15.85,21.09,8.17,10.42,10.14,9.54,4,5
"Guliyev, Ramil (TUR) (1990)",28-May-21,0.149,0.4 m/s,6.0,10.7,13.1,21.09,8.33,10.64,20.83,6.26,4,8
"Desalu, Eseosa (ITA) (1994)",02-Sep-22,0.138,-2.9 m/s,5.99,10.64,15.59,21.09,8.35,10.75,10.10,9.09,1,8
Ko Seunghwan (KOR) (1997),23-Aug-23,0.138,-0.1 m/s,NaN,10.79,NaN,21.09,NaN,9.27,NaN,9.71,1,7
"Niwayama, Haruki (JPN) (2006)",31-Jul-24,0.184,0.1 m/s,5.95,10.71,15.76,21.09,8.40,10.50,9.90,9.38,3,4
"Nakamura, Haruto (JPN) (2007)",31-Jul-24,0.160,0.1 m/s,6.00,10.86,15.80,21.09,8.33,10.29,10.12,9.45,9,5
"Blake, Ackeem (JAM) (2002)",04-May-25,0.190,0.2 m/s,5.89,10.60,15.53,21.09,8.49,10.62,10.14,8.99,2,8
"Johnson, Jody (USA) (1985)",04-Jul-08,NaN,1.0 m/s,6.02,10.81,15.76,21.10,8.31,10.44,10.10,9.36,4,5
"Garvin, Michael (USA) (1986)",04-Jul-08,NaN,-0.3 m/s,6.01,10.72,15.70,21.10,8.32,10.62,10.04,9.26,6,4
"Iizuka, Shota (JPN) (1991)",10-Jul-11,0.148,-0.4 m/s,5.96,10.81,15.85,21.10,8.39,10.31,9.92,9.52,NaN,4
"Hashimoto, Akiyuki (JPN) (1994)",06-Aug-11,NaN,-0.4 m/s,5.99,10.83,15.67,21.10,8.35,10.33,10.33,9.21,NaN,2
"Taniguchi, Kotara (JPN) (1994)",01-Aug-12,NaN,-0.5 m/s,5.96,10.77,15.74,21.10,8.39,10.40,10.06,9.33,7,3
"Hara, Shota (JPN) (1992)",18-Apr-15,NaN,1.5 m/s,6.17,10.99,15.84,21.10,8.10,10.37,10.31,9.51,8,7
"Imoto, Yoshinobu (JPN) (1999)",01-Aug-16,0.112,-0.1 m/s,5.77,10.68,15.71,21.10,8.67,10.18,9.94,9.28,4,3
"Iizuka, Shota (JPN) (1991)",21-May-17,0.148,-2.0 m/s,5.92,10.60,15.49,21.10,8.45,10.68,10.22,8.91,4,5
"Kitagawa, Sho (JPN) (1995)",03-May-19,NaN,-0.2 m/s,5.90,10.63,15.68,21.10,8.47,10.57,9.90,9.23,3,4
"Hama, Ryoutaro (JPN) (2006)",31-Jul-24,0.174,0.1 m/s,6.04,10.97,15.90,21.10,8.28,10.14,10.14,9.62,5,6
"Naghiyev, Alham (AZE) (2002)",17-Sep-25,0.183,0.0 m/s,NaN,10.88,NaN,21.10,NaN,9.19,NaN,9.78,6,8
"Neville, David (USA) (1984)",21-Jun-03,NaN,-1.8 m/s,6.22,11.11,15.95,21.11,8.04,10.22,10.33,9.69,5,2
"Johnson, Chris (USA) (1982)",24-Jul-07,NaN,0.3 m/s,NaN,10.85,15.81,21.11,NaN,9.22,10.08,9.43,3,2
"Young, Isiah (USA) (1990)",21-May-17,0.147,-2.0 m/s,5.91,10.58,15.54,21.11,8.46,10.71,10.08,8.98,3,6
"Ikeshita, Kowa (JPN) (2003)",27-Jun-21,0.181,-0.3 m/s,5.99,10.77,15.75,21.11,8.35,10.46,10.04,9.33,4,1
"Florence, Derrick (USA) (1968)",19-Jul-86,NaN,0.2 m/s,NaN,10.75,15.72,21.12,NaN,9.30,10.06,9.26,NaN,2
"Guliyev, Ramil (AZE) (1990)",18-Aug-09,0.148,0.2 m/s,6.04,10.84,15.76,21.12,8.28,10.42,10.16,9.33,5,2
Sun Qingchi (CHN) (2000),28-Apr-23,0.159,-1.4 m/s,NaN,11.01,15.98,21.12,NaN,9.08,10.06,9.73,4,1
Wumaier Ailixier (CHN) (2006),23-Jul-23,0.177,-0.4 m/s,NaN,10.78,15.77,21.12,NaN,9.28,10.02,9.35,3,3
"Uematsu, Kota (JPN) (2002)",05-Aug-23,0.201,2.9 m/s,6.06,11.07,15.98,21.12,8.25,9.98,10.18,9.73,3,3
Zhang Donghai (CHN) (2000),29-Jun-24,0.169,0.1 m/s,NaN,10.83,15.87,21.12,NaN,9.23,9.92,9.52,5,2
"Musić, Bakir (BIH) (2006)",09-Aug-25,0.135,1.9 m/s,6.06,10.88,15.86,21.12,8.25,10.37,10.04,9.51,8,3
"Miyamoto, Daisuke (JPN) (1999)",03-May-18,0.160,-0.2 m/s,5.89,10.68,15.70,21.13,8.49,10.44,9.96,9.21,9,6
"Kiryu, Yoshihide (JPN) (1995)",03-May-18,0.148,0.3 m/s,5.87,10.52,15.54,21.13,8.52,10.75,9.96,8.94,7,5
"Takagi, Yuki (JPN) (2000)",05-Aug-18,NaN,-1.6 m/s,5.92,10.83,15.82,21.13,8.45,10.18,10.02,9.42,4,1
"Hashimoto, Akiyuki (JPN) (1994)",30-Jun-19,0.152,-1.3 m/s,5.92,10.72,15.78,21.13,8.45,10.42,9.88,9.35,2,7
"Matadi, Emmanuel (LBR) (1991)",23-May-21,0.154,-3.0 m/s,6.4,11.1,16.1,21.13,7.81,10.64,10.00,9.94,3,5
"Goldson, Kadrian (JAM) (1997)",05-Aug-22,0.142,1.9 m/s,5.8,10.7,15.7,21.13,8.62,10.20,10.00,9.21,9,6
"Germar, Manfred (FRG) (1935)",03-Sep-61,NaN,?? m/s,NaN,10.8,NaN,20.9,NaN,9.26,NaN,4.95,NaN,1
"Blume, Marc (GER) (1973)",24-Jun-01,0.117,-0.7 m/s,5.87,10.62,15.63,21.14,8.52,10.53,9.98,9.07,NaN,6
"Gray, Brent (USA) (1986)",05-Jul-08,NaN,1.4 m/s,6.07,10.92,15.71,21.14,8.24,10.31,10.44,9.21,6,5
"Dixon, Arman (USA) (1986)",05-Jul-08,NaN,0.1 m/s,6.04,10.92,15.85,21.14,8.28,10.25,10.14,9.45,3,6
"Lawler, Marcus (IRL) (1995)",10-Sep-19,0.162,-0.1 m/s,NaN,10.73,NaN,21.14,NaN,9.32,NaN,9.61,3,8
"Macík, Ondřej (CZE) (2001)",06-Aug-24,0.145,1.0 m/s,6.11,10.89,15.85,21.14,8.18,10.46,10.08,9.45,4,5
"Chèvre, Matthieu (SUI) (2004)",19-Jul-25,0.169,-1.4 m/s,5.90,10.69,15.69,21.14,8.47,10.44,10.00,9.17,2,7
"Price, Mike (USA) (1977)",22-Jun-96,NaN,0.0 m/s,NaN,10.77,NaN,21.15,NaN,9.29,NaN,9.63,1,8
"Matsuo, Takamasa (JPN) (1998)",01-Aug-16,0.179,-0.1 m/s,5.88,10.76,15.78,21.15,8.50,10.25,9.96,9.31,8,4
"Saito, Ryohei (JPN) (1999)",01-Aug-17,0.182,0.5 m/s,5.95,10.82,15.81,21.15,8.40,10.27,10.02,9.36,6,3
Wang Huaishuang (CHN) (1988),05-Sep-17,NaN,-0.2 m/s,NaN,10.71,NaN,21.15,NaN,9.34,NaN,9.58,NaN,8
"Maeda, Natsuki (JPN) (2002)",25-Oct-20,0.167,1.0 m/s,6.01,10.78,15.80,21.15,8.32,10.48,9.96,9.35,7,4
Tian Junhao (CHN) (2000),29-May-24,0.184,-0.5 m/s,NaN,10.87,15.87,21.15,NaN,9.20,10.00,9.47,3,6
"Maia, Gabriel (POR) (2003)",19-Jul-25,0.123,-0.3 m/s,5.93,10.69,15.71,21.15,8.43,10.50,9.96,9.19,2,6
"Schwarthoff, Florian (GER) (1968)",30-Jun-91,NaN,-1.6 m/s,NaN,10.95,NaN,21.16,NaN,9.13,NaN,9.79,NaN,5
"Honma, Keisuke (JPN) (1993)",01-Aug-09,NaN,1.6 m/s,6.11,10.90,15.91,21.16,8.18,10.44,9.98,9.52,4,3
"Takahira, Shinji (JPN) (1984)",27-Jun-15,0.175,0.8 m/s,5.96,10.73,15.69,21.16,8.39,10.48,10.08,9.14,2,8
"Taniguchi, Kotara (JPN) (1994)",08-May-16,0.130,-0.6 m/s,5.88,10.67,15.70,21.16,8.50,10.44,9.94,9.16,2,8
"Abbas, Shajar (PAK) (2000)",06-Aug-22,0.168,1.1 m/s,5.9,10.8,15.7,21.16,8.47,10.20,10.20,9.16,3,8
Qiao Zhen (CHN) (2001),28-Apr-23,0.168,-1.4 m/s,NaN,10.92,15.86,21.16,NaN,9.16,10.12,9.43,6,2
Zhang Xiaonan (CHN) (2001),23-Jul-23,0.165,-0.4 m/s,NaN,10.68,15.67,21.16,NaN,9.36,10.02,9.11,7,4
"Wakana, Kei (JPN) (2006)",05-Aug-23,0.206,2.9 m/s,6.13,11.10,16.02,21.16,8.16,10.06,10.16,9.73,7,4
"Mahara, Koshiro (JPN)",05-Aug-23,0.198,2.9 m/s,6.04,11.09,16.04,21.16,8.28,9.90,10.10,9.77,6,5
Sun Qingchi (CHN) (2000),29-Jun-24,0.197,0.4 m/s,NaN,11.14,16.04,21.16,NaN,8.98,10.20,9.77,3,2
"Enoki, Rikuto (JPN) (2006)",31-Jul-24,0.162,0.1 m/s,5.95,10.84,15.83,21.16,8.40,10.22,10.02,9.38,4,7
"Mitchell, Jacobi (BAH) (1986)",28-Aug-07,0.146,-0.3 m/s,6.06,10.73,15.72,21.17,8.25,10.71,10.02,9.17,2,8
"Hattori, Tatsuya (JPN) (1988)",03-May-11,NaN,0.5 m/s,5.98,10.72,15.75,21.17,8.36,10.55,9.94,9.23,NaN,7
"Saito, Hitoshi (JPN) (1986)",02-Sep-11,0.146,-1.0 m/s,5.99,10.72,15.80,21.17,8.35,10.57,9.84,9.31,2,6
"Watanabe, Hayato (2002)",25-Oct-20,0.161,1.0 m/s,6.23,11.17,16.08,21.17,8.03,10.12,10.18,9.82,8,5
Meng Desheng (CHN) (2006),29-Jun-23,0.238,0.1 m/s,NaN,11.11,15.99,21.17,NaN,9.00,10.25,9.65,8,7
Wumaier Ailixier (CHN) (2006),22-Jul-23,0.163,-1.1 m/s,NaN,10.79,15.80,21.17,NaN,9.27,9.98,9.31,4,2
Fang Fenghe (CHN) (2001),29-Jun-24,0.221,0.4 m/s,NaN,10.89,15.86,21.17,NaN,9.18,10.06,9.42,8,3
Tian Junhao (CHN) (2000),30-Jun-24,0.159,0.8 m/s,NaN,10.93,15.91,21.17,NaN,9.15,10.04,9.51,4,6
Tian Junhao (CHN) (2000),14-Sep-24,0.174,0.5 m/s,NaN,10.80,15.83,21.17,NaN,9.26,9.94,9.36,5,3
"Grimes, Mickey (USA) (1976)",05-Jul-08,NaN,-0.5 m/s,5.94,10.71,15.63,21.18,8.42,10.48,10.16,9.01,4,3
"Miyamoto, Daisuke (JPN) (1999)",01-Aug-17,0.178,0.5 m/s,5.87,10.79,15.80,21.18,8.52,10.16,9.98,9.29,5,4
"Yamashita, Jun (JPN) (1997)",23-Aug-20,0.136,0.6 m/s,5.92,10.66,15.66,21.18,8.45,10.55,10.00,9.06,4,5
"Gemili, Adam (GBR) (1993)",23-May-21,0.138,-3.0 m/s,6.4,11.1,16.1,21.18,7.81,10.64,10.00,9.84,4,6
"Tateno, Shunki (JPN) (2003)",27-Jun-21,0.184,-0.3 m/s,6.01,10.80,15.83,21.18,8.32,10.44,9.94,9.35,6,2
"Chakir, Machmour (MAR) (1994)",05-Jun-22,0.203,-0.6 m/s,6.06,10.83,15.78,21.18,8.25,10.48,10.10,9.26,4,1
"Wakana, Kei (JPN) (2006)",02-Jun-23,0.197,0.2 m/s,6.13,10.91,15.91,21.18,8.16,10.46,10.00,9.49,6,1
Wang Qi (CHN) (1995),29-Jun-24,0.193,0.4 m/s,NaN,10.85,15.84,21.18,NaN,9.22,10.02,9.36,6,4
"Kamau, Leroy (PNG) (1999)",23-Aug-23,0.189,-0.1 m/s,NaN,10.91,NaN,21.18,NaN,9.17,NaN,9.74,6,8
"Shiraishi, Kirara (JPN) (1996)",20-Sep-20,0.177,1.2 m/s,5.98,10.70,15.68,21.19,8.36,10.59,10.04,9.07,9,3
"Rodgers, Mike (USA) (1985)",25-Sep-20,0.142,0.9 m/s,6.0,10.8,15.6,21.29,8.33,10.42,10.42,8.79,2,7
"Shimizu, Tkeru (JPN) (2004)",02-Jun-23,0.163,0.2 m/s,6.07,10.93,15.91,21.19,8.24,10.29,10.04,9.47,5,2
Liu Ke (CHN) (2000),23-Jul-23,0.165,-0.7 m/s,NaN,10.74,15.69,21.19,NaN,9.31,10.10,9.09,4,4
"Hirakawa, Kei (JPN)",05-Aug-23,0.174,2.9 m/s,5.95,10.94,15.93,21.19,8.40,10.02,10.02,9.51,2,6
Liu Zengsheng (CHN) (2003),16-Sep-24,0.197,-1.1 m/s,NaN,10.93,15.90,21.19,NaN,9.15,10.06,9.45,1,5
"Yasuda, Keigo (JPN) (2000)",12-Jul-18,0.139,0.4 m/s,6.02,10.77,15.75,21.20,8.31,10.53,10.04,9.17,6,3
"Kaneda, Riki (JPN) (2000)",21-Oct-18,0.158,0.5 m/s,6.09,10.93,15.90,21.20,8.21,10.33,10.06,9.43,2,3
Bie Ge (CHN) (1992),03-Aug-19,NaN,0.0 m/s,6.05,10.70,15.73,21.20,8.26,10.75,9.94,9.14,3,5
"Ikeshita, Kowa (JPN) (2003)",25-Oct-20,0.174,2.0 m/s,5.96,10.71,15.70,21.20,8.39,10.53,10.02,9.09,4,2
Cui Sen (CHN) (2004),10-Jun-23,0.196,0.4 m/s,NaN,10.83,15.81,21.20,NaN,9.23,10.04,9.28,9,1
Cui Sen (CHN) (2004),23-Jul-23,0.178,-0.7 m/s,NaN,10.66,15.69,21.20,NaN,9.38,9.94,9.07,8,6
"Endeladze, Mindia (GEO) (1998)",23-Aug-23,0.168,-0.2 m/s,NaN,11.03,NaN,21.20,NaN,9.07,NaN,9.83,6,7
"McBain, Steve (AUS) (1967)",19-Jul-86,NaN,0.2 m/s,NaN,10.75,15.81,21.21,NaN,9.30,9.88,9.26,NaN,3
"Mayoral, Jordi (ESP) (1973)",22-Jun-97,NaN,0.7 m/s,6.06,10.84,15.82,21.21,8.25,10.46,10.04,9.28,NaN,8
"Moen, Geir (NOR) (1969)",09-Aug-02,0.149,-0.5 m/s,6.11,10.93,15.90,21.21,8.18,10.37,10.06,9.42,NaN,8
"Samuels, J-Mee (USA) (1987)",04-Jul-08,NaN,1.2 m/s,5.87,10.69,15.64,21.21,8.52,10.37,10.10,8.98,3,5
"Niit, Marek (EST) (1987)",18-Aug-09,0.154,0.2 m/s,5.93,10.80,15.85,21.21,8.43,10.27,9.90,9.33,7,3
"Takahira, Shinji (JPN) (1984)",10-May-15,NaN,-0.5 m/s,5.91,10.71,15.74,21.21,8.46,10.42,9.94,9.14,1,8
"Yamashita, Jun (JPN) (1997)",01-Aug-15,NaN,-1.5 m/s,5.89,10.79,15.76,21.21,8.49,10.20,10.06,9.17,6,2
Meng Desheng (CHN) (2006),14-Sep-24,0.228,0.5 m/s,NaN,10.86,15.85,21.21,NaN,9.21,10.02,9.33,8,4
"Mizukubo, Soshi (JPN) (1999)",01-Aug-16,0.152,-0.1 m/s,5.87,10.79,15.83,21.22,8.52,10.16,9.92,9.28,5,5
"Wilson, Alex (SUI) (1990)",09-Aug-17,0.125,-0.3 m/s,NaN,10.50,15.42,21.08,NaN,9.52,10.16,8.83,2,8
"Someya, Yoshihiro (JPN) (1998)",30-Jun-19,0.148,-1.3 m/s,5.93,10.67,15.69,21.22,8.43,10.55,9.96,9.04,3,8
Cui Sen (CHN) (2004),22-Jul-23,0.182,1.0 m/s,NaN,10.82,15.82,21.22,NaN,9.24,10.00,9.26,8,3
"Lübke, Ralf (FRG) (1965)",28-Sep-88,0.258,1.5 m/s,6.22,11.06,16.05,21.23,8.04,10.33,10.02,9.65,7,8
"Parker, Earvin (USA) (1984)",21-Jun-03,NaN,-1.8 m/s,6.29,11.20,16.00,21.23,7.95,10.18,10.42,9.56,4,3
"Shigetani, Hiroki (JPN) (2002)",21-Oct-18,0.136,0.1 m/s,6.04,10.85,15.88,21.23,8.28,10.40,9.94,9.35,6,1
"Ikeshita, Kowa (JPN) (2003)",25-Oct-20,0.186,1.0 m/s,6.03,10.84,15.87,21.23,8.29,10.40,9.94,9.33,1,6
Qiao Zhen (CHN) (2001),28-May-23,0.218,-0.8 m/s,NaN,11.16,16.06,21.23,NaN,8.96,10.20,9.67,8,1
Meng Desheng (CHN) (2006),22-Jul-23,0.234,-1.1 m/s,NaN,10.82,15.83,21.23,NaN,9.24,9.98,9.26,5,3
"Tsuda, Iban (JPN) (2005)",05-Aug-23,0.220,2.9 m/s,5.99,10.98,15.94,21.23,8.35,10.02,10.08,9.45,9,7
"Volko, Ján (SVK) (1996)",10-May-24,0.155,1.7 m/s,5.97,10.90,15.93,21.23,8.38,10.14,9.94,9.43,1,8
"Seire, Herman (EST) (2006)",09-Aug-25,0.148,-2.4 m/s,6.12,11.00,16.02,21.23,8.17,10.25,9.96,9.60,3,3
"Läng, Peter (SUI) (1942)",04-Jun-61,NaN,?? m/s,NaN,10.6,NaN,21.0,NaN,9.43,NaN,4.81,NaN,1
"Jones, David (GBR) (1940)",03-Sep-61,NaN,?? m/s,NaN,10.4,NaN,21.0,NaN,9.62,NaN,4.72,NaN,2
"Otto, Steffen (GER) (1980)",08-Aug-02,0.152,-0.2 m/s,NaN,10.83,15.84,21.24,NaN,9.23,9.98,9.26,NaN,5
"Yamaji, Kotaro (JPN) (2000)",21-Oct-18,0.177,0.5 m/s,6.21,11.06,16.04,21.24,8.05,10.31,10.04,9.62,5,4
"Shigetani, Daiki (JPN) (2002)",25-Oct-20,0.163,-0.2 m/s,6.00,10.84,15.86,21.24,8.33,10.33,9.96,9.29,6,1
Liu Ke (CHN) (2000),28-May-23,0.142,-0.8 m/s,NaN,10.95,15.91,21.24,NaN,9.13,10.08,9.38,5,2
Meng Desheng (CHN) (2006),28-Jun-23,0.222,-0.4 m/s,NaN,10.81,15.81,21.24,NaN,9.25,10.00,9.21,3,2
Jia Runze (CHN) (2003),14-May-24,0.161,-2.2 m/s,NaN,11.01,16.01,21.24,NaN,9.08,10.00,9.56,6,2
Chen Zhiwang (CHN) (2001),01-Jun-24,0.185,0.8 m/s,NaN,10.82,15.85,21.24,NaN,9.24,9.94,9.28,8,1
"Samukonga, Muzala (ZAM) (2002)",05-Apr-25,0.170,-3.3 m/s,6.08,10.83,15.87,21.24,8.22,10.53,9.92,9.31,5,7
Jang Jae-Keun (KOR) (1962),10-Sep-89,0.283,1.9 m/s,NaN,10.87,15.91,21.25,NaN,9.20,9.92,9.36,9,9
"McCloud, Demetrious (USA) (1980)",04-Jul-08,NaN,1.3 m/s,6.08,10.85,15.87,21.25,8.22,10.48,9.96,9.29,5,5
"Hiyoshi, Katsumi (JPN) (1995)",01-Aug-12,NaN,-0.5 m/s,5.99,10.75,15.76,21.25,8.35,10.50,9.98,9.11,8,4
"Inuzuka, Wataru (JPN) (1997)",01-Aug-15,NaN,-1.5 m/s,5.81,10.74,15.79,21.25,8.61,10.14,9.90,9.16,7,3
"Ueyama, Koki (JPN) (1999)",21-Oct-18,0.152,0.5 m/s,6.08,10.87,15.86,21.25,8.22,10.44,10.02,9.28,8,5
"Ashida, Shuhei (JPN) (1999)",21-Oct-18,0.151,0.5 m/s,6.16,10.99,15.96,21.25,8.12,10.35,10.06,9.45,7,6
"Kimura, Futa (JPN) (2001)",21-Oct-18,0.156,0.1 m/s,6.04,10.83,15.91,21.25,8.28,10.44,9.84,9.36,4,2
Jiang Junpeng (CHN) (1999),03-Jun-23,0.156,0.3 m/s,NaN,10.97,15.94,21.25,NaN,9.12,10.06,9.42,5,2
"Moore, Carlos (USA) (1984)",21-Jun-03,NaN,-1.8 m/s,6.00,10.76,15.72,21.26,8.33,10.50,10.08,9.03,7,4
"Jirka, Jan (CZE) (1993)",16-Jun-13,0.198,-0.9 m/s,6.17,10.97,16.01,21.26,8.10,10.42,9.92,9.52,4,3
"Burnet, Taymir (NED) (1992)",09-Jun-22,0.171,-0.1 m/s,6.05,10.84,15.87,21.26,8.26,10.44,9.94,9.28,2,9
Xie Yuqiang (CHN) (1997),03-Jun-23,0.170,1.0 m/s,NaN,10.76,15.78,21.26,NaN,9.29,9.96,9.12,7,1
Fang Fenghe (CHN) (2001),30-Jun-24,0.184,0.8 m/s,NaN,10.90,15.84,21.26,NaN,9.17,10.12,9.23,3,7
"Barré, Patrick (FRA) (1959)",31-Aug-78,NaN,0.2 m/s,NaN,10.92,NaN,21.27,NaN,9.16,NaN,9.66,NaN,6
"Dykes, Chris (USA) (1987)",10-Jun-06,NaN,-0.2 m/s,NaN,11.0,NaN,21.3,NaN,9.09,NaN,9.71,1,9
"Kobayashi, Yuichi (JPN) (1989)",02-Sep-11,0.251,-1.1 m/s,5.99,10.83,15.81,21.27,8.35,10.33,10.04,9.16,5,7
"Jirka, Jan (CZE) (1993)",16-Jun-13,0.200,0.8 m/s,6.19,10.93,16.00,21.27,8.08,10.55,9.86,9.49,4,1
"Yamashita, Jun (JPN) (1997)",02-Aug-14,NaN,-1.6 m/s,5.95,10.89,15.89,21.27,8.40,10.12,10.00,9.29,3,3
"Miura, Reona (JPN) (2000)",20-Oct-19,0.161,-1.2 m/s,5.99,10.79,15.84,21.27,8.35,10.42,9.90,9.21,3,2
"Kilty, Richard (GBR) (1989)",04-Sep-20,0.129,0.1 m/s,6.0,10.7,15.8,21.27,8.33,10.64,9.80,9.14,7,6
"Pugh, Marcus (USA) (1986)",05-Jul-08,NaN,1.4 m/s,6.05,10.89,15.82,21.28,8.26,10.33,10.14,9.16,4,6
"Andersson, Patrik (SWE) (1991)",20-Jul-14,NaN,1.1 m/s,NaN,10.93,NaN,21.28,NaN,9.15,NaN,9.66,2,4
"Yasuda, Keigo (JPN) (2000)",12-Jul-18,0.152,-0.6 m/s,5.97,10.68,15.64,21.28,8.38,10.62,10.08,8.87,8,6
Yan Haibin (CHN) (2003),03-Aug-19,NaN,0.0 m/s,6.12,10.89,15.97,21.28,8.17,10.48,9.84,9.42,1,6
"Inage, Midori (JPN) (2001)",25-Oct-20,0.151,1.4 m/s,6.05,10.99,15.95,21.28,8.26,10.12,10.08,9.38,7,1
"Mitchell, Michael (USA) (1981)",04-Jul-08,NaN,1.3 m/s,5.92,10.73,15.80,21.29,8.45,10.40,9.86,9.11,8,6
"Dreyer, Hannes (RSA) (1985)",28-Jul-13,NaN,2.2 m/s,NaN,10.83,15.89,21.29,NaN,9.23,9.88,9.26,2,6
"McClain, Mikey (USA) (2003)",03-Aug-25,NaN,0.0 m/s,5.99,10.84,15.83,21.29,8.35,10.31,10.02,9.16,6,€5
"Fito, Rodrigo (ESP) (2006)",09-Aug-25,0.172,-2.4 m/s,6.05,10.94,16.03,21.29,8.26,10.22,9.82,9.51,8,5
"Johnson, Jody (USA) (1985)",05-Jul-08,NaN,-0.5 m/s,6.12,10.97,15.96,21.30,8.17,10.31,10.02,9.36,8,4
"Hara, Shota (JPN) (1992)",03-May-17,NaN,0.2 m/s,6.06,10.92,15.93,21.30,8.25,10.29,9.98,9.31,2,6
"Borlée, Jonathan (BEL) (1988)",04-Sep-20,0.134,0.1 m/s,6.1,11.0,15.9,21.30,8.20,10.20,10.20,9.26,5,7
"Burnet, Taymir (NED) (1992)",30-Jun-23,0.142,-1.4 m/s,5.90,10.67,15.75,21.30,8.47,10.48,9.84,9.01,1,8
Suo Gaofei (CHN) (2001),14-May-24,0.185,-2.2 m/s,NaN,11.06,16.01,21.30,NaN,9.04,10.10,9.45,4,3
"Amah, Dubem (IRL) (2008)",09-Aug-25,0.144,1.9 m/s,6.24,11.07,16.07,21.30,8.01,10.35,10.00,9.56,3,4
Wang Chenhao (CHN) (2001),28-Apr-23,0.204,-1.4 m/s,NaN,10.86,15.89,21.31,NaN,9.21,9.94,9.23,9,3
Yang Hanhui (CHN) (2002),28-May-23,0.197,-0.8 m/s,NaN,11.18,16.10,21.31,NaN,8.94,10.16,9.60,7,3
"Arame, Joseph (FRA) (1948)",31-Aug-78,NaN,-1.5 m/s,NaN,11.20,NaN,21.32,NaN,8.93,NaN,9.88,NaN,2
"Hoogmoed, Guus (NED) (1981)",28-Aug-07,0.177,0.9 m/s,5.91,10.63,15.64,21.32,8.46,10.59,9.98,8.80,9,8
"Tärnhuvud, Stefan (SWE) (1985)",28-Jul-13,NaN,3.1 m/s,NaN,10.99,15.96,21.32,NaN,9.10,10.06,9.33,5,4
"Izawa, Makoto (JPN) (2002)",20-Oct-19,0.169,-0.5 m/s,5.99,10.85,15.93,21.32,8.35,10.29,9.84,9.28,5,1
"Edwin, Delan (LCA) (1996)",05-Aug-22,0.165,0.1 m/s,5.9,10.8,15.8,21.32,8.47,10.20,10.00,9.06,8,5
Meng Desheng (CHN) (2006),15-Sep-24,0.243,-0.6 m/s,NaN,10.87,15.88,21.32,NaN,9.20,9.98,9.19,8,5
"Szetei, Petr (CZE) (1984)",16-Jun-13,0.244,0.8 m/s,6.28,10.98,15.99,21.33,7.96,10.64,9.98,9.36,5,2
"Lawler, Marcus (IRL) (1995)",04-Sep-20,0.145,0.1 m/s,6.1,10.9,15.9,21.33,8.20,10.42,10.00,9.21,1,8
"Takahashi, Tetsuya (JPN) (2001)",25-Oct-20,0.188,1.5 m/s,6.09,10.95,15.99,21.33,8.21,10.29,9.92,9.36,7,3
Wumaier Ailixier (CHN) (2006),28-Apr-23,0.137,-1.4 m/s,NaN,10.93,16.03,21.33,NaN,9.15,9.80,9.43,8,4
Yang Xiang (CHN) (2004),03-Jun-23,0.200,1.0 m/s,NaN,10.99,15.88,21.33,NaN,9.10,10.22,9.17,5,1
Fang Fenghe (CHN) (2001),16-Sep-24,0.196,-1.1 m/s,NaN,10.88,15.88,21.33,NaN,9.19,10.00,9.17,8,6
"Watanabe, Hayato (2002)",25-Oct-20,0.152,-0.3 m/s,6.18,11.10,16.11,21.34,8.09,10.16,9.98,9.56,3,1
"Arashikawa, Aito (JPN) (1991)",01-Aug-09,NaN,1.6 m/s,6.13,10.98,16.05,21.35,8.16,10.31,9.86,9.43,8,5
"Mihara, Hiroyuki (JPN) (1993)",01-Aug-10,NaN,0.5 m/s,6.22,11.12,16.06,21.35,8.04,10.20,10.12,9.45,NaN,1
"Cambridge, Aska (JPN) (1993)",06-Aug-11,NaN,-0.4 m/s,6.10,11.06,15.92,21.35,8.20,10.08,10.29,9.21,NaN,4
"Dreyer, Hannes (RSA) (1985)",17-Jun-12,NaN,0.4 m/s,NaN,10.80,NaN,21.35,NaN,9.26,NaN,4.68,NaN,1
"Szetei, Petr (CZE) (1984)",16-Jun-13,0.236,-0.9 m/s,6.30,11.12,16.10,21.35,7.94,10.37,10.04,9.52,6,4
"Groth, Joel (SWE) (1991)",20-Jul-14,NaN,2.1 m/s,NaN,11.15,NaN,21.35,NaN,8.97,NaN,9.80,5,2
"Mukai, Yuta (JPN) (2005)",02-Jun-23,0.164,0.2 m/s,6.10,10.96,16.02,21.35,8.20,10.29,9.88,9.38,9,3
Jia Runze (CHN) (2003),13-May-24,0.147,-1.4 m/s,NaN,11.01,16.04,21.35,NaN,9.08,9.94,9.42,6,1
"Uno, Daichi (JPN) (2000)",01-Aug-17,0.156,0.5 m/s,5.96,10.91,15.94,21.36,8.39,10.10,9.94,9.23,9,5
"Johanse, Mathias Hove (NOR) (1998)",01-Jul-21,0.129,-1.0 m/s,6.0,10.8,15.8,21.36,8.33,10.42,10.00,8.99,1,8
Wang Xinkai (CHN) (2004),03-Sep-22,0.176,0.2 m/s,NaN,11.04,16.06,21.36,NaN,9.06,9.96,9.43,6,1
Tian Junhao (CHN) (2000),04-Jun-23,0.168,-0.5 m/s,NaN,10.90,15.96,21.36,NaN,9.17,9.88,9.26,4,1
"Venäläinen, Juho (FIN) (2006)",09-Aug-25,0.187,-2.9 m/s,6.02,10.82,15.23,21.36,8.31,10.42,11.34,8.16,8,4
"Antonov, Nikolay (BUL) (1968)",30-Jun-91,NaN,-1.6 m/s,NaN,10.96,NaN,21.37,NaN,9.12,NaN,9.61,NaN,6
"Koike, Yuki (JPN) (1995)",01-Aug-12,NaN,-0.5 m/s,6.12,11.00,16.01,21.37,8.17,10.25,9.98,9.33,2,5
"Kawase, Takanori (JPN) (1994)",21-May-17,0.152,-2.0 m/s,5.94,10.67,15.65,21.37,8.42,10.57,10.04,8.74,1,7
"Kino, Syugoro (JPN)",01-Aug-17,0.128,0.5 m/s,5.95,10.92,15.97,21.37,8.40,10.06,9.90,9.26,7,6
Jiang Junpeng (CHN) (1999),10-Jun-23,0.179,-0.3 m/s,NaN,10.97,16.01,21.37,NaN,9.12,9.92,9.33,4,1
"Takeshita, Yuki (JPN) (1992)",01-Aug-10,NaN,0.5 m/s,6.13,11.04,16.05,21.38,8.16,10.18,9.98,9.38,NaN,2
"Suwa, Tatsuro (JPN) (1994)",06-Aug-11,NaN,-0.4 m/s,6.11,11.02,15.97,21.38,8.18,10.18,10.10,9.24,NaN,5
"Takamatsu, Yutaka (JPN) (1997)",02-Aug-14,NaN,-1.6 m/s,6.02,10.99,16.01,21.38,8.31,10.06,9.96,9.31,5,4
"Miura, Reona (JPN) (2000)",21-Oct-18,0.155,0.5 m/s,6.07,10.84,15.89,21.38,8.24,10.48,9.90,9.11,3,7
"Reais, William (SUI) (1999)",05-Jun-22,0.147,2.0 m/s,6.02,10.83,15.90,21.38,8.31,10.40,9.86,9.12,2,7
Meng Desheng (CHN) (2006),23-Jul-23,0.188,-0.4 m/s,NaN,10.87,15.87,21.38,NaN,9.20,10.00,9.07,4,7
"Hayato, Hoshi (JPN)",05-Aug-23,0.218,2.9 m/s,6.15,11.20,16.16,21.38,8.13,9.90,10.08,9.58,8,8
"Roun, Jindrich (CZE) (1965)",30-Jun-91,NaN,-1.6 m/s,NaN,11.01,NaN,21.39,NaN,9.08,NaN,9.63,NaN,7
"Molnár, Tamás (HUN) (1968)",30-Jun-91,NaN,-1.6 m/s,NaN,10.93,NaN,21.39,NaN,9.15,NaN,9.56,NaN,8
"Kanamori, Kazuki (JPN) (1994)",01-Aug-12,NaN,-0.5 m/s,6.12,10.95,16.00,21.39,8.17,10.35,9.90,9.28,9,6
"Dede, Bruno (JPN) (2000)",21-Oct-18,0.142,0.5 m/s,6.08,10.96,16.03,21.39,8.22,10.25,9.86,9.33,1,8
"Ojeli, Emmanuel Ifeanyi (NGR) (1998)",05-Aug-22,0.169,0.1 m/s,6.0,10.8,15.8,21.39,8.33,10.42,10.00,8.94,9,6
Yang Hanhui (CHN) (2002),27-May-23,0.196,-0.1 m/s,NaN,11.07,16.08,21.39,NaN,9.03,9.98,9.42,3,1
"Al-Hindi, Mohamed Obaid (OMA) (19)",23-Aug-23,0.176,-0.2 m/s,NaN,11.06,NaN,21.39,NaN,9.04,NaN,9.68,7,7
"Brown, Kemarley (JAM) (1992)",20-Jul-14,NaN,1.1 m/s,NaN,10.84,NaN,21.40,NaN,9.23,NaN,9.47,4,5
"Nagata, Shunto (JPN) (1996)",02-Aug-14,NaN,-1.6 m/s,5.96,10.92,15.98,21.40,8.39,10.08,9.88,9.23,8,5
"Watanabe, Kougen (JPN)",01-Aug-17,0.181,0.5 m/s,5.96,10.97,16.01,21.40,8.39,9.98,9.92,9.28,3,7
"Hashi, Tetsuya (JPN)",20-Oct-19,0.188,-1.2 m/s,6.01,10.79,15.90,21.40,8.32,10.46,9.78,9.09,8,3
"Hazel, Warren (SKN) (1996)",05-Aug-22,0.157,2.1 m/s,6.1,10.9,16.0,21.40,8.20,10.42,9.80,9.26,9,7
Li Yanjing (CHN) (2000),14-Sep-24,0.153,-0.6 m/s,NaN,10.98,16.00,21.40,NaN,9.11,9.96,9.26,3,4
"Vleminckx, Kobe (BEL) (1998)",22-Aug-25,0.124,-0.3 m/s,5.98,10.80,15.90,21.40,8.36,10.37,9.80,9.09,1,8
"Ryabov, Aleksandr (RUS) (1975)",24-Jun-01,0.188,-0.7 m/s,6.02,10.87,15.88,21.41,8.31,10.31,9.98,9.04,NaN,7
"Higuchi, Kazuma (JPN) (1999)",01-Aug-15,NaN,-1.5 m/s,6.04,11.09,16.10,21.41,8.28,9.90,9.98,9.42,9,4
"Kadowaki, Riku (JPN) (2000)",27-May-18,NaN,0.8 m/s,NaN,11.00,NaN,21.42,NaN,9.09,NaN,9.60,6,1
"Kinoshita, Yuichi (JPN) (2002)",20-Oct-19,0.183,-0.5 m/s,6.12,10.97,16.03,21.41,8.17,10.31,9.88,9.29,3,2
"Maeda, Natsuki (JPN) (2002)",25-Oct-20,0.157,-0.2 m/s,5.96,10.74,15.84,21.41,8.39,10.46,9.80,8.98,7,1
"Skerritt, Darion (ANT) (2001)",05-Aug-22,0.142,1.9 m/s,6.0,10.9,16.0,21.41,8.33,10.20,9.80,9.24,2,7
Wang Xinkai (CHN) (2004),01-Jun-24,0.172,0.8 m/s,NaN,10.77,15.80,21.41,NaN,9.29,9.94,8.91,6,2
"du Plessis, Corné (RSA) (1978)",06-Jul-08,NaN,2.5 m/s,NaN,10.97,16.03,21.42,NaN,9.12,9.88,9.28,4,4
"Kling-Baptiste, Tom (SWE) (1990)",17-Jun-12,NaN,0.4 m/s,NaN,11.10,NaN,21.42,NaN,9.01,NaN,4.67,NaN,2
"Kiryu, Yoshihide (JPN) (1995)",01-Aug-12,NaN,-0.5 m/s,6.00,10.77,15.86,21.42,8.33,10.48,9.82,8.99,6,7
"de Oliveira, Nil (SWE) (1986)",26-Jul-15,NaN,0.4 m/s,NaN,10.95,NaN,21.42,NaN,9.13,NaN,9.55,6,3
"Buntin, Nadale (SKN) (2000)",05-Aug-22,0.142,0.1 m/s,5.9,10.9,16.0,21.42,8.47,10.00,9.80,9.23,2,7
An Tai (CHN) (2001),28-Apr-23,0.155,-1.4 m/s,NaN,10.83,15.91,21.42,NaN,9.23,9.84,9.07,2,5
"Murayoshi, Seiji (JPN) (1991)",01-Aug-09,NaN,1.6 m/s,6.05,11.10,16.18,21.43,8.26,9.90,9.84,9.52,2,6
"Inage, Midori (JPN) (2001)",25-Oct-20,0.162,1.5 m/s,6.08,11.08,16.12,21.43,8.22,10.00,9.92,9.42,5,4
"Deloney, Brandon (USA) (1989)",22-Jun-08,NaN,-2.2 m/s,NaN,10.80,15.85,21.44,NaN,9.26,9.90,8.94,5,4
"Iizuka, Shota (JPN) (1991)",01-Aug-09,NaN,1.6 m/s,6.29,11.23,16.21,21.44,7.95,10.12,10.04,9.56,NaN,3
"Tamura, Tomoya (JPN) (1992)",01-Aug-10,NaN,0.5 m/s,6.29,11.23,16.21,21.44,7.95,10.12,10.04,9.56,NaN,3
"Oshima, Kenta (JPN) (1997)",01-Aug-15,NaN,-1.5 m/s,5.89,10.87,15.93,21.44,8.49,10.04,9.88,9.07,5,5
Jiang Junpeng (CHN) (1999),14-Sep-24,0.165,-0.6 m/s,NaN,10.91,15.96,21.44,NaN,9.17,9.90,9.12,2,5
"Sawa, Daichi (JPN) (2000)",05-Aug-18,NaN,-1.6 m/s,6.05,11.04,16.09,21.45,8.26,10.02,9.90,9.33,9,6
"Itsuki, Saito (JPN)",12-Jul-20,NaN,1.9 m/s,NaN,11.03,16.14,21.45,NaN,9.07,9.78,9.42,7,1
"Takahashi, Tetsuya (JPN) (2001)",25-Oct-20,NaN,1.9 m/s,6.20,11.06,16.05,21.45,8.06,10.29,10.02,9.26,4,2
Cheng Jiajun (CHN) (2002),28-Apr-23,0.183,-1.4 m/s,NaN,11.04,16.08,21.45,NaN,9.06,9.92,9.31,5,6
Zhu Chongtao (CHN) (2003),14-May-24,0.158,-2.2 m/s,NaN,11.19,16.16,21.45,NaN,8.94,10.06,9.45,7,4
Wang Xinkai (CHN) (2004),13-May-24,0.143,-2.0 m/s,NaN,10.83,15.94,21.46,NaN,9.23,9.78,9.06,6,1
"Edagi, Ren (JPN) (2006)",26-May-24,NaN,1.1 m/s,NaN,11.03,16.13,21.46,NaN,9.07,9.80,9.38,7,1
"Blake, Keenan (NED) (2003)",07-Jul-24,0.134,-0.3 m/s,6.20,11.04,16.10,21.46,8.06,10.33,9.88,9.33,4,2
"Oshima, Kenta (JPN) (1997)",02-Aug-14,NaN,-1.6 m/s,5.90,10.93,16.00,21.47,8.47,9.94,9.86,9.14,1,6
"Ibuka, Aisei (JPN) (1998)",01-Aug-16,0.158,-0.1 m/s,6.03,11.08,16.13,21.47,8.29,9.90,9.90,9.36,2,6
"Kimura, Futa (JPN) (2001)",20-Oct-19,0.143,-1.2 m/s,6.02,10.82,15.93,21.47,8.31,10.42,9.78,9.03,5,4
"Forte, Julian (JAM) (1993)",23-May-21,0.149,-3.0 m/s,6.4,11.2,16.4,21.47,7.81,10.42,9.62,9.86,2,7
"Saito, Keisyuu (JPN) (2004)",06-Aug-22,0.129,-2.3 m/s,6.06,11.03,16.14,21.47,8.25,10.06,9.78,9.38,6,1
"Takasu, Fuuto (JPN) (2004)",06-Aug-22,0.145,-2.3 m/s,5.90,10.85,15.96,21.48,8.47,10.10,9.78,9.06,7,2
"Nemeček, Daniel (CZE) (1991)",16-Jun-13,0.199,-0.9 m/s,6.21,11.04,16.14,21.49,8.05,10.35,9.80,9.35,8,5
"Kato, Shinnosuke (JPN) (2002)",20-Oct-19,0.151,-0.5 m/s,6.07,10.93,16.04,21.49,8.24,10.29,9.78,9.17,4,3
"Kimura, Shunya (JPN) (2004)",06-Aug-22,0.146,-2.3 m/s,6.05,10.99,16.08,21.49,8.26,10.12,9.82,9.24,4,3
Wang Xinkai (CHN) (2004),14-May-24,0.182,-2.2 m/s,NaN,11.03,16.04,21.49,NaN,9.07,9.98,9.17,8,5
"Nazareno, Franklin (ECU) (1987)",28-Aug-07,0.159,0.6 m/s,6.08,10.92,16.04,21.50,8.22,10.33,9.77,9.16,9,8
"Kitaura, Minoru (JPN)",20-Oct-19,0.147,-1.2 m/s,6.13,11.03,16.09,21.50,8.16,10.20,9.88,9.24,2,5
"Klein Ikkink, Isaya (NED) (2003)",07-Jul-24,0.192,-0.3 m/s,6.17,11.06,16.15,21.50,8.10,10.22,9.82,9.35,7,4
"Mokdasi, Andreas (SWE) (1984)",24-Jul-07,NaN,0.9 m/s,NaN,11.10,16.13,21.51,NaN,9.01,9.94,9.29,5,1
"Motoshio, Ryo (JPN) (1990)",01-Aug-08,NaN,-1.3 m/s,6.03,10.90,16.05,21.51,8.29,10.27,9.71,9.16,NaN,1
"Armfelt, Carl (SWE) (1984)",20-Jul-14,NaN,1.5 m/s,NaN,10.98,NaN,21.51,NaN,9.11,NaN,9.50,4,1
Jiang Junpeng (CHN) (1999),27-Apr-23,0.151,0.4 m/s,NaN,10.96,16.06,21.51,NaN,9.12,9.80,9.17,8,1
"Kaji, Masanori (JPN) (1991)",01-Aug-08,NaN,-1.3 m/s,6.03,10.93,16.08,21.52,8.29,10.20,9.71,9.19,NaN,2
"Ito, Kaito (JPN) (2000)",05-Aug-18,NaN,-1.6 m/s,6.09,11.13,16.21,21.52,8.21,9.92,9.84,9.42,2,7
Cui Sen (CHN) (2004),03-Sep-22,0.214,0.2 m/s,NaN,11.09,16.13,21.52,NaN,9.02,9.92,9.28,3,2
"Burraj, Franko (ALB) (1998)",23-Aug-23,0.167,0.0 m/s,NaN,11.19,NaN,21.52,NaN,8.94,NaN,9.68,9,8
"Musić, Bakir (BIH) (2006)",09-Aug-25,0.156,-2.9 m/s,6.11,10.99,16.05,21.52,8.18,10.25,9.88,9.14,4,5
"Shimada, Shin (JPN)",20-Oct-19,0.170,-0.5 m/s,6.09,10.97,16.01,21.53,8.21,10.25,9.92,9.06,6,4
"Leonce, Lenyn Kish (LCA) (1991)",05-Aug-22,0.160,1.9 m/s,6.0,10.9,16.0,21.53,8.33,10.20,9.80,9.04,3,8
"Tsuda, Iban (JPN) (2005)",06-Aug-22,0.148,-2.3 m/s,5.95,10.87,16.03,21.53,8.40,10.16,9.69,9.09,5,4
Li Weixiang (CHN) (2003),27-May-23,0.154,-1.0 m/s,NaN,10.86,15.96,21.53,NaN,9.21,9.80,8.98,3,2
"El Haddaoui, Ayman (MAR) (2001)",28-May-23,0.171,-0.2 m/s,6.11,10.93,15.99,21.53,8.18,10.37,9.88,9.03,4,1
"Takács, Ábel (HUN) (2005)",19-Jul-25,0.150,-0.3 m/s,6.07,10.88,16.00,21.53,8.24,10.40,9.77,9.04,4,8
"Markett, Lamar (USA) (1989)",22-Jun-08,NaN,-2.2 m/s,NaN,10.86,16.08,21.54,NaN,9.21,9.58,9.16,9,5
"Kanamori, Kazuki (JPN) (1994)",06-Aug-11,NaN,-0.4 m/s,6.23,11.25,16.22,21.54,8.03,9.96,10.06,9.40,NaN,7
"Šulc, Vojtech (CZE) (1986)",16-Jun-13,0.207,-0.9 m/s,6.15,10.97,16.10,21.54,8.13,10.37,9.75,9.19,7,6
"Koike, Maya (JPN) (1997)",01-Aug-15,NaN,-1.5 m/s,6.11,10.99,16.12,21.54,8.18,10.25,9.75,9.23,3,6
"Engberg, Johan (SWE) (1981)",24-Jul-07,NaN,0.3 m/s,10.90,16.07,21.55,21.55,9.17,9.67,9.12,9.28,5,4
"Hyde, Nicklas (DEN) (1986)",06-Jul-08,NaN,3.0 m/s,NaN,11.21,16.30,21.56,NaN,8.92,9.82,9.51,4,1
"Kobayashi, Shoichi (JPN) (1993)",06-Aug-11,NaN,-0.4 m/s,6.22,11.12,16.08,21.56,8.04,10.20,10.08,9.12,NaN,8
"Ochieng, Hesbon (KEN) (1992)",05-Aug-22,0.153,2.1 m/s,5.9,10.8,16.0,21.56,8.47,10.20,9.62,8.99,3,8
Meng Desheng (CHN) (2006),03-Sep-22,0.323,0.4 m/s,NaN,11.20,16.24,21.56,NaN,8.93,9.92,9.40,5,1
"Šulc, Vojtech (CZE) (1986)",16-Jun-13,0.231,-0.9 m/s,6.22,11.01,16.12,21.57,8.04,10.44,9.78,9.17,5,2
"Katsuse, Kendai (JPN) (1997)",01-Aug-15,NaN,-1.5 m/s,5.93,10.99,16.13,21.57,8.43,9.88,9.73,9.19,2,7
"Takordmioui, Mehdi (MAR) (1995)",05-Jun-22,0.171,2.0 m/s,6.13,10.98,16.11,21.57,8.16,10.31,9.75,9.16,1,8
Qiao Zhen (CHN) (2001),27-May-23,0.198,-1.1 m/s,NaN,10.93,16.05,21.57,NaN,9.15,9.77,9.06,6,1
"Nakamura, Keisuke (JPN) (1991)",01-Aug-09,NaN,1.6 m/s,6.16,11.10,16.19,21.58,8.12,10.12,9.82,9.28,6,7
"Mogami, Koki (JPN) (1996)",02-Aug-14,NaN,-1.6 m/s,6.02,11.04,16.15,21.58,8.31,9.96,9.78,9.21,7,7
"Simpson, Omar (ISV) (2001)",17-Sep-25,0.166,-0.1 m/s,NaN,10.96,NaN,21.58,NaN,9.12,NaN,9.42,1,8
"Larry, Lionel (USA) (1986)",21-Jun-03,NaN,-1.8 m/s,NaN,NaN,16.16,21.59,NaN,NaN,9.28,9.21,1,6
Xie Yuqiang (CHN) (1997),27-May-23,0.167,-1.5 m/s,NaN,10.96,16.02,21.59,NaN,9.12,9.88,8.98,4,1
Li Yanjing (CHN) (2000),14-May-24,0.170,-2.2 m/s,NaN,11.09,16.18,21.59,NaN,9.02,9.82,9.24,3,6
"Barnes, Zandrion (JAM) (2001)",05-Apr-25,0.180,-3.3 m/s,6.17,11.05,16.15,21.59,8.10,10.25,9.80,9.19,8,8
"Mészáros, Balázs (HUN) (2005)",19-Jul-25,0.246,-1.4 m/s,6.22,11.12,16.18,21.59,8.04,10.20,9.88,9.24,1,8
"Tuna, Tovetuna (PNG) (2003)",17-Sep-25,0.166,-0.1 m/s,NaN,10.79,NaN,21.59,NaN,9.27,NaN,9.26,3,9
"Peeroo, Ahmed Bongo (MRI) (1988)",06-Jul-08,NaN,0.8 m/s,NaN,11.06,16.17,21.60,NaN,9.04,9.78,9.21,3,1
"Lilja, Johan (SWE) (1995)",20-Jul-14,NaN,1.5 m/s,NaN,10.98,NaN,21.60,NaN,9.11,NaN,9.42,2,2
Yang Chun-Hun (TPE) (1997),21-May-17,0.161,-2.0 m/s,5.88,10.67,15.70,21.61,8.50,10.44,9.94,8.46,8,8
"Yamata, Kota (JPN)",20-Oct-19,0.144,-1.2 m/s,6.10,11.00,16.14,21.61,8.20,10.20,9.73,9.14,7,6
"Ramdhan, Tommy (GBR) (1996)",23-May-21,0.140,-3.0 m/s,6.5,11.3,16.5,21.49,7.69,10.42,9.62,10.02,1,8
"Maury, Jarod (SUI) (2001)",26-Aug-21,0.148,3.0 m/s,6.2,11.1,16.3,21.61,8.06,10.20,9.62,9.42,4,3
"Cunningham, Cortez (USA) (2000)",27-Jun-24,NaN,1.1 m/s,6.07,10.96,16.04,21.61,8.24,10.22,9.84,8.98,7,8-7
"Bangura, Ibrahim (SLE) (2000)",05-Aug-22,0.176,0.1 m/s,6.0,10.9,16.0,21.62,8.33,10.20,9.80,8.90,3,8
"Åberg, Oskar (SWE) (1989)",17-Jun-12,NaN,0.4 m/s,NaN,11.01,NaN,21.63,NaN,9.08,NaN,4.62,NaN,3
"Štastny, Lukáš (CZE) (1991)",16-Jun-13,0.211,-0.7 m/s,6.27,11.13,16.22,21.63,7.97,10.29,9.82,9.24,4,1
"Murakami, Ryoto (JPN) (1998)",01-Aug-16,0.147,-0.1 m/s,5.99,11.09,16.18,21.65,8.35,9.80,9.82,9.14,9,7
"Kadowaki, Riku (JPN) (2000)",28-May-17,NaN,2.0 m/s,NaN,11.23,NaN,21.65,NaN,8.90,NaN,9.60,7,1
"Matsuura, Taiga (JPN) (2002)",12-Jul-20,NaN,1.9 m/s,NaN,11.18,16.28,21.65,NaN,8.94,9.80,9.31,6,2
"Kawabe, Jun-ya (JPN) (1996)",02-Aug-14,NaN,-1.6 m/s,5.97,10.96,16.11,21.66,8.38,10.02,9.70,9.01,2,8
"Hyde, Nicklas (DEN) (1986)",26-Jul-15,NaN,0.4 m/s,NaN,11.17,NaN,21.66,NaN,8.95,NaN,9.53,2,4
Xu Renyu (CHN) (2000),03-Aug-19,NaN,0.0 m/s,6.11,10.95,16.17,21.66,8.18,10.33,9.58,9.11,2,7
"Tokunaga, Daichi (JPN) (1991)",01-Aug-09,NaN,1.6 m/s,NaN,11.17,16.29,21.67,NaN,8.95,9.77,9.29,1,8
"Yousho, Nakasho (JPN)",20-Oct-19,0.154,-0.5 m/s,6.04,10.94,16.14,21.67,8.28,10.20,9.62,9.04,7,5
"Fujiwara, Ryusei (JPN)",28-May-23,NaN,-1.2 m/s,NaN,11.04,16.27,21.67,NaN,9.06,9.56,9.26,3,1
"Ogi, Moeto (JPN) (1994)",01-Aug-12,NaN,-0.5 m/s,6.11,11.00,16.07,21.68,8.18,10.22,9.86,8.91,3,8
"Saito, Ryohei (JPN) (1999)",01-Aug-15,NaN,-1.5 m/s,6.09,11.19,16.28,21.68,8.21,9.80,9.82,9.26,8,8
Cui Sen (CHN) (2004),27-Apr-23,0.151,0.4 m/s,NaN,10.97,16.14,21.68,NaN,9.12,9.67,9.03,7,2
Zhang Xiaonan (CHN) (2001),27-May-23,0.172,-0.1 m/s,NaN,10.93,16.08,21.69,NaN,9.15,9.71,8.91,4,2
"Wellington, Andre (JAM) (1986)",24-Jul-07,NaN,0.3 m/s,NaN,11.04,16.16,21.70,NaN,9.06,9.77,9.03,2,5
"Mitchell, Maurice (USA) (1989)",22-Jun-08,NaN,-2.2 m/s,NaN,10.83,16.01,21.70,NaN,9.23,9.65,8.79,2,6
"Nemeček, Daniel (CZE) (1991)",16-Jun-13,0.197,-0.7 m/s,6.28,11.17,16.29,21.70,7.96,10.22,9.77,9.24,5,2
"von Barth, Emil (SWE) (1996)",20-Jul-14,NaN,2.1 m/s,NaN,11.15,NaN,21.70,NaN,8.97,NaN,9.48,2,3
"Lobatlamang, Kevin (BOT) (2003)",07-Jul-24,0.166,-0.3 m/s,6.19,11.07,16.14,21.70,8.08,10.25,9.86,8.99,5,5
"Lesser, Alexander (SWE) (1993)",26-Jul-15,NaN,0.4 m/s,NaN,11.29,NaN,21.71,NaN,8.86,NaN,9.60,2,1
"Ibuka, Aisei (JPN) (1998)",01-Aug-15,NaN,-1.5 m/s,6.13,11.26,16.34,21.71,8.16,9.75,9.84,9.31,1,9
"Inoue, Futoshi (JPN)",20-Oct-19,0.174,-0.5 m/s,6.18,11.14,16.24,21.71,8.09,10.08,9.80,9.14,8,6
Song Xinlong (CHN) (2000),27-May-23,0.151,-0.1 m/s,NaN,10.98,16.16,21.71,NaN,9.11,9.65,9.01,7,3
"Romero, Yeykell (NCA) (2002)",23-Aug-23,0.156,-0.5 m/s,NaN,10.96,NaN,21.71,NaN,9.12,NaN,9.30,4,8
"Ewertzh, Jacob (SWE) (1995)",20-Jul-14,NaN,1.5 m/s,NaN,11.13,NaN,21.73,NaN,8.98,NaN,9.43,3,3
"Grønhaug, Jonas (NOR) (1989)",20-Jul-14,NaN,2.1 m/s,NaN,11.35,NaN,21.73,NaN,8.81,NaN,9.63,6,4
"Suzuki, Daisuke (JPN) (1990)",01-Aug-08,NaN,-1.3 m/s,6.04,10.98,16.18,21.73,8.28,10.12,9.62,9.01,NaN,3
Cui Sen (CHN) (2004),27-May-23,0.182,-1.0 m/s,NaN,10.99,16.18,21.73,NaN,9.10,9.63,9.01,6,5
"Sandin, Christofer (SWE) (1979)",24-Jul-07,NaN,0.9 m/s,NaN,11.14,16.23,21.74,NaN,8.98,9.82,9.07,3,2
"Ozawa, Toi (JPN) (2006)",31-Jul-24,0.198,0.1 m/s,6.05,11.09,16.24,21.74,8.26,9.92,9.71,9.09,2,8
"Seire, Herman (EST) (2006)",09-Aug-25,0.167,-2.9 m/s,6.14,11.13,16.25,21.74,8.14,10.02,9.77,9.11,3,6
"Lid, Sondre Nyvold (NOR) (1994)",17-Jun-12,NaN,0.9 m/s,NaN,11.25,NaN,21.75,NaN,8.89,NaN,4.60,NaN,1
"Watanabe, Isamu (JPN)",20-Oct-19,0.140,-0.5 m/s,6.10,11.08,16.25,21.76,8.20,10.04,9.67,9.07,1,7
Yishake Ailikuti (CHN) (2002),28-Apr-23,0.165,-1.4 m/s,NaN,11.06,16.24,21.76,NaN,9.04,9.65,9.06,3,7
"Amah, Dubem (IRL) (2008)",09-Aug-25,0.154,-2.9 m/s,6.25,11.18,16.29,21.76,8.00,10.14,9.78,9.14,1,7
"McCallum, Benjamin (USA) (1984)",21-Jun-03,NaN,-1.8 m/s,6.41,11.37,16.35,21.77,7.80,10.08,10.04,9.23,3,7
"Aoki, Shuma (JPN) (2005)",06-Aug-22,0.169,-2.3 m/s,6.05,11.05,16.27,21.77,8.26,10.00,9.58,9.09,8,6
"Nakatani, Hayata (JPN) (2004)",06-Aug-22,0.150,-2.3 m/s,6.04,11.06,16.23,21.77,8.28,9.96,9.67,9.03,3,7
"Edagi, Ren (JPN) (2006)",28-May-23,NaN,-1.2 m/s,NaN,11.04,16.30,21.77,NaN,9.06,9.51,9.14,6,2
Meng Desheng (CHN) (2006),29-Jun-24,0.200,0.4 m/s,NaN,11.12,16.22,21.77,NaN,8.99,9.80,9.01,5,6
"Toyoda, Kaede (JPN)",05-Aug-18,NaN,-1.6 m/s,6.22,11.31,16.41,21.78,8.04,9.82,9.80,9.31,8,8
Song Xinlong (CHN) (2000),03-Jun-23,0.183,1.0 m/s,11.07,16.14,21.78,21.78,9.03,9.86,8.87,9.18,4,5
Jiang Junpeng (CHN) (1999),13-May-24,0.145,-1.6 m/s,10.94,16.17,21.78,21.78,9.14,9.56,8.91,9.18,5,2
"Smith, Paul (USA) (1984)",21-Jun-03,NaN,-1.8 m/s,6.24,11.24,16.25,21.79,8.01,10.00,9.98,9.03,9,8
Lysne Torbjørn (NOR) (1990),17-Jun-12,NaN,0.0 m/s,NaN,11.28,NaN,21.79,NaN,8.87,NaN,4.59,NaN,1
Cheng Jiajun (CHN) (2002),28-May-23,0.173,-0.8 m/s,NaN,11.45,16.47,21.79,NaN,8.73,9.96,9.40,1,4
"Oishi, Riku (JPN) (2004)",06-Aug-22,0.155,-2.3 m/s,6.04,11.07,16.26,21.80,8.28,9.94,9.63,9.03,2,8
Tian Haoyu (CHN) (2004),03-Sep-22,0.138,0.2 m/s,NaN,11.21,16.36,21.80,NaN,8.92,9.71,9.19,7,3
"Dzingai, Brian (ZIM) (1981)",17-Jun-12,NaN,1.5 m/s,NaN,10.93,NaN,21.82,NaN,9.15,NaN,4.58,NaN,5
Ning Xuhao (CHN),03-Sep-22,0.200,0.2 m/s,NaN,11.08,16.23,21.82,NaN,9.03,9.71,8.94,5,4
"Bossé, Béranger (CAF) (1985)",06-Jul-08,NaN,0.8 m/s,10.92,16.15,21.83,21.83,9.16,9.56,8.80,9.16,4,2
"Lid, Sondre Nyvold (NOR) (1994)",20-Jul-14,NaN,1.2 m/s,11.24,NaN,21.83,21.83,8.90,NaN,9.44,9.16,6,1
Zhang Donghai (CHN) (2000),14-May-24,0.177,-2.2 m/s,11.31,16.44,21.83,21.83,8.84,9.75,9.28,9.16,2,7
Jiang Junpeng (CHN) (1999),28-May-24,0.140,-0.6 m/s,11.30,16.45,21.83,21.83,8.85,9.71,9.29,9.16,1,1
"Ojuri, Sunday (SWE) (1993)",20-Jul-14,NaN,2.1 m/s,11.25,NaN,21.84,21.84,8.89,NaN,9.44,9.16,3,5
Liu Junchen (CHN) (2000),28-May-23,0.181,-0.8 m/s,11.20,16.34,21.84,21.84,8.93,9.73,9.09,9.16,3,5
"Nomura, Shogo (JPN) (1990)",01-Aug-08,NaN,-1.3 m/s,6.14,11.07,16.25,21.85,8.14,10.14,9.65,8.93,NaN,4
"Fujiwara, Ryusei (JPN)",30-May-21,NaN,2.7 m/s,11.18,16.30,21.85,21.85,8.94,9.77,9.01,9.15,6,1
Mi Chengze (CHN) (2001),27-May-23,0.203,-1.1 m/s,10.88,16.05,21.85,21.85,9.19,9.67,8.62,9.15,8,2
"Åberg, Oskar (SWE) (1989)",24-Jul-07,NaN,0.5 m/s,11.28,16.43,21.86,21.86,8.87,9.71,9.21,9.15,2,1
"Asada, Kiyotaka (JPN) (1990)",01-Aug-08,NaN,-1.3 m/s,6.23,11.27,16.43,21.86,8.03,9.92,9.69,9.21,NaN,5
"Yoshichi, Sota (JPN)",30-May-21,NaN,2.7 m/s,NaN,11.12,16.29,21.86,NaN,8.99,9.67,8.98,4,2
"Kemp, Demek (USA) (1996)",25-Sep-20,0.134,0.9 m/s,6.0,11.0,16.2,21.87,8.33,10.00,9.62,8.82,1,8
"Ait Elhadj, Amine (MAR) (1999)",05-Jun-22,0.213,-0.6 m/s,6.23,11.22,16.38,21.87,8.03,10.02,9.69,9.11,6,2
"Zerhoumi, Mohamed (MAR) (1999)",28-May-23,0.141,-0.2 m/s,6.25,11.20,16.34,21.87,8.00,10.10,9.73,9.04,2,2
"Šorm, Patrik (CZE) (1993)",16-Jun-13,0.162,-0.9 m/s,6.26,11.18,16.37,21.88,7.99,10.16,9.63,9.07,3,3
"Šorm, Patrik (CZE) (1993)",16-Jun-13,0.179,-0.9 m/s,6.31,11.27,16.47,21.88,7.92,10.08,9.62,9.24,2,7
"Nordkvist, Alexander (SWE) (1990)",28-Jul-13,NaN,3.1 m/s,NaN,11.21,16.41,21.88,NaN,8.92,9.62,9.14,2,5
"Matsumoto, Biokawa (JPN)",20-Oct-19,0.143,-0.5 m/s,6.16,11.14,16.33,21.89,8.12,10.04,9.63,8.99,2,8
Song Xinlong (CHN) (2000),27-Apr-23,0.159,0.2 m/s,NaN,11.00,16.23,21.89,NaN,9.09,9.56,8.83,5,3
"Nahal, Mouncef (MAR) (2003)",28-May-23,0.151,-0.2 m/s,6.16,11.17,16.36,21.89,8.12,9.98,9.63,9.04,3,3
Wang Xinkai (CHN) (2004),02-Sep-22,0.215,0.8 m/s,11.13,16.31,21.80,21.90,8.98,9.65,9.11,9.13,2,1
"Broer, Rodrigo (NED) (1996)",07-Jul-24,0.205,-0.3 m/s,6.28,11.22,16.30,21.90,7.96,10.12,9.84,8.93,8,6
"Cantos, Louis (FRA) (2004)",11-Jul-25,0.173,-1.9 m/s,6.08,11.08,16.28,21.90,8.22,10.00,9.62,8.90,4,5
"Wahn, Erik (SWE) (1980)",24-Jul-07,NaN,0.6 m/s,NaN,11.20,16.38,21.91,NaN,8.93,9.65,9.04,4,1
Lysne Torbjørn (NOR) (1990),26-Jul-15,NaN,0.4 m/s,NaN,11.43,NaN,21.91,NaN,8.75,NaN,9.54,4,2
"Chèvre, Matthieu (SUI) (2004)",26-Aug-21,0.162,3.0 m/s,6.3,11.3,16.5,21.91,7.94,10.00,9.62,9.24,3,5
"Noda, Koshiro (JPN)",01-Jun-25,NaN,1.2 m/s,NaN,11.21,16.47,21.93,NaN,8.92,9.51,9.16,7,1
"Armfelt, Carl (SWE) (1984)",17-Jun-12,NaN,0.4 m/s,NaN,11.18,NaN,21.95,NaN,8.94,NaN,4.56,NaN,4
"Sunneborn, Mattias (SWE) (1970)",24-Jul-07,NaN,0.6 m/s,NaN,11.19,16.39,21.96,NaN,8.94,9.62,8.98,3,2
"Hedvičák, Jaroslav (CZE) (1990)",16-Jun-13,0.171,0.8 m/s,6.21,11.14,16.40,21.96,8.05,10.14,9.51,8.99,3,3
"Pichonnaz, Alan (SUI) (2001)",26-Aug-21,0.167,3.0 m/s,6.3,11.2,16.5,21.97,7.94,10.20,9.43,9.14,7,6
"Kobayashi, Yuichi (JPN) (1989)",04-Aug-07,NaN,-4.3 m/s,6.04,10.98,16.31,21.98,8.28,10.12,9.38,8.82,3,1
"Tajima, Kazuya (JPN) (1990)",01-Aug-08,NaN,-1.3 m/s,6.05,11.07,16.37,21.98,8.26,9.96,9.43,8.91,NaN,6
Wang Xinkai (CHN) (2004),02-Sep-22,0.197,-0.7 m/s,NaN,11.09,16.09,21.98,NaN,9.02,10.00,8.49,5,1
Xie Yuqiang (CHN) (1997),28-May-24,0.170,0.8 m/s,NaN,11.13,16.32,21.98,NaN,8.98,9.63,8.83,8,4
"Ondráček, Jan (CZE) (1988)",16-Jun-13,0.246,0.8 m/s,6.35,11.24,16.50,21.99,7.87,10.22,9.51,9.11,6,4
"Annerfalk, Erik (SWE) (1994)",20-Jul-14,NaN,2.5 m/s,NaN,11.28,NaN,22.00,NaN,8.87,NaN,9.33,4,1
"Nishikori, Yushin (JPN)",26-May-24,NaN,1.1 m/s,NaN,11.33,16.57,22.00,NaN,8.83,9.54,9.21,8,2
"Hzoum, Abdellah (MAR) (2002)",05-Jun-22,0.246,-0.6 m/s,6.29,11.27,16.45,22.02,7.95,10.04,9.65,8.98,3,3
Li LI (CHN) (2002),03-Jun-23,0.192,0.0 m/s,NaN,11.03,16.30,22.03,NaN,9.07,9.49,8.73,3,5
Quan Jiafu (CHN) (2004),28-May-24,0.149,-0.4 m/s,NaN,11.36,16.55,22.03,NaN,8.80,9.63,9.12,3,4
"Ojuri, Sunday (SWE) (1993)",17-Jun-12,NaN,0.9 m/s,NaN,11.28,NaN,22.04,NaN,8.87,NaN,4.54,NaN,2
"Green, Joseph (GUM) (2001)",18-Jul-22,0.164,0.0 m/s,NaN,11.19,NaN,22.04,NaN,8.94,NaN,9.22,6,7
Gong Junbo (CHN) (2006),03-Sep-22,0.208,0.4 m/s,NaN,11.26,16.44,22.04,NaN,8.88,9.65,8.93,6,2
"Franco, Jessy (GIB) (1998)",23-Aug-23,0.153,-0.1 m/s,NaN,11.23,NaN,22.04,NaN,8.90,NaN,9.25,7,9
"Shosei, Kadoya (JPN)",26-May-19,NaN,0.8 m/s,NaN,11.46,16.65,22.05,NaN,8.73,9.63,9.26,7,1
"Kajima, Ayato (JPN) (2003)",30-May-21,NaN,2.7 m/s,NaN,11.27,16.44,22.05,NaN,8.87,9.67,8.91,5,3
Kong Peng (CHN) (2005),27-May-23,0.181,-1.1 m/s,NaN,11.13,16.39,22.05,NaN,8.98,9.51,8.83,2,3
Luo Wenyi (CHN) (1998),04-Jun-23,0.228,-0.5 m/s,NaN,11.35,16.51,22.05,NaN,8.81,9.69,9.03,1,3
"Ishihara, Yoshiaki (JPN) (2006)",26-May-24,NaN,1.1 m/s,11.20,16.47,22.06,22.06,8.93,9.49,8.94,9.07,9,3
Song Xinlong (CHN) (2000),13-May-24,0.180,-0.9 m/s,11.11,16.36,22.07,22.07,9.00,9.52,8.76,9.06,4,2
"Tajima, Kazuya (JPN) (1990)",04-Aug-07,NaN,-4.3 m/s,6.10,11.04,16.42,22.08,8.20,10.12,9.29,8.83,2,2
"Edward, Alonso (PAN) (1989)",18-Jul-22,0.129,1.0 m/s,NaN,10.74,NaN,22.08,NaN,9.31,NaN,8.82,7,5
"Ojuri, Sunday (SWE) (1993)",26-Jul-15,NaN,0.4 m/s,NaN,11.26,NaN,22.12,NaN,8.88,NaN,9.21,6,3
"Ohitsu, Takahiro (JPN)",27-May-18,NaN,0.8 m/s,NaN,11.45,NaN,22.12,NaN,8.73,NaN,9.37,3,2
"Santos, Marcos (ANG) (2004)",18-Jul-22,0.209,0.5 m/s,NaN,11.24,NaN,22.12,NaN,8.90,NaN,9.19,8,7
Sun Xuyang (CHN),03-Sep-22,0.189,0.2 m/s,NaN,11.30,16.53,22.12,NaN,8.85,9.56,8.94,4,5
"Brouwer, Mika (NED) (2002)",07-Jul-24,0.167,-0.3 m/s,6.14,11.17,16.45,22.12,8.14,9.94,9.47,8.82,2,7
"Kirihara, Yuto (JPN)",28-May-17,NaN,2.0 m/s,11.52,NaN,22.13,22.13,8.68,NaN,9.43,9.04,4,2
"Brož, Michal (CZE) (1992)",16-Jun-13,0.198,0.8 m/s,6.44,11.46,16.52,22.14,7.76,9.96,9.88,8.90,7,5
"Kuptik, Ondrej (CZE) (1991)",16-Jun-13,0.176,0.8 m/s,6.29,11.24,16.72,22.14,7.95,10.10,9.12,9.23,8,6
"Storhaug, Lars-Jøran (NOR) (1989)",20-Jul-14,NaN,1.7 m/s,NaN,11.39,NaN,22.14,NaN,8.78,NaN,9.30,3,1
Xie Yuqiang (CHN) (1997),27-Apr-23,0.187,-1.4 m/s,NaN,11.30,16.56,22.14,NaN,8.85,9.51,8.96,7,3
"Nakagawa, Fumiya (JPN) (1991)",01-Aug-08,NaN,-1.3 m/s,6.20,11.27,16.55,22.15,8.06,9.86,9.47,8.93,NaN,7
"Watanabe, Sho (2003)",12-Jul-20,NaN,1.9 m/s,NaN,11.31,16.60,22.15,NaN,8.84,9.45,9.01,2,3
"Suyama, Takumi (JPN)",01-Jun-25,NaN,1.2 m/s,NaN,11.36,16.60,22.15,NaN,8.80,9.54,9.01,8,2
"Øien, Vegard (NOR) (1990)",17-Jun-12,NaN,0.0 m/s,NaN,11.33,NaN,22.16,NaN,8.83,NaN,4.51,NaN,2
"Petrák, Miloslav (CZE) (1993)",16-Jun-13,0.178,-0.9 m/s,6.27,11.22,16.53,22.16,7.97,10.10,9.42,8.88,2,4
Liu Kai (CHN) (2006),03-Sep-22,0.207,0.4 m/s,NaN,11.41,16.63,22.16,NaN,8.76,9.58,9.04,3,3
"Thomas, Chris (USA) (1981)",24-Jul-07,NaN,0.9 m/s,NaN,11.24,16.32,22.17,NaN,8.90,9.84,8.55,4,3
"Wellington, Andre (JAM) (1986)",06-Jul-08,NaN,3.0 m/s,NaN,11.16,16.40,22.17,NaN,8.96,9.54,8.67,5,2
"Lesser, Alexander (SWE) (1993)",20-Jul-14,NaN,2.5 m/s,NaN,11.47,NaN,22.18,NaN,8.72,NaN,9.34,5,2
"Fukuda, Ryota (JPN) (2001)",26-May-19,NaN,0.8 m/s,NaN,11.37,16.64,22.18,NaN,8.80,9.49,9.03,4,2
"Fito, Rodrigo (ESP) (2006)",09-Aug-25,0.162,-2.9 m/s,6.16,11.13,16.34,22.19,8.12,10.06,9.60,8.55,2,8
"Eriksson, Torbjörn (SWE) (1971)",06-Jul-08,NaN,0.8 m/s,NaN,11.24,16.52,22.20,NaN,8.90,9.47,8.80,5,4
"Klvana, Filip (CZE) (1977)",16-Jun-13,0.141,-0.7 m/s,6.28,11.29,16.57,22.20,7.96,9.98,9.47,8.88,6,3
"Svoboda, Vojtech (CZE) (1995)",16-Jun-13,0.227,-0.9 m/s,6.25,11.15,16.43,22.20,8.00,10.20,9.47,8.67,6,5
"Yu, Matsuura (JPN)",27-May-18,NaN,0.8 m/s,NaN,11.27,NaN,22.20,NaN,8.87,NaN,9.15,4,3
"Leunissen, Ken (NED) (1998)",07-Jul-24,0.154,-0.3 m/s,6.16,11.15,16.50,22.20,8.12,10.02,9.35,8.77,1,8
Shan Ximeng (CHN),03-Sep-22,0.204,0.2 m/s,NaN,11.40,16.61,22.21,NaN,8.77,9.60,8.93,2,6
"Inoue, Tetsuya (JPN)",26-May-24,NaN,1.1 m/s,NaN,11.33,16.61,22.23,NaN,8.83,9.47,8.90,6,4
"Nishio, Kotora (JPN)",30-May-21,NaN,2.7 m/s,NaN,11.12,16.40,22.24,NaN,8.99,9.47,8.56,8,4
"Kakuhashi, Yuto (JPN)",26-May-24,NaN,1.1 m/s,NaN,11.53,16.81,22.24,NaN,8.67,9.47,9.21,4,5
Song Xinlong (CHN) (2000),01-Jun-24,0.163,-0.1 m/s,NaN,11.26,16.59,22.25,NaN,8.88,9.38,8.83,2,4
"Shosei, Kadoya (JPN)",12-Jul-20,NaN,1.9 m/s,NaN,11.42,16.79,22.26,NaN,8.76,9.31,9.14,4,4
"Sebabi, Nasser (SWE) (1982)",24-Jul-07,NaN,0.6 m/s,NaN,11.18,16.43,22.27,NaN,8.94,9.52,8.56,5,3
"Tanaka, Yuji (JPN)",28-May-22,NaN,1.3 m/s,NaN,11.52,16.76,22.27,NaN,8.68,9.54,9.07,4,1
"Heriot, William (Blake) (USA) (1991)",22-Jun-08,NaN,-2.2 m/s,NaN,11.06,16.36,22.29,NaN,9.04,9.43,8.43,1,8
"Iwamoto, Eita (JPN)",01-Jun-25,NaN,1.2 m/s,NaN,11.49,16.77,22.29,NaN,8.70,9.47,9.06,6,3
"Yoshichi, Sota (JPN)",12-Jul-20,NaN,1.9 m/s,11.34,16.66,22.32,22.32,8.82,9.40,8.83,8.96,5,5
"Zghali, Abdelghani (MAR) (1993)",28-May-23,0.146,-0.2 m/s,6.18,11.19,16.45,22.32,8.09,9.98,9.51,8.52,6,4
"Larsson, Niklas (SWE) (1985)",17-Jun-12,NaN,0.9 m/s,NaN,11.51,NaN,22.34,NaN,8.69,NaN,4.48,NaN,4
"Boček, Tomáš (CZE) (1993)",16-Jun-13,0.176,0.8 m/s,6.35,11.35,16.68,22.34,7.87,10.00,9.38,8.83,2,7
"Hussine, Yassine (MAR) (2004)",05-Jun-22,0.173,-0.6 m/s,6.38,11.46,16.76,22.34,7.84,9.84,9.43,8.96,1,4
"Karlsson, Erik (SWE) (1987)",24-Jul-07,NaN,0.6 m/s,NaN,11.22,16.53,22.35,NaN,8.91,9.42,8.59,2,4
"Norgren, Daniel (SWE) (1990)",24-Jul-07,NaN,0.5 m/s,NaN,11.46,16.67,22.35,NaN,8.73,9.60,8.80,3,2
"Kástad, Martin (NOR) (1990)",26-Jul-15,NaN,0.4 m/s,NaN,11.48,NaN,22.35,NaN,8.71,NaN,9.20,3,4
"Okamoto, Ryotaro (JPN) (2004)",30-May-21,NaN,2.7 m/s,NaN,11.24,16.52,22.35,NaN,8.90,9.47,8.58,3,5
"Ewertzh, Jacob (SWE) (1995)",26-Jul-15,NaN,0.4 m/s,NaN,11.53,NaN,22.36,NaN,8.67,NaN,9.23,5,5
"Storhaug, Lars-Jøran (NOR) (1989)",17-Jun-12,interval,0.0 m/s,NaN,11.59,NaN,22.37,8.63,4.47,8.94,NaN,NaN,3
"Brown, Omar (JAM) (1982)",11-Jun-05,NaN,-0.7 m/s,10.8,22.4,22.38,1/8,9.26,8.62,8.94,NaN,NaN,NaN
"Kakuhashi, Yuto (JPN)",01-Jun-25,NaN,1.2 m/s,11.42,16.72,22.38,22.38,8.76,9.43,8.83,8.94,9,4
Zhu Xinxing (CHN),03-Sep-22,0.227,0.2 m/s,11.46,16.73,22.39,22.39,8.73,9.49,8.83,8.93,1,7
Kong Peng (CHN) (2005),14-May-24,0.198,-2.2 m/s,11.62,16.81,22.39,22.39,8.61,9.63,8.96,8.93,1,8
"Hosokawa, Haruki (JPN)",01-Jun-25,NaN,1.2 m/s,11.48,16.83,22.39,22.39,8.71,9.35,8.99,8.93,4,5
"Tamura, Shinji (JPN)",28-May-17,NaN,2.0 m/s,11.52,22.40,22.40,5/3,8.68,9.19,8.93,NaN,NaN,NaN
"Sudo, Narumi (JPN)",26-May-24,NaN,1.1 m/s,11.40,16.74,22.40,22.40,8.77,9.36,8.83,8.93,3,6
"Nohava, Vojtech (CZE) (1992)",16-Jun-13,0.267,-0.9 m/s,6.33,11.30,16.64,22.42,7.90,10.06,9.36,8.65,7,6
"Dofournier, Mathias (SWE) (1990)",24-Jul-07,NaN,0.5 m/s,11.75,16.95,22.43,22.43,8.51,9.62,9.12,8.92,4,3
"Hayashi, Raito (JPN) (2000)",27-May-18,NaN,0.8 m/s,11.55,22.43,22.43,7/5,8.66,9.19,8.92,NaN,NaN,NaN
Cui Sen (CHN) (2004),13-May-24,0.166,-1.8 m/s,11.23,16.58,22.43,22.43,8.90,9.35,8.55,8.92,6,4
"Lilja, Johan (SWE) (1995)",17-Jun-12,NaN,0.7 m/s,11.42,NaN,22.44,22.44,8.76,NaN,4.46,8.91,NaN,1
"Ait Elhadj, Amine (MAR) (1999)",28-May-23,0.206,-0.2 m/s,6.21,11.26,16.57,22.44,8.05,9.90,9.42,8.52,5,5
"Angell-Petersen, Børge (NOR) (1983)",24-Jul-07,NaN,0.5 m/s,NaN,11.30,16.61,22.46,NaN,8.85,9.42,8.55,5,4
"Makihara, Kazushi (JPN)",12-Jul-20,NaN,2.4 m/s,NaN,11.54,16.90,22.46,NaN,8.67,9.33,8.99,5,1
"Axelson, Truls (SWE) (1993)",20-Jul-14,NaN,1.7 m/s,NaN,11.65,NaN,22.47,NaN,8.58,NaN,9.24,2,2
"Sougate, Zakaria (MAR) (2001)",05-Jun-22,0.185,-0.6 m/s,6.38,11.42,16.74,22.47,7.84,9.92,9.40,8.73,5,5
"Saito, Jona (JPN)",26-May-19,NaN,0.8 m/s,NaN,11.60,16.92,22.48,NaN,8.62,9.40,8.99,6,3
"Hashimoto, Takumi (JPN) (2004)",30-May-21,NaN,2.7 m/s,NaN,11.44,16.74,22.48,NaN,8.74,9.43,8.71,1,6
"Fujiwara, Ryusei (JPN)",28-May-22,NaN,1.3 m/s,NaN,11.59,16.87,22.50,NaN,8.63,9.47,8.88,5,2
"Kawabata, Ryota (JPN)",30-May-21,NaN,2.7 m/s,NaN,11.42,16.71,22.52,NaN,8.76,9.45,8.61,2,7
"Yamane, Yasuki (JPN)",26-May-24,NaN,1.1 m/s,11.57,16.88,22.53,22.53,8.64,9.42,8.85,8.88,5,7
"Komura, Ryoku (JPN)",28-May-23,NaN,-1.2 m/s,11.38,16.83,22.54,22.54,8.79,9.17,8.76,8.87,4,3
"Arai, Yuta (JPN)",12-Jul-20,NaN,1.9 m/s,11.35,16.77,22.55,22.55,8.81,9.23,8.65,8.87,8,6
"Van den Hende, Mulamba (BEL) (198)",20-Jul-14,NaN,1.7 m/s,11.59,NaN,22.57,22.57,8.63,NaN,9.11,8.86,4,3
"Sulusi-Sjö, Brian (SWE) (1977)",24-Jul-07,NaN,0.6 m/s,11.36,16.65,22.58,22.58,8.80,9.45,8.43,8.86,6,5
"Tamura, Yakazu (JPN)",01-Jun-25,NaN,1.2 m/s,11.42,16.90,22.59,22.59,8.76,9.12,8.79,8.85,3,6
"Fukuda, Ryota (JPN) (2001)",27-May-18,NaN,0.8 m/s,11.57,NaN,22.60,22.61,8.64,NaN,9.07,8.85,2,6
"Saito, Jona (JPN)",27-May-18,NaN,0.8 m/s,11.58,NaN,22.62,22.63,8.64,NaN,9.06,8.84,8,7
"Sato, Ayato (JPN)",26-May-19,NaN,0.8 m/s,11.77,17.07,22.63,22.63,8.50,9.43,8.99,8.84,3,4
"Matsunao, Tsubasa (JPN)",26-May-19,NaN,0.8 m/s,11.64,16.95,22.63,22.63,8.59,9.42,8.80,8.84,8,5
"Zariq, Ilyass (MAR) (2004)",28-May-23,0.200,-0.2 m/s,6.32,11.46,16.88,22.64,7.91,9.73,9.23,8.68,7,6
"Dang, Joakim (NOR) (1990)",20-Jul-14,NaN,1.2 m/s,NaN,11.35,NaN,22.65,NaN,8.81,NaN,8.85,5,2
"Fourar, Adam (MAR) (2007)",28-May-23,0.215,-0.2 m/s,6.31,11.41,16.79,22.68,7.92,9.80,9.29,8.49,1,7
"Hosokawa, Haruki (JPN)",26-May-24,NaN,1.1 m/s,NaN,11.52,16.97,22.68,NaN,8.68,9.17,8.76,2,8
"Feher, Jan (CZE) (1986)",16-Jun-13,0.156,-0.7 m/s,6.35,11.46,16.90,22.69,7.87,9.78,9.19,8.64,7,4
"Brown, Kemarley (JAM) (1992)",26-Jul-15,NaN,0.4 m/s,NaN,11.18,NaN,22.69,NaN,8.94,NaN,8.69,5,5
Jiang Chunyang (CHN) (2006),03-Sep-22,0.204,0.4 m/s,NaN,11.46,16.85,22.69,NaN,8.73,9.28,8.56,4,4
"Walterson, Jonathan (SWE) (1985)",24-Jul-07,NaN,0.5 m/s,NaN,11.66,16.99,22.70,NaN,8.58,9.38,8.76,4,1
"Andersson, Adam (SWE) (1991)",24-Jul-07,NaN,0.5 m/s,11.57,16.86,22.76,22.76,8.64,9.45,8.47,8.79,6,5
"Azib, Yassine (MAR) (1999)",05-Jun-22,0.191,-0.6 m/s,6.38,11.57,16.99,22.76,7.84,9.63,9.23,8.67,2,7
"Nishikori, Yushin (JPN)",28-May-23,NaN,-1.2 m/s,NaN,11.58,17.08,22.77,NaN,8.64,9.09,8.79,7,4
"Castrini, Timo (SUI) (2001)",26-Aug-21,0.158,3.0 m/s,6.6,11.8,17.1,22.78,7.58,9.62,9.43,8.80,2,8
Zhang Qin (CHN),03-Sep-22,0.209,0.4 m/s,NaN,11.65,17.06,22.80,NaN,8.58,9.24,8.71,8,6
"Ishihara, Yoshiaki (JPN) (2006)",28-May-23,NaN,-1.2 m/s,NaN,11.25,16.81,22.80,NaN,8.89,8.99,8.35,8,5
"Komura, Ryoku (JPN)",28-May-22,NaN,1.3 m/s,NaN,11.77,17.15,22.81,NaN,8.50,9.29,8.83,7,3
"Ouyamna, Abdelali (MAR) (2004)",28-May-23,0.213,-0.2 m/s,6.57,11.71,17.02,22.81,7.61,9.73,9.42,8.64,8,8
"Skoglund, Björn (SWE) (1991)",24-Jul-07,NaN,0.8 m/s,NaN,11.49,16.83,22.82,NaN,8.70,9.36,8.35,2,1
"Inostroza, Giovanni (SWE) (1997)",20-Jul-14,NaN,1.7 m/s,NaN,11.84,NaN,22.84,NaN,8.45,NaN,9.09,6,5
"Adolfsson, Henrik (SWE) (1988)",24-Jul-07,NaN,0.8 m/s,NaN,11.69,17.07,22.87,NaN,8.55,9.29,8.62,5,2
"Elvung Nilsson, Viktor (SWE) (1994)",17-Jun-12,NaN,0.0 m/s,NaN,11.76,NaN,22.87,NaN,8.50,NaN,4.37,NaN,4
Cui Sen (CHN) (2004),28-May-24,0.209,-1.0 m/s,NaN,11.41,16.76,22.88,NaN,8.76,9.35,8.17,7,4
"Hirose, Riku (JPN)",26-May-19,NaN,0.8 m/s,NaN,11.69,17.12,22.89,NaN,8.55,9.21,8.67,5,6
"Hisayoshi, Itsumi (JPN)",12-Jul-20,NaN,2.4 m/s,NaN,11.63,17.13,22.90,NaN,8.60,9.09,8.67,7,2
"Sosho, Umemura (JPN)",01-Jun-25,NaN,1.2 m/s,NaN,11.70,17.24,22.90,NaN,8.55,9.03,8.83,2,7
"Okamoto, Ryotaro (JPN) (2004)",28-May-22,NaN,1.3 m/s,NaN,11.65,17.08,22.92,NaN,8.58,9.21,8.56,9,4
"Kajitani, Shunta (JPN)",01-Jun-25,NaN,1.2 m/s,NaN,11.82,17.28,22.95,NaN,8.46,9.16,8.82,5,8
"Hiromu, Otani (JPN)",27-May-18,NaN,0.8 m/s,NaN,11.61,NaN,22.97,NaN,8.61,NaN,8.80,1,8
"Murayama, Hibiki (JPN)",26-May-19,NaN,0.8 m/s,NaN,11.92,17.35,22.97,NaN,8.39,9.21,8.90,2,7
"Sundvall, Hjalmar (SWE) (1994)",20-Jul-14,interval,1.4 m/s,11.61,NaN,22.99,22.99,8.61,NaN,8.79,8.70,3,1
"Zariq, Ilyass (MAR) (2004)",05-Jun-22,0.170,-0.6 m/s,6.38,14.42,17.20,22.99,7.84,6.22,17.99,8.64,8,8
"Takenaga, Ren (JPN)",28-May-22,interval,1.3 m/s,11.74,17.19,23.01,23.01,8.52,9.17,8.59,8.69,6,5
"Takase, Kei (JPN) (1988)",03-May-17,interval,0.2 m/s,6.03,10.84,NaN,23.02,8.29,10.40,NaN,8.21,8,7
"Anshu, Taichi (JPN)",30-May-21,interval,2.7 m/s,11.62,17.12,23.02,23.02,8.61,9.09,8.47,8.69,7,8
"Rask, Jesper (SWE) (1997)",20-Jul-14,interval,1.4 m/s,11.78,NaN,23.04,23.04,8.49,NaN,8.88,8.68,4,2
Qiao Zhen (CHN) (2001),04-Jun-23,0.234,-0.5 m/s,11.44,16.89,23.07,23.07,8.74,9.17,8.09,8.67,7,5
Cui Sen (CHN) (2004),01-Jun-24,0.191,0.0 m/s,11.68,17.07,23.09,23.09,8.56,9.28,8.31,8.66,7,8
"Arai, Iori (JPN)",28-May-22,interval,1.3 m/s,11.81,17.29,23.11,23.11,8.47,9.12,8.59,8.65,3,6
Li Tianci (CHN),03-Sep-22,0.196,0.4 m/s,11.73,17.19,23.11,23.11,8.53,9.16,8.45,8.65,2,7
"Inoue, Sosuke (JPN)",26-May-19,NaN,0.8 m/s,11.79,17.31,23.14,23.14,8.48,9.06,8.58,8.64,9,8
"Dahlöf, Carl (SWE) (1988)",24-Jul-07,NaN,0.8 m/s,11.73,17.12,23.18,23.18,8.53,9.28,8.25,8.63,3,3
"Johnsson, Per (SWE) (1988)",24-Jul-07,NaN,0.5 m/s,11.72,17.27,23.19,23.19,8.53,9.01,8.45,8.62,2,2
"Døhlie, Petter Gire (NOR) (1985)",17-Jun-12,NaN,0.0 m/s,11.85,NaN,23.19,23.19,8.44,NaN,4.31,8.62,NaN,5
"Gerlach, Mikael (SWE) (1984)",20-Jul-14,NaN,1.4 m/s,12.01,NaN,23.20,23.20,8.33,NaN,8.94,8.62,3,3
"Pettersson, Andreas (SWE) (1996)",17-Jun-12,NaN,0.7 m/s,13.20,NaN,25.73,25.73,7.58,NaN,3.89,7.77,NaN,5
"Edward, Alonso (PAN) (1989)",06-Sep-19,0.130,0.8 m/s,6.0,10.8,16.8,28.80,8.33,10.42,8.33,4.17,1,28
"Shiraishi, Kirara (JPN) (1996)",23-Aug-20,0.137,0.6 m/s,5.86,10.65,16.32,28.81,8.53,10.44,8.82,4.00,5,8
"Skerritt, Darion (ANT) (2001)",17-Sep-25,0.172,0.0 m/s,NaN,14.52,NaN,30.18,NaN,6.89,NaN,6.39,1,9
"Bednarek, Kenneth (USA) (1998)",28-Jul-19,NaN,-0.7 m/s,NaN,10.7,NaN,45.3,NaN,9.35,NaN,2.89,NaN,8
"Richardson, Benji (RSA) (2003)",05-Aug-24,0.149,-0.1 m/s,5.82,10.46,16.79,51.86,8.59,10.78,7.90,1.43,6,7
"Greene, Maurice (USA) (1974)",23-Jul-00,NaN,-0.3 m/s,NaN,10.5,NaN,NaN,NaN,9.52,NaN,NaN,4,--
"Dorrego, Alberto (ESP) (1979)",24-Jun-01,0.177,-0.7 m/s,6.00,10.75,15.89,NaN,8.33,10.53,9.73,NaN,NaN,--
"Gay, Tyson (USA) (1982)",18-Jul-04,NaN,-0.7 m/s,5.84,NaN,NaN,NaN,8.56,NaN,NaN,NaN,8,--
"Hortelano, Bruno (ESP) (1991)",23-Aug-20,0.117,3.0 m/s,5.9,11.4,NaN,NaN,8.47,9.09,NaN,NaN,7,--
"Ogunode, Femi (QAT) (1991)",13-May-22,0.167,2.1 m/s,6.2,18.1,NaN,NaN,8.06,4.20,NaN,NaN,8,--
"Traore, Cheickna (CIV) (2000)",07-Jul-24,0.170,-0.4 m/s,5.86,11.40,NaN,NaN,8.53,9.03,NaN,NaN,8,--
