Name,date,reaction time,wind,time 50m,time 100m,time 150m,time 200m,time 250m,time 300m,time 350m,time 400m,velocity 50m,velocity 100m,velocity 150m,velocity 200m,velocity 250m,velocity 300m,velocity 350m,velocity 400m,lane,place
"van Niekerk, Wayde (RSA) (1992)",14-Aug-16,0.181,NaN,6.01,10.77,15.63,20.58,25.71,31.06,36.77,43.03,8.32,10.50,10.29,10.10,9.75,9.35,8.76,7.99,8,1
"Johnson, Michael (USA) (1967)",26-Aug-99,0.150,NaN,6.14,11.10,16.10,21.22,26.42,31.66,37.18,43.18,8.14,10.08,10.00,9.77,9.62,9.54,9.06,8.33,5,1
"Reynolds, Harry (Butch) (USA) (1964)",17-Aug-88,NaN,NaN,6.3,11.3,16.3,21.4,26.7,32.1,37.6,43.3,7.94,4.42,3.07,2.34,1.87,1.56,1.33,1.15,4,1
"Johnson, Michael (USA) (1967)",09-Aug-95,NaN,NaN,NaN,11.13,NaN,21.26,NaN,31.55,NaN,43.39,NaN,8.98,NaN,9.87,NaN,9.72,NaN,8.45,5,1
"Hall, Quincy (USA) (1998)",07-Aug-24,0.168,NaN,6.16,11.01,15.89,21.00,26.34,31.81,37.46,43.40,8.12,10.31,10.25,9.78,9.36,9.14,8.85,8.42,8,1
"Johnson, Michael (USA) (1967)",19-Jun-96,NaN,NaN,NaN,11.02,NaN,21.27,NaN,31.64,37.34,43.44,NaN,9.07,NaN,9.76,NaN,9.64,8.77,8.20,5,1
"Hudson-Smith, Matthew (GBR) (1994)",07-Aug-24,0.149,NaN,6.01,10.81,15.65,20.62,25.86,31.35,37.19,43.44,8.32,10.42,10.33,10.06,9.54,9.11,8.56,8.00,6,2
"Wariner, Jeremy (USA) (1984)",31-Aug-07,0.182,NaN,6.01,10.80,15.77,20.97,26.27,31.60,37.24,43.45,8.32,10.44,10.06,9.62,9.43,9.38,8.87,8.05,6,1
"Norman, Michael (USA) (1997)",20-Apr-19,NaN,NaN,NaN,10.8,NaN,21.1,NaN,32.0,NaN,43.5,NaN,9.26,NaN,2.37,NaN,1.56,NaN,1.15,5,1
"van Niekerk, Wayne (RSA) (1992)",26-Aug-15,0.156,NaN,6.02,10.73,15.65,20.76,25.95,31.36,37.17,43.48,8.31,10.62,10.16,9.78,9.63,9.24,8.61,7.92,6,1
"Gardiner, Steven (BAH) (1995)",04-Oct-19,0.164,NaN,6.22,11.00,15.92,20.96,26.15,31.59,37.32,43.48,8.04,10.46,10.16,9.92,9.63,9.19,8.73,8.12,4,1
"van Niekerk, Wayde (RSA) (1992)",21-Jul-17,NaN,NaN,10.78,20.91,31.91,43.73,43.73,5/1,NaN,NaN,9.87,9.09,8.46,9.15,NaN,9.28,9.87,9.09,NaN,NaN
"Merritt, LaShawn (USA) (1986)",13-Aug-13,0.256,NaN,11.1,21.2,31.8,43.7,43.74,6/1,NaN,NaN,9.90,9.43,8.40,9.14,NaN,9.01,9.90,9.43,NaN,NaN
"Hudson-Smith, Matthew (GBR) (1994)",20-Jul-24,0.158,NaN,6.07,10.88,15.82,20.96,26.23,31.71,37.50,43.74,10.40,10.12,9.73,9.49,9.12,8.64,8.01,9.14,5,1
"Samukonga, Muzala (ZAM) (2002)",07-Aug-24,0.185,NaN,6.11,10.87,15.78,20.95,26.35,31.91,37.68,43.74,10.50,10.18,9.67,9.26,8.99,8.67,8.25,9.14,7,3
"Merritt, LaShawn (USA) (1986)",21-Aug-08,0.318,NaN,NaN,10.99,21.02,31.78,43.75,43.75,4/1,NaN,9.10,9.97,9.29,8.35,9.14,170.0,9.10,9.97,NaN,NaN
"James, Kirani (GRN) (1992)",14-Aug-16,0.134,NaN,6.03,10.78,15.58,20.61,25.79,31.27,37.20,43.76,10.53,10.42,9.94,9.65,9.12,8.43,7.62,9.14,6,2
"James, Kirani (GRN) (1992)",26-Aug-15,0.152,NaN,6.21,10.99,15.90,21.00,26.26,31.73,37.50,43.78,10.46,10.18,9.80,9.51,9.14,8.67,7.96,9.14,5,3
"Richards, Jereem (TTO) (1994)",07-Aug-24,0.144,NaN,6.02,10.69,15.43,20.46,25.82,31.42,37.32,43.78,10.71,10.55,9.94,9.33,8.93,8.47,7.74,9.14,9,4
"James, Kirani (GRN) (1992)",06-Aug-24,0.147,NaN,6.00,10.84,15.77,20.84,26.13,31.79,37.67,43.78,10.33,10.14,9.86,9.45,8.83,8.50,8.18,9.14,8,1
"Norman, Michael (USA) (1997)",27-Jul-19,NaN,NaN,NaN,NaN,21.1,NaN,32.2,NaN,43.8,NaN,NaN,NaN,9.48,NaN,9.01,NaN,8.62,NaN,NaN,NaN
"Hall, Quincy (USA) (1998)",12-Jul-24,0.185,NaN,6.26,11.14,16.09,21.19,26.59,32.15,37.83,43.80,10.25,10.10,9.80,9.26,8.99,8.80,8.38,9.13,5,1
"Samukonga, Muzala (ZAM) (2002)",06-Aug-24,0.162,NaN,6.06,10.77,15.72,20.88,26.26,31.91,37.76,43.81,10.62,10.10,9.69,9.29,8.85,8.55,8.26,9.13,5,2
"Gardiner, Steven (BAH) (1995)",05-Aug-21,0.179,NaN,6.33,11.15,15.96,21.00,26.30,31.83,37.62,43.85,7.90,10.37,10.40,9.92,9.43,9.04,8.64,8.03,7,1
"Patterson, Jacory (USA) (2000)",28-Aug-25,0.158,NaN,5.96,10.71,15.67,20.82,26.24,31.88,37.69,43.85,8.39,10.53,10.08,9.71,9.23,8.87,8.61,8.12,5,1
"Evans, Lee (USA) (1947)",18-Oct-68,NaN,NaN,NaN,10.7,NaN,21.1,NaN,32.2,NaN,43.8,NaN,9.35,NaN,9.62,NaN,9.01,NaN,8.62,6,1
"Lewis, Steve (USA) (1969)",28-Sep-88,0.181,NaN,NaN,11.26,NaN,21.41,NaN,32.13,NaN,43.87,NaN,8.88,NaN,9.85,NaN,9.33,NaN,8.52,6,1
"James, Kirani (GRN) (1992)",07-Aug-24,0.147,NaN,5.96,10.75,15.61,20.63,25.90,31.50,37.46,43.87,8.39,10.44,10.29,9.96,9.49,8.93,8.39,7.80,5,5
"Johnson, Michael (USA) (1967)",16-Aug-95,NaN,NaN,NaN,11.0,NaN,21.0,NaN,32.2,NaN,43.9,NaN,9.09,NaN,10.00,NaN,8.93,NaN,8.55,NaN,1
"James, Kirani (GRN) (1992)",02-Aug-21,0.160,NaN,NaN,NaN,NaN,21.0,NaN,31.9,NaN,43.88,NaN,NaN,NaN,9.52,NaN,9.17,NaN,8.35,5,1
"Gardiner, Steven (BAH) (1995)",06-Aug-17,0.186,NaN,NaN,10.74,NaN,20.59,NaN,31.47,37.43,43.70,NaN,9.31,NaN,10.15,NaN,9.19,8.39,7.97,5,1
"Patterson, Jacory (USA) (2000)",14-Sep-25,0.185,NaN,NaN,10.86,NaN,21.03,NaN,31.99,NaN,43.90,NaN,9.21,NaN,9.83,NaN,9.12,NaN,8.40,8,1
"Reynolds, Harry (Butch) (USA) (1964)",19-Jun-96,NaN,NaN,NaN,11.12,NaN,21.36,NaN,32.12,37.79,43.91,NaN,8.99,NaN,9.77,NaN,9.29,8.82,8.17,4,2
"Johnson, Michael (USA) (1967)",24-Jun-00,NaN,NaN,NaN,NaN,NaN,21.5,NaN,32.0,NaN,43.9,NaN,NaN,NaN,9.30,NaN,9.52,NaN,8.40,NaN,1
"Reynolds, Harry (Butch) (USA) (1964)",20-Jul-88,NaN,NaN,NaN,10.6,NaN,21.2,NaN,32.0,NaN,43.93,NaN,9.43,NaN,9.43,NaN,9.26,NaN,8.38,6,1
"Reynolds, Harry (Butch) (USA) (1964)",28-Sep-88,NaN,NaN,NaN,11.29,NaN,21.68,NaN,32.58,NaN,43.93,NaN,8.86,NaN,9.62,NaN,9.17,NaN,8.81,3,2
"Wariner, Jeremy (USA) (1984)",12-Aug-05,0.150,NaN,NaN,10.7,NaN,21.0,NaN,31.8,NaN,43.93,9.71,9.26,8.24,9.11,171.0,9.35,9.71,9.26,3,1
"James, Kirani (GRN) (1992)",06-Aug-12,0.163,NaN,11.1,21.3,32.0,43.9,43.94,5/1,NaN,NaN,9.35,8.40,9.10,157.7,9.01,9.80,9.35,8.40,NaN,NaN
"Bloomfield, Akeem (JAM) (1997)",08-Jun-18,NaN,NaN,NaN,NaN,20.9,31.8,43.9,43.94,/2,NaN,9.57,9.17,8.26,9.10,NaN,NaN,NaN,9.17,NaN,NaN
"Hall, Quincy (USA) (1998)",06-Aug-24,0.179,NaN,6.21,11.10,16.00,21.05,26.34,31.92,37.75,43.95,10.20,9.90,9.45,8.96,8.58,8.06,9.10,159.5,5,1
"Merritt, LaShawn (USA) (1986)",31-Aug-07,0.180,NaN,6.01,10.76,15.63,20.90,26.31,31.72,37.45,43.96,10.27,9.49,9.24,9.24,8.73,7.68,9.10,168.0,5,2
"Hudson-Smith, Matthew (GBR) (1994)",22-Aug-24,0.143,NaN,6.11,11.01,16.01,21.18,26.49,32.02,37.83,43.96,10.00,9.67,9.42,9.04,8.61,8.16,9.10,160.0,5,1
"James, Larry (USA) (1947)",18-Oct-68,NaN,NaN,NaN,NaN,21.5,32.6,43.9,43.97,2/2,NaN,9.30,9.01,8.85,9.10,NaN,NaN,NaN,9.01,NaN,NaN
"Merritt, LaShawn (USA) (1986)",03-Jul-16,0.210,NaN,10.9,21.2,32.1,44.0,43.97,5/1,NaN,NaN,NaN,9.71,NaN,9.17,NaN,8.40,9.10,NaN,NaN,NaN
"Everett, Danny (USA) (1966)",20-Jul-88,NaN,NaN,11.1,21.3,32.0,43.98,43.98,4/2,NaN,NaN,NaN,9.80,NaN,9.35,NaN,8.35,9.10,172.5,NaN,NaN
"van Niekerk, Wayde (RSA) (1992)",08-Aug-17,0.157,NaN,6.02,10.81,15.67,20.80,26.15,31.64,37.46,43.98,10.29,9.75,9.35,9.11,8.59,7.67,9.10,163.1,6,1
"Patterson, Jacory (USA) (2000)",03-May-25,0.200,NaN,NaN,11.19,NaN,21.55,NaN,32.38,NaN,43.98,NaN,9.65,NaN,9.23,NaN,8.62,9.10,NaN,8,1
"Samukonga, Muzala (ZAM) (2002)",30-Aug-24,0.183,NaN,6.10,10.83,15.90,21.22,26.74,32.39,38.12,43.99,9.86,9.40,9.06,8.85,8.73,8.52,9.09,173.0,4,1
"Wariner, Jeremy (USA) (1984)",23-Aug-04,0.268,NaN,NaN,NaN,21.5,32.2,44.0,44.00,4/1,NaN,9.30,9.35,8.47,9.09,169.7,NaN,NaN,9.35,NaN,NaN
"Merritt, LaShawn (USA) (1986)",03-Jul-08,NaN,NaN,NaN,10.98,15.58,21.45,26.75,32.32,37.95,44.00,10.87,8.52,9.43,8.98,8.88,8.26,9.09,NaN,6,1
"James, Kirani (GRN) (1992)",13-Aug-16,0.144,NaN,10.85,NaN,21.02,NaN,31.97,44.02,44.02,4/1,9.22,NaN,9.83,NaN,9.13,8.30,9.09,159.7,NaN,NaN
"Thebe, Baboloki (BOT) (1997)",06-Jul-17,NaN,NaN,10.9,NaN,21.1,NaN,32.0,44.02,44.02,3/2,9.17,NaN,9.80,NaN,9.17,8.32,9.09,173.7,NaN,NaN
"James, Kirani (GRN) (1992)",28-May-22,0.145,NaN,6.09,10.95,16.00,21.24,26.62,32.17,37.89,44.02,8.21,10.29,9.90,9.54,9.29,9.01,8.74,8.16,5,2
"Kerley, Fred (USA) (1995)",24-Jun-17,NaN,NaN,11.27,NaN,21.18,NaN,32.02,44.03,44.03,4/1,8.87,NaN,10.09,NaN,9.23,8.33,9.08,NaN,NaN,NaN
"McDonald, Rusheen (JAM) (1992)",16-Sep-25,0.207,NaN,NaN,11.07,NaN,21.29,NaN,32.25,NaN,44.04,9.03,NaN,9.78,NaN,9.12,NaN,8.48,9.08,7,2
"van Niekerk, Wayde (RSA) (1992)",16-Jul-23,0.241,NaN,6.11,11.00,16.01,21.21,26.68,32.28,37.95,44.08,8.18,10.22,9.98,9.62,9.14,8.93,8.82,8.16,5,1
"Everett, Danny (USA) (1966)",28-Sep-88,0.205,NaN,NaN,11.03,NaN,21.37,NaN,32.18,NaN,44.09,NaN,9.07,NaN,9.67,NaN,9.25,NaN,8.40,4,3
"Harrison, Alvin (USA) (1974)",19-Jun-96,NaN,NaN,NaN,11.44,NaN,21.77,NaN,32.24,37.80,44.09,NaN,8.74,NaN,9.68,NaN,9.55,8.99,7.95,6,3
"Young, Jerome (USA) (1976)",21-Jun-98,NaN,NaN,NaN,NaN,NaN,21.4,NaN,32.4,NaN,44.1,NaN,NaN,NaN,9.35,NaN,9.09,NaN,8.55,NaN,1
"Kikaya, Gary (COD) (1980)",09-Sep-06,0.163,NaN,NaN,11.07,NaN,21.22,NaN,32.24,NaN,44.10,NaN,9.03,NaN,9.85,NaN,9.07,NaN,8.43,4,2
"Kerley, Fred (USA) (1995)",09-Jun-17,NaN,NaN,NaN,NaN,NaN,21.4,NaN,32.1,NaN,44.1,NaN,NaN,NaN,9.35,NaN,9.35,NaN,8.33,4,1
"Norwood, Vernon (USA) (1992)",20-Jul-24,0.168,NaN,6.17,11.09,16.11,21.31,26.67,32.18,37.89,44.10,8.10,10.16,9.96,9.62,9.33,9.07,8.76,8.05,4,2
"Norman, Michael (USA) (1997)",04-Aug-24,0.161,NaN,6.11,11.16,16.17,21.37,26.66,32.18,37.97,44.10,8.18,9.90,9.98,9.62,9.45,9.06,8.64,8.16,6,1
"Hudson-Smith, Matthew (GBR) (1994)",05-Jul-25,0.158,NaN,6.08,10.88,15.97,21.16,26.54,32.06,37.80,44.10,8.22,10.42,9.82,9.63,9.29,9.06,8.71,7.94,6,1
"Lewis, Steve (USA) (1969)",18-Jul-88,NaN,NaN,NaN,NaN,NaN,20.8,NaN,NaN,NaN,44.11,NaN,NaN,NaN,9.62,NaN,NaN,NaN,8.58,NaN,1
"Makwala, Isaac (BOT) (1986)",24-Aug-15,0.212,NaN,5.98,10.79,15.68,20.83,26.19,31.63,37.51,44.11,8.36,10.40,10.22,9.71,9.33,9.19,8.50,7.58,9,1
"Santos, Luguelin (DOM) (1993)",26-Aug-15,0.188,NaN,6.36,11.23,16.23,21.32,26.56,32.05,37.89,44.11,7.86,10.27,10.00,9.82,9.54,9.11,8.56,8.04,7,4
"Johnson, Michael (USA) (1967)",05-Aug-97,0.167,NaN,6.01,10.99,16.19,21.47,26.75,32.15,37.81,43.95,8.32,10.04,9.62,9.47,9.47,9.26,8.83,8.14,4,1
"Merritt, LaShawn (USA) (1986)",24-Jun-12,0.264,NaN,NaN,NaN,NaN,21.8,NaN,32.4,NaN,44.12,NaN,NaN,NaN,9.17,NaN,9.43,NaN,8.53,6,1
"Richards, Jereem (TTO) (1994)",16-Sep-25,0.169,NaN,NaN,10.98,NaN,21.23,NaN,32.44,NaN,44.12,NaN,9.11,NaN,9.76,NaN,8.92,NaN,8.56,6,3
"Reynolds, Harry (Butch) (USA) (1964)",06-Jun-87,NaN,NaN,NaN,NaN,NaN,21.9,NaN,NaN,NaN,44.2,NaN,NaN,NaN,9.13,NaN,NaN,NaN,8.97,5,1
"Reynolds, Harry (Butch) (USA) (1964)",17-Aug-93,NaN,NaN,NaN,11.18,NaN,21.39,NaN,32.22,NaN,44.13,NaN,8.94,NaN,9.79,NaN,9.23,NaN,8.40,7,2
"Allen, Nathon (JAM) (1995)",08-Jun-18,NaN,NaN,NaN,NaN,NaN,21.1,NaN,31.9,NaN,44.1,NaN,NaN,NaN,9.48,NaN,9.26,NaN,8.20,NaN,3
"Gardiner, Steven (BAH) (1995)",02-Oct-19,0.154,NaN,6.09,10.98,15.91,21.09,26.40,32.00,37.88,44.13,8.21,10.22,10.14,9.65,9.42,8.93,8.50,8.00,6,1
"Ross, Randolph (USA) (2001)",10-Jun-22,NaN,NaN,NaN,NaN,NaN,21.0,NaN,31.9,NaN,44.1,NaN,NaN,NaN,9.52,NaN,9.17,NaN,8.20,NaN,1
"James, Kirani (GRN) (1992)",24-Aug-15,0.143,NaN,6.18,11.04,16.03,21.21,26.60,32.18,38.00,44.16,8.09,10.29,10.02,9.65,9.28,8.96,8.59,8.12,7,1
"Patterson, Jacory (USA) (2000)",02-Aug-25,NaN,NaN,NaN,11.05,NaN,21.32,NaN,32.38,NaN,44.16,NaN,9.05,NaN,9.74,NaN,9.04,NaN,8.49,5,1
"Kerley, Fred (USA) (1995)",04-Oct-19,0.144,NaN,6.03,10.87,15.78,20.87,26.16,31.79,37.74,44.17,8.29,10.33,10.18,9.82,9.45,8.88,8.40,7.78,5,3
"Ross, Randolph (USA) (2001)",25-Jun-22,NaN,NaN,NaN,10.94,NaN,21.29,NaN,32.29,NaN,44.17,NaN,9.14,NaN,9.66,NaN,9.09,NaN,8.42,NaN,NaN
"Hall, Quincy (USA) (1998)",24-Jun-24,NaN,NaN,NaN,11.25,NaN,21.52,NaN,32.59,NaN,44.17,NaN,8.89,NaN,9.74,NaN,9.03,NaN,8.64,8,1
"Bailey, Chris (USA) (2000)",03-May-25,0.158,NaN,6.29,11.39,16.61,21.92,27.16,32.60,38.22,44.17,7.95,9.80,9.58,9.42,9.54,9.19,8.90,8.40,7,1
"Richards, Jereem (TTO) (1994)",20-Jul-24,0.182,NaN,6.12,10.91,15.87,21.08,26.48,32.02,37.82,44.18,8.17,10.44,10.08,9.60,9.26,9.03,8.62,7.86,8,3
"Allen, Nathon (JAM) (1995)",06-Aug-17,0.161,NaN,NaN,10.84,NaN,20.85,NaN,31.83,37.66,44.04,NaN,9.23,NaN,9.99,NaN,9.11,8.58,7.84,6,2
"James, Kirani (GRN) (1992)",05-Aug-21,0.157,NaN,6.01,10.74,15.63,20.72,26.07,31.78,37.80,44.19,8.32,10.57,10.22,9.82,9.35,8.76,8.31,7.82,4,3
"Patterson, Jacory (USA) (2000)",16-Sep-25,0.174,NaN,NaN,10.83,NaN,21.07,NaN,32.32,NaN,44.19,NaN,9.23,NaN,9.77,NaN,8.89,NaN,8.42,5,4
"Wariner, Jeremy (USA) (1984)",25-Jun-05,NaN,NaN,NaN,11.45,16.53,21.72,27.13,32.42,38.12,44.20,NaN,8.73,9.84,9.63,9.24,9.45,8.77,8.22,5,1
"Wariner, Jeremy (USA) (1984)",03-Jul-08,NaN,NaN,NaN,11.06,15.78,21.67,27.01,32.51,38.02,44.20,NaN,9.04,10.59,8.49,9.36,9.09,9.07,8.09,5,2
"Ndori, Bayapo (BOT) (1999)",18-Sep-25,0.144,NaN,10.84,21.05,31.91,44.20,44.20,8 / 3,NaN,NaN,9.23,9.79,9.21,8.14,9.05,175.0,9.23,9.79,NaN,NaN
"Lewis, Steve (USA) (1969)",05-Aug-92,NaN,NaN,NaN,21.1,31.8,44.3,44.21,7 / 2,NaN,NaN,NaN,9.48,9.35,8.00,9.05,NaN,NaN,NaN,NaN,NaN
"Merritt, LaShawn (USA) (1986)",22-Jun-13,0.278,NaN,NaN,NaN,32.3,44.2,44.21,/ 1,NaN,NaN,NaN,NaN,9.29,8.40,9.05,NaN,NaN,NaN,NaN,NaN
"Merritt, LaShawn (USA) (1986)",13-Aug-16,0.271,NaN,11.18,21.42,32.28,44.21,44.21,6 / 2,NaN,NaN,8.94,9.77,9.21,8.38,9.05,171.7,8.94,9.77,NaN,NaN
"Cherry, Michael (USA) (1995)",05-Aug-21,0.179,NaN,6.03,10.92,16.02,21.23,26.59,32.18,37.97,44.21,8.29,10.22,9.80,9.60,9.33,8.94,8.64,8.01,6,4
"Gardiner, Steven (BAH) (1995)",16-Jun-22,0.160,NaN,6.25,11.17,16.19,21.33,26.55,32.07,37.94,44.21,8.00,10.16,9.96,9.73,9.58,9.06,8.52,7.97,5,1
"Benjamin, Rai (USA) (1997)",08-Apr-23,NaN,NaN,NaN,NaN,21.1,NaN,NaN,44.21,44.21,/ 1,NaN,NaN,9.48,NaN,NaN,8.65,9.05,NaN,NaN,NaN
"Ndori, Bayapo (BOT) (1999)",16-Sep-25,0.147,NaN,10.81,20.90,31.98,44.21,44.21,5 / 1,NaN,NaN,9.25,9.91,9.03,8.18,9.05,174.0,9.25,9.91,NaN,NaN
"Roberts, Gil (USA) (1989)",24-Jun-17,NaN,NaN,10.98,20.86,31.92,44.22,44.22,6 / 2,NaN,NaN,9.11,10.12,9.04,8.13,9.05,NaN,9.11,10.12,NaN,NaN
"van Niekerk, Wayde (RSA) (1992)",06-Aug-17,0.168,NaN,10.74,20.82,29.20,34.97,44.05,44.22,6 / 1,NaN,9.31,9.92,11.93,8.67,5.51,9.05,163.0,9.31,NaN,NaN
"Deadmon, Bryce (USA) (1997)",08-Jul-23,0.188,NaN,11.06,21.25,32.44,44.22,44.22,7 / 1,NaN,NaN,9.04,9.81,8.94,8.49,9.05,NaN,9.04,9.81,NaN,NaN
"Watson, Antonio (JAM) (2001)",24-Aug-23,0.165,NaN,6.26,11.18,16.15,21.28,26.63,32.23,38.03,44.22,7.99,10.16,10.06,9.75,9.35,8.93,8.62,8.08,7,1
"Kebinatshipi, Collen (BOT) (2004)",22-Aug-24,0.151,NaN,6.04,10.85,15.86,21.10,26.56,32.22,38.01,44.22,8.28,10.40,9.98,9.54,9.16,8.83,8.64,8.05,3,3
"Montgomery, Kahmari (USA) (1997)",07-Jun-19,0.165,NaN,NaN,NaN,21.7,NaN,32.5,NaN,44.2,44.23,NaN,NaN,9.22,NaN,9.26,NaN,8.55,9.04,NaN,1
"James, Kirani (GRN) (1992)",02-Oct-19,0.119,NaN,6.02,10.89,15.84,21.02,26.40,32.02,37.93,44.23,8.31,10.27,10.10,9.65,9.29,8.90,8.46,7.94,5,2
"Deadmon, Bryce (USA) (1997)",19-Jul-24,NaN,NaN,NaN,11.3,NaN,NaN,NaN,NaN,44.3,44.23,NaN,8.85,NaN,NaN,NaN,NaN,9.09,9.04,NaN,2
"Dobson, Charles (GBR) (1999)",20-Jul-24,0.142,NaN,6.10,11.14,16.33,21.65,27.05,32.60,38.30,44.23,8.20,9.92,9.63,9.40,9.26,9.01,8.77,8.43,3,4
"Nene, Zakhiti (RSA) (1998)",06-Jun-25,0.140,NaN,5.92,10.84,15.98,21.34,26.77,32.34,37.98,44.23,8.45,10.16,9.73,9.33,9.21,8.98,8.87,8.00,7,2
"James, Larry (USA) (1947)",14-Sep-68,NaN,NaN,NaN,NaN,NaN,21.2,NaN,NaN,44.1,44.1,NaN,NaN,NaN,9.43,NaN,NaN,8.73,9.07,3,2
"Collett, Wayne (USA) (1949)",09-Jul-72,NaN,NaN,NaN,NaN,NaN,21.2,NaN,NaN,44.1,44.1,NaN,NaN,NaN,9.43,NaN,NaN,8.73,9.07,8,1
"Kitur, Samson (KEN) (1966)",05-Aug-92,NaN,NaN,NaN,NaN,NaN,21.5,NaN,32.3,NaN,44.3,NaN,NaN,NaN,9.30,NaN,9.26,NaN,8.33,5,3
"Morris, Ian (TTO) (1961)",05-Aug-92,NaN,NaN,NaN,NaN,NaN,21.7,NaN,32.5,NaN,44.3,NaN,NaN,NaN,9.22,NaN,9.26,NaN,8.47,6,4
"Young, Jerome (USA) (1976)",26-Jun-99,NaN,NaN,NaN,NaN,NaN,21.8,NaN,NaN,44.2,44.24,NaN,NaN,NaN,9.17,NaN,NaN,8.93,9.04,NaN,1
"Sibanda, Karabo (BOT) (1998)",14-Aug-16,0.164,NaN,6.25,11.22,16.35,21.67,27.11,32.62,38.25,44.25,8.00,10.06,9.75,9.40,9.19,9.07,8.88,8.33,1,5
"Stewart, Trevor (USA) (1997)",07-Jun-19,0.226,NaN,NaN,NaN,NaN,21.4,NaN,32.2,NaN,44.2,NaN,NaN,NaN,9.35,NaN,9.26,NaN,8.33,NaN,2
"Kerley, Fred (USA) (1995)",02-Oct-19,0.152,NaN,6.06,10.83,15.73,20.81,26.16,31.81,37.77,44.25,8.25,10.48,10.20,9.84,9.35,8.85,8.39,7.72,4,1
"McRae, Khaleb (USA) (2000)",14-Sep-25,0.190,NaN,NaN,NaN,NaN,21.58,NaN,32.49,NaN,44.25,NaN,NaN,NaN,9.64,NaN,9.17,NaN,8.50,8,1
"Egbunike, Innocent (NGR) (1961)",01-Sep-87,NaN,NaN,10.87,NaN,20.97,NaN,32.10,NaN,44.26,44.26,9.20,NaN,9.90,NaN,8.98,NaN,8.22,9.04,4,1
"Santos, Luguelin (DOM) (1993)",24-Aug-15,0.175,NaN,6.31,11.37,16.48,21.65,26.93,32.38,38.12,44.26,7.92,9.88,9.78,9.67,9.47,9.17,8.71,8.14,6,2
"Norman, Michael (USA) (1997)",06-Sep-19,0.155,NaN,6.0,10.8,15.7,21.0,26.4,32.1,38.1,44.26,8.33,10.42,10.20,9.43,9.26,8.77,8.33,8.12,5,1
"James, Kirani (GRN) (1992)",08-Sep-22,0.169,NaN,6.15,10.97,15.93,21.01,26.28,31.90,37.90,44.26,8.13,10.37,10.08,9.84,9.49,8.90,8.33,7.86,4,1
"Norwood, Vernon (USA) (1992)",22-Aug-23,0.181,NaN,6.11,11.12,16.22,21.45,26.85,32.43,38.15,44.26,8.18,9.98,9.80,9.56,9.26,8.96,8.74,8.18,7,2
"Hudson-Smith, Matthew (GBR) (1994)",22-Aug-23,0.167,NaN,6.04,10.92,15.87,21.02,26.38,31.98,37.86,44.26,8.28,10.25,10.10,9.71,9.33,8.93,8.50,7.81,7,1
"Norman, Michael (USA) (1997)",06-Aug-24,0.146,NaN,6.07,11.01,15.96,21.14,26.54,32.16,38.01,44.26,8.24,10.12,10.10,9.65,9.26,8.90,8.55,8.00,6,2
"Babers, Alonzo (USA) (1961)",08-Aug-84,0.175,NaN,NaN,NaN,NaN,21.7,NaN,32.5,NaN,44.3,NaN,NaN,NaN,9.22,NaN,9.26,NaN,8.47,4,1
"Haroun, Abdalelah (QAT) (1997)",05-Jul-15,NaN,NaN,NaN,11.3,NaN,21.4,NaN,32.2,NaN,44.27,NaN,8.85,NaN,9.90,NaN,9.26,NaN,8.29,NaN,2
"Norman, Michael (USA) (1997)",28-May-21,0.165,NaN,6.0,10.8,15.9,21.2,26.6,32.3,38.1,44.27,8.33,10.42,9.80,9.43,9.26,8.77,8.62,8.10,5,1
"Hudson-Smith, Matthew (GBR) (1994)",19-Jul-25,0.145,NaN,6.04,10.99,15.91,21.03,26.35,31.91,37.77,44.27,8.28,10.10,10.16,9.77,9.40,8.99,8.53,7.69,5,2
"Hall, Quincy (USA) (1998)",04-Aug-24,0.209,NaN,6.30,11.20,16.14,21.29,26.66,32.26,38.07,44.28,7.94,10.20,10.12,9.71,9.31,8.93,8.61,8.05,7,1
"Strother, Nathan (USA) (1995)",27-Jul-19,NaN,NaN,NaN,NaN,NaN,21.8,NaN,32.6,NaN,44.3,NaN,NaN,NaN,9.17,NaN,9.26,NaN,8.55,NaN,3
"Norman, Michael (USA) (1997)",22-Jul-22,0.140,NaN,NaN,10.83,NaN,21.12,NaN,32.04,NaN,44.29,NaN,9.23,NaN,9.72,NaN,9.16,NaN,8.16,4,1
"Nene, Zakhiti (RSA) (1998)",19-Jul-25,0.142,NaN,5.97,10.94,16.00,21.23,26.56,32.10,37.80,44.29,8.38,10.06,9.88,9.56,9.38,9.03,8.77,7.70,6,3
"Smith, LaMont (USA) (1972)",19-Jun-96,NaN,NaN,NaN,11.08,NaN,21.38,NaN,32.18,37.92,44.30,NaN,9.03,NaN,9.71,NaN,9.26,8.71,7.84,3,4
"Makwala, Isaac (BOT) (1986)",06-Aug-17,0.248,NaN,NaN,10.66,NaN,20.60,NaN,31.39,37.37,44.05,NaN,9.38,NaN,10.06,NaN,9.27,8.36,7.49,5,1
"Norman, Michael (USA) (1997)",20-Jul-22,0.127,NaN,NaN,10.85,NaN,21.16,NaN,32.19,NaN,44.30,NaN,9.22,NaN,9.70,NaN,9.07,NaN,8.26,6,1
"James, Kirani (GRN) (1992)",16-Sep-23,0.160,NaN,6.24,11.36,16.57,21.82,27.03,32.47,38.15,44.30,8.01,9.77,9.60,9.52,9.60,9.19,8.80,8.13,6,1
"James, Kirani (GRN) (1992)",30-Aug-24,0.161,NaN,6.11,11.09,16.30,21.61,27.01,32.53,38.24,44.30,8.18,10.04,9.60,9.42,9.26,9.06,8.76,8.25,5,2
"Johnson, Michael (USA) (1967)",13-Aug-97,NaN,NaN,NaN,NaN,NaN,21.5,NaN,NaN,NaN,44.3,NaN,NaN,NaN,9.30,NaN,NaN,NaN,8.77,NaN,1
"Cárdenas, Alejandro (MEX) (1974)",26-Aug-99,0.133,NaN,6.00,10.99,16.01,21.19,26.58,32.11,37.97,44.31,8.33,10.02,9.96,9.65,9.28,9.04,8.53,7.89,4,3
"van Niekerk, Wayde (RSA) (1992)",24-Aug-15,0.155,NaN,6.04,10.89,15.97,21.36,26.93,32.38,38.15,44.31,8.28,10.31,9.84,9.28,8.98,9.17,8.67,8.12,7,1
"Benjamin, Rai (USA) (1997)",20-Apr-19,NaN,NaN,NaN,NaN,NaN,21.1,NaN,NaN,NaN,44.3,NaN,NaN,NaN,2.37,NaN,NaN,NaN,1.13,4,2
"Richards, Jereem (TTO) (1994)",04-Aug-24,0.188,NaN,6.15,11.01,15.94,21.05,26.43,32.07,37.95,44.31,8.13,10.29,10.14,9.78,9.29,8.87,8.50,7.86,9,2
"Bailey, Chris (USA) (2000)",06-Aug-24,0.162,NaN,6.19,11.09,16.06,21.21,26.50,32.07,37.98,44.31,8.08,10.20,10.06,9.71,9.45,8.98,8.46,7.90,6,3
"Patterson, Jacory (USA) (2000)",05-Jul-25,0.151,NaN,6.02,11.07,16.29,21.62,27.02,32.56,38.22,44.31,8.31,9.90,9.58,9.38,9.26,9.03,8.83,8.21,8,3
"Taylor, Angelo (USA) (1978)",31-Aug-07,0.173,NaN,6.06,10.93,15.78,20.94,26.38,31.90,37.90,44.32,8.25,10.27,10.31,9.69,9.19,9.06,8.33,7.79,4,3
"Ndori, Bayapo (BOT) (1999)",03-May-25,0.163,NaN,6.08,11.00,16.15,21.40,26.81,32.43,38.19,44.32,8.22,10.16,9.71,9.52,9.24,8.90,8.68,8.16,5,2
"Richards, Jereem (TTO) (1994)",03-May-25,0.190,NaN,NaN,10.94,NaN,21.17,NaN,32.31,NaN,44.32,NaN,9.14,NaN,9.78,NaN,8.98,NaN,8.33,7,2
"Schönlebe, Thomas (GDR) (1965)",03-Sep-87,NaN,NaN,NaN,11.11,NaN,21.40,NaN,32.44,NaN,44.33,NaN,NaN,NaN,9.00,NaN,9.72,NaN,8.41,8,1
"Reynolds, Harry (Butch) (USA) (1964)",26-Sep-88,0.175,NaN,NaN,11.39,NaN,21.80,NaN,32.78,NaN,44.33,NaN,NaN,NaN,8.78,NaN,9.61,NaN,8.66,6,1
"Reynolds, Harry (Butch) (USA) (1964)",18-May-96,NaN,NaN,NaN,NaN,NaN,21.7,NaN,32.4,NaN,44.3,NaN,NaN,NaN,NaN,NaN,NaN,NaN,9.35,4,1
"Washington, Tyree (USA) (1976)",21-Jun-03,NaN,NaN,NaN,NaN,NaN,21.66,NaN,32.63,38.27,44.33,NaN,NaN,NaN,NaN,NaN,NaN,NaN,9.12,5,1
"Roberts, Gil (USA) (1989)",24-Jun-17,NaN,NaN,NaN,11.24,NaN,21.52,NaN,32.40,NaN,44.33,NaN,NaN,NaN,8.90,NaN,9.73,NaN,8.38,NaN,2
"Thebe, Baboloki (BOT) (1997)",06-Aug-17,0.178,NaN,NaN,10.85,NaN,21.02,NaN,31.82,37.68,44.15,NaN,NaN,NaN,9.22,NaN,9.83,NaN,7.73,5,2
"Richards, Jereem (TTO) (1994)",06-Aug-24,0.153,NaN,NaN,6.03,10.85,15.86,21.08,26.56,32.22,38.09,NaN,NaN,NaN,8.29,10.37,9.98,9.12,8.83,7,2
"Merritt, LaShawn (USA) (1986)",24-Aug-15,0.187,NaN,6.17,11.02,16.05,21.37,26.92,32.44,38.22,44.34,8.10,10.31,9.94,9.40,9.01,9.06,8.65,8.17,6,2
"Godwin, Elija (USA) (1999)",25-Jun-22,NaN,NaN,NaN,10.83,NaN,21.33,NaN,32.31,NaN,44.34,NaN,9.23,NaN,9.52,NaN,9.11,NaN,8.31,NaN,4-3
"Norwood, Vernon (USA) (1992)",12-Jul-24,0.174,NaN,6.13,10.96,15.98,21.21,26.69,32.36,38.13,44.34,8.16,10.35,9.96,9.56,9.12,8.82,8.67,8.05,7,2
"Norwood, Vernon (USA) (1992)",19-Jul-25,0.152,NaN,6.05,10.93,15.90,21.03,26.33,31.87,37.74,44.34,8.26,10.25,10.06,9.75,9.43,9.03,8.52,7.58,8,4
"Deadmon, Bryce (USA) (1997)",01-Aug-25,NaN,NaN,NaN,10.72,NaN,20.73,NaN,31.93,NaN,44.34,NaN,9.33,NaN,9.99,NaN,8.93,NaN,8.06,9,1
"Nene, Zakhti (RSA) (1998)",14-Sep-25,0.156,NaN,NaN,10.89,NaN,21.29,NaN,32.42,NaN,44.34,NaN,9.18,NaN,9.62,NaN,8.98,NaN,8.39,7,1
"Lewis, Steve (USA) (1969)",26-Sep-88,0.199,NaN,NaN,11.16,NaN,21.54,NaN,32.53,NaN,44.35,NaN,8.96,NaN,9.63,NaN,9.10,NaN,8.46,3,1
"Rock, Andrew (USA) (1982)",12-Aug-05,NaN,NaN,NaN,NaN,NaN,NaN,NaN,32.4,NaN,44.4,NaN,NaN,NaN,NaN,NaN,9.26,NaN,8.33,7,2
"Hudson-Smith, Matthew (GBR) (1994)",28-May-22,0.138,NaN,6.08,11.00,16.16,21.46,26.80,32.19,38.05,44.35,8.22,10.16,9.69,9.43,9.36,9.28,8.53,7.94,8,3
"Norwood, Vernon (USA) (1992)",25-Jun-22,NaN,NaN,NaN,11.01,NaN,21.46,NaN,32.44,NaN,44.35,NaN,9.08,NaN,9.57,NaN,9.11,NaN,8.40,NaN,5-4
"Everett, Danny (USA) (1966)",26-Sep-88,NaN,NaN,NaN,11.43,NaN,22.03,NaN,32.87,NaN,44.36,NaN,8.75,NaN,9.43,NaN,9.23,NaN,8.70,5,2
"Young, Jerome (USA) (1976)",26-Aug-99,0.171,NaN,6.15,11.16,16.16,21.33,26.59,31.95,37.77,44.36,8.13,9.98,10.00,9.67,9.51,9.33,8.59,7.59,6,4
"Abbas, Ali Khamis (BRN) (1995)",14-Aug-16,0.148,NaN,6.17,11.05,16.08,21.29,26.62,32.15,38.02,44.36,8.10,10.25,9.94,9.60,9.38,9.04,8.52,7.89,2,6
"van Niekerk, Wayde (RSA) (1992)",23-Jul-23,0.167,NaN,6.06,10.91,15.93,21.15,26.70,32.30,38.06,44.36,8.25,10.31,9.96,9.58,9.01,8.93,8.68,7.94,5,1
"James, Kirani (GRN) (1992)",02-Sep-23 time,0.161 interval velocity,NaN,11.20,16.40,21.60,27.00,32.60,38.40,44.38,44.38,9.26,8.93,8.62,8.36,9.01,158.7,8.93,9.62,4,1
"Hall, Quincy (USA) (1998)",02-Sep-23 time,0.173 interval velocity,NaN,11.30,16.40,21.70,27.10,32.70,38.40,44.38,44.38,9.26,8.93,8.77,8.36,9.01,159.5,8.85,9.62,5,2
"Dobson, Charles (GBR) (1999)",10-Jun-24 time,0.121 interval velocity,NaN,21.52,32.38,44.38,44.38,6/2,NaN,NaN,NaN,9.01,165.2,8.98,9.62,9.21,8.33,9.29,8.75,NaN,NaN
"James, Kirani (GRN) (1992)",20-Jul-24 time,0.156 interval velocity,NaN,11.03,16.08,21.28,26.61,32.18,38.05,44.38,44.38,9.38,8.98,8.52,7.90,9.01,159.2,9.07,9.76,7,5
"McDonald, Rusheen (JAM) (1992)",14-Sep-25 time,0.210 interval velocity,NaN,21.38,32.34,44.38,44.38,4/2,NaN,NaN,NaN,9.01,182.0,8.96,9.78,9.12,8.31,9.35,8.70,NaN,NaN
"Maybank, Anthuan (USA) (1969)",19-Jun-96 time,NaN,NaN,21.27,32.22,38.10,44.39,44.39,8/4,NaN,NaN,7.95,9.01,NaN,9.07,9.76,9.13,8.22,9.40,NaN,NaN
"Washington, Tyree (USA) (1976)",05-Aug-97 time,0.161 interval velocity,NaN,11.07,16.17,21.47,26.93,32.33,38.13,44.23,44.39,9.16,9.26,8.62,8.20,9.01,NaN,9.03,9.62,3,3
"van Niekerk, Wayde (RSA) (1992)",08-Sep-22 time,0.185 interval velocity,NaN,10.98,16.01,21.31,26.88,32.55,38.30,44.39,44.39,8.98,8.82,8.70,9.21,9.01,162.7,9.11,9.68,5,1
"Norwood, Vernon (USA) (1992)",08-Jul-23 time,0.229 interval velocity,NaN,21.61,32.56,44.39,44.39,5/2,NaN,NaN,NaN,9.01,NaN,8.88,9.66,9.13,8.45,9.25,8.78,NaN,NaN
"Ingvalsen, Håvard Bentdal (NOR) (20)",20-Aug-23 time,0.218 interval velocity,NaN,21.46,32.39,44.39,44.39,8/1,NaN,NaN,NaN,9.01,177.2,8.80,9.91,9.15,8.33,9.32,8.72,NaN,NaN
"Norwood, Vernon (USA) (1992)",24-Aug-23 time,0.163 interval velocity,NaN,11.01,16.10,21.33,26.72,32.30,38.12,44.39,44.39,9.28,8.96,8.59,7.97,9.01,175.0,9.08,9.69,8,4
"Newhouse, Fred (USA) (1948)",29-Jul-76 time,NaN,NaN,NaN,NaN,NaN,NaN,NaN,NaN,NaN,NaN,NaN,NaN,NaN,NaN,NaN,NaN,NaN,NaN,NaN,NaN
"Al-Masrahi, Youssef (KSA) (1987)",24-Aug-15,0.144,NaN,6.15,11.09,16.17,21.44,26.82,32.35,38.19,44.40,8.13,10.12,9.84,9.49,9.29,9.04,8.56,8.05,7,2
"Norwood, Vernon (USA) (1992)",27-Jul-19,NaN,NaN,NaN,NaN,NaN,21.6,NaN,32.3,NaN,44.4,NaN,NaN,NaN,9.26,NaN,9.35,NaN,8.26,NaN,4
"Bloomfield, Akeem (JAM) (1997)",21-Jul-19,0.184,NaN,NaN,11.1,NaN,21.0,NaN,32.1,NaN,44.40,NaN,9.01,NaN,10.10,NaN,9.01,NaN,8.13,5,1
"Deadmon, Bryce (USA) (1997)",23-Jul-23,0.160,NaN,6.03,10.97,15.97,21.15,26.70,32.40,38.17,44.40,8.29,10.12,10.00,9.65,9.01,8.77,8.67,8.03,4,2
"Ndori, Bayapo (BOT) (1999)",28-Aug-25,0.163,NaN,6.08,10.96,15.99,21.19,26.57,32.20,38.12,44.40,8.22,10.25,9.94,9.62,9.29,8.88,8.45,7.96,7,2
"Freeman, Ron (USA) (1947)",18-Oct-68,NaN,NaN,NaN,NaN,NaN,21.6,NaN,33.0,NaN,44.4,NaN,NaN,NaN,9.26,NaN,8.77,NaN,8.77,1,3
"Black, Roger (GBR) (1966)",29-Jul-96,0.205,NaN,NaN,NaN,NaN,21.36,NaN,32.3,NaN,44.41,NaN,NaN,NaN,9.36,NaN,9.14,NaN,8.26,3,2
"Gardiner, Steven (BAH) (1995)",08-Aug-17,0.188,NaN,6.15,11.06,15.98,21.05,26.38,31.99,37.94,44.41,8.13,10.18,10.16,9.86,9.38,8.91,8.40,7.73,4,2
"Cedenio, Machel (TTO) (1995)",02-Oct-19,0.239,NaN,6.05,10.84,15.76,20.98,26.45,32.17,38.07,44.41,8.26,10.44,10.16,9.58,9.14,8.74,8.47,7.89,7,1
"Cherry, Michael (USA) (1995)",09-Sep-21,0.179,NaN,6.0,10.8,15.9,21.1,26.5,32.1,38.0,44.41,8.33,10.42,9.80,9.62,9.26,8.93,8.47,7.80,4,1
"Hall, Quincy (USA) (1998)",08-Jul-23,0.224,NaN,NaN,11.45,NaN,21.79,NaN,32.64,NaN,44.41,NaN,8.73,NaN,9.67,NaN,9.22,NaN,8.50,4,3
"Norman, Michael (USA) (1997)",24-Jun-24,NaN,NaN,NaN,10.82,NaN,20.90,NaN,32.15,NaN,44.41,NaN,9.24,NaN,9.92,NaN,8.89,NaN,8.16,5,2
"Ogazi, Samuel (NGR) (2006)",06-Aug-24,0.195,NaN,6.20,10.99,15.90,21.09,26.62,32.29,38.16,44.41,8.06,10.44,10.18,9.63,9.04,8.82,8.52,8.00,5,3
"Brew, Derrick (USA) (1977)",23-Aug-04,0.262,NaN,NaN,NaN,21.5,NaN,32.4,NaN,44.4,44.42,NaN,NaN,9.30,NaN,9.17,NaN,8.33,9.00,3,3
"James, Kirani (GRN) (1992)",09-Sep-21,0.154,NaN,6.1,10.8,15.8,20.9,26.4,32.1,38.1,44.42,8.20,10.64,10.00,9.80,9.09,8.77,8.33,7.91,5,2
"Hall, Quincy (USA) (1998)",23-Jun-24,NaN,NaN,NaN,11.30,NaN,21.61,NaN,32.74,NaN,44.42,NaN,8.85,NaN,9.70,NaN,8.98,NaN,8.56,6,1
"Bailey, Chris (USA) (2000)",24-Jun-24,NaN,NaN,NaN,11.34,NaN,21.83,NaN,32.70,NaN,44.42,NaN,8.82,NaN,9.53,NaN,9.20,NaN,8.53,9,3
"Harrison, Alvin (USA) (1974)",17-Jun-96,NaN,NaN,NaN,11.39,NaN,21.82,NaN,32.74,38.34,44.43,NaN,8.78,NaN,9.59,NaN,9.16,8.93,8.21,3,1
"Kamoga, Davis (UGA) (1968)",13-Aug-97,NaN,NaN,NaN,NaN,NaN,21.7,NaN,NaN,NaN,44.4,NaN,NaN,NaN,9.22,NaN,NaN,NaN,8.81,NaN,3
"Borlée, Jonathan (BEL) (1988)",04-Aug-12,0.179,NaN,NaN,NaN,NaN,21.20,NaN,NaN,NaN,44.43,NaN,NaN,NaN,9.43,NaN,NaN,NaN,8.61,6,1
"Dedewo, Paul (USA) (1991)",21-Jul-18,0.159,NaN,NaN,11.2,NaN,21.3,NaN,32.3,NaN,44.43,NaN,8.93,NaN,9.90,NaN,9.09,NaN,8.24,6,2
"Hall, Quincy (USA) (1998)",22-Aug-23,0.176,NaN,6.22,11.22,16.28,21.51,26.86,32.44,38.22,44.43,8.04,10.00,9.88,9.56,9.35,8.96,8.65,8.05,7,1
"Kebinatshipi, Collen (BOT) (2004)",06-Aug-24,0.154,NaN,6.12,11.16,16.38,21.70,27.08,32.75,38.53,44.43,8.17,9.92,9.58,9.40,9.29,8.82,8.65,8.47,4,3
"Ndori, Bayapo (BOT) (1999)",06-Aug-24,0.159,NaN,6.09,10.99,16.02,21.19,26.55,32.20,38.13,44.43,8.21,10.20,9.94,9.67,9.33,8.85,8.43,7.94,7,4
"Bailey, Chris (USA) (2000)",02-Aug-25,NaN,NaN,NaN,11.27,NaN,21.92,NaN,32.81,NaN,44.43,NaN,8.87,NaN,9.39,NaN,9.18,NaN,8.61,9,2
"Smith, John (USA) (1950)",09-Jul-72,NaN,NaN,NaN,NaN,NaN,21.2,NaN,NaN,NaN,44.3,NaN,NaN,NaN,9.43,NaN,NaN,NaN,8.66,3,2
"Christopher, Tyler (CAN) (1983)",12-Aug-05,NaN,NaN,NaN,NaN,NaN,NaN,NaN,32.2,NaN,44.4,NaN,NaN,NaN,NaN,NaN,9.32,NaN,8.20,4,3
"Deadmon, Bryce (USA) (1997)",23-Jun-24,NaN,NaN,NaN,10.85,NaN,21.10,NaN,32.41,NaN,44.44,NaN,9.22,NaN,9.76,NaN,8.84,NaN,8.31,5,1
"Nakajima, Yuki Joseph (JPN) (2002)",14-Sep-25,0.175,NaN,NaN,11.20,NaN,21.52,NaN,32.69,NaN,44.44,NaN,8.93,NaN,9.69,NaN,8.95,NaN,8.51,4,2
"Eppie, Lee (BOT) (1999)",14-Sep-25,0.169,NaN,NaN,11.29,NaN,21.81,NaN,32.82,NaN,44.44,NaN,8.86,NaN,9.51,NaN,9.08,NaN,8.61,6,2
"Rock, Andrew (USA) (1982)",24-Jun-06,NaN,NaN,NaN,11.34,NaN,21.62,NaN,32.48,NaN,44.45,NaN,8.82,NaN,9.73,NaN,9.21,NaN,8.35,5,1
"Brown, Chris (BAH) (1978)",31-Aug-07,0.168,NaN,5.93,10.66,15.53,20.74,26.14,31.81,37.88,44.45,8.43,10.57,10.27,9.60,9.26,8.82,8.24,7.61,NaN,NaN
"van Niekerk, Wayde (RSA) (1992)",13-Aug-16,0.156,NaN,NaN,10.88,NaN,21.09,NaN,32.36,NaN,44.45,NaN,9.19,NaN,9.79,NaN,8.87,NaN,8.27,3,2
"Taplin, Bralon (GRN) (1992)",14-Aug-16,0.181,NaN,6.16,11.08,16.07,21.15,26.44,31.99,37.87,44.45,8.12,10.16,10.02,9.84,9.45,9.01,8.50,7.60,NaN,NaN
"Kebinatshipi, Collen (BOT) (2004)",04-Aug-24,0.155,NaN,6.09,11.04,16.15,21.51,27.00,32.69,38.46,44.45,8.21,10.10,9.78,9.33,9.11,8.79,8.67,8.35,2,3
"McRae, Khaleb (USA) (2000)",05-Jul-25,0.149,NaN,6.39,10.84,15.84,21.00,26.45,32.06,37.95,44.45,7.82,11.24,10.00,9.69,9.17,8.91,8.49,7.69,5,4
"Smith, Demarius (USA) (1998)",01-Aug-25,NaN,NaN,NaN,11.03,NaN,21.23,NaN,32.10,NaN,44.45,NaN,9.07,NaN,9.80,NaN,9.20,NaN,8.10,8,2
"McRae, Khaleb (USA) (2000)",02-Aug-25,NaN,NaN,NaN,11.18,NaN,21.67,NaN,32.78,NaN,44.45,NaN,8.94,NaN,9.53,NaN,9.00,NaN,8.57,2,3
"Norwood, Vernon (USA) (1992)",28-Aug-25,0.200,NaN,6.20,11.07,16.10,21.28,26.65,32.23,38.09,44.45,8.06,10.27,9.94,9.65,9.31,8.96,8.53,7.86,4,3
"Scotti, Edoardo (ITA) (2000)",14-Sep-25,0.206,NaN,NaN,11.00,NaN,21.04,NaN,32.15,NaN,44.45,NaN,9.09,NaN,9.96,NaN,9.00,NaN,8.13,9,3
"Santos, Luguelin (DOM) (1993)",06-Aug-12,0.185,NaN,NaN,11.1,NaN,21.4,NaN,44.5,44.46,7/2,NaN,9.01,NaN,9.71,NaN,8.13,9.00,186.5,NaN,NaN
"Al-Masrahi, Youssef (KSA) (1987)",28-Sep-14,0.166,NaN,6.15,11.01,16.08,21.22,26.64,32.37,38.16,44.46,8.13,10.29,9.86,9.73,9.23,8.73,8.64,7.94,NaN,1
"Kerley, Fred (USA) (1995)",06-Sep-19,0.147,NaN,6.1,10.8,15.8,20.8,26.3,32.0,38.0,44.46,8.20,10.64,10.00,10.00,9.09,8.77,8.33,8.03,7,2
"Norwood, Vernon (USA) (1992)",23-Jul-23,0.161,NaN,6.11,11.04,16.11,21.31,26.72,32.35,38.15,44.46,8.18,10.14,9.86,9.62,9.24,8.88,8.62,7.92,3,3
"Richardson, Mark (GBR) (1972)",05-Aug-97,0.245,NaN,5.91,10.89,16.09,21.33,26.71,32.25,37.97,44.23,8.46,10.04,9.62,9.54,9.29,9.03,8.74,7.99,5,4
"London, Wil (USA) (1997)",24-Jun-17,NaN,NaN,NaN,11.41,NaN,21.82,NaN,32.67,NaN,44.47,NaN,8.76,NaN,9.61,NaN,9.22,NaN,8.47,1,3
"Deadmon, Bryce (USA) (1997)",08-Sep-22,0.135,NaN,6.16,11.20,16.35,21.61,27.04,32.66,38.42,44.47,8.12,9.92,9.71,9.51,9.21,8.90,8.68,8.26,3,2
"Robinson, Justin (USA) (2002)",08-Jul-23,0.244,NaN,NaN,11.23,NaN,21.63,NaN,32.73,NaN,44.47,NaN,8.90,NaN,9.62,NaN,9.01,NaN,8.52,6,4
"Norwood, Vernon (USA) (1992)",24-Jun-24,NaN,NaN,NaN,11.40,NaN,21.91,NaN,33.03,NaN,44.47,NaN,8.77,NaN,9.51,NaN,8.99,NaN,8.74,7,4
"McRae, Khaleb (USA) (2000)",01-Aug-25,NaN,NaN,NaN,10.87,NaN,20.95,NaN,31.92,NaN,44.47,NaN,9.20,NaN,9.92,NaN,9.12,NaN,7.97,3,3
"Norwood, Vernon (USA) (1992)",02-Aug-25,NaN,NaN,NaN,11.33,NaN,21.81,NaN,32.82,NaN,44.47,NaN,8.83,NaN,9.54,NaN,9.08,NaN,8.58,7,4
"Brown, Chris (BAH) (1978)",12-Aug-05,NaN,NaN,NaN,NaN,NaN,NaN,NaN,32.5,NaN,44.5,NaN,NaN,NaN,NaN,NaN,9.23,NaN,8.33,8,4
"Haroun, Abdalelah (QAT) (1997)",08-Aug-17,0.190,NaN,6.17,11.24,16.35,21.62,27.06,32.66,38.45,44.48,8.10,9.86,9.78,9.49,9.19,8.93,8.64,8.29,3,3
"James, Kirani (GRN) (1992)",22-Jul-22,0.140,NaN,NaN,10.81,NaN,20.95,NaN,31.98,NaN,44.48,NaN,9.25,NaN,9.86,NaN,9.07,NaN,8.00,3,3
"Ogazi, Samuel (NGR) (2006)",04-Aug-24 time,0.223 interval,NaN,11.26,16.30,21.57,27.00,32.61,38.42,44.50,44.50,10.18,9.92,9.49,9.21,8.91,8.61,8.22,8.99,5,2
"Smith, LaMont (USA) (1972)",17-Jun-96 time,NaN,NaN,11.42,NaN,21.48,NaN,33.00,38.54,44.51,44.51,8.76,NaN,9.94,NaN,8.68,9.03,8.38,8.99,5,1
"Young, Jerome (USA) (1976)",05-Aug-97 time,0.185 interval,NaN,11.16,16.24,21.32,26.72,32.20,38.06,44.32,44.51,10.00,9.84,9.84,9.26,9.12,8.53,7.99,8.99,6,5
"Williamson, Darold (USA) (1983)",11-Jun-05 time,NaN,NaN,11.3,NaN,21.3,NaN,32.2,NaN,44.5,44.51,8.85,NaN,10.00,NaN,9.17,NaN,8.13,8.99,5,1
"Wariner, Jeremy (USA) (1984)",13-Sep-08 time,0.175 interval,NaN,11.12,NaN,21.53,NaN,32.41,NaN,44.51,44.51,8.99,NaN,9.61,NaN,9.19,NaN,8.26,8.99,4,2
"McQuay, Tony (USA) (1990)",24-Jun-17 time,NaN,NaN,11.04,NaN,21.04,NaN,32.04,NaN,44.51,44.51,9.06,NaN,10.00,NaN,9.09,NaN,8.02,8.99,2,5
"Kerley, Fred (USA) (1995)",06-Aug-17 time,0.137 interval,NaN,10.73,NaN,20.64,NaN,31.63,37.72,44.37,44.51,9.32,NaN,10.09,NaN,9.10,8.21,7.52,8.99,7,3
"Gardiner, Steven (BAH) (1995)",12-Jul-19 time,0.128 interval,NaN,11.2,NaN,21.4,NaN,32.6,NaN,44.51,44.51,8.93,NaN,9.80,NaN,8.93,NaN,8.40,8.99,5,1
"James, Kirani (GRN) (1992)",03-Sep-21 time,0.159 interval,NaN,11.0,16.0,21.1,26.5,32.2,38.2,44.51,44.51,10.42,10.00,9.80,9.26,8.77,7.92,8.99,161.0,4,2
"Hudson-Smith, Matthew (GBR) (1994)",31-May-25 time,0.200 interval,NaN,14.24,NaN,24.60,NaN,35.58,NaN,44.51,44.51,7.02,NaN,9.65,NaN,9.11,NaN,11.20,8.99,7,1
"Kebinatshipi, Collen (BOT) (2004)",06-Jun-25 time,0.152 interval,NaN,5.90,10.88,16.10,21.50,27.05,32.69,38.40,44.51,10.04,9.58,9.26,9.01,8.87,8.76,8.18,8.99,8,3
"Kebinatshipi, Collen (BOT) (2004)",19-Jul-25 time,0.137 interval,NaN,5.92,10.77,15.78,20.99,26.42,32.11,38.04,44.51,10.31,9.98,9.60,9.21,8.79,8.43,7.73,8.99,3,5
"Haughton, Gregory (JAM) (1973)",03-Jun-95,NaN,NaN,NaN,21.5,NaN,NaN,NaN,NaN,44.6,44.52,NaN,9.30,NaN,NaN,NaN,NaN,8.66,8.98,NaN,1
"Thomas, Iwan (GBR) (1974)",05-Aug-97,0.165,NaN,5.72,10.74,15.68,20.84,26.24,31.92,37.90,44.36,8.74,9.96,10.12,9.69,9.26,8.80,8.36,7.74,2,6
"Gordon, Lalonde (TTO) (1988)",06-Aug-12,0.159,NaN,NaN,11.2,NaN,21.6,NaN,32.5,NaN,44.5,NaN,8.93,NaN,9.62,NaN,9.17,NaN,8.33,4,3
"Santos, Luguelin (DOM) (1993)",13-Aug-13,0.350,NaN,NaN,11.6,NaN,22.0,NaN,32.7,NaN,44.5,NaN,8.62,NaN,9.62,NaN,9.35,NaN,8.47,7,3
"James, Kirani (GRN) (1992)",24-Aug-23,0.133,NaN,NaN,11.13,NaN,21.34,NaN,32.18,NaN,44.52,NaN,8.98,NaN,9.79,NaN,9.23,NaN,8.10,4,5
"Kamoga, Davis (UGA) (1968)",29-Jul-96,0.264,NaN,NaN,NaN,NaN,21.76,NaN,32.5,NaN,44.53,NaN,NaN,NaN,9.19,NaN,9.31,NaN,8.31,2,3
"Kikaya, Gary (COD) (1980)",01-Jun-02,NaN,NaN,NaN,NaN,NaN,21.5,NaN,32.5,NaN,44.5,NaN,NaN,NaN,9.30,NaN,9.09,NaN,8.33,NaN,1
"Carter, Xavier (USA) (1985)",10-Jun-06,NaN,NaN,NaN,11.3,NaN,21.6,NaN,32.7,NaN,44.5,NaN,8.85,NaN,9.71,NaN,9.01,NaN,8.47,5,1
"Quow, Rennie (TTO) (1987)",19-Aug-09,0.248,NaN,6.34,11.54,16.81,22.09,27.57,32.97,38.59,44.53,7.89,9.62,9.49,9.47,9.12,9.26,8.90,8.42,4,2
"Roberts, Gil (USA) (1989)",28-Jun-14,NaN,NaN,NaN,11.0,NaN,21.5,NaN,32.8,NaN,44.5,NaN,9.09,NaN,9.52,NaN,8.85,NaN,8.55,NaN,1
"Norman, Michael (USA) (1997)",30-May-19,0.158,NaN,NaN,11.0,NaN,21.8,NaN,32.6,NaN,44.53,NaN,9.09,NaN,9.26,NaN,9.26,NaN,8.38,5,1
"Hudson-Smith, Matthew (GBR) (1994)",17-Aug-22,0.213,NaN,NaN,11.06,NaN,21.40,NaN,32.36,NaN,44.53,NaN,9.04,NaN,9.67,NaN,9.12,NaN,8.22,4,1
"Holder, Reece (AUS) (2002)",04-Aug-24,0.144,NaN,6.07,10.86,15.76,20.88,26.28,31.99,38.05,44.53,8.24,10.44,10.20,9.77,9.26,8.76,8.25,7.72,6,3
"dos Santos, Alison (BRA) (2000)",04-May-25,0.190,NaN,NaN,11.04,NaN,21.28,NaN,32.37,NaN,44.53,NaN,9.06,NaN,9.77,NaN,9.02,NaN,8.22,5,1
"Nakajima, Yuki Joseph (JPN) (2002)",16-Sep-25,0.195,NaN,NaN,11.23,NaN,21.65,NaN,32.77,NaN,44.53,NaN,8.90,NaN,9.60,NaN,8.99,NaN,8.50,7,2
"Matthews, Vince (USA) (1947)",31-Aug-68,NaN,NaN,NaN,NaN,NaN,21.3,NaN,NaN,NaN,44.4,NaN,NaN,NaN,9.39,NaN,NaN,NaN,8.66,NaN,1
"Mills, Curtis (USA) (1948)",21-Jun-69,NaN,NaN,NaN,NaN,NaN,21.6,NaN,NaN,NaN,44.4,NaN,NaN,NaN,9.26,NaN,NaN,NaN,8.77,NaN,1
"Collett, Wayne (USA) (1949)",15-Apr-72,NaN,NaN,NaN,NaN,NaN,21.3,NaN,NaN,NaN,44.4,NaN,NaN,NaN,9.39,NaN,NaN,NaN,8.66,7,2
"Tiacoh, Gabriel (CIV) (1963)",08-Aug-84,0.191,NaN,NaN,NaN,NaN,21.6,NaN,NaN,32.4,NaN,NaN,NaN,NaN,9.26,NaN,NaN,9.26,NaN,7,2
"Kitur, Samson (KEN) (1966)",17-Aug-93,NaN,NaN,NaN,NaN,NaN,21.83,NaN,NaN,32.69,NaN,NaN,NaN,NaN,9.16,NaN,NaN,9.21,NaN,4,3
"Pettigrew, Antonio (USA) (1967)",26-Aug-99,0.284,NaN,6.09,11.00,16.02,21.19,26.57,31.15,38.05,44.54,8.21,10.18,9.96,9.67,9.29,10.92,7.25,7.70,3,5
"Borlée, Jonathan (BEL) (1988)",13-Aug-13,0.224,NaN,NaN,11.1,NaN,21.4,NaN,NaN,32.4,NaN,NaN,9.01,NaN,9.71,NaN,NaN,9.09,NaN,8,4
"Yousif, Rabah (GBR) (1986)",24-Aug-15,0.142,NaN,6.18,11.32,16.45,21.75,27.14,32.68,38.51,44.54,8.09,9.73,9.75,9.43,9.28,9.03,8.58,8.29,4,3
"Thebe, Baboloki (BOT) (1997)",21-Jul-18,0.165,NaN,NaN,11.6,NaN,21.9,NaN,NaN,32.8,NaN,NaN,8.62,NaN,9.71,NaN,NaN,9.17,NaN,9,4
"Deadmon, Bryce (USA) (1997)",25-Jun-22,NaN,NaN,NaN,10.97,NaN,21.29,NaN,NaN,32.48,NaN,NaN,9.12,NaN,9.69,NaN,NaN,8.94,NaN,NaN,5
"James, Kirani (GRN) (1992)",09-Jun-22,0.151,NaN,6.19,11.13,16.24,21.49,26.88,32.54,38.41,44.54,8.08,10.12,9.78,9.52,9.28,8.83,8.52,8.16,5,1
"Holder, Reece (AUS) (2002)",14-Sep-25,0.161,NaN,NaN,10.89,NaN,21.07,NaN,NaN,32.25,NaN,NaN,9.18,NaN,9.82,NaN,NaN,8.94,NaN,5,2
"Samukonga, Muzala (ZAM) (2002)",14-Sep-25,0.187,NaN,11.08,21.53,32.77,44.56,44.56,6/3,NaN,NaN,8.90,8.48,8.98,9.03,9.57,8.90,8.48,9.29,NaN,NaN
"Pettigrew, Antonio (USA) (1967)",29-Aug-91,NaN,NaN,11.35,21.39,32.22,44.57,44.57,4/1,NaN,NaN,9.23,8.10,8.97,168.7,8.81,9.96,9.23,8.10,NaN,NaN
"Pettigrew, Antonio (USA) (1967)",05-Aug-97,0.275,NaN,6.30,11.26,16.44,21.72,32.50,38.22,44.30,44.57,9.65,9.47,9.47,9.09,8.74,8.22,8.97,8.88,8,2
"Zambrano, Anthony (COL) (1998)",28-May-21,0.139,NaN,6.2,11.3,16.5,22.0,27.5,33.1,38.8,44.57,9.62,9.09,9.09,8.93,8.77,8.67,8.97,8.85,3,2
"van Niekerk, Wayde (RSA) (1992)",20-Aug-23,0.185,NaN,NaN,11.17,NaN,21.31,NaN,32.56,NaN,44.57,NaN,9.86,NaN,8.89,NaN,8.33,8.97,162.0,4,1
"Mills, Derek (USA) (1972)",16-Jun-95,NaN,NaN,NaN,11.2,NaN,21.5,NaN,32.4,NaN,44.6,NaN,9.71,NaN,9.17,NaN,8.20,8.97,8.93,NaN,4
"Reynolds, Harry (Butch) (USA) (1964)",17-Jun-96,NaN,NaN,NaN,11.12,NaN,21.84,NaN,32.96,38.65,44.58,NaN,9.33,NaN,8.99,8.79,8.43,8.97,8.99,3,2
"Merritt, LaShawn (USA) (1986)",22-Sep-07,0.169,NaN,NaN,10.92,NaN,21.24,NaN,38.35,NaN,44.58,NaN,9.69,NaN,5.84,NaN,16.05,8.97,9.16,5,1
"Montgomery, Kahmari (USA) (1997)",23-Jun-18,NaN,NaN,NaN,NaN,NaN,21.8,NaN,32.8,NaN,44.6,NaN,9.17,NaN,9.09,NaN,8.47,8.97,NaN,NaN,1
"James, Kirani (GRN) (1992)",22-Aug-23,0.147,NaN,5.95,10.76,15.68,20.84,26.32,32.10,38.13,44.58,10.40,10.16,9.69,9.12,8.65,8.29,7.75,8.97,5,2
"James, Kirani (GRN) (1992)",30-May-24,0.162,NaN,6.14,11.03,16.10,21.37,26.66,32.37,38.30,44.58,10.22,9.86,9.49,9.45,8.76,8.43,7.96,8.97,7,2
"Pillay, Lythe (RSA) (2003)",12-Jul-24,0.150,NaN,6.21,11.14,16.18,21.38,26.87,32.49,38.33,44.58,10.14,9.92,9.62,9.11,8.90,8.56,8.00,8.97,3,3
"Bailey, Chris (USA) (2000)",07-Aug-24,0.178,NaN,6.34,11.38,16.57,21.89,27.34,32.89,38.61,44.58,9.92,9.63,9.40,9.17,9.01,8.74,8.38,8.97,2,6
"Pettigrew, Antonio (USA) (1967)",26-Jun-99,NaN,NaN,NaN,NaN,NaN,22.0,NaN,NaN,NaN,NaN,NaN,NaN,NaN,NaN,NaN,NaN,NaN,NaN,NaN,NaN
"Djhone, Leslie (FRA) (1981)",31-Aug-07,0.151,NaN,6.18,10.96,15.90,21.09,26.49,32.16,38.17,44.59,8.09,10.46,10.12,9.63,9.26,8.82,8.32,7.79,7,5
"James, Kirani (GRN) (1992)",05-Aug-12,0.170,NaN,NaN,NaN,NaN,21.40,NaN,32.13,NaN,44.59,NaN,NaN,NaN,9.35,NaN,9.32,NaN,8.03,7,1
"Makwala, Isaac (BOT) (1986)",02-Aug-21,0.197,NaN,NaN,NaN,NaN,NaN,NaN,31.9,NaN,44.59,NaN,NaN,NaN,NaN,NaN,9.40,NaN,7.88,4,3
"Wilson, Quincy (USA) (2008)",23-Jun-24,NaN,NaN,NaN,11.00,NaN,21.37,NaN,32.54,NaN,44.59,NaN,9.09,NaN,9.64,NaN,8.95,NaN,8.30,6,3
"Markin, Viktor (URS) (1957)",30-Jul-80,0.173,NaN,NaN,NaN,NaN,21.2,NaN,32.6,NaN,44.6,NaN,NaN,NaN,9.43,NaN,8.77,NaN,8.33,2,1
"Schönlebe, Thomas (GDR) (1965)",01-Sep-87,NaN,NaN,NaN,11.09,NaN,21.27,NaN,32.28,NaN,44.60,NaN,9.02,NaN,9.82,NaN,9.08,NaN,8.12,3,2
"Morris, Ian (TTO) (1961)",26-Sep-88,0.211,NaN,NaN,11.31,NaN,21.83,NaN,32.69,NaN,44.60,NaN,8.84,NaN,9.51,NaN,9.21,NaN,8.40,3,2
"Wariner, Jeremy (USA) (1984)",21-Aug-09,0.162,NaN,6.01,10.98,16.13,21.41,26.86,32.34,38.11,44.60,8.32,10.06,9.71,9.47,9.17,9.12,8.67,7.70,6,2
"James, Kirani (GRN) (1992)",30-Aug-11,0.137,NaN,NaN,NaN,NaN,21.6,NaN,32.5,NaN,44.6,NaN,NaN,NaN,9.26,NaN,9.17,NaN,8.26,5,1
"Kerley, Fred (USA) (1995)",28-May-21,0.140,NaN,6.1,11.1,16.1,21.4,26.9,32.5,38.3,44.60,8.20,10.00,10.00,9.43,9.09,8.93,8.62,7.94,4,3
"Hall, Quincy (USA) (1998)",21-Jun-24,NaN,NaN,NaN,11.18,NaN,21.40,NaN,32.50,NaN,44.60,NaN,8.94,NaN,9.78,NaN,9.01,NaN,8.26,7,1
"Reardon, Samuel (GBR) (2003)",27-Jun-25,0.205,NaN,6.12,11.11,16.16,21.28,26.61,32.23,38.18,44.60,8.17,10.02,9.90,9.77,9.38,8.90,8.40,7.79,6,1
"Samukonga, Muzala (ZAM) (2002)",16-Sep-25,0.193,NaN,NaN,11.04,NaN,21.53,NaN,32.69,NaN,44.60,NaN,9.06,NaN,9.53,NaN,8.96,NaN,8.40,9,3
"James, Kirani (GRN) (1992)",28-May-21,0.159,NaN,6.2,11.1,16.2,21.5,26.9,32.5,38.4,44.61,8.06,10.20,9.80,9.43,9.26,8.93,8.47,8.05,6,4
"Ndori, Bayapo (BOT) (1999)",16-Jul-23,0.162,NaN,6.12,11.12,16.21,21.41,26.89,32.61,38.49,44.61,8.17,10.00,9.82,9.62,9.12,8.74,8.50,8.17,2,2
"Norwood, Vernon (USA) (1992)",16-Sep-23,0.164,NaN,6.12,11.05,16.18,21.54,26.94,32.54,38.31,44.61,8.17,10.14,9.75,9.33,9.26,8.93,8.67,7.94,7,3
"Deadmon, Bryce (USA) (1997)",24-Jun-24,NaN,NaN,NaN,11.04,NaN,21.58,NaN,32.78,NaN,44.61,NaN,9.06,NaN,9.49,NaN,8.93,NaN,8.45,6,5
"Black, Roger (GBR) (1966)",29-Aug-91,NaN,NaN,NaN,11.00,NaN,21.15,NaN,32.05,NaN,44.62,NaN,9.09,NaN,9.85,NaN,9.17,NaN,7.96,3,2
"Harrison, Alvin (USA) (1974)",29-Jul-96,0.237,NaN,NaN,NaN,NaN,21.41,NaN,32.4,NaN,44.62,NaN,NaN,NaN,9.34,NaN,9.10,NaN,8.18,1,4
"Harrison, Calvin (USA) (1974)",21-Jun-03,NaN,NaN,NaN,NaN,NaN,21.65,NaN,32.55,38.36,44.62,NaN,NaN,NaN,9.24,NaN,9.17,8.61,7.99,2,2
"Williamson, Darold (USA) (1983)",25-Jun-05,NaN,NaN,NaN,11.61,16.72,21.90,27.14,32.58,38.41,44.62,NaN,8.61,9.78,9.65,9.54,9.19,8.58,8.05,4,2
"Samba, Abderrahman (QAT) (1995)",21-Jul-18,0.179,NaN,NaN,11.4,NaN,21.8,NaN,32.8,NaN,44.62,NaN,8.77,NaN,9.62,NaN,9.09,NaN,8.46,2,5
"Norwood, Vernon (USA) (1992)",22-Aug-25,0.180,NaN,6.16,11.11,16.20,21.42,26.83,32.41,38.22,44.62,8.12,10.10,9.82,9.58,9.24,8.96,8.61,7.81,8,2
"Nakajima, Yuki Joseph (JPN) (2002)",18-Sep-25,0.201,NaN,NaN,11.19,NaN,21.68,NaN,32.67,NaN,44.62,NaN,8.94,NaN,9.53,NaN,9.10,NaN,8.37,9,6
"Everett, Danny (USA) (1966)",29-Aug-91,NaN,NaN,NaN,11.18,NaN,21.52,NaN,32.33,NaN,44.63,NaN,8.94,NaN,9.67,NaN,9.25,NaN,8.13,5,3
"Merritt, LaShawn (USA) (1986)",30-Aug-11,0.263,NaN,NaN,NaN,21.5,NaN,32.5,NaN,44.63,44.63,NaN,NaN,9.30,NaN,9.09,NaN,8.24,8.96,4,2
"Verburg, David (USA) (1991)",27-Jun-15,NaN,NaN,NaN,NaN,21.6,NaN,32.8,NaN,44.6,44.63,NaN,NaN,9.26,NaN,8.93,NaN,8.47,8.96,NaN,1
"Makwala, Isaac (BOT) (1986)",26-Aug-15,0.218,NaN,6.14,10.91,15.85,20.98,26.22,31.71,37.80,44.63,8.14,10.48,10.12,9.75,9.54,9.11,8.21,7.32,4,5
"Roberts, Gil (USA) (1989)",24-Jun-17,NaN,NaN,NaN,11.08,NaN,21.19,NaN,32.32,NaN,44.63,NaN,9.03,NaN,9.89,NaN,8.98,NaN,8.12,NaN,1
"Hudson-Smith, Matthew (GBR) (1994)",21-Jul-18,0.151,NaN,NaN,11.2,NaN,21.5,NaN,32.6,NaN,44.63,NaN,8.93,NaN,9.71,NaN,9.01,NaN,8.31,8,6
"London, Wil (USA) (1997)",07-Jun-19,0.218,NaN,NaN,NaN,NaN,21.8,NaN,32.7,NaN,44.6,NaN,NaN,NaN,9.17,NaN,9.17,NaN,8.40,NaN,3
"Jones, Jonathan (BAR) (1999)",21-Jul-19,0.185,NaN,NaN,11.2,NaN,21.3,NaN,32.3,NaN,44.63,NaN,8.93,NaN,9.90,NaN,9.09,NaN,8.11,8,2
"James, Kirani (GRN) (1992)",04-Jul-21,0.158,NaN,6.1,10.9,15.9,21.0,26.4,32.2,38.2,44.63,8.20,10.42,10.00,9.80,9.26,8.62,8.33,7.78,5,1
"James, Kirani (GRN) (1992)",13-Sep-24,0.140,NaN,6.13,10.93,15.99,21.27,26.74,32.45,38.38,44.63,8.16,10.42,9.88,9.47,9.14,8.76,8.43,8.00,4,2
"Kebinatshipi, Collen (BOT) (2004)",03-May-25,0.171,NaN,6.11,11.12,16.34,21.73,27.19,32.84,38.62,44.63,8.18,9.98,9.58,9.28,9.16,8.85,8.65,8.32,3,3
"Patterson, Jacory (USA) (2000)",01-Aug-25,NaN,NaN,NaN,11.20,NaN,21.90,NaN,32.92,NaN,44.63,NaN,8.93,NaN,9.35,NaN,9.07,NaN,8.54,9,1
"Yahia Ibrahim, Ammar Ismail (QAT) (1)",14-Sep-25,0.171,NaN,NaN,11.34,NaN,21.80,NaN,32.76,NaN,44.63,NaN,8.82,NaN,9.56,NaN,9.12,NaN,8.42,2,4
"Holder, Reece (AUS) (2002)",16-Sep-25,0.186,NaN,NaN,11.01,NaN,21.01,NaN,32.17,NaN,44.63,NaN,9.08,NaN,10.00,NaN,8.96,NaN,8.03,8,3
"Smith, John (USA) (1950)",03-Jun-72,NaN,NaN,NaN,NaN,22.1,NaN,NaN,NaN,44.5,44.5,NaN,NaN,9.05,NaN,NaN,NaN,8.93,8.99,5,1
"Cedenio, Machel (TTO) (1995)",24-Aug-15,0.219,NaN,6.23,11.20,16.23,21.47,27.00,32.54,38.37,44.64,8.03,10.06,9.94,9.54,9.04,9.03,8.58,7.97,5,3
"Haroun, Abdalelah (QAT) (1997)",06-Aug-17,0.179,NaN,NaN,11.03,NaN,21.41,NaN,32.41,38.30,44.46,NaN,9.07,NaN,9.63,NaN,9.09,8.49,8.12,9,3
"Dedewo, Paul (USA) (1991)",23-Jun-18,NaN,NaN,NaN,NaN,NaN,21.6,NaN,32.7,NaN,44.7,NaN,NaN,NaN,9.26,NaN,9.01,NaN,8.33,NaN,2
"Jones, Jonathan (BAR) (1999)",07-Jun-19,0.353,NaN,NaN,NaN,NaN,21.6,NaN,32.4,NaN,44.6,NaN,NaN,NaN,9.26,NaN,9.26,NaN,8.20,NaN,4
"Yahia Ibrahim, Ammar Ismail (QAT) (1)",06-Aug-24,0.163,NaN,6.31,11.29,16.31,21.46,26.74,32.33,38.24,44.64,7.92,10.04,9.96,9.71,9.47,8.94,8.46,7.81,3,5
"Dobson, Charles (GBR) (1999)",06-Jun-25,0.148,NaN,6.01,11.07,16.25,21.57,27.00,32.65,38.46,44.64,8.32,9.88,9.65,9.40,9.21,8.85,8.61,8.09,4,4
"Richards, Jereem (TTO) (1994)",14-Sep-25,0.169,NaN,NaN,11.12,NaN,21.65,NaN,32.69,NaN,44.64,NaN,8.99,NaN,9.50,NaN,9.06,NaN,8.37,7,1
"Mills, Derek (USA) (1972)",17-Jun-96,NaN,NaN,NaN,10.92,NaN,21.66,NaN,32.58,38.36,44.65,NaN,9.16,NaN,9.31,NaN,9.16,8.65,7.95,1,3
"Pettigrew, Antonio (USA) (1967)",14-Jun-97,NaN,NaN,NaN,NaN,NaN,22.1,NaN,NaN,NaN,44.7,NaN,NaN,NaN,9.05,NaN,NaN,NaN,8.85,NaN,1
"Richardson, Mark (GBR) (1972)",26-Aug-99,0.218,NaN,6.08,10.98,16.02,21.28,26.66,32.27,38.16,44.65,8.22,10.20,9.92,9.51,9.29,8.91,8.49,7.70,1,4
"Gardiner, Steven (BAH) (1995)",20-Aug-23,0.197,NaN,NaN,11.16,NaN,21.29,NaN,32.34,NaN,44.65,NaN,8.96,NaN,9.87,NaN,9.05,NaN,8.12,7,1
"van Niekerk, Wayde (RSA) (1992)",22-Aug-23,0.178,NaN,6.06,10.89,15.83,20.99,26.46,32.16,38.11,44.65,8.25,10.35,10.12,9.69,9.14,8.77,8.40,7.65,8,3
"Dobson, Charles (GBR) (1999)",09-Jun-24,0.151,NaN,NaN,11.06,NaN,21.46,NaN,32.70,NaN,44.65,NaN,9.04,NaN,9.62,NaN,8.90,NaN,8.37,8,1
"Matthews, Vince (USA) (1947)",07-Sep-72,NaN,NaN,NaN,10.8,NaN,21.2,NaN,32.0,NaN,44.66,NaN,9.26,NaN,9.62,NaN,9.26,NaN,7.90,2,1
"Pettigrew, Antonio (USA) (1967)",19-Jul-00,NaN,NaN,NaN,11.4,NaN,22.0,NaN,32.8,NaN,44.7,NaN,8.77,NaN,9.43,NaN,9.26,NaN,8.40,2,3
"Francique, Alleyne (GRN) (1976)",23-Aug-04,0.352,NaN,NaN,NaN,NaN,21.4,NaN,32.5,NaN,44.7,NaN,NaN,NaN,9.35,NaN,9.01,NaN,8.20,8,4
"Chambers, Ricardo (JAM) (1984)",09-Jun-07,NaN,NaN,NaN,11.1,NaN,21.3,NaN,32.4,NaN,44.7,NaN,9.01,NaN,9.80,NaN,9.01,NaN,8.13,6,1
"Wariner, Jeremy (USA) (1984)",30-Jun-08,NaN,NaN,NaN,10.94,16.16,21.65,27.12,32.78,38.40,44.66,NaN,9.14,9.58,9.11,9.14,8.83,8.90,7.99,4,1
"Merritt, LaShawn (USA) (1986)",27-Jun-15,NaN,NaN,NaN,NaN,NaN,21.4,NaN,32.7,NaN,44.7,NaN,NaN,NaN,9.35,NaN,8.85,NaN,8.33,NaN,2
"Thebe, Baboloki (BOT) (1997)",08-Aug-17,0.182,NaN,6.09,10.97,15.93,21.06,26.36,31.86,37.83,44.66,8.21,10.25,10.08,9.75,9.43,9.09,8.38,7.32,9,4
"Gaye, Demish (JAM) (1993)",02-Oct-19,0.188,NaN,6.07,10.89,15.82,21.07,26.58,32.33,38.25,44.66,8.24,10.37,10.14,9.52,9.07,8.70,8.45,7.80,7,3
"Norwood, Vernon (USA) (1992)",28-May-22,0.177,NaN,6.12,11.09,16.26,21.67,27.14,32.71,38.44,44.66,8.17,10.06,9.67,9.24,9.14,8.98,8.73,8.04,2,4
"Hudson-Smith, Matthew (GBR) (1994)",22-Jul-22,0.169,NaN,NaN,10.98,NaN,21.14,NaN,32.13,NaN,44.66,NaN,9.11,NaN,9.84,NaN,9.10,NaN,7.98,5,3
"Samukonga, Muzala (ZAM) (2002)",07-Aug-22,0.195,NaN,6.3,11.3,16.5,21.9,27.3,32.9,38.5,44.66,7.94,10.00,9.62,9.26,9.26,8.93,8.93,8.12,8,1
"Norwood, Vernon (USA) (1992)",08-Sep-22,0.199,NaN,6.11,10.97,16.01,21.21,26.53,32.18,38.13,44.66,8.18,10.29,9.92,9.62,9.40,8.85,8.40,7.66,6,3
"Wilson, Quincy (USA) (2008)",21-Jun-24,NaN,NaN,NaN,NaN,NaN,NaN,NaN,NaN,NaN,NaN,NaN,NaN,NaN,NaN,NaN,NaN,NaN,NaN,NaN,NaN
"James, Kirani (GRN) (1992)",14-Sep-25,0.166,NaN,NaN,11.35,NaN,21.77,NaN,32.98,NaN,44.66,NaN,9.60,NaN,8.92,NaN,8.56,8.96,NaN,5,3
"Mills, Derek (USA) (1972)",19-Jun-96,NaN,NaN,NaN,11.12,NaN,21.32,NaN,32.16,38.12,44.67,NaN,9.80,NaN,9.23,8.39,7.63,8.95,NaN,7,5
"Harris, Otis (USA) (1982)",15-Jul-04,NaN,NaN,NaN,11.38,NaN,21.57,27.11,32.67,38.67,44.67,NaN,9.81,9.03,8.99,8.33,8.33,8.95,167.7,8,2
"Cherry, Michael (USA) (1995)",24-Jun-17,NaN,NaN,NaN,11.08,NaN,21.28,NaN,32.33,NaN,44.67,NaN,9.80,NaN,9.05,NaN,8.10,8.95,NaN,5,6
"Bloomfield, Akeem (JAM) (1997)",06-Sep-19,0.184,NaN,6.2,10.9,15.8,20.8,26.2,32.0,38.0,44.67,10.20,10.00,9.26,8.62,8.33,7.89,8.95,164.0,6,3
"Kebinatshipi, Collen (BOT) (2004)",12-Jul-24,0.166,NaN,6.15,11.02,16.21,21.61,27.21,32.83,38.62,44.67,9.63,9.26,8.93,8.90,8.64,8.26,8.95,185.5,8,4
"Larry, Lionel (USA) (1986)",09-Jun-07,NaN,NaN,NaN,11.0,NaN,21.0,NaN,32.4,NaN,44.7,NaN,10.00,NaN,8.77,NaN,8.13,8.95,179.0,5,2
"McQuay, Tony (USA) (1990)",25-Jun-11,0.213,NaN,NaN,11.0,NaN,21.9,NaN,32.9,NaN,44.7,NaN,9.17,NaN,9.09,NaN,8.47,8.95,NaN,NaN,1
"Yousif, Rabah (GBR) (1986)",26-Aug-15,0.134,NaN,6.28,11.35,16.47,21.74,27.21,32.80,38.64,44.68,9.77,9.49,9.14,8.94,8.56,8.28,8.95,NaN,3,6
"Deadmon, Bryce (USA) (1997)",06-Aug-22,0.164,NaN,6.28,11.29,16.37,21.60,27.08,32.72,38.50,44.68,9.84,9.56,9.12,8.87,8.65,8.09,8.95,157.0,2,3
"Norwood, Vernon (USA) (1992)",30-May-24,0.167,NaN,6.22,11.20,16.32,21.64,27.12,32.79,38.51,44.68,9.77,9.40,9.12,8.82,8.74,8.10,8.95,173.0,3,3
"Hall, Quincy (USA) (1998)",02-Jun-24,0.211,NaN,6.35,11.42,16.50,21.73,27.24,32.89,38.62,44.68,9.84,9.56,9.07,8.85,8.73,8.25,8.95,NaN,5,1
"Bailey, Sean (JAM) (1997)",04-Aug-24,0.197,NaN,6.21,11.15,16.14,21.31,26.70,32.36,38.32,44.68,10.02,9.67,9.28,8.83,8.39,7.86,8.95,175.5,5,5
"Brew, Derrick (USA) (1977)",15-Jul-04,NaN,NaN,10.99,NaN,21.44,26.80,32.45,38.32,44.69,44.69,9.10,NaN,9.57,9.33,8.85,8.52,7.85,8.95,3,3
"Wariner, Jeremy (USA) (1984)",19-Aug-09,0.189,NaN,11.11,NaN,21.63,NaN,32.48,NaN,44.69,44.69,9.00,NaN,9.51,NaN,9.22,NaN,8.19,8.95,4,1
"Allen, Nathon (JAM) (1995)",09-Jun-17,NaN,NaN,NaN,NaN,20.8,NaN,32.1,NaN,44.7,44.69,NaN,NaN,9.62,NaN,8.85,NaN,7.94,8.95,6,2
"Hudson-Smith, Matthew (GBR) (1994)",20-Aug-23,0.177,NaN,11.16,NaN,21.26,NaN,32.36,NaN,44.69,44.69,8.96,NaN,9.90,NaN,9.01,NaN,8.11,8.95,3,2
"Samukonga, Muzala (ZAM) (2002)",13-Sep-24,0.172,NaN,6.16,10.92,15.92,21.25,26.85,32.62,38.54,44.69,8.12,10.50,10.00,9.38,8.93,8.67,8.45,8.13,6,3
"Honz, Karl (FRG) (1951)",21-Jul-72,NaN,NaN,NaN,NaN,20.7,NaN,NaN,NaN,44.70,44.70,NaN,NaN,9.66,NaN,NaN,NaN,8.33,8.95,NaN,1
"Haley, Roddie (USA) (1965)",01-Jun-85,NaN,NaN,NaN,NaN,21.3,NaN,32.5,NaN,44.7,44.70,NaN,NaN,9.39,NaN,8.93,NaN,8.20,8.95,6,1
"Thomas, Iwan (GBR) (1974)",29-Jul-96,0.365,NaN,NaN,NaN,21.30,NaN,32.4,NaN,44.70,44.70,NaN,NaN,9.39,NaN,9.01,NaN,8.13,8.95,8,5
"Young, Jerome (USA) (1976)",19-Jul-00,NaN,NaN,11.4,NaN,21.7,NaN,32.4,NaN,44.7,44.70,8.77,NaN,9.71,NaN,9.35,NaN,8.13,8.95,1,4
"Haughton, Gregory (JAM) (1973)",25-Sep-00,NaN,NaN,10.9,NaN,21.2,NaN,32.1,NaN,44.7,44.70,9.17,NaN,9.71,NaN,9.17,NaN,7.94,8.95,8,3
"Williamson, Darold (USA) (1983)",15-Jul-04,NaN,NaN,11.28,NaN,21.75,26.02,32.53,38.36,44.70,44.70,8.87,NaN,9.55,11.71,7.68,8.58,7.89,8.95,2,4
"Rock, Andrew (USA) (1982)",25-Jun-05,NaN,NaN,NaN,16.47,21.74,27.06,32.62,38.53,44.70,44.70,NaN,9.11,9.49,9.40,8.99,8.46,8.10,8.95,7,3
"Gordon, Lalonde (TTO) (1988)",24-Aug-15,0.150,NaN,6.24,11.19,16.17,21.45,26.94,32.45,38.36,44.70,8.01,10.10,10.04,9.47,9.11,9.07,8.46,7.89,3,4
"Ingvalsen, Håvard Bentdal (NOR) (20)",22-Aug-23,0.190,NaN,6.20,11.10,16.07,21.28,26.73,32.45,38.34,44.70,10.06,9.60,9.17,8.74,8.49,7.86,8.95,183.0,8,3
"Reardon, Samuel (GBR) (2003)",20-Jul-24,0.181,NaN,6.28,11.32,16.43,21.70,27.15,32.72,38.49,44.70,9.78,9.49,9.17,8.98,8.67,8.05,8.95,NaN,7,1
"Robinson, Justin (USA) (2002)",01-Aug-25,NaN,NaN,NaN,10.96,NaN,21.14,NaN,32.33,NaN,44.70,NaN,9.82,NaN,8.94,NaN,8.08,8.95,NaN,6,4
"Reardon, Samuel (GBR) (2003)",14-Sep-25,0.206,NaN,NaN,11.34,NaN,21.64,NaN,32.75,NaN,44.70,NaN,9.71,NaN,9.00,NaN,8.37,8.95,NaN,8,4
"Patterson, Jacory (USA) (2000)",18-Sep-25,0.141,NaN,NaN,10.64,NaN,20.60,NaN,31.74,NaN,44.70,NaN,10.04,NaN,8.98,NaN,7.72,8.95,171.5,3,7
"McKay, Antonio (USA) (1964)",08-Aug-84,0.281,NaN,NaN,NaN,NaN,21.8,NaN,32.7,NaN,44.8,NaN,NaN,9.17,NaN,9.17,NaN,8.26,8.95,1,3
"Black, Roger (GBR) (1966)",05-Aug-91,NaN,NaN,NaN,11.23,NaN,21.53,NaN,32.63,NaN,44.71,NaN,9.71,NaN,9.01,NaN,8.28,8.95,NaN,NaN,1
"Kitur, Samson (KEN) (1966)",09-Aug-95,NaN,NaN,NaN,NaN,NaN,21.6,NaN,NaN,NaN,44.7,NaN,9.26,NaN,NaN,NaN,8.66,8.95,NaN,7,4
"Wariner, Jeremy (USA) (1984)",12-Jun-04,NaN,NaN,NaN,NaN,NaN,21.9,NaN,33.4,NaN,44.7,NaN,9.13,NaN,8.70,NaN,8.85,8.95,171.0,6,1
"Chambers, Ricardo (JAM) (1984)",10-Jun-06,NaN,NaN,NaN,11.0,NaN,21.3,NaN,32.6,NaN,44.7,NaN,9.71,NaN,8.85,NaN,8.26,8.95,175.5,6,2
"Christopher, Tyler (CAN) (1983)",31-Aug-07,0.169,NaN,6.02,10.86,15.83,21.05,26.54,32.38,38.40,44.71,10.06,9.58,9.11,8.56,8.31,7.92,8.95,183.7,3,6
"Verburg, David (USA) (1991)",24-Aug-15,0.178,NaN,6.03,11.01,16.08,21.35,26.76,32.43,38.37,44.71,9.86,9.49,9.24,8.82,8.42,7.89,8.95,183.7,5,3
"Allison, Champion (USA) (1998)",20-Jul-22,0.155,NaN,NaN,11.34,NaN,21.72,NaN,32.86,NaN,44.71,NaN,9.63,NaN,8.98,NaN,8.44,8.95,168.0,6,1
"Weber, Hartmut (FRG) (1960)",09-Sep-82,NaN,NaN,NaN,11.30,NaN,21.74,NaN,32.86,NaN,44.72,NaN,8.85,NaN,9.58,NaN,8.99,NaN,8.43,NaN,1
"Egbunike, Innocent (NGR) (1961)",28-Sep-88,0.255,NaN,NaN,11.29,NaN,21.76,NaN,32.74,NaN,44.72,NaN,8.86,NaN,9.55,NaN,9.11,NaN,8.35,7,5
"Wissman, Johan (SWE) (1982)",31-Aug-07,0.181,NaN,6.13,10.86,15.72,20.97,26.36,32.07,38.20,44.72,8.16,10.57,10.29,9.52,9.28,8.76,8.16,7.67,9,7
"Allen, Nathon (JAM) (1995)",21-Jul-18,0.186,NaN,NaN,11.2,NaN,21.3,NaN,32.2,NaN,44.72,NaN,8.93,NaN,9.90,NaN,9.17,NaN,7.99,5,7
"Hudson-Smith, Matthew (GBR) (1994)",23-Jul-23,0.185,NaN,6.20,11.19,16.28,21.48,26.90,32.47,38.34,44.72,8.06,10.02,9.82,9.62,9.23,8.98,8.52,7.84,6,4
"Ndori, Bayapo (BOT) (1999)",20-Aug-23,0.155,NaN,NaN,11.05,NaN,21.19,NaN,32.32,NaN,44.72,NaN,9.05,NaN,9.86,NaN,8.98,NaN,8.06,8,1
"Merritt, LaShawn (USA) (1986)",25-Jun-05,NaN,NaN,NaN,11.34,16.30,21.47,26.86,32.48,38.33,44.73,NaN,8.82,10.08,9.67,9.28,8.90,8.55,7.81,6,4
"Nellum, Bryshon (USA) (1989)",07-Jun-13,NaN,NaN,NaN,NaN,NaN,22.0,NaN,33.1,NaN,44.7,NaN,NaN,NaN,9.09,NaN,9.01,NaN,8.62,NaN,1
"Roberts, Gil (USA) (1989)",03-Jul-16,0.171,NaN,NaN,10.7,NaN,21.0,NaN,32.1,NaN,44.7,NaN,9.35,NaN,9.71,NaN,9.01,NaN,7.94,6,2
"Lendore, Deon (TTO) (1992)",04-Jul-21,0.204,NaN,6.3,11.3,16.2,21.2,26.6,32.2,38.2,44.73,7.94,10.00,10.20,10.00,9.26,8.93,8.33,7.66,8,2
"dos Santos, Alison (BRA) (2000)",16-Jul-23,0.165,NaN,6.19,11.05,16.04,21.27,26.69,32.42,38.37,44.73,8.08,10.29,10.02,9.56,9.23,8.73,8.40,7.86,4,3
"Ogazi, Samuel (NGR) (2006)",07-Aug-24,0.225,NaN,6.33,11.19,16.20,21.46,27.08,32.92,38.74,44.73,7.90,10.29,9.98,9.51,8.90,8.56,8.59,8.35,3,7
"Kerley, Fred (USA) (1995)",19-Apr-25,NaN,NaN,NaN,NaN,NaN,21.2,NaN,NaN,NaN,44.73,NaN,NaN,NaN,9.43,NaN,NaN,NaN,8.50,5,1
"Plummer, Adolph (USA) (1938)",18-May-63 time,NaN,NaN,NaN,21.6,NaN,NaN,44.6,44.6,4/1,NaN,NaN,9.26,NaN,NaN,8.70,8.97,(44.9/440y),NaN,NaN,NaN
"Egbunike, Innocent (NGR) (1961)",26-Sep-88 time,0.253,NaN,NaN,21.44,NaN,32.79,NaN,44.74,44.74,4/4,9.00,9.68,NaN,8.81,NaN,8.37,8.94,NaN,NaN,NaN
"Wariner, Jeremy (USA) (1984)",21-Aug-08 time,0.209,NaN,NaN,20.9,NaN,31.6,NaN,44.7,44.74,7/2,NaN,9.57,NaN,9.35,NaN,7.63,8.94,172.0,NaN,NaN
"Bingham, Michael (GBR) (1983)",19-Aug-09 time,0.173,NaN,NaN,21.84,NaN,32.76,NaN,44.74,44.74,8/2,8.97,9.35,NaN,9.16,NaN,8.35,8.94,169.0,NaN,NaN
"McQuay, Tony (USA) (1990)",22-Jun-13 time,0.190,NaN,NaN,NaN,NaN,32.6,NaN,44.7,44.74,/2,NaN,NaN,NaN,9.20,NaN,8.26,8.94,NaN,NaN,NaN
"Borlée, Kevin (BEL) (1988)",24-Aug-15 time,0.158,NaN,11.10,16.20,21.44,26.91,32.51,38.41,44.74,44.74,8.24,9.94,9.80,9.54,9.14,8.93,8.47,7.90,8,4
"Hudson-Smith, Matthew (GBR) (1994)",06-Aug-17 time,0.142,NaN,10.81,NaN,21.03,NaN,32.09,38.14,44.60,44.74,9.25,NaN,9.78,NaN,9.04,8.26,7.74,8.94,2,4
"James, Kirani (GRN) (1992)",20-Jul-22 time,0.148,NaN,10.99,NaN,21.35,NaN,32.64,NaN,44.74,44.74,9.10,NaN,9.65,NaN,8.86,NaN,8.26,8.94,3,1
"Nene, Zakhiti (RSA) (1998)",08-Sep-22 time,0.137,NaN,11.06,16.20,21.49,26.87,32.50,38.39,44.74,44.74,8.22,10.04,9.73,9.45,9.29,8.88,8.49,7.87,7,4
"Nene, Zakhiti (RSA) (1998)",16-Jul-23 time,0.150,NaN,10.93,15.98,21.29,26.72,32.37,38.23,44.74,44.74,8.24,10.29,9.90,9.42,9.21,8.85,8.53,7.68,9,4
"Kennedy, Delano (JAM) (2004)",14-Sep-25 time,0.208,NaN,11.71,NaN,21.73,NaN,33.02,NaN,44.74,44.74,8.54,NaN,9.98,NaN,8.86,NaN,8.53,8.94,3,4
"Clark, Darren (AUS) (1965)",08-Aug-84 time,0.269,NaN,NaN,NaN,21.2,NaN,32.3,NaN,44.8,44.75,NaN,NaN,9.43,NaN,9.01,NaN,8.00,8.94,5,4
"Nix, Sunder (USA) (1961)",08-Aug-84 time,0.243,NaN,NaN,NaN,21.6,NaN,32.5,NaN,44.8,44.75,NaN,NaN,9.26,NaN,9.17,NaN,8.13,NaN,6,5
"Mills, Derek (USA) (1972)",18-May-96,NaN,NaN,NaN,NaN,22.0,NaN,32.7,NaN,44.8,44.75,NaN,NaN,9.09,NaN,9.35,NaN,8.26,8.94,5,2
"Ashley, Jamel (USA) (1979)",11-Jun-05,NaN,NaN,NaN,11.2,NaN,21.2,NaN,32.3,NaN,44.8,NaN,8.93,NaN,10.00,NaN,9.01,NaN,8.00,6,2
"Neville, David (USA) (1984)",24-Jun-06,NaN,NaN,NaN,11.46,NaN,21.78,NaN,32.67,NaN,44.75,NaN,8.73,NaN,9.69,NaN,9.18,NaN,8.28,8,3
"van Niekerk, Wayde (RSA) (1992)",20-Jul-22,0.168,NaN,NaN,10.84,NaN,20.97,NaN,32.35,NaN,44.75,NaN,9.23,NaN,9.87,NaN,8.79,NaN,8.06,4,2
"Sito, Luca (ITA) (2003)",09-Jun-24,0.153,NaN,NaN,11.20,NaN,21.53,NaN,32.60,NaN,44.75,NaN,8.93,NaN,9.68,NaN,9.03,NaN,8.23,5,1
"Singhapurage, Aruna Dharshana (SR)",06-Aug-24,0.178,NaN,6.30,11.33,16.39,21.65,27.18,32.90,38.75,44.75,NaN,7.94,9.94,9.88,9.51,9.04,8.74,8.55,4,5
"Dobson, Charles (GBR) (1999)",30-Aug-24,0.145,NaN,6.13,11.22,16.45,21.80,27.29,32.94,38.77,44.75,NaN,8.16,9.82,9.56,9.35,9.11,8.85,8.58,2,6
"Bailey, Chris (USA) (2000)",28-Aug-25,0.192,NaN,6.11,10.97,15.98,21.15,26.50,32.06,38.07,44.75,NaN,8.18,10.29,9.98,9.67,9.35,8.99,8.32,6,5
"Simpson, Brandon (JAM) (1981)",23-Aug-04,0.277,NaN,NaN,NaN,NaN,21.6,NaN,32.4,NaN,44.7,NaN,NaN,NaN,9.26,NaN,9.26,NaN,8.13,6,5
"Merritt, LaShawn (USA) (1986)",30-Jun-08,NaN,NaN,NaN,10.97,16.06,21.56,26.98,32.84,38.55,44.76,NaN,9.12,9.82,9.09,9.23,8.53,8.76,8.05,5,2
"Zambrano, Anthony (COL) (1998)",10-Jun-21,0.152,NaN,6.3,11.4,16.7,22.1,27.5,33.1,38.8,44.76,NaN,7.94,9.80,9.43,9.26,9.26,8.93,8.77,5,1
"Richards, Jereem (TTO) (1994)",22-Aug-23,0.160,NaN,NaN,10.92,NaN,20.91,NaN,32.20,NaN,44.76,NaN,9.16,NaN,10.01,NaN,8.86,NaN,7.96,4,4
"Gardiner, Steven (BAH) (1995)",10-May-24,0.128,NaN,6.11,11.02,16.16,21.52,27.02,32.80,38.68,44.76,NaN,8.18,10.18,9.73,9.33,9.09,8.65,8.50,5,1
"Rouser, Jason (USA) (1970)",17-Jun-96,NaN,NaN,NaN,11.04,NaN,21.76,NaN,32.80,38.50,44.77,NaN,9.06,NaN,9.33,NaN,9.06,8.77,7.97,2,4
"Rouser, Jason (USA) (1970)",19-Jun-96,NaN,NaN,NaN,10.98,NaN,21.40,NaN,32.59,38.39,44.77,NaN,9.11,NaN,9.60,NaN,8.94,8.62,7.84,1,76
"Martin, Roxbert (JAM) (1969)",07-Jun-97,NaN,NaN,NaN,NaN,NaN,21.9,NaN,33.6,NaN,44.8,NaN,NaN,NaN,9.13,NaN,8.55,NaN,8.93,NaN,1
"Washington, Tyree (USA) (1976)",26-Aug-03,0.182,NaN,NaN,NaN,NaN,21.3,NaN,32.10,NaN,44.77,NaN,NaN,NaN,9.39,NaN,9.26,NaN,7.89,4,21
"Nellum, Bryshon (USA) (1989)",24-Aug-15,0.169,NaN,6.09,11.04,16.13,21.40,26.90,32.50,38.47,44.77,8.21,10.10,9.82,9.49,9.09,8.93,8.38,7.94,8,5
"Francis, Javon (JAM) (1994)",24-Aug-15,0.177,NaN,6.26,11.19,16.22,21.50,27.09,32.62,38.46,44.77,7.99,10.14,9.94,9.47,8.94,9.04,8.56,7.92,4,4
"Cherry, Michael (USA) (1995)",09-Jun-17,NaN,NaN,NaN,NaN,NaN,22.0,NaN,33.0,NaN,44.8,NaN,NaN,NaN,9.09,NaN,9.09,NaN,8.47,3,3
"Bloomfield, Akeem (JAM) (1997)",02-Oct-19,0.207,NaN,6.24,11.14,16.12,21.25,26.66,32.34,38.29,44.77,8.01,10.20,10.04,9.75,9.24,8.80,8.40,7.72,6,3
"Allison, Champion (USA) (1998)",22-Jul-22,0.148,NaN,NaN,11.22,NaN,21.57,NaN,32.76,NaN,44.77,NaN,8.91,NaN,9.66,NaN,8.94,NaN,8.33,6,4
"Willie, Ryan (USA) (2002)",16-Jul-23,0.153,NaN,6.09,11.01,16.07,21.42,26.96,32.66,38.53,44.77,8.21,10.16,9.88,9.35,9.03,8.77,8.52,8.01,8,5
"Sato, Kentaro (JPN) (1994)",20-Aug-23,0.172,NaN,6.24,11.31,16.46,21.71,27.07,32.71,38.59,44.77,8.01,9.86,9.71,9.52,9.33,8.87,8.50,8.09,6,2
"Watson, Antonio (JAM) (2001)",20-Aug-23,0.169,NaN,NaN,11.40,NaN,21.56,NaN,32.77,NaN,44.77,NaN,8.77,NaN,9.84,NaN,8.92,NaN,8.33,3,1
"Yahia Ibrahim, Ammar Ismail (QAT) (1",05-Aug-24,0.158,NaN,6.45,11.57,16.75,22.00,27.37,32.89,38.66,44.77,7.75,9.77,9.65,9.52,9.31,9.06,8.67,8.18,3,1
"Raquil, Marc (FRA) (1977)",26-Aug-03 time,0.174 interval velocity,NaN,NaN,NaN,21.8,NaN,33.0,NaN,44.79,44.79,9.17,NaN,8.93,NaN,8.48,8.93,NaN,NaN,5,2
"Brown, Chris (BAH) (1978)",06-Aug-12 time,0.166 interval velocity,NaN,NaN,11.1,NaN,21.5,NaN,32.4,NaN,44.8,9.01,NaN,9.62,NaN,9.17,NaN,8.06,8.93,6,4
"Taylor, Christopher (JAM) (1999)",05-Aug-21 time,0.158 interval velocity,NaN,10.98,15.99,21.28,26.77,32.47,38.42,44.79,44.79,9.45,9.11,8.77,8.40,7.85,8.93,181.0,9.11,9,6
"Richards, Jereem (TTO) (1994)",28-May-22 time,0.159 interval velocity,NaN,10.72,15.76,21.07,26.58,32.28,38.26,44.79,44.79,9.42,9.07,8.77,8.36,7.66,8.93,175.5,9.33,7,5
"Collett, Wayne (USA) (1949)",07-Sep-72 time,NaN,NaN,NaN,NaN,NaN,21.4,NaN,32.5,NaN,44.8,NaN,NaN,9.35,NaN,9.01,NaN,8.13,8.93,3,2
"Reynolds, Harry (Butch) (USA) (1964)",03-Sep-87 time,NaN,NaN,NaN,11.22,NaN,21.71,NaN,32.74,NaN,44.80,NaN,NaN,9.53,NaN,9.07,NaN,8.29,8.93,7,3
"Blackwood, Michael (JAM) (1976)",26-Aug-03 time,0.158 interval velocity,NaN,NaN,NaN,NaN,21.4,NaN,32.4,NaN,44.80,NaN,NaN,9.35,NaN,9.09,NaN,8.06,8.93,2,3
"Neville, David (USA) (1984)",21-Aug-08 time,0.293 interval velocity,NaN,NaN,NaN,NaN,21.1,NaN,31.7,NaN,44.8,NaN,NaN,9.48,NaN,9.43,NaN,7.63,8.93,9,3
"Djhone, Leslie (FRA) (1981)",19-Aug-09 time,0.165 interval velocity,NaN,NaN,11.32,NaN,21.87,NaN,32.85,NaN,44.80,NaN,NaN,9.48,NaN,9.11,NaN,8.37,8.93,3,3
"Nellum, Bryshon (USA) (1989)",24-Jun-12 time,0.225 interval velocity,NaN,NaN,NaN,NaN,21.9,NaN,32.9,NaN,44.80,NaN,NaN,9.13,NaN,9.09,NaN,8.40,8.93,7,3
"Norwood, Vernon (USA) (1992)",27-Jun-15 time,NaN,NaN,NaN,NaN,NaN,22.0,NaN,33.0,NaN,44.8,NaN,NaN,9.09,NaN,9.09,NaN,8.47,8.93,NaN,3
"Norman, Michael (USA) (1997)",24-Jun-17 time,NaN,NaN,NaN,NaN,NaN,21.25,NaN,32.52,NaN,44.80,NaN,NaN,9.80,NaN,8.87,NaN,8.14,8.93,3,7
"Kerley, Fred (USA) (1995)",30-Aug-18 time,0.140 interval velocity,NaN,NaN,NaN,NaN,21.3,NaN,32.5,NaN,44.80,NaN,NaN,9.80,NaN,8.93,NaN,8.13,8.93,5,1
"Norwood, Vernon (USA) (1992)",02-Jun-24,0.160,NaN,6.15,11.09,16.18,21.47,26.96,32.68,38.49,44.80,8.13,10.12,9.82,9.45,9.11,8.74,8.61,7.92,6,2
"James, Kirani (GRN) (1992)",05-Jul-25,0.153,NaN,6.10,11.08,16.24,21.44,26.88,32.51,38.40,44.80,8.20,10.04,9.69,9.62,9.19,8.88,8.49,7.81,9,7
"Schönlebe, Thomas (GDR) (1965)",31-Aug-87,NaN,NaN,NaN,11.52,NaN,21.79,NaN,32.76,NaN,44.81,NaN,8.68,NaN,9.74,NaN,9.12,NaN,8.30,NaN,1
"Johnson, Michael (USA) (1967)",17-Jun-96,NaN,NaN,NaN,11.52,NaN,21.85,NaN,32.70,38.40,44.81,NaN,8.68,NaN,9.68,NaN,9.22,8.77,7.80,6,2
"Borlée, Kevin (BEL) (1988)",06-Aug-12,0.151,NaN,NaN,11.2,NaN,21.9,NaN,32.8,NaN,44.8,NaN,8.93,NaN,9.35,NaN,9.17,NaN,8.33,9,5
"Haroun, Abdalelah (QAT) (1997)",22-Jul-16,0.202,NaN,6.22,11.06,16.05,21.25,26.68,32.38,38.36,44.81,8.04,10.33,10.02,9.62,9.21,8.77,8.36,7.75,6,1
"Kerley, Fred (USA) (1995)",18-May-19,0.158,NaN,NaN,10.6,NaN,20.8,NaN,32.3,NaN,44.81,NaN,9.43,NaN,9.80,NaN,8.70,NaN,7.99,5,1
"Lendore, Deon (TTO) (1992)",09-Sep-21,0.187,NaN,6.2,11.1,16.1,21.3,26.6,32.3,38.3,44.81,8.06,10.20,10.00,9.62,9.43,8.77,8.33,7.68,6,3
"Norwood, Vernon (USA) (1992)",09-Jun-22,0.168,NaN,6.14,11.13,16.35,21.63,27.05,32.68,38.46,44.81,8.14,10.02,9.58,9.47,9.23,8.88,8.65,7.87,6,2
"Hudson-Smith, Matthew (GBR) (1994)",07-Aug-22,0.157,NaN,6.0,10.8,15.8,20.9,26.4,32.2,38.2,44.81,8.33,10.42,10.00,9.80,9.09,8.62,8.33,7.56,7,2
"Deadmon, Bryce (USA) (1997)",16-Jul-23,0.155,NaN,6.07,11.03,16.08,21.36,26.92,32.69,38.54,44.81,8.24,10.08,9.90,9.47,8.99,8.67,8.55,7.97,6,6
"Nene, Zakhti (RSA) (1998)",05-Aug-24,0.140,NaN,6.14,11.15,16.38,21.72,27.23,32.83,38.60,44.81,8.14,9.98,9.56,9.36,9.07,8.93,8.67,8.05,4,1
"Pohorilko, Oleksandr (UKR) (2000)",27-Jun-25,0.195,NaN,6.18,11.25,16.35,21.62,26.96,32.53,38.37,44.81,8.09,9.86,9.80,9.49,9.36,8.98,8.56,7.76,7,2
"Dobson, Charles (GBR) (1999)",22-Aug-25,0.185,NaN,6.20,11.24,16.38,21.73,27.23,32.89,38.72,44.81,8.06,9.92,9.73,9.35,9.09,8.83,8.58,8.21,5,3
"Haley, Roddie (USA) (1965)",06-Jun-87,NaN,NaN,NaN,NaN,NaN,21.6,NaN,NaN,NaN,44.9,NaN,NaN,NaN,9.26,NaN,NaN,NaN,8.58,4,3
"Hall, Arman (USA) (1994)",10-Jun-16,NaN,NaN,NaN,NaN,NaN,21.8,NaN,32.8,NaN,44.8,NaN,NaN,NaN,9.17,NaN,9.09,NaN,8.33,5,1
"Verburg, David (USA) (1991)",03-Jul-16,0.203,NaN,NaN,11.1,NaN,21.6,NaN,32.6,NaN,44.8,NaN,9.01,NaN,9.52,NaN,9.09,NaN,8.20,4,3
"McDonald, Rusheen (JAM) (1992)",02-Sep-23,0.179,NaN,6.26,11.13,16.21,21.60,27.21,32.99,38.76,44.82,7.99,10.27,9.84,9.28,8.91,8.65,8.67,8.25,7,3
"Bailey, Chris (USA) (2000)",23-Jun-24,NaN,NaN,NaN,11.55,NaN,22.15,NaN,33.01,NaN,44.82,NaN,8.66,NaN,9.43,NaN,9.21,NaN,8.47,5,2
"Phijffers, Jonas (NED) (2003)",19-Jul-25,0.175,NaN,6.22,11.26,16.40,21.60,26.88,32.39,38.30,44.82,8.04,9.92,9.73,9.62,9.47,9.07,8.46,7.67,5,1
"Pillay, Lythe (RSA) (2003)",16-Sep-25,0.172,NaN,NaN,11.03,NaN,21.16,NaN,32.37,NaN,44.82,NaN,9.07,NaN,9.87,NaN,8.92,NaN,8.03,8,6
"McRae, Khaleb (USA) (2000)",16-Sep-25,0.184,NaN,NaN,10.99,NaN,21.34,NaN,32.44,NaN,44.82,NaN,9.10,NaN,9.66,NaN,9.01,NaN,8.08,6,4
"Hall, Darrell (USA) (1971)",09-Aug-95,NaN,NaN,NaN,NaN,NaN,20.8,NaN,NaN,NaN,44.8,NaN,NaN,NaN,9.62,NaN,NaN,NaN,8.33,1,6
"Martin, Roxbert (JAM) (1969)",29-Jul-96,0.283,NaN,NaN,NaN,NaN,21.40,NaN,32.6,NaN,44.83,NaN,NaN,NaN,9.35,NaN,8.93,NaN,8.18,5,6
"Reynolds, Harry (Butch) (USA) (1964)",13-Jun-97,NaN,NaN,NaN,NaN,NaN,21.7,NaN,NaN,NaN,44.8,NaN,NaN,NaN,9.22,NaN,NaN,NaN,8.66,NaN,1
"Young, Jerome (USA) (1976)",14-Jun-97,NaN,NaN,NaN,NaN,NaN,22.2,NaN,NaN,NaN,44.8,NaN,NaN,NaN,9.01,NaN,NaN,NaN,8.85,NaN,3
"Djhone, Leslie (FRA) (1981)",26-Aug-03,0.170,NaN,NaN,NaN,NaN,21.4,NaN,32.40,NaN,44.83,NaN,NaN,NaN,9.35,NaN,9.09,NaN,8.05,8,4
"Borlée, Jonathan (BEL) (1988)",06-Aug-12,0.173,NaN,NaN,11.1,NaN,21.6,NaN,32.6,NaN,44.8,NaN,9.01,NaN,9.52,NaN,9.09,NaN,8.20,2,6
"Norwood, Vernon (USA) (1992)",04-Jul-21,0.196,NaN,6.2,11.2,16.3,21.5,26.9,32.5,38.4,44.83,8.06,10.00,9.80,9.62,9.26,8.93,8.47,7.78,4,4
"Makwala, Isaac (BOT) (1986)",03-Sep-21,0.200,NaN,6.2,11.2,16.3,21.6,27.1,32.6,38.4,44.83,8.06,10.00,9.80,9.43,9.09,9.09,8.62,7.78,8,3
"Norwood, Vernon (USA) (1992)",16-Sep-25,0.192,NaN,NaN,11.03,NaN,21.38,NaN,32.45,NaN,44.83,NaN,9.07,NaN,9.66,NaN,9.03,NaN,8.08,8,5
"McKenley, Herb (JAM) (1922)",23-Aug-47,NaN,NaN,NaN,NaN,NaN,22.7,NaN,NaN,NaN,45.0,NaN,NaN,NaN,8.81,NaN,NaN,NaN,8.97,NaN,1
"Collett, Wayne (USA) (1949)",26-Jun-71,NaN,NaN,NaN,NaN,NaN,21.2,NaN,NaN,NaN,44.7,NaN,NaN,NaN,9.43,NaN,NaN,NaN,8.51,NaN,2
"Mitchell, Richard (AUS) (1955)",30-Jul-80,0.152,NaN,NaN,NaN,NaN,21.8,NaN,33.0,NaN,44.9,NaN,NaN,NaN,9.17,NaN,8.93,NaN,8.40,4,2
"Moncur, Avard (BAH) (1978)",02-Jun-01,NaN,NaN,NaN,NaN,NaN,21.3,NaN,NaN,NaN,44.8,NaN,NaN,NaN,9.39,NaN,NaN,NaN,8.51,NaN,1
"Wariner, Jeremy (USA) (1984)",06-May-06,NaN,NaN,NaN,NaN,NaN,21.8,NaN,NaN,NaN,44.80,NaN,NaN,NaN,9.17,NaN,NaN,NaN,8.70,NaN,1
"Larry, Lionel (USA) (1986)",23-Jun-07,NaN,NaN,NaN,NaN,NaN,21.3,NaN,32.3,NaN,44.8,NaN,NaN,NaN,9.39,NaN,9.09,NaN,8.00,7,3
"Brown, Chris (BAH) (1978)",21-Aug-08,0.231,NaN,NaN,NaN,NaN,21.3,NaN,31.9,NaN,44.8,NaN,NaN,NaN,9.39,NaN,9.43,NaN,7.75,5,4
"Roberts, Gil (USA) (1989)",06-Aug-17,0.170,NaN,NaN,10.68,NaN,20.68,NaN,31.84,37.94,44.67,NaN,9.36,NaN,10.00,NaN,8.96,8.20,7.43,7,3
"Karam, Youssef (KUW) (1993)",22-Apr-19,0.149,NaN,6.20,11.17,16.22,21.49,26.94,32.58,38.44,44.84,8.06,10.06,9.90,9.49,9.17,8.87,8.53,7.81,6,1
"Molnár, Attila (HUN) (2002)",20-Aug-23,0.172,NaN,11.25,NaN,21.46,NaN,32.95,NaN,44.84,44.84,NaN,8.89,NaN,9.79,NaN,8.70,NaN,8.41,9,3
"McDonald, Rusheen (JAM) (1992)",08-Sep-23,0.177,NaN,6.17,11.07,16.15,21.49,27.08,32.74,38.56,44.84,8.10,10.20,9.84,9.36,8.94,8.83,8.59,7.96,4,1
"Ogazi, Samuel (NGR) (2006)",13-Jun-25,NaN,NaN,NaN,NaN,21.1,NaN,NaN,NaN,44.84,44.84,NaN,NaN,NaN,9.48,NaN,NaN,8.42,8.92,6,1
"Enyingi, Patrik (HUN) (2001)",27-Jun-25,0.153,NaN,6.06,11.05,16.17,21.42,26.93,32.68,38.54,44.84,8.25,10.02,9.77,9.52,9.07,8.70,8.53,7.94,3,3
"Phijffers, Jonas (NED) (2003)",28-Aug-25,0.166,NaN,6.36,11.42,16.59,21.84,27.24,32.81,38.63,44.84,7.86,9.88,9.67,9.52,9.26,8.98,8.59,8.05,5,1
"Harrison, Calvin (USA) (1974)",15-Jul-04,NaN,NaN,NaN,11.40,NaN,21.72,27.17,32.72,38.48,44.85,NaN,8.77,NaN,9.69,9.17,9.01,8.68,7.85,7,5
"Borlée, Jonathan (BEL) (1988)",24-Aug-15,0.158,NaN,6.18,11.16,16.28,21.59,27.08,32.64,38.47,44.85,8.09,10.04,9.77,9.42,9.11,8.99,8.58,7.84,9,5
"Allen, Nathon (JAM) (1995)",21-Jul-19,0.149,NaN,NaN,11.1,NaN,21.2,NaN,32.2,NaN,44.85,NaN,9.01,NaN,9.90,NaN,9.09,NaN,7.91,6,3
"Dobson, Charles (GBR) (1999)",14-Sep-25,0.153,NaN,NaN,11.09,NaN,21.39,NaN,32.73,NaN,44.85,NaN,9.02,NaN,9.71,NaN,8.82,NaN,8.25,5,3
"Dobson, Charles (GBR) (1999)",16-Sep-25,0.149,NaN,NaN,11.12,NaN,21.38,NaN,32.58,NaN,44.85,NaN,8.99,NaN,9.75,NaN,8.93,NaN,8.15,4,7
"Jefferson, Zeke (USA) (1961)",16-May-81,NaN,NaN,NaN,NaN,NaN,21.5,NaN,33.0,NaN,44.9,NaN,NaN,NaN,9.30,NaN,8.70,NaN,8.40,NaN,1
"Schersing, Mathias (GDR) (1964)",21-Jul-84,NaN,NaN,NaN,NaN,NaN,21.83,NaN,32.80,NaN,44.86,NaN,8.80,NaN,9.56,NaN,9.12,NaN,8.29,NaN,1
"Hernández, Roberto (CUB) (1967)",29-Aug-91,NaN,NaN,NaN,NaN,NaN,21.51,NaN,NaN,NaN,44.86,NaN,NaN,NaN,9.30,NaN,NaN,NaN,8.57,6,4
"Hall, Quincy (USA) (1998)",20-Aug-23,0.181,NaN,NaN,11.38,NaN,21.76,NaN,33.05,NaN,44.86,9.63,NaN,8.86,NaN,8.47,8.92,159.0,8.79,5,2
"Bailey, Chris (USA) (2000)",21-Jun-24,NaN,NaN,NaN,11.45,NaN,21.98,NaN,32.86,NaN,44.86,9.50,NaN,9.19,NaN,8.33,8.92,179.2,8.73,4,2
"Robinson, Chris (USA) (2001)",04-May-25,0.230,NaN,NaN,11.17,NaN,21.49,NaN,32.63,NaN,44.86,9.69,NaN,8.98,NaN,8.18,8.92,NaN,8.95,7,2
"Norwood, Vernon (USA) (1992)",06-Jun-25,0.160,NaN,6.13,11.17,16.34,21.67,27.11,32.67,38.48,44.86,9.19,8.99,8.61,7.84,8.92,NaN,8.95,9.52,3,5
"Schaffer, Frank (GDR) (1958)",30-Jul-80,0.148,NaN,NaN,NaN,NaN,21.2,NaN,32.4,NaN,44.9,NaN,NaN,8.93,NaN,8.00,8.91,173.0,NaN,6,3
"Christopher, Tyler (CAN) (1983)",22-Sep-07,0.160,NaN,NaN,11.06,NaN,21.44,NaN,38.73,NaN,44.87,9.63,NaN,5.78,NaN,16.29,8.91,NaN,9.04,3,2
"Norwood, Vernon (USA) (1992)",28-May-21,0.177,NaN,6.1,11.0,16.2,21.5,27.0,32.8,38.5,44.87,9.09,8.62,8.77,7.85,8.91,170.5,9.09,9.52,7,5
"Ndori, Bayapo (BOT) (1999)",17-Jul-22,0.140,NaN,NaN,11.17,NaN,21.46,NaN,32.55,NaN,44.87,9.72,NaN,9.02,NaN,8.12,8.91,174.2,8.95,8,1
"Willie, Ryan (USA) (2002)",08-Jul-23,0.195,NaN,NaN,11.43,NaN,21.99,NaN,33.17,NaN,44.87,9.47,NaN,8.94,NaN,8.55,8.91,NaN,8.75,3,5
"Norwood, Vernon (USA) (1992)",20-Aug-23,0.194,NaN,NaN,11.28,NaN,21.56,NaN,32.76,NaN,44.87,9.73,NaN,8.93,NaN,8.26,8.91,173.0,8.87,4,2
"Doom, Alexander (BEL) (1997)",09-Jun-24,0.197,NaN,NaN,11.24,NaN,21.42,NaN,32.73,NaN,44.87,9.82,NaN,8.84,NaN,8.24,8.91,179.0,8.90,5,1
"Ndori, Bayapo (BOT) (1999)",04-Aug-24,0.156,NaN,6.14,11.03,16.05,21.22,26.60,32.24,38.21,44.87,9.96,9.67,9.29,8.87,8.38,7.51,8.91,175.0,2,2
"Mance, Josh (USA) (1992)",24-Jun-12,0.190,NaN,NaN,NaN,21.7,NaN,32.6,NaN,44.88,44.88,NaN,NaN,9.22,NaN,9.17,NaN,8.14,8.91,4,4
"Norman, Michael (USA) (1997)",09-Jun-17,NaN,NaN,NaN,NaN,20.8,NaN,32.4,NaN,44.9,44.88,NaN,NaN,9.62,NaN,8.62,NaN,8.00,8.91,7,4
"Allen, Nathon (JAM) (1995)",08-Aug-17,0.158,NaN,6.03,10.94,15.87,20.96,26.33,31.99,38.06,44.88,8.29,10.18,10.14,9.82,9.31,8.83,8.24,7.33,5,5
"Ingvalsen, Håvard Bentdal (NOR) (20)",23-Jun-23,0.233,NaN,NaN,11.49,NaN,21.86,NaN,33.19,NaN,44.88,NaN,8.70,NaN,9.64,NaN,8.83,NaN,8.55,8,1
"Norwood, Vernon (USA) (1992)",16-Jul-23,0.174,NaN,6.15,11.13,16.23,21.52,27.00,32.74,38.60,44.88,8.13,10.04,9.80,9.45,9.12,8.71,8.53,7.96,7,7
"Nene, Zakhti (RSA) (1998)",20-Aug-23,0.145,NaN,NaN,11.10,NaN,21.39,NaN,32.49,NaN,44.88,NaN,9.01,NaN,9.72,NaN,9.01,NaN,8.07,8,4
"Sato, Fuga (JPN) (1996)",22-Aug-23,0.150,NaN,6.02,10.88,15.85,21.09,26.60,32.40,38.38,44.88,8.31,10.29,10.06,9.54,9.07,8.62,8.36,7.69,6,4
"Newhouse, Fred (USA) (1948)",28-Jul-76,NaN,NaN,NaN,11.10,NaN,21.49,NaN,32.47,NaN,44.89,NaN,9.01,NaN,9.62,NaN,9.11,NaN,8.05,2,1
"Campbell, Milton (USA) (1976)",13-Jun-97,NaN,NaN,NaN,NaN,22.0,NaN,32.7,NaN,44.9,44.89,NaN,NaN,9.09,NaN,9.35,NaN,8.20,8.91,NaN,2
"Mance, Josh (USA) (1992)",28-Jun-14,NaN,NaN,NaN,11.4,NaN,22.0,NaN,33.1,NaN,44.9,NaN,8.77,NaN,9.43,NaN,9.01,NaN,8.47,NaN,2
"Haroun, Abdalelah (QAT) (1997)",26-Aug-18,0.213,NaN,6.20,11.17,16.30,21.61,27.17,32.86,38.77,44.89,8.06,10.06,9.75,9.42,8.99,8.79,8.46,8.17,3,1
"Jones, Jonathan (BAR) (1999)",07-Aug-22,0.160,NaN,6.2,11.1,16.1,21.3,26.8,32.5,38.4,44.89,8.06,10.20,10.00,9.62,9.09,8.77,8.47,7.70,5,3
"Bailey, Chris (USA) (2000)",04-Aug-24,0.209,NaN,6.29,11.30,16.36,21.57,26.96,32.53,38.46,44.89,7.95,9.98,9.88,9.60,9.28,8.98,8.43,7.78,3,2
"Schönlebe, Thomas (GDR) (1965)",26-Sep-88,0.207,NaN,11.51,NaN,22.18,NaN,33.23,NaN,44.90,44.90,8.69,NaN,9.37,NaN,9.05,NaN,8.57,8.91,2,5
"Williams, Andrae (BAH) (1983)",11-Jun-05,NaN,NaN,NaN,11.0,NaN,21.7,NaN,32.7,NaN,44.9,9.09,NaN,9.35,NaN,9.09,NaN,8.20,8.91,8,3
"Borlée, Kevin (BEL) (1988)",30-Aug-11,0.182,NaN,NaN,NaN,21.7,NaN,32.7,NaN,44.90,44.90,NaN,NaN,9.22,NaN,9.09,NaN,8.20,8.91,6,3
"Deadmon, Bryce (USA) (1997)",16-Sep-23,0.145,NaN,6.10,11.16,16.30,21.62,27.17,32.87,38.68,44.90,8.20,9.88,9.73,9.40,9.01,8.77,8.61,8.04,3,7
"Morales-Williams, Christopher (CAN)",20-Jul-24,0.188,NaN,6.17,11.04,16.06,21.35,26.85,32.63,38.56,44.90,8.10,10.27,9.96,9.45,9.09,8.65,8.43,7.89,6,6
"Segers, Daniel (BEL) (2001)",22-Aug-25,0.169,NaN,6.20,11.12,16.19,21.40,26.84,32.52,38.52,44.90,8.06,10.16,9.86,9.60,9.19,8.80,8.33,7.84,2,4
"Black, Roger (GBR) (1966)",29-Jun-91,NaN,NaN,NaN,11.53,NaN,21.91,NaN,32.90,NaN,44.91,NaN,8.67,NaN,9.63,NaN,9.10,NaN,8.33,NaN,1
"Davis, Jerome (USA) (1977)",26-Jun-99,NaN,NaN,NaN,NaN,NaN,21.8,NaN,NaN,NaN,44.9,NaN,NaN,NaN,9.17,NaN,NaN,NaN,8.66,NaN,2
"Wariner, Jeremy (USA) (1984)",08-Aug-04,NaN,NaN,NaN,11.05,NaN,21.64,NaN,32.76,NaN,44.91,NaN,9.05,NaN,9.44,NaN,8.99,NaN,8.23,NaN,1
"Maslák, Pavel (CZE) (1991)",13-Aug-13,0.169,NaN,NaN,11.2,NaN,21.8,NaN,32.9,NaN,44.9,NaN,8.93,NaN,9.43,NaN,9.01,NaN,8.33,1,5
"James, Kirani (GRN) (1992)",20-Aug-23,0.166,NaN,NaN,11.12,NaN,21.70,NaN,33.16,NaN,44.91,NaN,8.99,NaN,9.45,NaN,8.73,NaN,8.51,6,1
"Boiling, Matthew (USA) (2000)",23-Jun-24,NaN,NaN,NaN,10.78,NaN,21.02,NaN,32.65,NaN,44.91,NaN,9.28,NaN,9.77,NaN,8.60,NaN,8.16,8,3
"Powell, Javaughn (JAM) (2000)",06-Aug-24,0.155,NaN,6.07,10.86,15.78,20.94,26.41,32.16,38.31,44.91,NaN,8.24,10.44,10.16,9.69,9.14,8.70,8.13,9,4
"Samukonga, Muzala (ZAM) (2002)",22-Aug-25,0.265,NaN,6.21,10.97,15.98,21.32,26.89,32.70,38.69,44.91,8.05,10.50,9.98,9.36,8.98,8.61,8.35,8.04,4,5
"Ferlan, Rok (SLO) (1997)",14-Sep-25,0.188,NaN,NaN,11.10,NaN,21.44,NaN,32.63,NaN,44.91,NaN,9.01,NaN,9.67,NaN,8.94,NaN,8.14,6,5
"Sang, Julius (KEN) (1948)",07-Sep-72,NaN,NaN,NaN,NaN,NaN,21.6,NaN,32.7,NaN,45.0,NaN,NaN,NaN,9.26,NaN,9.01,NaN,8.13,5,3
"Tiacoh, Gabriel (CIV) (1963)",01-Jun-85,NaN,NaN,NaN,NaN,NaN,22.0,NaN,33.0,NaN,45.0,NaN,NaN,NaN,9.09,NaN,9.09,NaN,8.33,5,3
"Taylor, Angelo (USA) (1978)",22-Sep-07,0.156,NaN,NaN,11.29,NaN,21.90,NaN,38.96,NaN,44.92,NaN,8.86,NaN,9.43,NaN,5.86,NaN,16.78,6,3
"Feliz, Lidio Andres (DOM) (1997)",16-Jun-22,0.187,NaN,6.20,11.07,16.01,21.15,26.60,32.40,38.40,44.92,8.06,10.27,10.12,9.73,9.17,8.62,8.33,7.67,4,2
"Zambrano, Anthony (COL) (1998)",20-Aug-23,0.223,NaN,NaN,11.03,NaN,21.29,NaN,32.62,NaN,44.92,NaN,9.07,NaN,9.75,NaN,8.83,NaN,8.13,9,5
"Doom, Alexander (BEL) (1997)",20-Aug-23,0.171,NaN,NaN,11.50,NaN,21.59,NaN,32.90,NaN,44.92,NaN,8.70,NaN,9.91,NaN,8.84,NaN,8.32,5,2
"James, Kirani (GRN) (1992)",06-Jun-25,0.171,NaN,6.21,11.29,16.49,21.82,27.24,32.82,38.65,44.92,8.05,9.84,9.62,9.38,9.23,8.96,8.58,7.97,5,6
"McKiver, Jenoah (USA) (2002)",01-Aug-25,NaN,NaN,NaN,11.12,NaN,20.99,NaN,32.20,NaN,44.92,NaN,8.99,NaN,10.13,NaN,8.92,NaN,7.86,8,2
"Uti, Sunday (NGR) (1962)",08-Aug-84,0.186,NaN,NaN,NaN,NaN,21.8,NaN,NaN,NaN,44.93,NaN,NaN,NaN,9.17,NaN,NaN,NaN,8.65,2,6
"Benjamin, Tim (GBR) (1982)",12-Aug-05,NaN,NaN,NaN,NaN,NaN,NaN,NaN,32.5,NaN,44.9,NaN,NaN,NaN,NaN,NaN,9.23,NaN,8.06,1,5
"Collazo, William (CUB) (1986)",19-Aug-09,0.147,NaN,NaN,10.97,NaN,21.56,NaN,32.67,NaN,44.93,NaN,9.12,NaN,9.44,NaN,9.00,NaN,8.16,5,3
"Strother, Nathan (USA) (1995)",30-Aug-18,0.156,NaN,NaN,11.3,NaN,21.7,NaN,32.7,NaN,44.93,NaN,8.85,NaN,9.62,NaN,9.09,NaN,8.18,3,2
"Lendore, Deon (TTO) (1992)",02-Aug-21,0.193,NaN,NaN,NaN,NaN,21.0,NaN,NaN,NaN,44.93,NaN,NaN,NaN,9.52,NaN,NaN,NaN,2.23,7,4
"Ogando, Alexander (DOM) (2000)",08-Sep-23,0.157,NaN,6.11,10.98,16.14,21.51,27.16,32.88,38.83,44.93,8.18,10.27,9.69,9.31,8.85,8.74,8.40,8.20,2,2
"Norwood, Vernon (USA) (1992)",03-May-25,0.171,NaN,NaN,11.39,16.66,22.07,27.53,33.11,38.77,44.93,NaN,8.78,9.49,9.24,9.16,8.96,8.83,8.12,8,4
"Scotti, Edoardo (ITA) (2000)",27-Jun-25,0.191,NaN,6.17,11.21,16.24,21.47,26.93,32.60,38.44,44.93,8.10,9.92,9.94,9.56,9.16,8.82,8.56,7.70,NaN,1
"Matthews, Vince (USA) (1947)",14-Sep-68,NaN,NaN,NaN,NaN,NaN,20.7,NaN,NaN,NaN,44.8,NaN,NaN,NaN,9.66,NaN,NaN,NaN,8.30,5,4
"Evans, Lee (USA) (1947)",21-Jun-69,NaN,NaN,NaN,NaN,NaN,21.4,NaN,NaN,NaN,44.8,NaN,NaN,NaN,9.35,NaN,NaN,NaN,8.55,NaN,2
"Reynolds, Harry (Butch) (USA) (1964)",01-Sep-87,NaN,NaN,NaN,11.46,NaN,21.80,NaN,33.00,NaN,44.94,NaN,8.73,NaN,9.67,NaN,8.93,NaN,8.38,2,4
"Cameron, Bert (JAM) (1959)",28-Sep-88,0.176,NaN,NaN,11.22,NaN,21.66,NaN,32.68,NaN,44.94,NaN,8.91,NaN,9.58,NaN,9.07,NaN,8.16,2,6
"Djhone, Leslie (FRA) (1981)",23-Aug-04,0.178,NaN,NaN,NaN,NaN,21.6,NaN,32.7,NaN,44.9,NaN,NaN,NaN,9.26,NaN,9.01,NaN,8.20,2,7
"Neville, David (USA) (1984)",10-Jun-06,NaN,NaN,NaN,11.2,NaN,21.4,NaN,32.5,NaN,44.9,NaN,8.93,NaN,9.80,NaN,9.01,NaN,8.06,4,3
"Williamson, Darold (USA) (1983)",24-Jun-06,NaN,NaN,NaN,11.61,NaN,21.96,NaN,32.88,NaN,44.94,NaN,8.61,NaN,9.66,NaN,9.16,NaN,8.29,6,4
"Lendore, Deon (TTO) (1992)",07-Jun-13,NaN,NaN,NaN,NaN,NaN,21.9,NaN,33.0,NaN,44.9,NaN,NaN,NaN,9.13,NaN,9.01,NaN,8.40,NaN,2
"Makwala, Isaac (BOT) (1986)",05-Aug-21,0.167,NaN,6.05,10.90,15.89,21.02,26.33,32.00,38.16,44.94,8.26,10.31,10.02,9.75,9.42,8.82,8.12,7.37,2,7
"Scotch, Leungo (BOT) (1996)",30-Jun-23,0.148,NaN,6.05,11.08,16.21,21.52,27.01,32.73,38.63,44.94,8.26,9.94,9.75,9.42,9.11,8.74,8.47,7.92,5,1
"Bailey, Sean (JAM) (1997)",22-Aug-23,0.165,NaN,6.13,11.08,16.12,21.41,26.92,32.69,38.63,44.94,8.28,10.25,10.10,9.71,9.33,8.93,8.50,7.81,4,2
"Boling, Matthew (USA) (2000)",21-Jun-24,NaN,NaN,NaN,10.70,NaN,21.06,NaN,32.46,NaN,44.94,NaN,9.35,NaN,9.65,NaN,8.77,NaN,8.01,4,2
"Wilson, Quincy (USA) (2008)",24-Jun-24,NaN,NaN,NaN,11.29,NaN,21.72,NaN,32.96,NaN,44.94,NaN,8.86,NaN,9.59,NaN,8.90,NaN,8.35,2,6
"Diouf, Cheikh Tidiane (SEN) (1995)",06-Aug-24,0.181,NaN,6.11,11.16,16.41,21.75,27.22,32.88,38.74,44.94,8.18,9.90,9.52,9.36,9.14,8.83,8.53,8.06,2,6
"Holder, Reece (AUS) (2002)",06-Aug-24,0.144,NaN,6.07,10.85,15.77,20.97,26.46,32.20,38.30,44.94,8.24,10.46,10.16,9.62,9.11,8.71,8.20,7.53,4,5
"James, Kirani (GRN) (1992)",03-May-25,0.164,NaN,6.12,11.00,16.17,21.44,26.87,32.64,38.67,44.94,8.17,10.25,9.67,9.49,9.21,8.67,8.29,7.97,4,5
"Dedewo, Paul (USA) (1991)",01-Aug-25,NaN,NaN,NaN,11.10,NaN,21.34,NaN,32.49,NaN,44.94,NaN,9.01,NaN,9.77,NaN,8.97,NaN,8.03,5,5
"Borlée, Dylan (BEL) (1992)",22-Aug-25,0.157,NaN,6.12,11.05,16.02,21.18,26.64,32.44,38.47,44.94,8.17,10.14,10.06,9.69,9.16,8.62,8.29,7.73,5,2
"Molnár, Attila (HUN) (2002)",16-Sep-25,0.173,NaN,NaN,11.16,NaN,21.28,NaN,32.62,NaN,44.94,NaN,8.96,NaN,9.88,NaN,8.82,NaN,8.12,3,5
"Frazier, Herman (USA) (1954)",29-Jul-76,NaN,NaN,NaN,NaN,NaN,21.6,NaN,32.8,NaN,45.0,NaN,NaN,NaN,9.26,NaN,8.93,NaN,8.20,NaN,NaN
"Carlowitz, Jens (GDR) (1964)",21-Jul-84,NaN,NaN,NaN,11.23,NaN,21.51,NaN,32.60,NaN,44.95,NaN,8.90,NaN,9.73,NaN,9.02,NaN,8.10,NaN,2
"Morris, Ian (TTO) (1961)",28-Sep-88,0.306,NaN,NaN,11.60,NaN,21.95,NaN,32.78,NaN,44.95,NaN,8.62,NaN,9.66,NaN,9.23,NaN,8.22,NaN,NaN
"Rock, Andrew (USA) (1982)",15-Jul-04,NaN,NaN,11.38,NaN,21.74,27.14,32.73,38.59,44.95,44.95,8.79,NaN,9.65,9.26,8.94,8.53,7.86,8.90,6,5
"Brown, Chris (BAH) (1978)",19-Aug-09,0.129,NaN,11.08,NaN,21.72,NaN,32.84,NaN,44.95,44.95,9.03,NaN,9.40,NaN,8.99,NaN,8.26,8.90,3,1
"Hudson-Smith, Matthew (GBR) (1994)",30-Aug-18,0.139,NaN,11.0,NaN,21.3,NaN,32.5,NaN,44.95,44.95,9.09,NaN,9.71,NaN,8.93,NaN,8.03,8.90,6,3
"Robinson, Justin (USA) (2002)",23-Jun-24,NaN,NaN,11.19,NaN,21.79,NaN,33.16,NaN,44.95,44.95,8.94,NaN,9.43,NaN,8.80,NaN,8.48,8.90,7,4
"Hudson-Smith, Matthew (GBR) (1994)",16-Sep-25,0.173,NaN,11.10,NaN,21.00,NaN,32.20,NaN,44.95,44.95,9.01,NaN,10.10,NaN,8.93,NaN,7.84,8.90,2,6
"Harrison, Calvin (USA) (1974)",26-Aug-03,0.176,NaN,NaN,NaN,21.5,NaN,32.3,NaN,44.96,44.96,NaN,NaN,9.30,NaN,9.26,NaN,7.90,8.90,3,4
"Mitchell, Manteo (USA) (1987)",24-Jun-12,0.191,NaN,NaN,NaN,21.2,NaN,32.3,NaN,44.96,44.96,NaN,NaN,9.43,NaN,9.01,NaN,7.90,8.90,3,5
"Igbokwe, Obi (USA) (1997)",06-Sep-19,0.136,NaN,6.1,11.0,16.0,21.2,26.6,32.4,38.4,44.96,8.20,10.20,10.00,9.62,9.26,8.62,8.33,7.96,3,4
"Mweresa, Boniface (KEN) (1993)",07-Aug-22,0.178,NaN,6.0,10.8,15.8,21.0,26.5,32.3,38.4,44.96,8.33,10.42,10.00,9.62,9.09,8.62,8.20,7.62,6,4
"Bailey, Sean (JAM) (1997)",24-Aug-23,0.169,NaN,NaN,11.18,NaN,21.67,NaN,32.90,NaN,44.96,NaN,8.94,NaN,9.53,NaN,8.90,NaN,8.29,9,5
"Morales-Williams, Christopher (CAN)",04-Aug-24,0.177,NaN,6.13,11.13,16.23,21.57,27.14,32.94,38.78,44.96,8.16,10.00,9.80,9.36,8.98,8.62,8.56,8.09,8,2
"Dobson, Charles (GBR) (1999)",04-Aug-24,0.156,NaN,6.14,11.15,16.25,21.57,27.08,32.77,38.69,44.96,8.14,9.98,9.80,9.40,9.07,8.79,8.45,7.97,5,1
"Egbunike, Innocent (NGR) (1961)",17-Aug-88,NaN,NaN,NaN,NaN,NaN,20.9,NaN,NaN,32.3,NaN,NaN,NaN,NaN,NaN,NaN,NaN,8.77,NaN,5,6
"Gardiner, Steven (BAH) (1995)",24-Aug-15,0.204,NaN,6.57,11.71,16.83,22.15,27.63,33.11,38.92,44.98,7.61,9.73,9.77,9.40,9.12,9.12,8.61,8.25,6,7
"Hudson-Smith, Matthew (GBR) (1994)",16-Aug-22,0.169,NaN,NaN,10.89,NaN,21.31,NaN,32.41,NaN,44.98,NaN,9.18,NaN,9.60,NaN,9.01,NaN,7.96,5,1
"Scotch, Leungo (BOT) (1996)",23-Jul-23,0.162,NaN,6.09,11.02,16.08,21.26,26.70,32.43,38.40,44.98,8.21,10.14,9.88,9.65,9.19,8.73,8.38,7.60,2,5
"Bailey, Sean (JAM) (1997)",20-Aug-23,0.183,NaN,NaN,11.36,NaN,21.70,NaN,33.05,NaN,44.98,NaN,8.80,NaN,9.67,NaN,8.81,NaN,8.38,3,3
"Sacoor, Jonathan (BEL) (1999)",10-Jun-24,0.184,NaN,NaN,11.10,NaN,21.44,NaN,32.42,NaN,44.98,NaN,9.01,NaN,9.67,NaN,9.11,NaN,7.96,5,4
"Lincoln, Judson (USA) (2004)",23-Jun-24,NaN,NaN,NaN,10.76,NaN,20.86,NaN,32.13,NaN,44.98,NaN,9.29,NaN,9.90,NaN,8.87,NaN,7.78,8,4
"Hernández, Roberto (CUB) (1967)",03-Sep-87,NaN,NaN,NaN,11.07,NaN,21.48,NaN,32.66,NaN,44.99,NaN,9.03,NaN,9.61,NaN,8.94,NaN,8.11,4,4
"Clarke, Davian (JAM) (1976)",29-Jul-96,0.348,NaN,NaN,NaN,NaN,21.37,NaN,32.7,NaN,44.99,NaN,NaN,NaN,9.36,NaN,8.83,NaN,8.14,6,7
"Witherspoon, Reggie (USA) (1985)",30-Jun-08,NaN,NaN,NaN,11.16,16.35,21.61,27.16,32.95,38.77,44.99,NaN,8.96,9.63,9.51,9.01,8.64,8.59,8.04,6,1
"Miller, Ramon (BAH) (1987)",19-Aug-09,0.157,NaN,NaN,11.26,NaN,21.99,NaN,32.80,NaN,44.99,NaN,8.88,NaN,9.32,NaN,9.25,NaN,8.20,5,5
"Gonzales, Jermaine (JAM) (1984)",30-Aug-11,0.138,NaN,NaN,NaN,NaN,NaN,NaN,32.7,NaN,44.99,NaN,NaN,NaN,NaN,NaN,9.17,NaN,8.14,3,4
"James, Kirani (GRN) (1992)",13-Aug-13,0.186,NaN,NaN,11.1,NaN,21.3,NaN,31.9,NaN,45.0,NaN,9.01,NaN,9.80,NaN,9.43,NaN,7.63,5,7
"Nene, Zakhti (RSA) (1998)",16-Jun-22,0.142,NaN,6.07,11.04,16.16,21.43,26.93,32.69,38.60,44.99,NaN,8.24,10.06,9.77,9.49,9.09,8.68,8.46,7,3
"Norwood, Vernon (USA) (1992)",02-Sep-23,0.166,NaN,6.19,11.30,16.56,22.00,27.52,33.20,38.86,44.99,8.08,9.78,9.51,9.19,9.06,8.80,8.83,8.16,6,4
"Sacoor, Jonathan (BEL) (1999)",09-Jun-24,0.165,NaN,NaN,11.17,NaN,21.59,NaN,32.64,NaN,44.99,NaN,8.95,NaN,9.60,NaN,9.05,NaN,8.10,4,2
"Sito, Luca (ITA) (2003)",04-Aug-24,0.163,NaN,6.13,11.11,16.20,21.49,27.01,32.70,38.54,44.99,8.16,10.04,9.82,9.45,9.06,8.79,8.56,7.75,8,3
"Singhapurage, Aruna Dharshana (SR)",04-Aug-24,0.192,NaN,6.41,11.38,16.34,21.58,27.12,32.83,38.75,44.99,7.80,10.06,10.08,9.54,9.03,8.76,8.45,8.01,9,3
"McPherson, Bovel (JAM) (2001)",16-Sep-25,0.187,NaN,NaN,10.93,NaN,21.05,NaN,32.34,NaN,44.99,NaN,9.15,NaN,9.88,NaN,8.86,NaN,7.91,9,6
"Johnson, Michael (USA) (1967)",01-Sep-00,NaN,NaN,NaN,11.42,NaN,22.22,NaN,33.20,NaN,45.00,NaN,8.76,NaN,9.26,NaN,9.11,NaN,8.47,NaN,1
"Harris, Otis (USA) (1982)",24-Jun-06,NaN,NaN,NaN,11.54,NaN,22.23,NaN,33.25,NaN,45.00,NaN,8.67,NaN,9.35,NaN,9.07,NaN,8.51,7,5
"Miller, Ramon (BAH) (1987)",18-Aug-09,0.143,NaN,NaN,11.16,NaN,21.70,NaN,32.74,NaN,45.00,NaN,8.96,NaN,9.49,NaN,9.06,NaN,8.16,4,1
"Clemons, Kyle (USA) (1990)",28-Jun-14,NaN,NaN,NaN,11.5,NaN,22.0,NaN,33.0,NaN,45.0,NaN,8.70,NaN,9.52,NaN,9.09,NaN,8.33,NaN,3
"Harris, Mar'yea (USA) (1997)",08-Jun-18,NaN,NaN,NaN,NaN,NaN,21.4,NaN,32.4,NaN,45.0,NaN,NaN,NaN,9.35,NaN,9.09,NaN,7.94,NaN,4
"Samba, Abderrahman (QAT) (1995)",12-Jul-19,0.141,NaN,NaN,11.2,NaN,21.6,NaN,32.8,NaN,45.00,NaN,8.93,NaN,9.62,NaN,8.93,NaN,8.20,3,2
"Bonevacia, Liemarvin (NED) (1989)",03-Sep-21,0.135,NaN,6.3,11.3,16.3,21.5,26.9,32.6,38.6,45.00,7.94,10.00,10.00,9.62,9.26,8.77,8.33,7.81,6,4
"Gakou, Amadou (SEN) (1940)",18-Oct-68,NaN,NaN,NaN,NaN,NaN,21.7,NaN,32.9,NaN,45.0,NaN,NaN,NaN,9.22,NaN,8.93,NaN,8.26,5,4
"Schönlebe, Thomas (GDR) (1965)",15-Jul-84,NaN,NaN,NaN,11.40,NaN,21.70,NaN,32.82,NaN,45.01,NaN,8.77,NaN,9.71,NaN,8.99,NaN,8.20,NaN,1
"Brew, Derrick (USA) (1977)",25-Jun-05,NaN,NaN,11.28,16.41,21.56,26.89,32.50,38.51,45.01,45.01,8.87,9.75,9.71,9.38,8.91,8.32,7.69,8.89,3,5
"Simpson, Brandon (JAM) (1981)",12-Aug-05,NaN,NaN,NaN,NaN,NaN,NaN,32.5,NaN,45.0,45.01,NaN,NaN,NaN,NaN,9.23,NaN,8.00,8.89,6,6
"Ashley, Jamel (USA) (1979)",24-Jun-06,NaN,NaN,11.10,NaN,21.44,NaN,32.65,NaN,45.01,45.01,9.01,NaN,9.67,NaN,8.92,NaN,8.09,8.89,2,6
"Witherspoon, Reggie (USA) (1985)",03-Jul-08,NaN,NaN,11.02,15.65,21.51,27.10,32.53,38.58,45.01,45.01,9.07,10.80,8.53,8.94,9.21,8.26,7.78,8.89,7,4
"Hall, Arman (USA) (1994)",22-Jun-13,0.203,NaN,NaN,NaN,NaN,NaN,32.6,NaN,45.0,45.01,NaN,NaN,NaN,NaN,9.20,NaN,8.06,8.89,NaN,3
"Kebinatshipi, Collen (BOT) (2004)",04-Jun-23,0.179,NaN,6.20,11.24,16.53,22.08,27.71,33.30,38.95,45.01,8.06,9.92,9.45,9.01,8.88,8.94,8.85,8.25,7,1
"Nene, Zakhiti (RSA) (1998)",04-Aug-24,0.134,NaN,6.06,10.96,15.99,21.27,26.75,32.49,38.43,45.01,8.25,10.20,9.94,9.47,9.12,8.71,8.42,7.60,4,4
"Doom, Alexander (BEL) (1997)",04-Aug-24,0.188,NaN,6.42,11.36,16.32,21.52,27.02,32.81,38.76,45.01,7.79,10.12,10.08,9.62,9.09,8.64,8.40,8.00,7,2
"Sito, Luca (ITA) (2003)",06-Aug-24,0.148,NaN,6.17,11.08,16.00,21.17,26.60,32.35,38.39,45.01,8.10,10.18,10.16,9.67,9.21,8.70,8.28,7.55,9,4-5
"Segers, Daniel (BEL) (2001)",28-Aug-25,0.163,NaN,6.39,11.52,16.77,22.05,27.46,33.08,38.93,45.01,7.82,9.75,9.52,9.47,9.24,8.90,8.55,8.22,1,6
"Raquil, Marc (FRA) (1977)",09-Aug-06,NaN,NaN,NaN,NaN,NaN,22.5,NaN,33.0,NaN,45.02,NaN,NaN,NaN,8.89,NaN,19.05,NaN,8.32,NaN,1
"Quow, Rennie (TTO) (1987)",21-Aug-09,0.195,NaN,6.49,11.73,17.08,22.45,27.82,33.29,39.06,45.02,7.70,9.54,9.35,9.31,9.31,9.14,8.67,8.39,3,3
"Hall, Arman (USA) (1994)",07-Jun-13,NaN,NaN,NaN,NaN,NaN,21.6,NaN,32.8,NaN,45.0,NaN,NaN,NaN,9.26,NaN,8.93,NaN,8.20,NaN,3
"Norwood, Vernon (USA) (1992)",28-Jun-14,NaN,NaN,NaN,11.5,NaN,22.1,NaN,33.2,45.0,45.02,NaN,8.70,NaN,9.43,NaN,9.01,8.47,8.88,NaN,4
"Perlaza, Alejandro (COL) (1994)",07-Jun-19,0.254,NaN,NaN,NaN,NaN,21.6,NaN,32.8,45.0,45.02,NaN,NaN,NaN,9.26,NaN,8.93,8.20,8.88,NaN,5
"Samukonga, Muzala (ZAM) (2002)",20-Jul-22,0.196,NaN,NaN,11.45,NaN,22.03,NaN,33.15,45.02,45.02,NaN,8.73,NaN,9.45,NaN,8.99,8.42,8.88,6,3
"Molnár, Attila (HUN) (2002)",22-Aug-23,0.156,NaN,NaN,11.04,NaN,21.21,NaN,32.55,45.02,45.02,NaN,9.06,NaN,9.83,NaN,8.82,8.02,8.88,9,6
"Scotch, Leungo (BOT) (1996)",30-May-24,0.157,NaN,6.13,11.02,16.09,21.38,26.88,32.59,38.54,45.02,8.16,10.22,9.86,9.45,9.09,8.76,8.40,7.72,8,4
"Hall, Quincy (USA) (1998)",30-May-24,0.201,NaN,6.36,11.37,16.45,21.69,27.13,32.78,38.68,45.02,7.86,9.98,9.84,9.54,9.19,8.85,8.47,7.89,4,5
"Larrengina, Elián (ARG) (2000)",06-Aug-24,0.154,NaN,6.16,11.12,16.16,21.36,26.80,32.60,38.67,45.02,8.12,10.08,9.92,9.62,9.19,8.62,8.24,7.87,2,26
"Al-Malky, Mohamed (OMA) (1962)",28-Sep-88,0.169,NaN,NaN,11.19,NaN,21.49,NaN,32.50,NaN,45.03,NaN,8.94,NaN,9.71,NaN,9.08,NaN,7.98,1,8
"Chambers, Ricardo (JAM) (1984)",11-Jun-05,NaN,NaN,NaN,11.1,NaN,21.5,NaN,32.6,NaN,45.0,NaN,9.01,NaN,9.62,NaN,9.01,NaN,8.06,3,4
"Neville, David (USA) (1984)",30-Jun-08,NaN,NaN,NaN,11.21,16.46,21.85,27.16,32.95,38.64,45.03,NaN,8.92,9.52,9.28,9.42,8.64,8.79,7.82,3,3
"Verburg, David (USA) (1991)",07-Jun-13,NaN,NaN,NaN,NaN,NaN,22.0,NaN,33.2,NaN,45.0,NaN,NaN,NaN,9.09,NaN,8.93,NaN,8.47,NaN,4
"Henriques, Anderson (BRA) (1992)",13-Aug-13,0.157,NaN,NaN,NaN,NaN,21.5,NaN,32.7,NaN,45.0,NaN,8.93,NaN,9.71,NaN,8.93,NaN,8.13,2,8
"Sacoor, Jonathan (BEL) (1999)",13-Jul-18,0.154,NaN,6.24,11.29,16.40,21.80,27.35,33.00,38.83,45.03,NaN,8.01,9.90,9.78,9.26,9.01,8.85,8.58,5,1
"Makwala, Isaac (BOT) (1986)",04-Jul-21,0.207,NaN,6.3,11.3,16.3,21.4,26.6,32.2,38.3,45.03,NaN,7.94,10.00,10.00,9.80,9.62,8.93,8.20,6,6
"Bredau, Jean Paul (GER) (1999)",09-Jun-24,0.160,NaN,11.20,NaN,21.49,NaN,32.72,45.03,45.03,5/2,8.93,NaN,9.72,NaN,8.90,8.12,8.88,175.0,NaN,NaN
"Ndori, Bayapo (BOT) (1999)",20-Jul-24,0.164,NaN,6.29,11.21,16.30,21.62,27.13,32.82,38.74,45.03,7.95,10.16,9.82,9.40,9.07,8.79,8.45,7.95,2,7
"Diouf, Cheikh Tidiane (SEN) (1995)",05-Aug-24,0.220,NaN,6.24,11.22,16.41,21.77,27.34,33.04,38.90,45.03,8.01,10.04,9.63,9.33,8.98,8.77,8.53,8.16,8,2
"Davis, Otis (USA) (1932)",06-Sep-60,NaN,NaN,NaN,10.9,NaN,21.5,NaN,32.4,NaN,44.9,NaN,NaN,NaN,9.17,NaN,9.43,NaN,8.00,3,1
"Kaufmann, Carl (FRG) (1936)",06-Sep-60,NaN,NaN,NaN,10.9,NaN,21.5,NaN,32.7,NaN,44.9,NaN,NaN,NaN,9.17,NaN,8.93,NaN,8.20,1,2
"Larrabee, Mike (USA) (1933)",12-Sep-64,NaN,NaN,NaN,10.4,NaN,20.9,NaN,32.1,NaN,44.9,NaN,NaN,NaN,9.62,NaN,8.93,NaN,7.81,NaN,1
"Matthews, Vince (USA) (1947)",09-Jul-72,NaN,NaN,NaN,NaN,NaN,21.4,NaN,NaN,NaN,44.9,NaN,NaN,NaN,NaN,NaN,NaN,NaN,8.51,5,3
"Brijdenback, Alfons (BEL) (1954)",29-Jul-76,NaN,NaN,NaN,NaN,NaN,21.8,NaN,32.6,NaN,45.1,NaN,NaN,NaN,NaN,NaN,NaN,NaN,8.00,8,4
"Davis, Jerome (USA) (1977)",21-Jun-98,NaN,NaN,NaN,NaN,NaN,22.0,NaN,NaN,NaN,45.0,NaN,NaN,NaN,NaN,NaN,NaN,NaN,8.70,NaN,4
"Williams, Noah (USA) (1999)",25-Jun-22,NaN,NaN,11.01,NaN,21.51,NaN,32.75,NaN,45.04,45.04,9.08,NaN,9.52,NaN,8.90,NaN,8.14,8.88,NaN,→6
"Joseph, Michael (LCA) (2002)",20-Aug-23,0.153,NaN,11.33,NaN,21.61,NaN,32.79,NaN,45.04,45.04,8.83,NaN,9.73,NaN,8.94,NaN,8.16,8.88,5,5
"Nakajima, Yuki Joseph (JPN) (2002)",22-Aug-23,0.215,NaN,6.23,11.19,16.22,21.51,26.96,32.69,38.64,45.04,8.28,10.25,10.10,9.71,9.33,8.93,8.50,7.81,9,3
"Molnár, Attila (HUN) (2002)",09-Jun-24,0.167,NaN,NaN,11.10,NaN,21.40,NaN,32.62,NaN,45.04,9.01,NaN,9.71,NaN,8.91,NaN,8.05,8.88,8,3
"Sito, Luca (ITA) (2003)",10-Jun-24,0.222,NaN,NaN,11.07,NaN,21.26,NaN,32.33,NaN,45.04,9.03,NaN,9.81,NaN,9.03,NaN,7.87,8.88,7,5
"McRae, Khaleb (USA) (2000)",31-May-25,0.220,NaN,NaN,14.41,NaN,24.76,NaN,36.06,NaN,45.04,6.94,NaN,9.66,NaN,8.85,NaN,11.14,8.88,2,2
"Segers, Daniel (BEL) (2001)",14-Sep-25,0.186,NaN,NaN,11.50,NaN,22.05,NaN,33.23,NaN,45.04,8.70,NaN,9.48,NaN,8.94,NaN,8.47,8.88,8,4
"Cameron, Bert (JAM) (1959)",10-Aug-83,NaN,NaN,NaN,NaN,21.8,NaN,NaN,NaN,45.05,45.05,NaN,NaN,NaN,NaN,NaN,NaN,8.60,8.88,4,1
"Watts, Quincy (USA) (1970)",17-Aug-93,NaN,NaN,NaN,NaN,21.85,NaN,NaN,NaN,45.05,45.05,NaN,NaN,NaN,NaN,NaN,NaN,8.62,8.88,5,4
"Brew, Derrick (USA) (1977)",21-Jun-03,NaN,NaN,NaN,NaN,21.59,NaN,32.81,38.79,45.05,45.05,NaN,NaN,NaN,NaN,9.26,8.91,7.99,8.88,4,4.2
"Gay, Tyson (USA) (1982)",01-May-10,NaN,NaN,NaN,NaN,NaN,NaN,NaN,NaN,45.05,45.05,9.43,NaN,NaN,NaN,NaN,NaN,8.71,8.88,NaN,1
"James, Kirani (GRN) (1992)",11-Jun-10,NaN,NaN,NaN,NaN,21.9,NaN,33.1,NaN,45.1,45.05,NaN,NaN,NaN,NaN,9.13,NaN,8.33,8.88,NaN,1
"Warholm, Karsten (NOR) (1996)",23-Aug-20,0.163,NaN,6.2,11.5,16.9,22.4,27.9,33.6,39.3,45.05,8.06,9.43,9.26,9.09,9.09,8.77,8.77,8.70,8,1
"Norwood, Vernon (USA) (1992)",04-Jun-23,0.243,NaN,6.21,11.18,16.32,21.64,27.11,32.77,38.63,45.05,8.05,10.06,9.73,9.40,9.14,8.83,8.53,7.79,4,2
"Barnes, Zandrion (JAM) (2001)",20-Aug-23,0.186,NaN,11.26,NaN,21.39,NaN,32.49,45.05,45.05,9 / 3,8.88,NaN,9.87,NaN,9.01,7.96,8.88,178.0,NaN,NaN
"Richards, Jereem (TTO) (1994)",31-May-25,0.200,NaN,14.08,NaN,24.24,NaN,35.61,45.05,45.05,6 / 3,7.10,NaN,9.84,NaN,8.80,10.59,8.88,NaN,NaN,NaN
"Bailey, Chris (USA) (2000)",16-Sep-25,0.178,NaN,11.12,NaN,21.45,NaN,32.58,45.05,45.05,5 / 7,8.99,NaN,9.68,NaN,8.98,8.02,8.88,NaN,NaN,NaN
"Redmond, Derek (GBR) (1965)",03-Sep-87,NaN,NaN,11.10,NaN,21.36,NaN,32.55,45.06,45.06,6 / 5,9.01,NaN,9.75,NaN,8.94,7.99,8.88,170.5,NaN,NaN
"Davis, Jerome (USA) (1977)",05-Jun-99,NaN,NaN,NaN,NaN,21.8,NaN,NaN,45.1,45.06,/ 3,NaN,NaN,9.17,NaN,NaN,8.58,8.88,NaN,NaN,NaN
"Canal, David (ESP) (1978)",13-Jun-04,0.191,NaN,11.03,NaN,21.25,NaN,32.55,45.06,45.06,/ 1,9.07,NaN,9.78,NaN,8.85,7.99,8.88,NaN,NaN,NaN
"Harris, Jerry (USA) (1981)",15-Jul-04,NaN,NaN,11.36,NaN,21.87,27.40,33.10,38.82,45.06,45.06,8.80,NaN,9.51,9.04,8.77,8.74,8.01,8.88,1,2
"Cedenio, Machel (TTO) (1995)",26-Aug-15,0.206,NaN,6.34,11.41,16.52,21.84,27.32,33.03,38.88,45.06,7.89,9.86,9.78,9.40,9.12,8.76,8.55,8.09,2,7
"Dunkley, Fitzroy (JAM) (1993)",10-Jun-16,NaN,NaN,NaN,NaN,21.7,NaN,32.9,NaN,45.1,45.06,NaN,NaN,9.22,NaN,8.93,NaN,8.20,8.88,2,2
"Igbokwe, Obi (USA) (1997)",21-Jul-19,0.128,NaN,NaN,10.8,NaN,20.9,NaN,32.0,NaN,45.06,9.26,NaN,9.90,NaN,9.01,NaN,7.66,8.88,3,4
"Lendore, Deon (TTO) (1992)",03-Sep-21,0.205,NaN,6.2,11.0,16.0,21.2,26.6,32.3,38.4,45.06,8.06,10.42,10.00,9.62,9.26,8.77,7.51,8.88,3,5
"Bonevacia, Liemarvin (NED) (1989)",23-Jun-23,0.213,NaN,NaN,11.32,NaN,21.63,NaN,32.89,NaN,45.06,NaN,NaN,8.83,NaN,9.70,NaN,8.88,NaN,5,3
"McRae, Khaleb (USA) (2000)",24-Jun-24,NaN,NaN,NaN,10.96,NaN,21.33,NaN,32.60,NaN,45.06,NaN,NaN,9.12,NaN,9.64,NaN,8.87,NaN,4,7
"Summer, Will (USA) (2003)",01-Aug-25,NaN,NaN,NaN,11.06,NaN,21.54,NaN,32.78,NaN,45.06,9.04,NaN,9.54,NaN,8.90,NaN,8.14,8.88,5,3
"Haughton, Gregory (JAM) (1973)",26-Aug-99,0.168,NaN,6.03,11.01,16.05,21.22,26.60,32.25,38.32,45.07,10.04,9.92,9.67,9.29,8.85,8.24,7.41,8.88,2,25
"Coley, Pete (JAM) (1981)",01-Jun-02,NaN,NaN,NaN,NaN,NaN,21.9,NaN,32.9,NaN,45.1,NaN,NaN,9.13,NaN,9.09,NaN,8.20,8.88,NaN,3
"Borlée, Jonathan (BEL) (1988)",30-Aug-11,0.160,NaN,NaN,NaN,NaN,21.7,NaN,32.9,NaN,45.07,NaN,NaN,9.22,NaN,8.93,NaN,8.22,8.88,8,5
"Berry, Mike (USA) (1991)",13-Jun-14,NaN,NaN,NaN,NaN,NaN,21.9,NaN,32.9,NaN,45.1,NaN,NaN,9.13,NaN,9.09,NaN,8.20,8.88,6,2
"Norwood, Vernon (USA) (1992)",24-Aug-15,0.182,NaN,6.13,11.01,16.00,21.24,26.76,32.49,38.52,45.07,10.25,10.02,9.54,9.06,8.73,8.29,7.63,8.88,9,6
"Brown, Chris (BAH) (1978)",24-Aug-15,0.178,NaN,5.99,10.85,15.87,21.14,26.71,32.45,38.51,45.07,10.29,9.96,9.49,8.98,8.71,8.25,7.62,8.88,2,7
"Janežić, Luka (SLO) (1995)",13-Aug-16,0.154,NaN,NaN,11.3,NaN,21.5,NaN,32.8,NaN,45.07,8.85,NaN,9.80,NaN,8.85,NaN,8.15,8.88,NaN,4
"Bonevacia, Liemarin (NED) (1989)",05-Aug-21,0.168,NaN,6.26,11.16,16.06,21.14,26.49,32.21,38.30,45.07,10.20,10.20,9.84,9.35,8.74,8.21,7.39,8.88,3,8
"Owens-Delerme, Ayden (PUR) (2000)",23-Jul-22,0.189,NaN,NaN,11.04,NaN,21.29,NaN,32.67,NaN,45.07,9.06,NaN,9.76,NaN,8.79,NaN,8.06,8.88,7,1
"Re, Davide (ITA) (1993)",20-Aug-23,0.153,NaN,NaN,11.48,NaN,22.01,NaN,33.35,NaN,45.07,8.71,NaN,9.50,NaN,8.82,NaN,8.53,8.88,4,4
"Ingvalsen, Håvard Bentdal (NOR) (20)",08-Sep-23,0.206,NaN,6.31,11.29,16.41,21.73,27.25,32.92,38.77,45.07,10.04,9.77,9.40,9.06,8.82,8.55,7.94,8.88,6,3
"Samukonga, Muzala (ZAM) (2002)",10-May-24,0.175,NaN,6.11,10.99,16.19,21.66,27.30,33.17,38.98,45.07,10.25,9.62,9.14,8.87,8.52,8.61,8.21,8.88,3,2
"Molnár, Attila (HUN) (2002)",10-Jun-24,0.193,NaN,NaN,11.12,NaN,21.45,NaN,32.66,NaN,45.07,8.99,NaN,9.68,NaN,8.92,NaN,8.06,8.88,3,6
"Mutinda, George (KEN) (2001)",14-Sep-25,0.202,NaN,NaN,11.48,NaN,21.97,NaN,33.05,NaN,45.07,NaN,8.71,NaN,9.53,NaN,9.03,NaN,8.32,7,5
"Carlowitz, Jens (GDR) (1964)",26-Sep-88,0.230,NaN,NaN,11.19,NaN,21.52,NaN,32.67,NaN,45.08,NaN,8.94,NaN,9.68,NaN,8.97,NaN,8.06,2,6
"Haydock-Wilson, Alex (GBR) (1999)",20-Jul-22,0.141,NaN,NaN,11.46,NaN,21.88,NaN,32.90,NaN,45.08,NaN,8.73,NaN,9.60,NaN,9.07,NaN,8.21,8,4
"Ingvalsen, Håvard Bentdal (NOR) (20)",24-Aug-23,0.199,NaN,NaN,11.39,NaN,21.66,NaN,32.91,NaN,45.08,NaN,8.78,NaN,9.74,NaN,8.89,NaN,8.22,3,46
"Blockburger, Johnnie (USA) (2002)",21-Jun-24,NaN,NaN,NaN,11.02,NaN,21.47,NaN,33.03,NaN,45.08,NaN,9.07,NaN,9.57,NaN,8.65,NaN,8.30,9,1
"Sacoor, Jonathan (BEL) (1999)",04-Aug-24,0.146,NaN,6.30,11.40,16.52,21.74,27.12,32.74,38.61,45.08,7.94,9.80,9.77,9.58,9.29,8.90,8.52,7.73,8,4
"Juantorena, Alberto (CUB) (1950)",30-Jul-80,0.220,NaN,NaN,NaN,NaN,21.5,NaN,32.9,NaN,45.1,NaN,NaN,NaN,9.30,NaN,8.77,NaN,8.20,3,4
"Valmon, Andrew (USA) (1965)",29-Aug-91,NaN,NaN,NaN,NaN,NaN,21.49,NaN,NaN,NaN,45.09,NaN,NaN,NaN,9.31,NaN,NaN,NaN,8.47,1,5
"Washington, Tyree (USA) (1976)",20-Jun-03,NaN,NaN,NaN,NaN,NaN,21.37,NaN,32.78,38.51,45.09,NaN,NaN,NaN,9.36,NaN,8.76,8.73,7.60,7,1
"Frolov, Vladislav (RUS) (1980)",09-Aug-06,NaN,NaN,NaN,NaN,NaN,22.3,NaN,32.9,NaN,45.09,NaN,NaN,NaN,8.97,NaN,18.87,NaN,8.20,NaN,2
"van Niekerk, Wayde (RSA) (1992)",27-Jun-13,0.217,NaN,NaN,11.2,NaN,21.3,NaN,32.5,NaN,45.09,NaN,8.93,NaN,9.90,NaN,8.93,NaN,7.94,NaN,2
"Mitchell, Manteo (USA) (1987)",28-Jun-14,NaN,NaN,NaN,11.4,NaN,22.2,NaN,33.4,NaN,45.1,NaN,8.77,NaN,9.26,NaN,8.93,NaN,8.55,NaN,5
"Hall, Arman (USA) (1994)",03-Jul-16,0.174,NaN,NaN,11.2,NaN,22.0,NaN,33.0,NaN,45.0,NaN,8.93,NaN,9.26,NaN,9.09,NaN,8.33,3,4
"Kebinatshipi, Collen (BOT) (2004)",22-Aug-25,0.146,NaN,6.01,10.79,15.83,21.12,26.68,32.46,38.57,45.09,8.32,10.46,9.92,9.45,8.99,8.65,8.18,7.67,1,6
"Juantorena, Alberto (CUB) (1950)",28-Jul-76,NaN,NaN,NaN,11.90,NaN,22.37,NaN,32.47,NaN,45.10,NaN,8.40,NaN,9.55,NaN,9.90,NaN,7.92,7,1
"Brijdenbach, Alfons (BEL) (1954)",30-Jul-80,0.140,NaN,NaN,NaN,NaN,21.1,NaN,32.4,NaN,45.1,NaN,NaN,NaN,9.48,NaN,8.85,NaN,7.87,1,5
"Cameron, Bert (JAM) (1959)",07-Aug-84,NaN,NaN,NaN,NaN,NaN,22.6,NaN,34.3,NaN,45.1,NaN,NaN,NaN,8.85,NaN,8.55,NaN,9.26,2,4
"Ismail, Ibrahim (QAT) (1972)",05-Aug-92,NaN,NaN,NaN,NaN,NaN,21.4,NaN,32.5,NaN,45.1,NaN,NaN,NaN,9.35,NaN,9.01,NaN,7.94,1,7
"Watts, Quincy (USA) (1970)",17-Jun-96,NaN,NaN,NaN,11.48,NaN,21.67,NaN,32.88,38.92,45.10,NaN,8.71,NaN,9.81,NaN,8.92,8.28,8.09,5,3
"Banda, Lewis (ZIM) (1982)",10-Jun-06,NaN,NaN,NaN,11.2,NaN,21.6,NaN,32.9,NaN,45.1,NaN,8.93,NaN,9.62,NaN,8.85,NaN,8.20,7,4
"Norwood, Vernon (USA) (1992)",12-Jun-15,NaN,NaN,NaN,NaN,NaN,22.2,NaN,NaN,NaN,45.1,NaN,NaN,NaN,9.01,NaN,NaN,NaN,8.73,4,1
"Borlée, Kevin (BEL) (1988)",06-Aug-17,0.146,NaN,NaN,11.20,NaN,21.56,NaN,32.65,38.60,44.95,NaN,8.93,NaN,9.65,NaN,9.02,8.40,7.87,9,4
"Richard, Tyrell (USA) (1997)",08-Jun-18,NaN,NaN,NaN,NaN,NaN,22.1,NaN,33.1,NaN,45.1,NaN,NaN,NaN,9.05,NaN,9.09,NaN,8.33,NaN,5
"Biron, Gilles (FRA) (1995)",02-Sep-23,0.198,NaN,6.30,11.40,16.63,22.08,27.50,33.11,38.87,45.10,7.94,9.80,9.56,9.17,9.23,8.91,8.68,8.03,9,5
"McDonald, Rusheen (JAM) (1992)",16-Sep-23,0.196,NaN,6.28,11.20,16.29,21.63,27.32,33.07,38.78,45.10,7.96,10.16,9.82,9.36,8.79,8.70,8.76,7.91,8,5
"Samukonga, Muzala (ZAM) (2002)",31-May-25,0.190,NaN,NaN,14.28,NaN,24.69,NaN,36.22,NaN,45.10,NaN,7.00,NaN,9.61,NaN,8.67,NaN,11.26,5,4
"Sato, Fuga (JPN) (1996)",14-Sep-25,0.170,NaN,NaN,11.49,NaN,22.06,NaN,33.25,NaN,45.10,NaN,8.70,NaN,9.46,NaN,8.94,NaN,8.44,2,5
"Rooney, Martyn (GBR) (1987)",21-Aug-08,0.208,NaN,NaN,NaN,21.5,32.1,45.1,45.12,8/6,NaN,NaN,NaN,9.30,9.43,7.69,8.87,167.2,NaN,NaN,NaN
"Berry, Mike (USA) (1991)",28-Jun-14,NaN,NaN,11.5,NaN,22.4,33.5,45.1,45.12,/6,NaN,8.70,NaN,9.17,9.01,8.62,8.87,NaN,8.70,NaN,NaN
"London, Wil (USA) (1997)",06-Aug-17,0.181,NaN,10.88,NaN,21.42,32.36,38.36,44.94,45.12,4/5,9.19,NaN,9.49,9.14,8.33,7.60,8.87,182.2,NaN,NaN
"Sito, Luca (ITA) (2003)",08-Jun-24,0.197,NaN,11.25,NaN,21.72,32.89,45.12,45.12,3/1,NaN,8.89,NaN,9.55,8.95,8.18,8.87,NaN,8.89,NaN,NaN
"McKiver, Jenoah (USA) (2002)",23-Jun-24,NaN,NaN,10.98,NaN,21.19,32.35,45.12,45.12,4/5,NaN,9.11,NaN,9.79,8.96,7.83,8.87,NaN,9.11,NaN,NaN
"Bloomfield, Akeem (JAM) (1997)",09-Jun-17,NaN,NaN,NaN,NaN,21.1,32.4,45.1,45.13,/5,NaN,NaN,NaN,9.48,8.85,7.87,8.86,NaN,NaN,NaN,NaN
"Tinega, Brian (KEN) (2002)",14-Sep-25,0.209,NaN,NaN,11.03,NaN,21.31,NaN,32.54,NaN,45.13,NaN,9.07,NaN,9.73,NaN,8.90,NaN,7.94,6,6
"Evans, Lee (USA) (1947)",20-May-67,NaN,NaN,NaN,10.9,NaN,21.4,NaN,33.6,NaN,45.0,NaN,9.17,NaN,9.52,NaN,8.20,NaN,8.77,NaN,2
"Evans, Lee (USA) (1947)",23-Jun-67,NaN,NaN,NaN,NaN,NaN,22.0,NaN,NaN,NaN,45.0,NaN,NaN,NaN,9.09,NaN,NaN,NaN,8.70,NaN,1
"Smith, John (USA) (1950)",09-Jul-70,NaN,NaN,NaN,NaN,NaN,NaN,NaN,32.7,NaN,45.0,NaN,NaN,NaN,NaN,NaN,9.17,NaN,8.13,NaN,2
"Mackowiak, Robert (POL) (1970)",25-Sep-00,NaN,NaN,NaN,11.7,NaN,22.0,NaN,33.2,NaN,45.1,NaN,8.55,NaN,9.71,NaN,8.93,NaN,8.40,1,5
"Schultz, Ingo (GER) (1975)",08-Aug-02,0.180,NaN,NaN,11.18,NaN,21.34,NaN,32.58,NaN,45.14,NaN,8.94,NaN,9.84,NaN,8.90,NaN,7.96,4,1
"Henry, Tabarie (ISV) (1987)",18-Aug-09,0.137,NaN,NaN,11.07,NaN,21.67,NaN,32.84,NaN,45.14,NaN,9.03,NaN,9.43,NaN,8.95,NaN,8.13,5,1
"Solomon, Steven (AUS) (1993)",06-Aug-12,0.143,NaN,NaN,11.1,NaN,21.9,NaN,32.9,NaN,45.1,NaN,9.01,NaN,9.26,NaN,9.09,NaN,8.20,3,8
Guo Zhongze (CHN) (1996),03-Sep-17,NaN,NaN,NaN,10.7,NaN,21.5,NaN,33.0,NaN,45.2,NaN,9.35,NaN,9.26,NaN,8.70,NaN,8.20,NaN,1
"Abubaker, Abbas (BRN) (1996)",22-Apr-19,0.170,NaN,6.20,11.15,16.23,21.56,27.03,32.62,38.49,45.14,8.06,10.10,9.84,9.38,9.14,8.94,8.52,7.52,7,2
"Scotch, Leungo (BOT) (1996)",08-Sep-23,0.153,NaN,6.07,10.96,16.01,21.30,26.85,32.63,38.63,45.14,8.24,10.22,9.90,9.45,9.01,8.65,8.33,7.68,7,4
"Kebinatshipi, Collen (BOT) (2004)",30-Aug-24,0.167,NaN,6.08,11.02,16.19,21.64,27.29,33.02,38.85,45.14,8.22,10.12,9.67,9.17,8.85,8.73,8.58,7.95,3,8
"Al-Masrahi, Youssef (KSA) (1987)",26-Aug-15,0.163,NaN,6.25,11.11,16.15,21.41,26.90,32.63,38.55,45.15,8.00,10.29,9.92,9.51,9.11,8.73,8.45,7.58,9,8
"Richards, Jereem (TTO) (1994)",20-Aug-23,0.153,NaN,11.39,NaN,21.92,NaN,33.17,NaN,45.15,45.15,NaN,8.78,NaN,9.50,NaN,8.89,NaN,8.35,2,3
"Nakajima, Yuki Joseph (JPN) (2002)",20-Aug-23,0.181,NaN,6.26,11.32,16.49,21.77,27.19,32.86,38.74,45.15,7.99,9.88,9.67,9.47,9.23,8.82,8.50,7.80,4,3
"Robinson, Justin (USA) (2002)",21-Jun-24,NaN,NaN,NaN,11.26,NaN,21.53,NaN,32.86,NaN,45.15,NaN,8.88,NaN,9.74,NaN,8.83,NaN,8.14,8,3
"Boling, Matthew (USA) (2000)",24-Jun-24,NaN,NaN,NaN,10.68,NaN,20.92,NaN,32.32,NaN,45.15,NaN,9.36,NaN,9.77,NaN,8.77,NaN,7.79,3,8
"Franks, Michael (USA) (1963)",01-Jun-85,NaN,NaN,NaN,NaN,NaN,21.6,NaN,NaN,NaN,45.2,NaN,NaN,NaN,9.26,NaN,NaN,NaN,8.47,8,4
"Wariner, Jeremy (USA) (1984)",07-May-05,NaN,NaN,NaN,NaN,NaN,21.9,NaN,NaN,NaN,45.2,NaN,NaN,NaN,9.13,NaN,NaN,NaN,8.58,NaN,1
"Smith, Miles (USA) (1984)",11-Jun-05,NaN,NaN,NaN,11.3,NaN,21.4,NaN,32.7,NaN,45.2,NaN,8.85,NaN,9.90,NaN,8.85,NaN,8.00,2,5
"Williamson, Darold (USA) (1983)",30-Jun-08,NaN,NaN,NaN,11.27,NaN,21.95,27.32,33.13,38.95,45.16,NaN,8.87,NaN,9.36,9.31,8.61,8.59,8.05,8,2
"Husillos, Óscar (ESP) (1993)",06-Aug-17,0.130,NaN,NaN,10.93,NaN,21.25,NaN,32.41,38.48,45.00,NaN,9.15,NaN,9.69,NaN,8.96,8.24,7.67,3,6
"Walton, Jamal (CAY) (1998)",06-Aug-17,0.153,NaN,NaN,10.98,NaN,21.21,NaN,32.25,38.37,45.01,NaN,9.11,NaN,9.78,NaN,9.06,8.17,7.53,9,4
"Igbokwe, Obi (USA) (1997)",08-Jun-18,NaN,NaN,NaN,NaN,NaN,21.9,NaN,33.0,NaN,45.2,NaN,NaN,NaN,9.13,NaN,9.01,NaN,8.20,NaN,6
"Scotch, Leungo (BOT) (1996)",06-Aug-24,0.177,NaN,6.14,11.06,16.10,21.31,26.88,32.72,38.73,45.16,8.14,10.16,9.92,9.60,8.98,8.56,8.32,7.78,2,7
"McKiver, Jenoh (USA) (2002)",02-Aug-25,NaN,NaN,NaN,11.33,NaN,21.70,NaN,32.79,NaN,45.16,NaN,8.83,NaN,9.64,NaN,9.02,NaN,8.08,4,5
"Milazar, Eric (MRI) (1975)",26-Aug-03,NaN,NaN,NaN,NaN,NaN,21.3,NaN,32.30,NaN,45.17,NaN,NaN,NaN,9.39,NaN,9.09,NaN,7.77,1,7.5
"Nellum, Bryshon (USA) (1989)",27-Jun-15,NaN,NaN,NaN,NaN,22.0,NaN,33.3,NaN,45.2,45.18,NaN,NaN,9.09,NaN,8.85,NaN,8.40,8.85,NaN,4
"Dedewo, Paul (USA) (1991)",30-Aug-18,0.157,NaN,NaN,11.4,NaN,21.8,NaN,45.18,45.18,7/4,NaN,8.77,NaN,9.62,NaN,8.93,NaN,8.21,NaN,NaN
"Deadmon, Bryce (USA) (1997)",07-Jun-19,0.199,NaN,NaN,NaN,21.6,NaN,32.9,NaN,45.2,45.18,NaN,NaN,9.26,NaN,8.85,NaN,8.13,8.85,NaN,6
"Stewart, Trevor (USA) (1997)",16-Jun-22,0.158,NaN,6.32,11.41,16.68,22.12,27.67,33.33,39.11,45.18,7.91,9.82,9.49,9.19,9.01,8.83,8.65,8.24,2,4
"van Niekerk, Wayde (RSA) (1992)",17-Jul-22,0.200,NaN,NaN,10.96,NaN,21.39,NaN,32.73,NaN,45.18,NaN,9.12,NaN,9.59,NaN,8.82,NaN,8.03,6,1
"Scotch, Leungo (BOT) (1996)",16-Sep-23,0.165,NaN,6.25,11.33,16.47,21.77,27.20,32.86,38.74,45.18,8.00,9.84,9.73,9.43,9.21,8.83,8.50,7.76,9,6
"Dean, Caleb (USA) (2001)",04-May-25,0.160,NaN,NaN,11.02,NaN,21.37,NaN,32.65,NaN,45.18,NaN,9.07,NaN,9.66,NaN,8.87,NaN,7.98,6,3
"Szwed, Maks (POL) (2004)",27-Jun-25,0.167,NaN,6.26,11.22,16.33,21.53,26.94,32.72,38.73,45.18,7.99,10.08,9.78,9.62,9.24,8.65,8.32,7.75,1,5
"Pettigrew, Antonio (USA) (1967)",17-Jun-96,NaN,NaN,NaN,11.72,NaN,22.12,NaN,33.30,39.04,45.19,NaN,8.53,NaN,9.62,NaN,8.94,8.71,8.13,4,5
"Molnár, Attila (HUN) (2002)",02-Sep-23,0.157,NaN,6.28,11.24,16.38,21.75,27.29,33.00,38.87,45.19,7.96,10.08,9.73,9.31,9.03,8.76,8.52,7.91,3,6
"Nakajima, Yuki Joseph (JPN) (2002)",02-Sep-23,0.179,NaN,6.29,11.29,16.48,21.85,27.29,33.01,38.90,45.19,7.95,10.00,9.63,9.31,9.19,8.74,8.49,7.95,8,7
"Nixon, Greg (USA) (1981)",30-Jun-08,NaN,NaN,NaN,11.32,NaN,21.76,27.10,32.83,38.64,45.20,NaN,8.83,NaN,9.58,9.36,8.73,8.61,7.62,8,4
"Djhone, Leslie (FRA) (1981)",18-Aug-09,0.165,NaN,NaN,11.42,NaN,21.86,NaN,32.94,NaN,45.20,NaN,8.76,NaN,9.58,NaN,9.03,NaN,8.16,7,2
"Norwood, Vernon (USA) (1992)",06-Aug-22,0.157,NaN,6.22,11.25,16.47,21.84,27.29,32.92,38.76,45.20,8.04,9.94,9.58,9.31,9.17,8.88,8.56,7.76,3,4
"Scotch, Leungo (BOT) (1996)",20-Aug-23,0.169,NaN,NaN,11.15,NaN,21.46,NaN,32.88,NaN,45.20,NaN,8.97,NaN,9.70,NaN,8.76,NaN,8.12,2,5
"Quow, Rennie (TTO) (1987)",18-Aug-09,0.202,NaN,NaN,11.72,NaN,22.30,NaN,33.10,NaN,45.21,NaN,8.53,NaN,9.45,NaN,9.26,NaN,8.26,4,1
"Sanford, Donald (USA) (1987)",11-Jun-10,NaN,NaN,NaN,NaN,NaN,21.9,NaN,33.2,NaN,45.2,NaN,NaN,NaN,9.13,NaN,8.85,NaN,8.33,NaN,2
"Walsh, Julian Jrummi (JPN) (1996)",01-Sep-19,NaN,NaN,6.13,11.01,16.10,21.43,27.00,32.84,38.87,45.21,8.16,10.25,9.82,9.38,8.98,8.56,8.29,7.89,5,1
"Deadmon, Bryce (USA) (1997)",21-Jun-24,NaN,NaN,NaN,10.94,NaN,21.21,NaN,32.76,NaN,45.21,NaN,9.14,NaN,9.74,NaN,8.66,NaN,8.03,8,2
"Zeze, Ryan (FRA) (1998)",03-May-25,0.290,NaN,NaN,11.13,NaN,21.35,NaN,32.43,NaN,45.21,NaN,8.98,NaN,9.78,NaN,9.03,NaN,7.82,1,6
"Boling, Matthew (USA) (2000)",31-May-25,0.350,NaN,NaN,14.11,NaN,24.46,NaN,35.86,NaN,45.21,NaN,7.09,NaN,9.66,NaN,8.77,NaN,10.70,4,5
"Andant, Teo (FRA) (1999)",27-Jun-25,0.166,NaN,6.07,11.05,16.18,21.42,26.89,32.68,38.71,45.21,8.24,10.04,9.75,9.54,9.14,8.64,8.29,7.69,2,6
"Dringo, Mihai Sorin (ROU) (2001)",14-Sep-25,0.207,NaN,NaN,11.21,NaN,21.44,NaN,32.67,NaN,45.21,NaN,8.92,NaN,9.78,NaN,8.90,NaN,7.97,9,6
"Franks, Michael (USA) (1963)",10-Aug-83,NaN,NaN,NaN,NaN,NaN,21.7,NaN,NaN,NaN,45.22,NaN,NaN,NaN,9.22,NaN,NaN,NaN,8.50,5,2
"Baulch, Jamie (GBR) (1973)",05-Aug-97,0.158,NaN,6.08,10.96,15.96,21.16,26.62,32.46,38.46,45.06,8.22,10.25,10.00,9.62,9.16,8.56,8.33,7.58,1,4
"Mance, Josh (USA) (1992)",22-Jun-13 time,0.193 interval velocity,NaN,NaN,NaN,NaN,NaN,32.6,NaN,45.2,45.22,NaN,NaN,9.20,NaN,7.94,8.85,NaN,NaN,NaN,4
"Kobayashi, Naoki (JPN) (1990)",27-Jun-15 time,0.167 interval velocity,NaN,11.39,16.49,21.69,27.17,32.87,38.89,45.22,45.22,150m,200m,250m,300m,350m,400m,Official Time,Lane / Place,5,1
"McCray, Danny (USA) (1974)",26-Jun-99 time,NaN,NaN,NaN,NaN,21.7,NaN,NaN,NaN,45.2,45.23,9.22,NaN,NaN,NaN,8.51,8.84,NaN,NaN,NaN,5.4
"Brew, Derrick (USA) (1977)",24-Jun-06 time,NaN,NaN,11.41,NaN,NaN,NaN,33.07,NaN,45.23,45.23,NaN,NaN,9.23,NaN,8.22,8.84,NaN,8.76,1,7
"Merritt, LaShawn (USA) (1986)",18-Aug-09 time,0.151 interval velocity,NaN,11.03,NaN,21.66,NaN,32.71,NaN,45.23,45.23,9.41,NaN,9.05,NaN,7.99,8.84,NaN,9.07,4,1
"Hughes, Joey (USA) (1990)",11-Jun-10 time,NaN,NaN,NaN,NaN,22.3,NaN,33.1,NaN,45.2,45.23,8.97,NaN,9.26,NaN,8.26,8.84,NaN,NaN,NaN,3
"James, Kirani (GRN) (1992)",04-Aug-12 time,0.173 interval velocity,NaN,NaN,NaN,21.96,NaN,NaN,NaN,45.23,45.23,9.11,NaN,NaN,NaN,8.59,8.84,158.7,NaN,6,1
"Harris, James (USA) (1991)",22-Jun-13 time,0.245 interval velocity,NaN,NaN,NaN,NaN,NaN,32.8,NaN,45.2,45.23,NaN,NaN,9.15,NaN,8.06,8.84,NaN,NaN,NaN,5
"Borlée, Jonathan (BEL) (1988)",06-Aug-17 time,0.203 interval velocity,NaN,10.91,NaN,21.19,NaN,32.47,38.55,45.03,45.23,9.73,NaN,8.87,8.22,7.72,8.84,179.3,9.17,3,5
"Kerley, Fred (USA) (1995)",08-Aug-17 time,0.142 interval velocity,NaN,11.01,16.02,21.19,26.63,32.35,38.47,45.23,45.23,150m,200m,250m,300m,350m,400m,Official Time,Lane / Place,2,7
"Bonevacia, Llemarvin (NED) (1989)",22-Aug-23 time,0.175 interval velocity,NaN,11.32,NaN,21.45,NaN,32.78,NaN,45.23,45.23,9.87,NaN,8.83,NaN,8.03,8.84,181.0,8.83,4,5
"Philjfers, Jonas (NED) (2003)",18-Jul-25 time,0.212 interval velocity,NaN,11.24,16.46,21.83,27.22,32.90,38.85,45.23,45.23,9.31,9.28,8.80,8.40,7.84,8.84,NaN,8.90,4,1
"Nallet, Jean-Claude (FRA) (1947)",19-Jul-70,NaN,NaN,NaN,NaN,21.9,NaN,33.0,NaN,45.1,45.1,NaN,NaN,9.13,NaN,9.01,NaN,8.26,8.87,NaN,1
"Evans, Lee (USA) (1947)",09-Jul-72,NaN,NaN,NaN,NaN,21.6,NaN,NaN,NaN,45.1,45.1,NaN,NaN,9.26,NaN,NaN,NaN,8.51,8.87,6,4
"Parks, Maxie (USA) (1951)",29-Jul-76,NaN,NaN,NaN,NaN,21.8,NaN,32.7,NaN,45.3,45.24,NaN,NaN,9.17,NaN,9.17,NaN,7.94,8.84,7,5
"Nix, Sunder (USA) (1961)",10-Aug-83,NaN,NaN,NaN,NaN,22.2,NaN,NaN,NaN,45.24,45.24,NaN,NaN,9.01,NaN,NaN,NaN,8.68,8.84,1,3
"Canal, David (ESP) (1978)",08-Aug-02,0.148,NaN,11.88,NaN,21.86,NaN,33.04,NaN,45.24,45.24,8.42,NaN,10.02,NaN,8.94,NaN,8.20,8.84,5,2
"Young, Jerome (USA) (1976)",20-Jun-03,NaN,NaN,NaN,NaN,21.61,NaN,32.82,38.59,45.24,45.24,NaN,NaN,9.25,NaN,8.92,8.67,7.52,8.84,6,2
"Warner, Jeremy (USA) (1984)",24-Jun-12,0.231,NaN,NaN,NaN,21.8,NaN,33.2,NaN,45.24,45.24,NaN,NaN,9.17,NaN,8.77,NaN,8.31,8.84,2,6
"Maslák, Pavel (CZE) (1991)",06-Aug-17,0.146,NaN,11.05,NaN,21.33,NaN,32.57,38.58,45.09,45.24,9.05,NaN,9.73,NaN,8.90,8.32,7.68,8.84,2,6
"Sawyers, Chantz (JAM) (1999)",07-Jun-19,0.193,NaN,NaN,NaN,21.6,NaN,32.8,NaN,45.2,45.24,NaN,NaN,9.26,NaN,8.93,NaN,8.06,8.84,NaN,7
"Cherry, Michael (USA) (1995)",09-Jun-22,0.178,NaN,6.05,11.05,16.20,21.48,26.93,32.62,38.60,45.24,8.26,10.00,9.71,9.47,9.17,8.79,8.36,7.53,4,3
"Nene, Zakhti (RSA) (1998)",20-Jul-22,0.121,NaN,NaN,10.92,NaN,21.28,NaN,32.68,NaN,45.24,9.16,NaN,9.65,NaN,8.77,NaN,7.96,8.84,7,4
"Sanders, Manuel (GER) (1998)",23-Jun-23,0.174,NaN,NaN,11.44,NaN,21.72,NaN,33.08,NaN,45.24,8.74,NaN,9.73,NaN,8.80,NaN,8.22,8.84,4,4
"Borée, Dylan (BEL) (1992)",20-Aug-23,0.160,NaN,NaN,11.25,NaN,21.44,NaN,32.85,NaN,45.24,8.89,NaN,9.81,NaN,8.76,NaN,8.07,8.84,6,4
"Pillay, Lythe (RSA) (2003)",06-Aug-24,0.145,NaN,6.23,11.23,16.31,21.57,27.03,32.78,38.77,45.24,8.03,10.00,9.84,9.51,9.16,8.70,8.35,7.73,3,47
"Smith, Miles (USA) (1984)",25-Jun-05,NaN,NaN,NaN,11.51,16.52,21.78,27.15,32.90,38.93,45.25,NaN,8.69,9.98,9.51,9.31,8.70,8.29,7.91,2,6
"Litvin, Mikhail (KAZ) (1996)",22-Apr-19,0.162,NaN,6.30,11.39,16.53,21.92,27.45,33.15,39.02,45.25,7.94,9.82,9.73,9.28,9.04,8.77,8.52,8.03,9,3
"Haydock-Wilson, Alex (GBR) (1999)",23-Jun-23,0.194,NaN,NaN,11.35,NaN,21.95,NaN,33.16,NaN,45.25,NaN,8.81,NaN,9.43,NaN,8.92,NaN,8.27,9,5
"Bailey, Sean (JAM) (1997)",08-Jul-23,0.227,NaN,NaN,11.56,NaN,22.14,NaN,33.15,NaN,45.25,NaN,8.65,NaN,9.45,NaN,9.08,NaN,8.26,2,7
"Morales-Williams, Christopher (CAN)",06-Aug-24,0.164,NaN,6.04,10.93,15.92,21.21,26.91,32.85,38.91,45.25,8.28,10.22,10.02,9.45,8.77,8.42,8.25,7.89,8,8
"Sito, Luca (ITA) (2003)",30-Aug-24,0.185,NaN,6.19,11.17,16.23,21.49,27.15,32.99,38.87,42.25,8.08,10.04,9.88,9.51,8.83,8.56,8.50,14.79,9,9
"Enyingi, Patrik (HUN) (2001)",14-Sep-25,0.200,NaN,NaN,11.02,NaN,21.49,NaN,32.93,NaN,45.25,NaN,9.07,NaN,9.55,NaN,8.74,NaN,8.12,9,5
"Mokganyetsi, Hendrick (RSA) (1975)",25-Sep-00,NaN,NaN,NaN,11.8,NaN,22.3,NaN,33.1,NaN,45.3,NaN,8.47,NaN,9.52,NaN,9.26,NaN,8.20,7,6
"McKiver, Jenoah (USA) (2002)",21-Jun-24,NaN,NaN,NaN,11.00,NaN,21.15,NaN,32.45,NaN,45.26,NaN,9.09,NaN,9.85,NaN,8.85,NaN,7.81,3,4
"Sito, Luca (ITA) (2003)",12-Jul-24,0.169,NaN,6.19,11.13,16.17,21.42,27.01,32.75,38.65,45.26,8.08,10.12,9.92,9.52,8.94,8.71,8.47,7.56,2,7
"Morales-Williams, Christopher (CAN)",14-Sep-25,0.226,NaN,NaN,11.51,NaN,22.25,NaN,33.53,NaN,45.26,NaN,8.69,NaN,9.31,NaN,8.87,NaN,8.53,9,6
"de Souza, Gerson (BRA) (1959)",26-Sep-88,NaN,NaN,NaN,11.38,NaN,21.78,NaN,32.83,NaN,45.27,NaN,8.79,NaN,9.62,NaN,9.05,NaN,8.04,7,7
"Lyles, Kevin (USA) (1973)",03-Jun-95,NaN,NaN,NaN,NaN,NaN,21.3,NaN,NaN,NaN,45.3,NaN,NaN,NaN,9.39,NaN,NaN,NaN,8.33,NaN,4
"Kanemaru, Yuzo (JPN) (1987)",03-May-09,NaN,NaN,6.21,11.20,16.25,21.55,27.07,32.91,38.89,45.27,8.05,10.02,9.90,9.43,9.06,8.56,8.36,7.84,NaN,1
"Chambers, Marcus (USA) (1994)",10-Jun-16,NaN,NaN,NaN,NaN,NaN,21.7,NaN,33.0,NaN,45.3,NaN,NaN,NaN,9.22,NaN,8.85,NaN,8.13,NaN,4
"London, Wil (USA) (1997)",22-Jul-16,0.143,NaN,6.18,11.30,16.60,22.04,27.59,33.13,39.02,45.27,8.09,9.77,9.43,9.19,9.01,9.03,8.49,8.00,NaN,NaN
"Spitz, Lionel (SUI) (2001)",14-Jul-23,0.212,NaN,NaN,11.41,NaN,21.94,NaN,33.39,NaN,45.27,NaN,8.76,NaN,9.50,NaN,8.73,NaN,8.42,4,2
"Doom, Alexander (BEL) (1997)",22-Aug-25,0.185,NaN,6.24,11.12,16.13,21.36,26.90,32.76,38.85,45.27,8.01,10.25,9.98,9.56,9.03,8.53,8.21,7.79,6,7
"Clarke, Davian (JAM) (1976)",06-Jun-98,NaN,NaN,NaN,NaN,NaN,21.5,NaN,NaN,NaN,45.3,NaN,NaN,NaN,9.30,NaN,NaN,NaN,8.40,NaN,2
"Caines, Daniel (GBR) (1979)",08-Aug-02,0.141,NaN,NaN,11.20,NaN,21.58,NaN,32.81,NaN,45.28,NaN,8.93,NaN,9.63,NaN,8.90,NaN,8.02,3,3
"Harrison, Calvin (USA) (1974)",20-Jun-03,NaN,NaN,NaN,NaN,NaN,22.11,NaN,33.47,39.06,45.28,NaN,NaN,NaN,9.05,NaN,8.80,8.94,8.04,4,2
"Chambers, Marcus (USA) (1994)",09-Jun-17,NaN,NaN,NaN,NaN,21.0,NaN,32.4,NaN,45.3,45.28,NaN,NaN,9.52,NaN,8.77,NaN,7.75,8.83,NaN,6
"Norwood, Vernon (USA) (1992)",06-Jun-22,0.158,NaN,6.1,11.2,16.4,22.0,27.6,33.3,39.0,45.28,8.20,9.80,9.62,8.93,8.93,8.77,8.77,7.96,6,1
"Cherry, Michael (USA) (1995)",20-Jul-22,0.143,NaN,NaN,11.23,NaN,21.85,NaN,32.92,NaN,45.28,NaN,8.90,NaN,9.42,NaN,9.03,NaN,8.09,5,4
"Ingvalsen, Håvard Bentdal (NOR) (201)",31-Aug-23,0.201,NaN,6.32,11.37,16.58,21.92,27.43,33.17,39.08,45.28,7.91,9.90,9.60,9.36,9.07,8.71,8.46,8.06,6,1
"Spitz, Lionel (SUI) (2001)",09-Jun-24,0.166,NaN,NaN,11.21,NaN,21.78,NaN,33.09,NaN,45.28,NaN,8.92,NaN,9.46,NaN,8.84,NaN,8.20,9,3
"Scotch, Leungo (BOT) (1996)",04-Aug-24,0.167,NaN,6.06,11.02,16.14,21.47,26.99,32.79,38.72,45.28,8.25,10.08,9.77,9.38,9.06,8.62,8.43,7.62,7,5
"Szwed, Maks (POL) (2004)",19-Jul-25,0.166,NaN,6.22,11.09,16.01,21.13,26.51,32.22,38.41,45.28,8.04,10.27,10.16,9.77,9.29,8.76,8.08,7.28,7,2
"Enyingi, Patrik (HUN) (2001)",28-Aug-25,0.172,NaN,6.19,11.21,16.38,21.76,27.34,33.16,39.08,45.28,8.08,9.96,9.67,9.29,8.96,8.59,8.45,8.06,6,3
"Potter, Mitchell (USA) (1980)",21-Jun-03,NaN,NaN,NaN,NaN,NaN,21.86,NaN,33.07,38.85,45.29,NaN,NaN,NaN,9.15,NaN,8.92,8.65,7.76,8,4-3
"Rooney, Martyn (GBR) (1987)",24-Aug-15,0.153,NaN,6.23,11.21,16.33,21.65,27.18,32.69,38.66,45.29,8.03,10.04,9.77,9.40,9.04,9.07,8.38,7.54,NaN,NaN
"James, Kirani (GRN) (1992)",17-Jul-22,0.152,NaN,NaN,11.42,NaN,21.96,NaN,33.12,NaN,45.29,NaN,8.76,NaN,9.49,NaN,8.96,NaN,8.22,4,2
"Ndori, Bayapo (BOT) (1999)",22-Jul-22,0.137,NaN,NaN,11.05,NaN,21.45,NaN,32.62,NaN,45.29,NaN,9.05,NaN,9.62,NaN,8.95,NaN,7.89,8,6
"Re, Davide (ITA) (1993)",22-Aug-23,0.165,NaN,NaN,11.33,NaN,21.69,NaN,33.19,NaN,45.29,NaN,8.83,NaN,9.65,NaN,8.70,NaN,8.26,3,4
"Barnes, Zandrion (JAM) (2001)",02-Sep-23,0.155,NaN,6.28,11.26,16.36,21.70,27.25,33.02,38.98,45.29,7.96,10.04,9.80,9.36,9.01,8.67,8.39,7.92,2,8
"Nene, Zakhti (RSA) (1998)",02-Jun-24,0.153,NaN,6.14,11.00,16.05,21.34,26.90,32.63,38.61,45.29,8.14,10.29,9.90,9.45,8.99,8.73,8.36,7.49,7,3
"Markin, Viktor (URS) (1957)",09-Sep-82,NaN,NaN,NaN,11.58,NaN,22.16,NaN,33.20,NaN,45.30,NaN,8.64,NaN,9.45,NaN,9.06,NaN,8.26,NaN,3
"McQuay, Tony (USA) (1990)",03-Jul-16,0.203,NaN,NaN,11.1,NaN,21.6,NaN,32.6,NaN,45.3,NaN,9.01,NaN,9.52,NaN,9.09,NaN,7.87,7,5
"Anas, Y. Muhammed (IND) (1994)",25-Aug-18,0.150,NaN,6.15,11.16,16.32,21.76,27.29,32.97,38.93,45.30,NaN,8.13,9.98,9.69,9.19,9.04,8.80,8.39,3,1
"Cedenio, Machel (TTO) (1995)",04-Oct-19,0.221,NaN,6.01,10.78,15.67,20.73,26.07,31.83,38.05,45.30,NaN,8.32,10.48,10.22,9.88,9.36,8.68,8.04,6,7
"Taylor, Christopher (JAM) (1999)",22-Jul-22,0.169,NaN,NaN,10.91,NaN,21.43,NaN,32.81,NaN,45.30,NaN,9.17,NaN,9.51,NaN,8.79,NaN,8.01,1,7
"Molnár, Attila (HUN) (2002)",20-Jun-23,0.179,NaN,NaN,11.22,NaN,21.27,NaN,32.61,NaN,45.30,NaN,8.91,NaN,9.95,NaN,8.82,NaN,7.88,5,1
"Nene, Zakhti (RSA) (1998)",02-Jul-23,0.163,NaN,NaN,6.21,11.20,16.39,21.79,27.32,33.05,38.89,NaN,8.05,10.02,9.63,9.26,9.04,8.73,8.56,7,1
"Benson, James (USA) (2000)",23-Jun-24,NaN,NaN,NaN,10.94,NaN,21.33,NaN,32.66,NaN,45.30,NaN,9.14,NaN,9.62,NaN,8.83,NaN,7.91,3,6
"Norman, Michael (USA) (1997)",23-Jun-24,NaN,NaN,NaN,10.85,NaN,21.35,NaN,32.67,NaN,45.30,NaN,9.22,NaN,9.52,NaN,8.83,NaN,7.92,5,1
"Spitz, Lionel (SUI) (2001)",05-Sep-24,0.130,NaN,NaN,6.33,11.56,16.87,22.20,27.64,33.25,39.07,NaN,7.90,9.56,9.42,9.38,9.19,8.91,8.59,4,1
"Ndori, Bayapo (BOT) (1999)",19-Jul-25,0.137,NaN,NaN,6.16,11.18,16.20,21.38,26.81,32.51,38.50,NaN,8.12,9.96,9.96,9.65,9.21,8.77,8.35,4,7
"Montgomery, Kahmari (USA) (1997)",06-Sep-19,0.186,NaN,6.0,10.8,15.9,21.1,26.6,32.4,38.5,45.31,8.33,10.42,9.80,9.62,9.09,8.62,8.20,7.75,2,5
"Petrucciani, Ricky (SUI) (2000)",08-Sep-22,0.188,NaN,6.18,11.28,16.46,21.79,27.26,32.94,38.89,45.31,8.09,9.80,9.65,9.38,9.14,8.80,8.40,7.79,8,5
"Nakajima, Yuki Joseph (JPN) (2002)",21-May-23,0.171,NaN,6.15,11.16,16.28,21.55,26.99,32.75,38.83,45.31,8.13,9.98,9.77,9.49,9.19,8.68,8.22,7.72,6,1
"Pohorilko, Oleksandr (UKR) (2000)",20-Jun-23,0.180,NaN,NaN,11.62,NaN,22.01,NaN,33.04,NaN,45.31,NaN,8.61,NaN,9.62,NaN,9.07,NaN,8.15,7,2
"Norman, Michael (USA) (1997)",21-Jun-24,NaN,NaN,NaN,10.93,NaN,21.36,NaN,32.76,NaN,45.31,NaN,9.15,NaN,9.59,NaN,8.77,NaN,7.97,5,1
"Bassitt, Trevor (USA) (1998)",04-May-25,0.210,NaN,NaN,11.43,NaN,22.18,NaN,33.33,NaN,45.31,NaN,8.75,NaN,9.30,NaN,8.97,NaN,8.35,2,4
"Minor, Deon (USA) (1973)",17-Jun-96,NaN,NaN,NaN,11.11,NaN,21.99,NaN,33.10,38.68,45.32,NaN,9.00,NaN,9.19,NaN,9.00,8.96,7.53,4,6
"Wroe, Sean (AUS) (1985)",19-Aug-09,0.160,NaN,NaN,11.03,NaN,21.52,NaN,32.81,NaN,45.32,NaN,9.07,NaN,9.53,NaN,8.86,NaN,7.99,6,4
"Hudson-Smith, Matthew (GBR) (1994)",21-May-22,0.144,NaN,6.06,11.00,16.18,21.56,27.07,32.48,38.80,45.32,8.25,10.12,9.65,9.29,9.07,9.24,7.91,7.67,6,1
"Kent, Nathan (USA) (2003)",23-Jun-24,NaN,NaN,NaN,11.10,NaN,21.38,NaN,32.88,NaN,45.32,NaN,9.01,NaN,9.73,NaN,8.70,NaN,8.04,9,5
"Jellinghaus, Martin (FRG) (1944)",18-Oct-68,NaN,NaN,NaN,NaN,NaN,22.0,NaN,33.2,NaN,45.3,NaN,NaN,NaN,9.09,NaN,8.93,NaN,8.26,3,5
"Scotch, Leungo (BOT) (1996)",05-Aug-24,0.172,NaN,6.20,11.30,16.50,21.89,27.33,32.96,38.86,45.33,8.06,9.80,9.62,9.28,9.19,8.88,8.47,7.73,6,2
"Jones, Louis (USA) (1932)",30-Jun-56,NaN,NaN,NaN,NaN,NaN,21.3,NaN,NaN,NaN,45.2,NaN,NaN,NaN,9.39,NaN,NaN,NaN,8.37,8,1
"Mottley, Wendell (TTO) (1941)",19-Sep-64,NaN,NaN,NaN,NaN,NaN,21.6,NaN,33.2,NaN,45.2,NaN,NaN,NaN,9.26,NaN,8.62,NaN,8.33,7,2
"Kitur, David (KEN) (1962)",03-Sep-87,NaN,NaN,NaN,11.41,NaN,21.73,NaN,32.76,NaN,45.34,NaN,8.76,NaN,9.69,NaN,9.07,NaN,7.95,5,6
"Williamson, Darold (USA) (1983)",01-Jun-02,NaN,NaN,NaN,NaN,NaN,21.8,NaN,NaN,NaN,45.3,NaN,NaN,NaN,9.17,NaN,NaN,NaN,8.51,NaN,5
"Smith, Miles (USA) (1984)",25-Jun-11,0.123,NaN,NaN,11.2,NaN,21.8,NaN,33.2,NaN,45.3,NaN,8.93,NaN,9.43,NaN,8.77,NaN,8.26,NaN,6
"Verburg, David (USA) (1991)",22-Jun-13,0.204,NaN,NaN,NaN,NaN,NaN,NaN,32.7,NaN,45.3,NaN,NaN,NaN,NaN,NaN,9.17,NaN,7.94,NaN,6
"Carvalho, Lucas (BRA) (1993)",20-Aug-23,0.175,NaN,NaN,11.30,NaN,21.67,NaN,32.95,NaN,45.34,NaN,8.85,NaN,9.64,NaN,8.87,NaN,8.07,7,4
"Sanders, Manuel (GER) (1998)",20-Aug-23,0.187,NaN,NaN,11.61,NaN,21.90,NaN,33.31,NaN,45.34,NaN,8.61,NaN,9.72,NaN,8.76,NaN,8.31,6,4
"Haydock-Wilson, Alex (GBR) (1999)",02-Sep-23,0.149,NaN,6.20,11.13,16.26,21.58,27.03,32.76,38.79,45.34,8.06,10.14,9.75,9.40,9.17,8.73,8.29,7.63,1,9
"Pillay, Lythe (RSA) (2003)",30-May-24,0.156,NaN,6.23,11.15,16.26,21.61,27.25,33.04,39.03,45.34,8.03,10.16,9.78,9.35,8.87,8.64,8.35,7.92,1,6
"Bynum, Emmanuel (USA) (2000)",21-Jun-24,NaN,NaN,NaN,11.53,NaN,21.91,NaN,33.12,NaN,45.34,NaN,8.67,NaN,9.63,NaN,8.92,NaN,8.18,9,5
"Popelka, Logan (USA) (2003)",23-Jun-24,NaN,NaN,NaN,11.28,NaN,21.76,NaN,32.97,NaN,45.34,NaN,8.87,NaN,9.54,NaN,8.92,NaN,8.08,4,6
"Young, Brodie (GBR) (2003)",19-Jul-25,0.144,NaN,6.15,11.13,16.22,21.54,27.01,32.76,38.79,45.34,8.13,10.04,9.82,9.40,9.14,8.70,8.29,7.63,6,3
"Egbunike, Innocent (NGR) (1961)",08-Aug-84,0.192,NaN,NaN,NaN,NaN,21.7,NaN,NaN,NaN,45.35,NaN,NaN,NaN,9.22,NaN,NaN,NaN,8.46,3,7
"Moncur, Avard (BAH) (1978)",05-Jun-99,NaN,NaN,NaN,NaN,NaN,22.2,NaN,NaN,NaN,45.4,NaN,NaN,NaN,9.01,NaN,NaN,NaN,8.62,NaN,4
"Clemons, Kyle (USA) (1990)",27-Jun-15,NaN,NaN,NaN,NaN,22.1,NaN,33.5,NaN,45.4,45.35,NaN,NaN,9.05,NaN,8.77,NaN,8.40,8.82,NaN,5
"Walsh, Julian Jrummi (JPN) (1996)",25-Jun-16,0.170,NaN,6.01,10.97,16.07,21.44,27.02,32.84,38.92,45.35,8.32,10.08,9.80,9.31,8.96,8.59,8.22,7.78,5,1
"Bonevacia, Liemarin (NED) (1989)",09-Sep-21,0.156,NaN,6.4,11.3,16.4,21.6,27.1,32.8,38.9,45.35,7.81,10.20,9.80,9.62,9.09,8.77,8.20,7.75,3,5
"Makwala, Isaac (BOT) (1986)",28-May-22,0.198,NaN,6.33,11.38,16.54,21.77,27.14,32.71,38.71,45.35,7.90,9.90,9.69,9.56,9.31,8.98,8.33,7.53,9,7
"Deadmon, Bryce (USA) (1997)",28-May-22,0.149,NaN,6.19,11.32,16.44,21.79,27.28,32.91,38.84,45.35,8.08,9.75,9.77,9.35,9.11,8.88,8.43,7.68,3,8
"Allison, Champion (USA) (1998)",06-Aug-22,0.150,NaN,6.13,11.09,16.20,21.45,27.00,32.77,38.81,45.35,8.16,10.08,9.78,9.52,9.01,8.67,8.28,7.65,4,5
"Molnár, Attila (HUN) (2002)",13-Jul-23,0.216,NaN,NaN,11.43,NaN,21.97,NaN,33.60,NaN,45.35,NaN,8.75,NaN,9.49,NaN,8.60,NaN,8.51,6,1
"Ingvalsen, Håvard Bentdal (NOR) (20)",13-Jul-23,0.205,NaN,NaN,11.47,NaN,21.97,NaN,33.48,NaN,45.35,NaN,8.72,NaN,9.52,NaN,8.69,NaN,8.42,7,1
"Coelho, João (POR) (1999)",04-Aug-24,0.216,NaN,6.46,11.54,16.69,22.04,27.50,33.12,38.98,45.35,7.74,9.84,9.71,9.35,9.16,8.90,8.53,7.85,9,4
"Doom, Alexander (BEL) (1997)",03-May-25,0.159,NaN,6.32,11.32,16.43,21.67,27.22,33.04,39.09,45.35,7.91,10.00,9.78,9.54,9.01,8.59,8.26,7.99,2,6
"Ndori, Bayapo (BOT) (1999)",22-Aug-25,0.170,NaN,6.24,11.24,16.36,21.62,27.09,32.84,38.87,45.35,8.01,10.00,9.77,9.51,9.14,8.70,8.29,7.72,3,8
"Francique, Alleyne (GRN) (1976)",02-Jun-01,NaN,NaN,NaN,NaN,NaN,21.5,NaN,NaN,NaN,45.4,NaN,NaN,NaN,NaN,NaN,NaN,NaN,8.37,NaN,2
"Molnár, Attila (HUN) (2002)",14-Jul-23,0.187,NaN,NaN,11.19,NaN,21.47,NaN,32.92,NaN,45.36,NaN,8.94,NaN,9.73,NaN,8.73,NaN,8.04,7,3
"Coelho, João (POR) (1999)",09-Jun-24,0.176,NaN,NaN,11.18,NaN,21.62,NaN,32.93,NaN,45.36,NaN,8.94,NaN,9.58,NaN,8.84,NaN,8.05,6,4
"Sombe, David (FRA) (2000)",09-Jun-24,0.204,NaN,NaN,11.40,NaN,22.12,NaN,33.43,NaN,45.36,NaN,8.77,NaN,9.33,NaN,8.84,NaN,8.38,4,5
"Dedewo, Paul (USA) (1991)",23-Jun-24,NaN,NaN,NaN,11.19,NaN,21.33,NaN,32.69,NaN,45.36,NaN,8.94,NaN,9.86,NaN,8.80,NaN,7.89,2,7
"Borlée, Dylan (BEL) (1992)",04-Aug-24,0.158,NaN,6.22,11.23,16.30,21.56,27.07,32.86,38.90,45.36,8.04,9.98,9.86,9.51,9.07,8.64,8.28,7.74,7,5
"Larrengina, Elián (ARG) (2000)",05-Aug-24,0.143,NaN,6.33,11.51,16.67,22.02,27.58,33.24,39.10,45.36,7.90,9.65,9.69,9.35,8.99,8.83,8.53,7.99,4,1
"Skamrahl, Erwin (FRG) (1958)",10-Aug-83,NaN,NaN,NaN,NaN,NaN,21.4,NaN,NaN,NaN,45.37,NaN,NaN,NaN,9.35,NaN,NaN,NaN,8.34,7,4
"Taylor, Angelo (USA) (1978)",13-Sep-08,0.161,NaN,NaN,11.15,NaN,21.73,NaN,33.22,NaN,45.37,NaN,8.97,NaN,9.45,NaN,8.70,NaN,8.23,6,4
"Steffensen, John (AUS) (1982)",18-Aug-09,0.150,NaN,NaN,11.18,NaN,21.51,NaN,32.78,NaN,45.37,NaN,8.94,NaN,9.68,NaN,8.87,NaN,7.94,3,2
"Smith, Calvin (USA) (1987)",11-Jun-10,NaN,NaN,NaN,NaN,NaN,21.9,NaN,33.1,NaN,45.4,NaN,NaN,NaN,9.13,NaN,8.93,NaN,8.13,NaN,4
"Omelko, Rafal (POL) (1989)",06-Aug-17,0.201,NaN,NaN,11.05,NaN,21.45,NaN,32.61,38.57,45.17,NaN,9.05,NaN,9.62,NaN,8.96,8.39,7.58,2,7
"Norman, Michael (USA) (1997)",17-Jul-22,0.140,NaN,NaN,11.25,NaN,22.05,NaN,33.23,NaN,45.37,NaN,8.89,NaN,9.26,NaN,8.94,NaN,8.24,3,1
"Jordier, Thomas (FRA) (1994)",16-Aug-22,0.174,NaN,NaN,11.15,NaN,21.51,NaN,32.88,NaN,45.37,NaN,8.97,NaN,9.65,NaN,8.80,NaN,8.01,4,1
"Spitz, Lionel (SUI) (2001)",08-Jun-24,0.166,NaN,11.34,21.75,33.06,45.37,45.37,3/1,NaN,NaN,8.82,9.61,8.84,8.12,8.82,NaN,8.82,9.61,NaN,NaN
"Ingvalsen, Håvard Bentdal (NOR) (200)",09-Jun-24,0.210,NaN,11.23,21.49,32.75,45.37,45.37,6/4,NaN,NaN,8.90,9.75,8.88,7.92,8.82,182.0,8.90,9.75,NaN,NaN
"Haydock-Wilson, Alex (GBR) (1999)",20-Jul-24,0.153,NaN,6.21,11.14,16.08,21.24,26.74,32.52,38.58,45.37,8.05,10.14,10.12,9.69,9.09,8.65,8.25,7.36,4,2
"Nakajima, Yuki Joseph (JPN) (2002)",04-Aug-24,0.194,NaN,6.32,11.33,16.47,21.81,27.34,33.00,38.94,45.37,7.91,9.98,9.73,9.36,9.04,8.83,8.42,7.78,9,6
"Chambers, Marcus (USA) (1994)",27-Jun-15,NaN,NaN,NaN,NaN,23.1,NaN,34.3,NaN,45.4,45.38,NaN,NaN,8.66,NaN,8.93,NaN,9.01,8.81,NaN,6
"Taylor, Christopher (JAM) (1999)",13-Jul-18,0.197,NaN,6.05,10.90,15.81,21.05,26.55,32.41,38.65,45.38,8.26,10.31,10.18,9.54,9.09,8.53,8.01,7.43,6,2
"Coelho, João (POR) (1999)",20-Aug-23,0.273,NaN,NaN,11.50,NaN,21.83,NaN,33.00,NaN,45.38,NaN,8.70,NaN,9.68,NaN,8.95,NaN,8.08,9,6
"Barnes, Zandrion (JAM) (2001)",22-Aug-23,0.171,NaN,NaN,11.16,NaN,21.48,NaN,32.70,NaN,45.38,NaN,8.96,NaN,9.69,NaN,8.91,NaN,7.89,9,6
"Segers, Daniel (BEL) (2001)",13-Sep-24,0.168,NaN,6.31,11.41,16.55,21.86,27.36,33.05,38.98,45.38,7.92,9.80,9.73,9.42,9.09,8.79,8.43,7.81,8,1
"Bengtström, Carl (SWE) (2000)",27-Jun-25,0.169,NaN,6.05,11.01,16.12,21.38,26.92,32.76,38.85,45.38,8.26,10.08,9.78,9.51,9.03,8.56,8.21,7.66,NaN,2
"Takano, Susumu (JPN) (1961)",29-Aug-91,NaN,NaN,NaN,NaN,21.41,NaN,NaN,45.39,45.39,7/7,NaN,NaN,9.34,NaN,NaN,8.34,8.81,176.7,NaN,NaN
"Wissman, Johan (SWE) (1982)",21-Aug-08,0.218,NaN,NaN,NaN,21.4,NaN,32.3,NaN,45.4,45.39,NaN,NaN,9.35,NaN,9.17,NaN,7.63,8.81,NaN,NaN
"Smith, Calvin (USA) (1987)",25-Jun-11,0.126,NaN,NaN,11.2,NaN,21.7,NaN,33.0,NaN,45.4,NaN,8.93,NaN,9.52,NaN,8.85,NaN,8.06,NaN,NaN
"Clemons, Kyle (USA) (1990)",03-Jul-16,0.206,NaN,NaN,11.0,NaN,21.9,NaN,33.0,NaN,45.4,NaN,9.09,NaN,9.17,NaN,9.01,NaN,8.06,NaN,NaN
"Moncur, Avard (BAH) (1978)",31-Aug-07,0.164,NaN,6.24,11.06,15.93,21.10,26.59,32.43,38.61,45.40,8.01,10.37,10.27,9.67,9.11,8.56,8.09,7.36,2,8
"Pillay, Lythe (RSA) (2003)",05-Aug-24,0.161,NaN,6.29,11.33,16.58,22.00,27.51,33.15,39.08,45.40,7.95,9.92,9.52,9.23,9.07,8.87,8.43,7.91,5,1
"Bredau, Jean Paul (GER) (1999)",05-Aug-24,0.163,NaN,6.25,11.29,16.45,21.84,27.48,33.28,39.21,45.40,8.00,9.92,9.69,9.28,8.87,8.62,8.43,8.08,6,3
"Kebinatshipi, Collen (BOT) (2004)",28-Aug-25,0.156,NaN,6.03,10.94,16.11,21.55,27.06,32.84,38.87,45.40,8.29,10.18,9.67,9.19,9.07,8.65,8.29,7.66,8,7
"Scherer, Matt (USA) (1983)",10-Jun-06,NaN,NaN,NaN,11.2,NaN,21.6,NaN,33.1,NaN,45.4,NaN,8.93,NaN,9.62,NaN,8.70,NaN,8.13,3,5
"Brenes, Nery (CRC) (1985)",24-Aug-15,0.168,NaN,6.09,10.98,15.97,21.23,26.77,32.39,38.55,45.41,8.21,10.22,10.02,9.51,9.03,8.90,8.12,7.29,2,8
"Thebe, Baboloki (BOT) (1997)",30-Aug-18,0.149,NaN,NaN,11.0,NaN,21.3,NaN,32.5,NaN,45.41,NaN,9.09,NaN,9.71,NaN,8.93,NaN,7.75,2,5
"Bonevacia, Liemarin (NED) (1989)",26-Aug-21,0.142,NaN,6.3,11.5,16.7,22.0,27.5,33.1,39.1,45.41,7.94,9.62,9.62,9.43,9.09,8.93,8.33,7.92,5,3
"Makwala, Isaac (BOT) (1986)",09-Sep-21,0.198,NaN,6.2,11.2,16.2,21.4,26.7,32.3,38.4,45.41,8.06,10.00,10.00,9.62,9.43,8.93,8.20,7.13,7,6
"Borlée, Dylan (BEL) (1992)",20-Jul-22,0.163,NaN,NaN,11.33,NaN,21.82,NaN,33.01,NaN,45.41,NaN,8.83,NaN,9.53,NaN,8.94,NaN,8.06,4,5
"Pohorliko, Oleksandr (UKR) (2000)",09-Jun-24,0.207,NaN,NaN,11.43,NaN,21.73,NaN,32.83,NaN,45.41,NaN,8.75,NaN,9.71,NaN,9.01,NaN,7.95,7,5
"Harries, Toby (GBR) (1998)",19-Jul-25,0.144,NaN,5.98,10.88,15.93,21.11,26.58,32.37,38.51,45.41,8.36,10.20,9.90,9.65,9.14,8.64,8.14,7.25,1,8
"Bezabeh, Tegegne (ETH) (1941)",18-Oct-68,NaN,NaN,NaN,NaN,NaN,21.9,NaN,33.1,NaN,45.4,NaN,NaN,NaN,9.13,NaN,8.93,NaN,8.13,4,6
"Badenski, Andrzej (POL) (1943)",18-Oct-68,NaN,NaN,NaN,NaN,NaN,21.7,NaN,33.2,NaN,45.4,NaN,NaN,NaN,9.22,NaN,8.70,NaN,8.20,7,7
"Pettigrew, Antonio (USA) (1967)",25-Sep-00,NaN,NaN,NaN,11.7,NaN,22.1,NaN,33.0,NaN,45.4,NaN,8.55,NaN,9.62,NaN,9.17,NaN,8.06,3,2
"Henry, Tabarie (ISV) (1987)",21-Aug-09,0.162,NaN,NaN,11.18,NaN,21.83,NaN,33.17,NaN,45.42,NaN,8.94,NaN,9.39,NaN,8.82,NaN,8.16,7,4
"Matthews, Peter (JAM) (1989)",24-Aug-15,0.178,NaN,6.04,10.85,15.82,21.04,26.61,32.44,38.67,45.42,8.28,10.40,10.06,9.58,8.98,8.58,8.03,7.41,3,8
"Gregan, Brian (IRL) (1989)",06-Aug-17,0.188,NaN,NaN,11.31,NaN,21.37,NaN,33.08,39.01,45.23,NaN,8.84,NaN,9.94,NaN,8.54,8.43,8.04,8,6
"Makwala, Isaac (BOT) (1986)",06-Aug-22,0.207,NaN,6.23,11.24,16.39,21.70,27.19,32.82,38.80,45.42,8.03,9.98,9.71,9.42,9.11,8.88,8.36,7.55,9,6
"Larrengina, Elián (ARG) (2000)",20-Aug-23,0.181,NaN,NaN,11.15,NaN,21.37,NaN,32.78,NaN,45.42,NaN,8.97,NaN,9.78,NaN,8.76,NaN,7.91,8,6.5
"Kent, Nathan (USA) (2003)",21-Jun-24,NaN,NaN,NaN,10.86,NaN,21.08,NaN,32.75,NaN,45.42,NaN,9.21,NaN,9.78,NaN,8.57,NaN,7.89,5,4
"Klein Ikkink, Isaya (NED) (2003)",05-Sep-24,0.172,NaN,6.23,11.36,16.62,22.08,27.69,33.41,39.28,45.42,8.03,9.75,9.51,9.16,8.91,8.74,8.52,8.14,7,3
"Bamidele, Emmanuel (UAE) (1999)",22-Aug-25,0.158,NaN,6.23,11.07,16.02,21.30,26.85,32.66,38.77,45.42,8.03,10.33,10.10,9.47,9.01,8.61,8.18,7.52,8,4
"Akabusi, Kriss (GBR) (1958)",05-Aug-84,NaN,NaN,NaN,NaN,NaN,21.95,NaN,NaN,NaN,45.43,NaN,NaN,NaN,9.11,NaN,NaN,NaN,8.52,3,3
"Mathieu, Michael (BAH) (1984)",24-Aug-15,0.157,NaN,6.03,10.98,16.07,21.40,26.96,32.58,38.73,45.43,8.29,10.10,9.82,9.38,8.99,8.90,8.13,7.46,3,7
"Garcia, David (ESP) (2005)",19-Jul-25,0.121,NaN,6.14,11.18,16.38,21.67,27.15,32.84,38.84,45.43,8.14,9.92,9.62,9.45,9.12,8.79,8.33,7.59,4,4
"Pohorilko, Oleksandr (UKR) (2000)",14-Sep-25,0.215,NaN,NaN,11.58,NaN,22.21,NaN,33.24,NaN,45.44,NaN,8.64,NaN,9.41,NaN,9.07,NaN,8.20,9,7
"Matthews, Vince (USA) (1947)",23-Jun-67,NaN,NaN,NaN,NaN,NaN,21.6,NaN,NaN,NaN,45.3,NaN,NaN,NaN,9.26,NaN,NaN,NaN,8.44,NaN,2
"Jenkins, David (GBR) (1952)",13-Aug-71,NaN,NaN,NaN,NaN,NaN,21.3,NaN,32.4,NaN,45.45,NaN,NaN,NaN,9.39,NaN,9.01,NaN,7.66,8,1
"Rooney, Martyn (GBR) (1987)",18-Aug-09,0.189,NaN,NaN,11.48,NaN,21.94,NaN,33.08,NaN,45.45,NaN,8.71,NaN,9.56,NaN,8.98,NaN,8.08,1,3
"Bartholomew, Rondell (GRN) (1990)",30-Aug-11,0.314,NaN,NaN,NaN,NaN,NaN,NaN,32.7,NaN,45.45,NaN,NaN,NaN,NaN,NaN,9.17,NaN,7.84,2,6
"Norwood, Vernon (USA) (1992)",13-Jun-14,NaN,NaN,NaN,NaN,NaN,21.8,NaN,33.1,NaN,45.5,NaN,NaN,NaN,9.17,NaN,8.85,NaN,8.06,3,3
"Sibanda, Karabo (BOT) (1998)",22-Jul-16,0.149,NaN,6.08,10.92,15.88,21.08,26.50,32.38,38.60,45.45,8.22,10.33,10.08,9.62,9.23,8.50,8.04,7.30,5,3
"Walsh, Julian Jrummi (JPN) (1996)",27-Jun-19,0.148,NaN,6.18,11.25,16.45,21.81,27.40,33.15,39.10,45.45,8.09,9.86,9.62,9.33,8.94,8.70,8.40,7.87,6,1
"Taylor, Christopher (JAM) (1999)",06-Jun-22,0.155,NaN,6.0,11.0,15.9,21.5,27.2,33.1,39.0,45.45,8.33,10.00,10.20,8.93,8.77,8.47,8.47,7.75,7,2
"Makwala, Isaac (BOT) (1986)",16-Jun-22,0.201,NaN,6.24,11.33,16.57,21.92,27.32,32.91,38.83,45.45,8.01,9.82,9.54,9.35,9.26,8.94,8.45,7.55,7,2
"Cherry, Michael (USA) (1995)",06-Aug-22,0.171,NaN,6.14,11.11,16.24,21.55,27.09,32.88,38.95,45.45,8.14,10.06,9.75,9.42,9.03,8.64,8.24,7.69,7,7
"Sombe, David (FRA) (2000)",08-Jun-24,0.221,NaN,NaN,11.51,NaN,22.17,NaN,33.54,NaN,45.45,NaN,8.69,NaN,9.38,NaN,8.80,NaN,8.40,4,2
"Molnár, Attila (HUN) (2002)",05-Aug-24,0.166,NaN,6.31,11.25,16.41,21.74,27.21,32.91,38.95,45.45,7.92,10.12,9.69,9.38,9.14,8.77,8.28,7.69,3,3
"Egbunike, Innocent (NGR) (1961)",31-Aug-87,NaN,NaN,NaN,11.09,NaN,21.23,NaN,32.57,NaN,45.46,NaN,9.02,NaN,9.86,NaN,8.82,NaN,7.76,5,1
"Richardson, Mark (GBR) (1972)",01-Sep-00,NaN,NaN,NaN,11.24,NaN,22.06,NaN,33.28,NaN,45.46,NaN,8.90,NaN,9.24,NaN,8.91,NaN,8.21,NaN,2
"Steffensen, John (AUS) (1982)",12-Aug-05,NaN,NaN,NaN,NaN,NaN,NaN,NaN,32.5,NaN,45.5,NaN,NaN,NaN,NaN,NaN,9.23,NaN,7.69,2,8
"Kanemaru, Yuzo (JPN) (1987)",03-May-14,NaN,NaN,6.18,11.25,16.35,21.63,27.22,33.08,39.11,45.46,8.09,9.86,9.80,9.47,8.94,8.53,8.29,7.87,NaN,1
"Feliz, Lidio Andres (DOM) (1997)",09-Jun-22,0.195,NaN,6.31,11.32,16.43,21.73,27.34,33.14,39.01,45.46,7.92,9.98,9.78,9.43,8.91,8.62,8.52,7.75,8,4
"Jones, Jonathan (BAR) (1999)",17-Jul-22,0.169,NaN,NaN,11.34,NaN,21.93,NaN,33.02,NaN,45.46,NaN,8.82,NaN,9.44,NaN,9.02,NaN,8.04,3,2
"Spitz, Lionel (SUI) (2001)",15-Aug-22,0.193,NaN,NaN,11.15,NaN,21.71,NaN,32.92,NaN,45.46,NaN,8.97,NaN,9.47,NaN,8.92,NaN,7.97,8,1
"Borlée, Dylan (BEL) (1992)",09-Jun-24,0.163,NaN,NaN,11.23,NaN,21.73,NaN,33.03,NaN,45.46,NaN,8.90,NaN,9.52,NaN,8.85,NaN,8.05,7,6
"Patterson, Jacory (USA) (2000)",21-Jun-24,NaN,NaN,NaN,11.12,NaN,21.49,NaN,32.92,NaN,45.46,NaN,8.99,NaN,9.64,NaN,8.75,NaN,7.97,5,6
"Ingvalsen, Håvard Bentdal (NOR) (20K)",04-Aug-24,0.204,NaN,6.36,11.34,16.38,21.61,27.09,32.80,38.83,45.46,7.86,10.04,9.92,9.56,9.12,8.76,8.29,7.54,4,3
"Petrucciani, Ricky (SUI) (2000)",05-Sep-24,0.142,NaN,6.13,11.28,16.57,21.95,27.51,33.22,39.14,45.46,8.16,9.71,9.45,9.29,8.99,8.76,8.45,7.91,6,4
"Garcia, David (ESP) (2005)",18-Jul-25,0.125,NaN,6.18,11.22,16.39,21.73,27.24,32.98,38.91,45.46,8.09,9.92,9.67,9.36,9.07,8.71,8.43,7.63,6,2
"Garner, Mark (AUS) (1969)",29-Aug-91,NaN,NaN,NaN,NaN,NaN,21.39,NaN,NaN,45.47,45.47,NaN,NaN,NaN,9.35,NaN,NaN,8.31,8.80,2,8
"Kanemaru, Yuzo (JPN) (1987)",19-Sep-05,NaN,NaN,NaN,11.33,NaN,22.02,NaN,33.23,39.12,45.47,NaN,8.83,NaN,9.35,NaN,8.92,8.49,7.87,4,1
"Brown, Chris (BAH) (1978)",21-Aug-09,0.161,NaN,NaN,10.98,NaN,21.31,NaN,32.53,NaN,45.47,NaN,9.11,NaN,9.68,NaN,8.91,NaN,7.73,5,5
"Taylor, Christopher (JAM) (1999)",09-Jun-22,0.148,NaN,6.03,11.01,16.22,21.59,27.14,32.93,38.95,45.47,8.29,10.04,9.60,9.31,9.01,8.64,8.31,7.67,2,5
"Sato, Kentaro (JPN) (1994)",04-Jun-23,0.232,NaN,6.16,11.16,16.28,21.55,26.97,32.80,38.95,45.47,8.12,10.00,9.77,9.49,9.23,8.58,8.13,7.67,4,3
"Boers, Isayah (NED) (1999)",08-Sep-23,0.167,NaN,6.10,10.98,16.08,21.49,27.15,32.97,39.03,45.47,8.20,10.25,9.80,9.24,8.83,8.59,8.25,7.76,4,1
"Petrucciani, Ricky (SUI) (2000)",09-Jun-24,0.158,NaN,NaN,11.10,NaN,21.63,NaN,32.94,NaN,45.47,NaN,9.01,NaN,9.50,NaN,8.84,NaN,7.98,3,6
"Bassitt, Trevor (USA) (1998)",01-Jun-25,0.179,NaN,NaN,11.27,NaN,22.10,NaN,33.24,NaN,45.47,NaN,8.87,NaN,9.23,NaN,8.98,NaN,8.18,4,1
"Davis, Howard (JAM) (1967)",26-Sep-88,0.177,NaN,NaN,11.34,NaN,22.00,NaN,33.28,NaN,45.48,NaN,8.82,NaN,9.38,NaN,8.87,NaN,8.20,1,6
"Mackowiak, Robert (POL) (1970)",23-Jun-01,NaN,NaN,NaN,11.29,NaN,21.94,NaN,33.18,NaN,45.48,NaN,8.86,NaN,9.39,NaN,8.90,NaN,8.13,NaN,2
"Francique, Alleyne (GRN) (1976)",26-Aug-03,0.270,NaN,NaN,NaN,NaN,21.4,NaN,32.6,NaN,45.48,NaN,NaN,NaN,9.35,NaN,8.93,NaN,7.76,7,6
"Gehret, Brady (USA) (1992)",24-Jun-12,0.219,NaN,NaN,NaN,NaN,21.3,NaN,32.4,NaN,45.48,NaN,NaN,NaN,9.39,NaN,9.01,NaN,7.65,8,8
"Glass, Najee (USA) (1994)",03-Jul-16,0.190,NaN,NaN,11.3,NaN,21.9,NaN,32.8,NaN,45.5,NaN,8.85,NaN,9.43,NaN,9.17,NaN,7.87,8,7
"Cherry, Michael (USA) (1995)",18-May-19,0.197,NaN,11.5,NaN,21.8,NaN,32.8,NaN,45.48,45.48,8.70,NaN,9.71,NaN,9.09,NaN,7.89,8.80,8,2
"Bamidele, Emmanuel (NGR) (1999)",02-Jul-23,0.194,NaN,6.34,11.23,16.24,21.47,27.01,32.84,38.91,45.48,7.89,10.22,9.98,9.56,9.03,8.58,8.24,7.61,5,2
"Kukkoaho, Markku (FIN) (1946)",07-Sep-72,NaN,NaN,NaN,NaN,21.8,NaN,33.0,NaN,45.5,45.49,NaN,NaN,NaN,NaN,9.17,NaN,8.93,NaN,4,6
"Weber, Hartmut (FRG) (1960)",10-Aug-83,NaN,NaN,NaN,NaN,21.6,NaN,NaN,NaN,45.49,45.49,NaN,NaN,NaN,NaN,9.26,NaN,8.37,8.79,3,5
"Reynolds, Harry (Butch) (USA) (1964)",31-Aug-87,NaN,NaN,NaN,11.58,NaN,22.05,NaN,33.46,NaN,45.49,NaN,8.64,NaN,9.55,NaN,8.76,NaN,8.31,3,3
"Schultz, Ingo (GER) (1975)",07-Aug-02,0.159,NaN,NaN,11.30,NaN,21.60,NaN,32.85,NaN,45.59,NaN,8.85,NaN,9.71,NaN,8.89,NaN,7.85,NaN,2
"Spratling, Brycen (USA) (1992)",13-Jun-14,NaN,NaN,NaN,NaN,22.0,NaN,33.1,NaN,45.5,45.49,NaN,NaN,NaN,9.09,NaN,9.01,NaN,8.06,NaN,4
"Collins, Kyle (USA) (1994)",24-Jun-17,NaN,NaN,NaN,11.27,NaN,21.49,NaN,32.78,NaN,45.49,NaN,8.87,NaN,9.78,NaN,8.86,NaN,7.87,8,8
"Janežić, Luka (SLO) (1995)",21-Jul-19,0.145,NaN,NaN,11.4,NaN,21.7,NaN,33.2,NaN,45.49,NaN,8.77,NaN,9.71,NaN,8.70,NaN,8.14,1,7
"Hudson-Smith, Matthew (GBR) (1994)",17-Jul-22,0.160,NaN,NaN,11.13,NaN,21.47,NaN,32.74,NaN,45.49,NaN,8.98,NaN,9.67,NaN,8.87,NaN,7.84,2,1
"Nakajima, Yuki Joseph (JPN) (2002)",03-Jun-23,0.167,NaN,6.17,11.12,16.20,21.52,27.07,32.94,39.06,45.49,8.10,10.10,9.84,9.40,9.01,8.52,8.17,7.78,5,1
"Sombe, David (FRA) (2000)",23-Jun-23,0.203,NaN,NaN,11.42,NaN,21.89,NaN,33.26,NaN,45.49,NaN,8.76,NaN,9.55,NaN,8.80,NaN,8.18,6,6
"Re, Davide (ITA) (1993)",31-Aug-23,0.161,NaN,6.33,11.49,16.79,22.20,27.72,33.43,39.32,45.49,7.90,9.69,9.43,9.24,9.06,8.76,8.49,8.10,3,2
"Schönlebe, Thomas (GDR) (1965)",10-Aug-83,NaN,NaN,NaN,NaN,NaN,22.0,NaN,NaN,NaN,45.50,NaN,NaN,NaN,9.09,NaN,NaN,NaN,8.51,6,6
"Bada, Sunday (NGR) (1969)",09-Aug-95,NaN,NaN,NaN,NaN,NaN,21.2,NaN,NaN,NaN,45.5,NaN,NaN,NaN,9.43,NaN,NaN,NaN,8.23,4,8
"Potter, Mitchell (USA) (1980)",20-Jun-03,NaN,NaN,NaN,NaN,NaN,21.57,NaN,32.93,38.87,45.50,NaN,NaN,NaN,9.27,NaN,8.80,8.42,7.54,5,4 - 2
"Tobin, Robert (GBR) (1983)",18-Aug-09,0.179,NaN,NaN,11.17,NaN,21.55,NaN,32.82,NaN,45.50,NaN,8.95,NaN,9.63,NaN,8.87,NaN,7.89,5,1
"Steffensen, John (AUS) (1982)",19-Aug-09,0.153,NaN,NaN,11.29,NaN,21.74,NaN,32.85,NaN,45.50,NaN,8.86,NaN,9.57,NaN,9.00,NaN,7.91,5,5
"Bonevacia, Liemarin (NED) (1989)",20-Jul-22,0.159,NaN,NaN,11.54,NaN,21.77,NaN,32.86,NaN,45.50,NaN,8.67,NaN,9.78,NaN,9.02,NaN,7.91,5,6
"Bonevacia, Liemarin (NED) (1989)",06-Aug-22,0.151,NaN,6.24,11.19,16.24,21.43,26.90,32.70,38.82,45.50,8.01,10.10,9.90,9.63,9.14,8.62,8.17,7.49,1,8
"Vedel, Benjamin Lobo (DEN) (1997)",15-Aug-22,0.185,NaN,NaN,11.26,NaN,21.64,NaN,32.76,NaN,45.50,NaN,8.88,NaN,9.63,NaN,8.99,NaN,7.85,7,1
"McRae, Khaleb (USA) (2000)",08-Jul-23,0.232,NaN,NaN,11.32,NaN,21.93,NaN,33.30,NaN,45.50,NaN,8.83,NaN,9.43,NaN,8.80,NaN,8.20,1,8
"Spitz, Lionel (SUI) (2001)",13-Jul-23,0.193,NaN,NaN,11.47,NaN,22.25,NaN,33.86,NaN,45.50,NaN,8.72,NaN,9.28,NaN,8.61,NaN,8.59,5,2
"Joseph, Michael (LCA) (2002)",22-Aug-23,0.161,NaN,NaN,11.17,NaN,21.36,NaN,33.01,NaN,45.50,NaN,8.95,NaN,9.81,NaN,8.58,NaN,8.01,2,7
"Sacoor, Jonathan (BEL) (1999)",08-Jun-24,0.174,NaN,NaN,11.44,NaN,22.19,NaN,33.42,NaN,45.50,NaN,8.74,NaN,9.30,NaN,8.90,NaN,8.28,8,1
"Jones, William (USA) (2003)",21-Jun-24,NaN,NaN,NaN,11.16,NaN,21.47,NaN,32.90,NaN,45.50,NaN,8.96,NaN,9.70,NaN,8.75,NaN,7.94,4,5
"Reynolds, Harry (Butch) (USA) (1964)",30-Aug-87,NaN,NaN,NaN,11.56,NaN,22.50,NaN,33.80,NaN,45.51,NaN,8.65,NaN,9.14,NaN,8.85,NaN,8.54,2,1
"Steele, Adam (USA) (1980)",21-Jun-03,NaN,NaN,NaN,NaN,NaN,22.32,NaN,33.45,39.21,45.51,NaN,NaN,NaN,8.96,NaN,8.98,8.68,7.94,9,4
"Campbell, Milton (USA) (1976)",24-Jun-06,NaN,NaN,NaN,11.26,NaN,21.54,NaN,32.65,NaN,45.51,NaN,8.88,NaN,9.73,NaN,9.00,NaN,7.78,4,8
"Masheto, Garologelwane (BOT) (1984)",09-Jun-07,NaN,NaN,NaN,NaN,NaN,NaN,NaN,33.2,NaN,45.5,NaN,NaN,NaN,NaN,NaN,9.04,NaN,8.13,8,4
"Warholm, Karsten (NOR) (1996)",26-Aug-21,0.136,NaN,6.1,11.1,16.2,21.5,27.1,32.9,39.0,45.51,8.20,10.00,9.80,9.43,8.93,8.62,8.20,7.68,7,4
"Deadmon, Bryce (USA) (1997)",21-May-22,0.151,NaN,6.18,11.29,16.50,21.89,27.51,33.26,39.16,45.51,8.09,9.78,9.60,9.28,8.90,8.70,8.47,7.87,4,2
"Cañal, Iñaki (ESP) (1997)",23-Jun-23,0.168,NaN,NaN,11.11,NaN,21.38,NaN,32.97,NaN,45.51,NaN,9.00,NaN,9.74,NaN,8.63,NaN,7.97,2,7
"Bonevacia, Liemarvin (NED) (1989)",23-Jul-23,0.159,NaN,6.25,11.24,16.42,21.76,27.36,33.09,39.03,45.51,8.00,10.02,9.65,9.36,8.93,8.73,8.42,7.72,8,7
"Vanderbemden, Robin (BEL) (1994)",08-Sep-23,0.145,NaN,6.14,11.15,16.25,21.56,27.12,32.89,38.92,45.51,8.14,9.98,9.80,9.42,8.99,8.67,8.29,7.59,5,2
"Biron, Gilles (FRA) (1995)",16-Sep-23,0.174,NaN,6.37,11.48,16.72,22.06,27.56,33.20,39.14,45.51,7.85,9.78,9.54,9.36,9.09,8.87,8.42,7.85,1,7
"Ingvalsen, Håvard Bentdal (NOR) (20)",30-May-24,0.191,NaN,6.24,11.13,16.15,21.38,26.84,32.70,38.78,45.41,8.01,10.22,9.96,9.56,9.16,8.53,8.22,7.54,6,7
"O'Bryant, Jevon (USA) (2001)",23-Jun-24,NaN,NaN,NaN,11.23,NaN,21.57,NaN,33.18,NaN,45.51,NaN,8.90,NaN,9.67,NaN,8.61,NaN,8.11,6,6
"Spitz, Lionel (SUI) (2001)",05-Aug-24,0.148,NaN,6.27,11.37,16.56,21.94,27.52,33.20,39.10,45.51,7.97,9.80,9.63,9.29,8.96,8.80,8.47,7.80,5,4
"Borlée, Dylan (BEL) (1992)",05-Aug-24,0.161,NaN,6.27,11.34,16.50,21.83,27.40,33.16,39.13,45.51,7.97,9.86,9.69,9.38,8.98,8.68,8.38,7.84,7,4
"Canal, David (ESP) (1978)",23-Jun-01,NaN,NaN,NaN,11.50,NaN,21.78,NaN,32.93,NaN,45.52,NaN,8.70,NaN,9.73,NaN,8.97,NaN,7.94,NaN,3
"Harris, Jerry (USA) (1981)",20-Jun-03,NaN,NaN,NaN,NaN,NaN,21.63,NaN,33.07,39.01,45.52,NaN,NaN,NaN,9.25,NaN,8.74,8.42,7.68,8,5.3
"Collazo, William (CUB) (1986)",18-Aug-09,0.171,NaN,NaN,11.11,NaN,21.66,NaN,33.02,NaN,45.52,NaN,9.00,NaN,9.48,NaN,8.80,NaN,8.00,1,2
"Kitagawa, Takamasa (JPN) (1996)",27-Jun-15,0.158,NaN,6.32,11.36,16.59,21.97,27.51,33.13,39.11,45.52,7.91,9.92,9.56,9.29,9.03,8.90,8.36,7.80,9,2
"Merritt, LaShawn (USA) (1986)",06-Aug-17,0.195,NaN,NaN,10.85,NaN,21.03,NaN,32.18,38.35,45.32,NaN,9.22,NaN,9.82,NaN,8.97,8.10,7.17,7,7
"Strother, Nathan (USA) (1995)",18-May-19,0.181,NaN,NaN,11.0,NaN,21.9,NaN,33.5,NaN,45.52,NaN,9.09,NaN,9.17,NaN,8.62,NaN,8.32,3,3
"Yousif, Rabah (GBR) (1986)",21-Jul-19,0.121,NaN,NaN,11.3,NaN,21.7,NaN,32.9,NaN,45.52,NaN,8.85,NaN,9.62,NaN,8.93,NaN,7.92,9,8
"Montgomery, Kahmari (USA) (1997)",21-May-22,0.134,NaN,6.00,10.99,16.15,21.55,27.23,33.02,39.01,45.52,8.33,10.02,9.69,9.26,8.80,8.64,8.35,7.68,8,3
"Taylor, Christopher (JAM) (1999)",16-Jun-22,0.182,NaN,6.08,10.96,16.07,21.42,26.99,32.81,38.88,45.52,8.22,10.25,9.78,9.35,8.98,8.59,8.24,7.53,4,3
"Zalewski, Karol (POL) (1993)",16-Aug-22,0.209,NaN,NaN,10.92,NaN,21.19,NaN,32.58,NaN,45.52,NaN,9.16,NaN,9.74,NaN,8.78,NaN,7.73,3,3
"Sato, Fuga (JPN) (1996)",21-May-23,0.151,NaN,6.04,11.06,16.27,21.63,27.21,33.06,39.13,45.52,8.28,9.96,9.60,9.33,8.96,8.55,8.24,7.82,4,3
"Ferlan, Rok (SLO) (1997)",08-Jun-24,0.172,NaN,NaN,11.19,NaN,21.74,NaN,33.24,NaN,45.52,NaN,8.94,NaN,9.48,NaN,8.70,NaN,8.14,6,3
"Okezie, Chidi (NGR) (1993)",04-Aug-24,0.192,NaN,6.25,11.20,16.26,21.63,27.23,32.98,39.04,45.52,8.00,10.10,9.88,9.31,8.93,8.70,8.25,7.72,7,4
"dos Santos, Alison (BRA) (2000)",06-Apr-25,0.260,NaN,NaN,11.29,NaN,21.70,NaN,32.67,NaN,45.52,NaN,8.86,NaN,9.61,NaN,9.12,NaN,7.78,6,1
"Young, Brodie (GBR) (2003)",18-Jul-25,0.167,NaN,6.23,11.28,16.37,21.73,27.28,33.07,39.05,45.52,8.03,9.90,9.82,9.33,9.01,8.64,8.36,7.73,7,2
"Schultz, Ingo (GER) (1975)",23-Jun-01,NaN,NaN,NaN,11.08,NaN,21.41,NaN,32.93,NaN,45.53,NaN,9.03,NaN,9.68,NaN,8.68,NaN,7.94,NaN,4
"Brown, Chris (BAH) (1983)",18-Aug-09,0.158,NaN,NaN,11.10,NaN,21.78,NaN,33.47,NaN,45.53,NaN,9.01,NaN,9.36,NaN,8.55,NaN,8.29,2,1
"Gillick, David (IRL) (1983)",21-Aug-09,0.148,NaN,NaN,11.24,NaN,21.83,NaN,33.18,NaN,45.53,NaN,8.90,NaN,9.44,NaN,8.81,NaN,8.10,2,6
"Kimura, Kazushi (JPN) (1993)",23-Jun-17,0.181,NaN,NaN,11.34,NaN,21.89,NaN,32.83,NaN,45.53,NaN,8.82,NaN,9.48,NaN,9.14,NaN,7.87,4,1
"Igbokwe, Obi (USA) (1997)",18-Aug-19,0.136,NaN,NaN,11.1,NaN,21.5,NaN,33.0,NaN,45.53,NaN,9.01,NaN,9.62,NaN,8.70,NaN,7.98,1,2
"Norwood, Vernon (USA) (1992)",21-May-22,0.171,NaN,6.12,11.09,16.29,21.70,27.13,32.76,38.81,45.53,NaN,8.17,10.06,9.62,9.24,9.21,8.88,8.26,5,4
"Spitz, Lionel (SUI) (2001)",08-Sep-22,0.145,NaN,6.21,11.21,16.38,21.64,27.09,32.84,38.92,45.53,NaN,8.05,10.00,9.67,9.51,9.17,8.70,8.22,4,3
"Benati, Lorenzo (ITA) (2002)",23-Jun-23,0.186,NaN,NaN,11.43,NaN,21.78,NaN,33.16,NaN,45.53,NaN,8.75,NaN,9.66,NaN,8.79,NaN,8.08,8,1
"Godwin, Elija (USA) (1999)",21-Jun-24,NaN,NaN,NaN,10.71,NaN,21.07,NaN,32.53,NaN,45.53,NaN,9.34,NaN,9.65,NaN,8.73,NaN,7.69,8,5
"Krsek, Matéj (CZE) (2000)",05-Aug-24,0.145,NaN,6.27,11.34,16.60,21.98,27.49,33.22,39.19,45.53,NaN,7.97,9.86,9.51,9.29,8.73,8.38,7.89,7,2
"Sherman, Cooper (AUS) (2004)",14-Sep-25,0.152,NaN,NaN,11.09,NaN,21.67,NaN,33.11,NaN,45.53,NaN,9.02,NaN,9.45,NaN,8.74,NaN,8.05,3,7
"Jones, Louis (USA) (1932)",18-Mar-55,NaN,NaN,NaN,NaN,NaN,21.1,NaN,NaN,NaN,45.4,NaN,NaN,NaN,NaN,NaN,NaN,NaN,8.23,5,1
"Kaufmann, Carl (FRG) (1936)",24-Jul-60,NaN,NaN,NaN,NaN,21.9,NaN,33.3,NaN,45.4,45.4,NaN,NaN,9.13,NaN,8.77,NaN,8.26,8.81,5,1
"Smith, Tommie (USA) (1944)",02-Apr-66,NaN,NaN,NaN,NaN,21.6,NaN,NaN,NaN,45.4,45.4,NaN,NaN,9.26,NaN,NaN,NaN,8.40,8.81,NaN,1
"Kemp, Jim (USA) (1944)",23-Jun-67,NaN,NaN,NaN,NaN,21.4,NaN,NaN,NaN,45.4,45.4,NaN,NaN,9.35,NaN,NaN,NaN,8.33,8.81,NaN,3
"Smith, John (USA) (1950)",27-Jun-70,NaN,NaN,NaN,NaN,21.9,NaN,NaN,NaN,45.4,45.4,NaN,NaN,9.13,NaN,NaN,NaN,8.51,8.81,7,1
"Evans, Lee (USA) (1947)",27-Jun-70,NaN,NaN,NaN,NaN,21.7,NaN,NaN,NaN,45.4,45.4,NaN,NaN,9.22,NaN,NaN,NaN,8.44,8.81,8,2
"Newhouse, Fred (USA) (1948)",26-Jun-71,NaN,NaN,NaN,NaN,22.0,NaN,NaN,NaN,45.4,45.4,NaN,NaN,9.09,NaN,NaN,NaN,8.55,8.81,NaN,3
"Newhouse, Fred (USA) (1948)",09-Jul-72,NaN,NaN,NaN,NaN,20.6,NaN,NaN,NaN,45.4,45.4,NaN,NaN,9.71,NaN,NaN,NaN,8.06,8.81,7,7
"Djhone, Leslie (FRA) (1981)",23-Jun-07,0.242,NaN,11.70,NaN,22.13,NaN,33.27,NaN,45.54,45.54,8.55,NaN,9.59,NaN,8.98,NaN,8.15,8.78,NaN,1
"Bolt, Usain (JAM) (1986)",21-Feb-09,NaN,NaN,10.9,NaN,21.6,NaN,33.0,NaN,45.54,45.54,9.17,NaN,9.35,NaN,8.77,NaN,7.97,8.78,NaN,1
"Gillick, David (IRL) (1983)",18-Aug-09,0.169,NaN,11.25,NaN,21.67,NaN,33.00,NaN,45.54,45.54,8.89,NaN,9.60,NaN,8.83,NaN,7.97,8.78,7,2
"Bingham, Michael (GBR) (1986)",18-Aug-09,0.149,NaN,11.11,NaN,21.90,NaN,33.34,NaN,45.54,45.54,9.00,NaN,9.27,NaN,8.74,NaN,8.20,8.78,5,2
"Wariner, Jeremy (USA) (1984)",18-Aug-09,0.178,NaN,11.04,NaN,21.30,NaN,32.81,NaN,45.54,45.54,9.06,NaN,9.75,NaN,8.69,NaN,7.86,8.78,4,1
"Strother, Nathan (USA) (1995)",12-Jul-19,0.179,NaN,11.3,NaN,21.9,NaN,33.2,NaN,45.54,45.54,8.85,NaN,9.43,NaN,8.85,NaN,8.10,8.78,2,3
"Kerley, Fred (USA) (1995)",18-Aug-18,0.145,NaN,11.3,NaN,22.0,NaN,33.3,NaN,45.54,45.54,8.85,NaN,9.35,NaN,8.85,NaN,8.17,8.78,6,1
"Robinson, Chris (USA) (2001)",06-Apr-25,0.160,NaN,NaN,11.05,NaN,21.25,NaN,32.24,NaN,45.54,NaN,9.05,NaN,9.80,NaN,9.10,NaN,7.52,4,2
"Spitz, Lionel (SUI) (2001)",28-Aug-25,0.138,NaN,6.26,11.30,16.53,21.87,27.36,33.11,39.13,45.54,7.99,9.92,9.56,9.36,9.11,8.70,8.31,7.80,3,4
"Solomon, Michael (TRI) (1954)",30-Jul-80,0.164,NaN,NaN,NaN,NaN,21.4,NaN,32.7,NaN,45.6,NaN,NaN,NaN,9.35,NaN,8.85,NaN,7.75,7,6
"McFarlane, Danny (JAM) (1972)",25-Sep-00,NaN,NaN,NaN,11.5,NaN,22.0,NaN,33.0,NaN,45.6,NaN,8.70,NaN,9.52,NaN,9.09,NaN,7.94,5,47
"Blackwood, Michael (JAM) (1976)",23-Aug-04,0.218,NaN,NaN,NaN,NaN,21.6,NaN,32.7,NaN,45.6,NaN,NaN,NaN,9.26,NaN,9.01,NaN,7.75,1,8
"Jackson, Bershawn (USA) (1983)",23-Jun-07,NaN,NaN,NaN,NaN,NaN,NaN,NaN,32.4,NaN,45.6,NaN,NaN,NaN,NaN,NaN,9.26,NaN,7.58,3,5
"Larry, Lionel (USA) (1986)",30-Jun-08,NaN,NaN,NaN,11.04,16.25,21.82,27.31,33.23,39.09,45.55,NaN,9.06,9.60,8.98,9.11,8.45,8.53,7.74,4,4
"Betters, LaJerald (USA) (1988)",30-Jun-08,NaN,NaN,NaN,11.16,16.19,21.56,27.11,32.98,38.92,45.55,NaN,8.96,9.94,9.31,9.01,8.52,8.42,7.54,6,5
"Yousif, Rabah (SUD) (1986)",18-Aug-09,0.143,NaN,NaN,11.25,NaN,21.66,NaN,32.89,NaN,45.55,NaN,8.89,NaN,9.61,NaN,8.90,NaN,7.90,4,3
"Hurtault, Erison (DMA) (1984)",18-Aug-09,0.148,NaN,NaN,11.09,NaN,21.82,NaN,33.11,NaN,45.55,NaN,9.02,NaN,9.32,NaN,8.86,NaN,8.04,6,4
"Henry, Tabarie (ISV) (1987)",30-Aug-11,0.167,NaN,NaN,NaN,NaN,NaN,NaN,33.1,NaN,45.55,NaN,NaN,NaN,NaN,NaN,9.06,NaN,8.03,7,7
"Ogunode, Femi (QAT) (1991)",30-Aug-11,0.167,NaN,NaN,NaN,NaN,NaN,NaN,33.5,NaN,45.55,NaN,NaN,NaN,NaN,NaN,8.96,NaN,8.30,1,8
"Hudson-Smith, Matthew (GBR) (1994)",18-Aug-19,0.165,NaN,NaN,11.3,NaN,21.9,NaN,33.1,NaN,45.55,NaN,8.85,NaN,9.43,NaN,8.93,NaN,8.03,7,3
"Cherry, Michael (USA) (1995)",06-Sep-19,0.209,NaN,6.2,11.0,15.9,21.1,26.6,32.5,38.6,45.55,8.06,10.42,10.20,9.62,9.09,8.47,8.20,7.66,8,6
"Walsh, Julian Jrummi (JPN) (1996)",22-Apr-19,0.151,NaN,6.20,11.21,16.37,21.67,27.24,33.09,39.12,45.55,8.06,9.98,9.69,9.43,8.98,8.55,8.29,7.78,2,5
"Petrucciani, Ricky (SUI) (2000)",16-Aug-22,0.227,NaN,NaN,11.07,NaN,21.49,NaN,32.91,NaN,45.55,NaN,9.03,NaN,9.60,NaN,8.76,NaN,7.91,3,2
"McDonald, Rusheen (JAM) (1992)",28-May-23,0.203,NaN,6.28,11.30,16.52,21.96,27.57,33.41,39.29,45.55,7.96,9.96,9.58,9.19,8.91,8.56,8.50,7.99,7,3
"Wright, Willington (USA) (2000)",21-Jun-24,NaN,NaN,NaN,10.76,NaN,21.14,NaN,32.70,NaN,45.55,NaN,9.29,NaN,9.63,NaN,8.65,NaN,7.78,3,7
"Smith, Demarius (USA) (1998)",02-Aug-25,NaN,NaN,NaN,11.46,NaN,22.10,NaN,33.34,NaN,45.55,NaN,8.73,NaN,9.40,NaN,8.90,NaN,8.19,8,7
"Jenkins, David (GBR) (1952)",30-Jul-80,0.169,NaN,NaN,NaN,NaN,21.2,NaN,32.4,NaN,45.6,NaN,NaN,NaN,9.43,NaN,8.93,NaN,7.58,8,7
"Dabrowski, Daniel (POL) (1983)",09-Aug-06,NaN,NaN,NaN,NaN,NaN,22.4,NaN,33.0,NaN,45.56,NaN,NaN,NaN,8.93,NaN,18.87,NaN,7.96,NaN,4
"Milburn, Joel (AUS) (1986)",18-Aug-09,0.162,NaN,NaN,11.31,NaN,21.74,NaN,33.06,NaN,45.56,NaN,8.84,NaN,9.59,NaN,8.83,NaN,8.00,8,3
"Khouaja, Mohamed Ashour (LBA) (1)",18-Aug-09,0.207,NaN,NaN,11.27,NaN,21.63,NaN,33.02,NaN,45.56,NaN,8.87,NaN,9.65,NaN,8.78,NaN,7.97,3,5
"Bingham, Michael (GBR) (1986)",21-Aug-09,0.172,NaN,NaN,11.19,NaN,21.84,NaN,33.02,NaN,45.56,NaN,8.94,NaN,9.39,NaN,8.94,NaN,7.97,8,7
"Tate, Tavaris (USA) (1990)",11-Jun-10,NaN,NaN,NaN,NaN,NaN,21.8,NaN,33.0,NaN,45.6,NaN,NaN,NaN,9.17,NaN,8.93,NaN,7.94,NaN,5
"Pinder, Demetrius (BAH) (1989)",11-Jun-10,NaN,NaN,NaN,NaN,NaN,21.8,NaN,33.1,NaN,45.6,NaN,NaN,NaN,9.17,NaN,8.85,NaN,8.00,NaN,6
"Harris, James (USA) (1991)",07-Jun-13,NaN,NaN,NaN,NaN,NaN,22.1,NaN,33.4,NaN,45.6,NaN,NaN,NaN,9.05,NaN,8.85,NaN,8.20,NaN,5
"Turner, Ismail (USA) (2001)",25-Jun-22,NaN,NaN,NaN,10.75,NaN,21.32,NaN,32.83,NaN,45.56,NaN,9.30,NaN,9.46,NaN,8.69,NaN,7.86,NaN,7
"Spitz, Lionel (SUI) (2001)",16-Aug-22,0.170,NaN,NaN,11.08,NaN,21.66,NaN,33.12,NaN,45.56,NaN,9.03,NaN,9.45,NaN,8.73,NaN,8.04,7,4
"Makwala, Isaac (BOT) (1986)",08-Sep-22,0.165,NaN,6.17,11.26,16.52,21.85,27.29,32.87,38.81,45.56,8.10,9.82,9.51,9.38,9.19,8.96,8.42,7.41,2,6
"Dringo, Mihai Sorin (ROU) (2001)",14-Jul-23,0.181,NaN,NaN,11.36,NaN,21.55,NaN,32.99,NaN,45.56,NaN,8.80,NaN,9.81,NaN,8.74,NaN,7.96,6,4
"Jenkins, David (GBR) (1952)",29-Jul-76,NaN,NaN,NaN,NaN,NaN,21.9,NaN,32.9,NaN,45.6,NaN,NaN,NaN,NaN,9.13,NaN,9.09,NaN,5,7
"Young, Jerome (USA) (1976)",17-Jun-96,NaN,NaN,NaN,11.60,NaN,21.66,NaN,33.46,39.29,45.57,NaN,8.62,NaN,9.94,NaN,8.47,8.58,7.96,8,7
"Brew, Derrick (USA) (1977)",20-Jun-03,NaN,NaN,NaN,NaN,NaN,21.67,NaN,33.38,39.26,45.57,NaN,NaN,NaN,9.23,NaN,8.54,8.50,7.92,4,1
"Bingham, Michael (USA) (1986)",09-Jun-07,NaN,NaN,NaN,NaN,NaN,NaN,NaN,33.2,NaN,45.6,NaN,NaN,NaN,NaN,NaN,9.04,NaN,8.06,4,5
"Smith, Calvin (USA) (1987)",03-Jul-08,NaN,NaN,NaN,11.39,16.03,21.93,27.56,33.42,39.47,45.57,NaN,8.78,10.78,8.47,8.88,8.53,8.26,8.20,3,5
"Chambers, Ricardo (JAM) (1984)",18-Aug-09,0.172,NaN,NaN,11.22,NaN,21.62,NaN,32.91,NaN,45.57,NaN,8.91,NaN,9.62,NaN,8.86,NaN,7.90,5,3
"Graham, Hugh (JAM) (1992)",07-Jun-13,NaN,NaN,NaN,NaN,NaN,22.2,NaN,33.6,NaN,45.6,NaN,NaN,NaN,9.01,NaN,8.77,NaN,8.33,NaN,6
"Hudson-Smith, Matthew (GBR) (1994)",02-Jul-23,0.156,NaN,6.22,11.30,16.47,21.72,27.15,32.90,39.00,45.57,8.04,9.84,9.67,9.52,9.21,8.70,8.20,7.61,6,3
"Doom, Alexander (BEL) (1997)",22-Aug-23,0.168,NaN,NaN,11.36,NaN,21.56,NaN,33.18,NaN,45.57,NaN,8.80,NaN,9.80,NaN,8.61,NaN,8.07,5,4
"Yahia Ibrahim, Ammar Ismail (QAT) (1)",10-May-24,0.144,NaN,6.34,11.45,16.73,22.14,27.67,33.46,39.33,45.47,7.89,9.78,9.47,9.24,9.04,8.64,8.52,8.14,1,5
"Abubaker, Abbas (BRN) (1996)",25-Aug-18,0.178,NaN,6.36,11.41,16.57,22.03,27.63,33.33,39.22,45.59,7.86,9.90,9.69,9.16,8.93,8.77,8.49,7.85,3,1
"Montgomery, Kahmari (USA) (1997)",18-Aug-19,0.213,NaN,NaN,11.2,NaN,21.7,NaN,33.1,NaN,45.59,NaN,8.93,NaN,9.52,NaN,8.77,NaN,8.01,2,4
"Norwood, Vernon (USA) (1992)",26-Aug-21,0.167,NaN,6.1,11.1,16.3,21.7,27.2,32.9,39.0,45.59,8.20,10.00,9.62,9.26,9.09,8.77,8.20,7.59,4,5
"Re, Davide (ITA) (1993)",08-Sep-22,0.152,NaN,6.31,11.35,16.55,21.91,27.44,33.21,39.21,45.59,7.92,9.92,9.62,9.33,9.04,8.67,8.33,7.84,3,4
"Haydock-Wilson, Alex (GBR) (1999)",23-Jul-23,0.142,NaN,6.18,11.25,16.41,21.56,26.93,32.66,38.79,45.59,8.09,9.86,9.69,9.71,9.31,8.73,8.16,7.35,1,8
"Borlée, Dylan (BEL) (1992)",22-Aug-23,0.153,NaN,NaN,11.16,NaN,21.38,NaN,32.93,NaN,45.59,NaN,8.96,NaN,9.78,NaN,8.66,NaN,7.90,3,7
"Scotti, Edoardo (ITA) (2000)",08-Jun-24,0.180,NaN,NaN,11.41,NaN,22.04,NaN,33.54,NaN,45.59,NaN,8.76,NaN,9.41,NaN,8.70,NaN,8.30,7,2
"McRae, Khaleb (USA) (2000)",23-Jun-24,NaN,NaN,NaN,11.13,NaN,21.73,NaN,33.20,NaN,45.59,NaN,8.98,NaN,9.43,NaN,8.72,NaN,8.07,7,2
"Diouf, Cheikh Tidiane (SEN) (1995)",04-Aug-24,0.217,NaN,6.19,11.14,16.22,21.44,26.97,32.80,38.98,45.59,8.08,10.10,9.84,9.58,9.04,8.58,8.09,7.56,2,5
"Pohorliko, Oleksandr (UKR) (2000)",05-Aug-24,0.193,NaN,6.39,11.67,17.05,22.46,27.92,33.53,39.38,45.59,7.82,9.47,9.29,9.24,9.16,8.91,8.55,8.05,3,3
"Ndori, Bayapo (BOT) (1999)",13-Sep-24,0.176,NaN,6.13,10.97,16.05,21.35,26.86,32.67,38.84,45.59,8.16,10.33,9.84,9.43,9.07,8.61,8.10,7.41,8,5
"Borlée, Dylan (BEL) (1992)",13-Sep-24,0.160,NaN,6.27,11.41,16.64,22.00,27.50,33.26,39.20,45.59,7.97,9.73,9.56,9.33,9.09,8.68,8.42,7.82,4,2
"Ogando, Alexander (DOM) (2000)",14-Sep-25,0.165,NaN,NaN,11.39,NaN,21.68,NaN,33.28,NaN,45.59,NaN,8.78,NaN,9.72,NaN,8.62,NaN,8.12,4,7
"Watrin, Julien (BEL) (1992)",08-Sep-23,0.246,NaN,6.25,11.20,16.23,21.46,27.03,32.87,38.99,45.60,8.00,10.10,9.94,9.56,8.98,8.56,8.17,7.56,6,3
"Scotch, Leungo (BOT) (1996)",02-Jun-24,0.173,NaN,6.17,11.20,16.36,21.66,27.24,33.00,38.96,45.60,8.10,9.94,9.69,9.43,8.96,8.68,8.39,7.53,3,4
"Sato, Kentaro (JPN) (1994)",04-Aug-24,0.185,NaN,6.30,11.41,16.59,21.85,27.32,33.01,39.09,45.60,7.94,9.78,9.65,9.51,9.14,8.79,8.22,7.68,2,5
"Pillay, Lythe (RSA) (2003)",04-Aug-24,0.157,NaN,6.16,11.07,16.12,21.37,26.87,32.65,38.79,45.60,8.12,10.18,9.90,9.52,9.09,8.65,8.14,7.34,6,7
"Ingvalsen, Håvard Bentdal (NOR) (20)",06-Aug-24,0.209,NaN,6.33,11.31,16.44,21.78,27.33,33.17,39.22,45.60,7.90,10.04,9.75,9.36,9.01,8.56,8.26,7.84,9,7
"Doom, Alexander (BEL) (1997)",06-Jun-25,0.226,NaN,6.34,11.34,16.47,21.80,27.38,33.19,39.21,45.60,7.89,10.00,9.75,9.38,8.96,8.61,8.31,7.82,9,7
"Pettigrew, Antonio (USA) (1967)",01-Sep-00,NaN,NaN,NaN,11.96,NaN,22.99,NaN,33.82,NaN,45.61,NaN,8.36,NaN,9.07,NaN,9.23,NaN,8.48,NaN,4
"Washington, Tyree (USA) (1976)",25-Jun-05,NaN,NaN,NaN,11.40,16.65,22.11,27.58,33.29,39.34,45.61,NaN,8.77,9.52,9.16,9.14,8.76,8.26,7.97,1,7
"Brown, Chris (BAH) (1978)",14-Jun-09,0.277,NaN,NaN,11.09,NaN,21.55,NaN,32.93,NaN,45.61,NaN,9.02,NaN,9.56,NaN,8.79,NaN,7.89,4,1
"Borlée, Kevin (BEL) (1988)",18-Aug-09,0.144,NaN,NaN,11.17,NaN,21.70,NaN,33.12,NaN,45.61,NaN,8.95,NaN,9.50,NaN,8.76,NaN,8.01,8,3
"Glass, Najee (USA) (1994)",10-Jun-16,NaN,NaN,NaN,NaN,NaN,21.8,NaN,32.9,NaN,45.6,NaN,NaN,NaN,9.17,NaN,9.01,NaN,7.87,NaN,4
"Cherry, Michael (USA) (1995)",18-Aug-19,0.148,NaN,NaN,11.4,NaN,22.3,NaN,33.5,NaN,45.61,NaN,8.77,NaN,9.17,NaN,8.93,NaN,8.26,8,5
"Sato, Kentaro (JPN) (1994)",09-May-21,0.176,NaN,6.04,10.93,15.97,21.33,27.03,32.97,39.11,45.61,NaN,8.28,10.22,9.92,9.33,8.77,8.42,7.69,7,1
"Maybank, Anthuan (USA) (1969)",21-Jun-03,NaN,NaN,NaN,NaN,NaN,21.67,NaN,32.91,39.00,45.62,NaN,NaN,NaN,9.23,NaN,8.90,8.21,7.55,3,25
"Dabrowski, Daniel (POL) (1983)",19-Sep-05,NaN,NaN,NaN,11.45,NaN,22.12,NaN,33.22,39.21,45.62,NaN,8.73,NaN,9.37,NaN,9.01,8.35,7.80,7,2
"Dedewo, Paul (USA) (1991)",18-Aug-18,0.233,NaN,NaN,11.5,NaN,22.1,NaN,33.4,NaN,45.62,NaN,8.70,NaN,9.43,NaN,8.85,NaN,8.18,4,3
"Haydock-Wilson, Alex (GBR) (1999)",17-Jul-22,0.156,NaN,NaN,11.45,NaN,22.19,NaN,33.25,NaN,45.62,NaN,8.73,NaN,9.31,NaN,9.04,NaN,8.08,7,3
"Adoli, Aaron (UGA) (1994)",07-Aug-22,0.234,NaN,6.4,11.4,16.5,21.7,27.2,33.0,38.8,45.62,7.81,10.00,9.80,9.62,9.09,8.62,8.62,7.33,4,5
"Zalewski, Karol (POL) (1993)",17-Aug-22,0.178,NaN,NaN,11.06,NaN,21.57,NaN,33.07,NaN,45.62,NaN,9.04,NaN,9.51,NaN,8.70,NaN,7.97,1,6
"Ndori, Bayapo (BOT) (1999)",28-May-23,0.164,NaN,6.06,11.01,16.20,21.60,27.12,32.93,39.03,45.62,8.25,10.10,9.63,9.26,9.06,8.61,8.20,7.59,3,5
"Sato, Fuga (JPN) (1996)",03-Jun-23,0.180,NaN,6.13,11.12,16.22,21.53,27.10,32.95,39.06,45.62,8.16,10.02,9.80,9.42,8.98,8.55,8.18,7.62,6,1
"Borlée, Dylan (BEL) (1992)",08-Jun-24,0.157,NaN,NaN,11.41,NaN,21.88,NaN,33.27,NaN,45.62,NaN,8.76,NaN,9.55,NaN,8.78,NaN,8.10,5,4
"Norman, Michael (USA) (1997)",07-Aug-24,0.150,NaN,5.96,10.85,15.85,21.11,26.73,32.59,38.87,45.62,8.39,10.22,10.00,9.51,8.90,8.53,7.96,7.41,4,8
"Malual, Ismail Daoud (QAT) (2006)",16-May-25,0.189,NaN,6.55,11.65,17.12,22.79,28.35,33.90,39.53,45.62,7.63,9.80,9.14,8.82,8.99,9.01,8.88,8.21,6,1
"Robinson, Chris (USA) (2001)",01-Jun-25,0.188,NaN,NaN,11.24,NaN,22.05,NaN,33.34,NaN,45.62,NaN,8.90,NaN,9.25,NaN,8.86,NaN,8.14,8,2
"Werner, Jan (POL) (1946)",29-Jul-76,NaN,NaN,NaN,NaN,NaN,22.1,NaN,33.1,NaN,45.7,NaN,NaN,NaN,9.05,NaN,9.09,NaN,7.94,1,8
"Black, Roger (GBR) (1966)",21-Jun-97,NaN,NaN,11.61,NaN,22.41,NaN,33.56,NaN,45.65,45.63,8.61,NaN,9.26,NaN,8.97,NaN,8.27,8.77,NaN,1
"Yousif, Rabah (SUD) (1986)",19-Aug-09,0.175,NaN,11.33,NaN,21.80,NaN,33.07,NaN,45.63,45.63,8.83,NaN,9.55,NaN,8.87,NaN,7.96,8.77,7,6
"Glass, Najee (USA) (1994)",13-Jun-14,NaN,NaN,NaN,NaN,21.7,NaN,32.9,NaN,45.6,45.63,NaN,NaN,NaN,9.22,NaN,8.93,NaN,7.87,NaN,5
"Walsh, Julian Jrummi (JPN) (1996)",20-May-18,0.133,NaN,6.10,11.04,16.10,21.38,26.99,32.90,39.11,45.63,8.20,10.12,9.88,9.47,8.91,8.46,8.05,7.67,6,1
"Anas, Y. Muhammed (IND) (1994)",25-Aug-18,0.180,NaN,6.13,11.04,16.16,21.56,27.21,33.06,39.25,45.63,8.16,10.18,9.77,9.26,8.85,8.55,8.08,7.84,3,1
"Hudson-Smith, Matthew (GBR) (1994)",06-Sep-19,NaN,NaN,6.2,11.2,16.2,21.5,26.9,32.8,38.9,45.63,8.06,10.00,10.00,9.43,9.26,8.47,8.20,7.79,6,2
"Litvin, Mikhail (KAZ) (1996)",20-Jul-22,0.189,NaN,NaN,11.37,NaN,21.67,NaN,33.04,NaN,45.63,NaN,8.80,NaN,9.71,NaN,8.80,NaN,7.94,1,7
"Ferlan, Rok (SLO) (1997)",09-Jun-24,0.156,NaN,NaN,11.10,NaN,21.76,NaN,33.08,NaN,45.63,NaN,9.01,NaN,9.38,NaN,8.83,NaN,7.97,2,7
"Blockburger, Johnnie (USA) (2002)",23-Jun-24,NaN,NaN,NaN,11.05,NaN,21.56,NaN,33.11,NaN,45.63,NaN,9.05,NaN,9.51,NaN,8.66,NaN,7.99,6,3
"dos Santos, Alison (BRA) (2000)",01-Jun-25,0.178,NaN,NaN,11.29,NaN,22.09,NaN,33.25,NaN,45.63,NaN,8.86,NaN,9.26,NaN,8.96,NaN,8.08,7,3
"Lea, Jim (USA) (1932)",26-May-56,NaN,NaN,NaN,NaN,NaN,22.7,NaN,NaN,NaN,45.5,NaN,NaN,NaN,8.81,NaN,NaN,NaN,8.77,NaN,1
"Davis, Glenn (USA) (1934)",24-May-58,NaN,NaN,NaN,NaN,NaN,22.3,NaN,NaN,NaN,45.5,NaN,NaN,NaN,8.97,NaN,NaN,NaN,8.62,NaN,1
"Davis, Otis (USA) (1932)",05-Sep-60,NaN,NaN,NaN,NaN,NaN,22.5,NaN,NaN,NaN,45.5,NaN,NaN,NaN,8.89,NaN,NaN,NaN,8.70,NaN,1
"Spence, Malcolm (RSA) (1937)",06-Sep-60,NaN,NaN,NaN,11.1,NaN,21.4,NaN,32.7,NaN,45.5,NaN,9.01,NaN,9.71,NaN,8.85,NaN,7.81,4,3
"Collett, Wayne (USA) (1949)",27-Jun-70,NaN,NaN,NaN,NaN,21.6,NaN,NaN,45.5,45.5,1/3,NaN,NaN,9.26,NaN,NaN,8.37,8.79,NaN,NaN,NaN
"Murphy, Miles (AUS) (1967)",18-Jul-86,NaN,NaN,NaN,11.15,NaN,21.46,NaN,45.64,45.64,/1,NaN,8.97,NaN,9.70,NaN,7.75,8.76,NaN,NaN,NaN
"Hernández, Roberto (CUB) (1967)",18-Jul-86,NaN,NaN,NaN,11.23,NaN,21.36,NaN,45.64,45.64,/2,NaN,8.90,NaN,9.87,NaN,7.66,8.76,NaN,NaN,NaN
"Watts, Quincy (USA) (1970)",19-Jun-96,NaN,NaN,NaN,10.92,NaN,21.16,NaN,32.52,38.68,45.64,NaN,9.16,NaN,9.77,NaN,8.80,8.12,7.18,2,7
"Collins, Ashton (USA) (1984)",22-Jun-03,NaN,NaN,NaN,NaN,22.36,NaN,33.72,39.42,45.64,45.64,NaN,NaN,8.94,NaN,8.80,8.77,8.04,8.76,4,1
"Nixon, Greg (USA) (1981)",03-Jul-08,NaN,NaN,NaN,11.16,15.70,21.52,27.01,32.79,38.95,45.64,NaN,8.96,11.01,8.59,9.11,8.65,8.12,7.47,2,7
"Larry, Lionel (USA) (1986)",18-Aug-09,0.152,NaN,NaN,11.07,NaN,21.49,NaN,32.92,NaN,45.64,NaN,9.03,NaN,9.60,NaN,8.75,NaN,7.86,3,4
"Harris, James (USA) (1991)",13-Jun-14,NaN,NaN,NaN,NaN,21.5,NaN,32.8,NaN,45.6,45.64,NaN,NaN,9.30,NaN,8.85,NaN,7.81,8.76,NaN,6
"Kiprotich, Geoffrey (KEN) (1997)",22-Jul-16,0.192,NaN,6.42,11.45,16.55,21.76,27.21,33.02,39.07,45.64,7.79,9.94,9.80,9.60,9.17,8.61,8.26,7.61,4,4
"Gaye, Demish (JAM) (1993)",18-Aug-19,0.153,NaN,NaN,11.4,NaN,21.8,NaN,33.3,NaN,45.64,NaN,8.77,NaN,9.62,NaN,8.70,NaN,8.10,4,6
"Coelho, João (POR) (1999)",16-Aug-22,0.206,NaN,NaN,11.13,NaN,21.41,NaN,32.82,NaN,45.64,NaN,8.98,NaN,9.73,NaN,8.76,NaN,7.80,8,3
"Nene, Zakhiti (RSA) (1998)",22-Aug-23,0.151,NaN,NaN,11.06,NaN,21.45,NaN,32.64,NaN,45.64,NaN,9.04,NaN,9.62,NaN,8.94,NaN,7.69,2,6
"Joseph, Michael (LCA) (2002)",05-Aug-24,0.186,NaN,6.19,11.24,16.51,21.93,27.54,33.34,39.34,45.64,8.08,9.90,9.49,9.23,8.91,8.62,8.33,7.94,6,4
"Coelho, João (POR) (1999)",05-Aug-24,0.175,NaN,6.38,11.45,16.71,22.11,27.65,33.40,39.30,45.64,7.84,9.86,9.51,9.26,9.03,8.70,8.47,7.89,4,5
"Bredau, Jean Paul (GER) (1999)",27-Jun-25,0.145,NaN,6.23,11.40,16.64,22.06,27.67,33.66,39.89,45.64,8.03,9.67,9.54,9.23,8.91,8.35,8.03,8.70,4,8
"Kemboi, Simon (KEN) (1967)",17-Aug-93,NaN,NaN,NaN,NaN,NaN,22.42,NaN,NaN,NaN,45.65,NaN,NaN,NaN,8.92,NaN,NaN,NaN,8.61,1,7
"Kanemaru, Yuzo (JPN) (1987)",23-Aug-15,0.156,NaN,6.15,11.13,16.25,21.60,27.21,33.02,39.20,45.65,8.13,10.04,9.77,9.35,8.91,8.61,8.09,7.75,9,6
"Bonevacia, Liemarvin (NED) (1989)",24-Aug-15,0.170,NaN,6.24,11.30,16.43,21.83,27.40,33.10,39.12,45.65,8.01,9.88,9.75,9.26,8.98,8.77,8.31,7.66,2,8
"Cowan, Dwayne (GBR) (1985)",21-Jul-18,0.131,NaN,NaN,11.2,NaN,21.7,NaN,33.1,NaN,45.65,NaN,8.93,NaN,9.52,NaN,8.77,NaN,7.97,6,1
"Andant, Teo (FRA) (1999)",08-Jun-24,0.187,NaN,NaN,11.27,NaN,21.91,NaN,33.33,NaN,45.65,NaN,8.87,NaN,9.40,NaN,8.76,NaN,8.12,4,3
"Elkhatib, Omar (POR) (2001)",09-Jun-24,0.188,NaN,NaN,11.67,NaN,22.44,NaN,33.76,NaN,45.65,NaN,8.57,NaN,9.29,NaN,8.83,NaN,8.41,9,3
"Gendre, Vincent (SUI) (2001)",27-Jun-25,0.170,NaN,6.22,11.23,16.37,21.71,27.22,32.96,39.06,45.65,8.04,9.98,9.73,9.36,9.07,8.71,8.20,7.59,NaN,3
"Blockburger, Johnnie (USA) (2002)",01-Aug-25,NaN,NaN,NaN,11.14,NaN,21.43,NaN,32.93,NaN,45.65,NaN,8.98,NaN,9.72,NaN,8.70,NaN,7.86,3,5
"Betters, Laljald (USA) (1988)",09-Jun-07,NaN,NaN,NaN,NaN,NaN,NaN,NaN,33.5,NaN,45.7,NaN,NaN,NaN,NaN,NaN,8.96,NaN,8.20,1,6
"Šorm, Patrik (CZE) (1993)",15-Aug-22,0.197,NaN,NaN,11.21,NaN,21.47,NaN,32.74,NaN,45.66,NaN,8.92,NaN,9.75,NaN,8.87,NaN,7.74,6,2
"Šorm, Patrik (CZE) (1993)",16-Aug-22,0.227,NaN,NaN,11.21,NaN,21.80,NaN,33.20,NaN,45.66,NaN,8.92,NaN,9.44,NaN,8.77,NaN,8.03,2,4
"Spitz, Lionel (SUI) (2001)",17-Aug-22,0.175,NaN,NaN,11.16,NaN,21.76,NaN,33.04,NaN,45.66,NaN,8.96,NaN,9.43,NaN,8.87,NaN,7.92,2,7
"Okezie, Chidi (NGR) (1993)",14-Sep-25,0.174,NaN,NaN,11.28,NaN,21.48,NaN,32.83,NaN,45.66,NaN,8.87,NaN,9.80,NaN,8.81,NaN,7.79,2,8
"Byrd, Leonard (USA) (1975)",25-Jun-05,NaN,NaN,NaN,NaN,NaN,21.72,27.25,33.03,39.27,45.67,NaN,NaN,NaN,9.21,9.04,8.65,8.01,7.81,8,8
"Sato, Kentaro (JPN) (1994)",23-Jun-17,0.145,NaN,NaN,11.31,NaN,21.61,NaN,32.78,NaN,45.67,NaN,8.84,NaN,9.71,NaN,8.95,NaN,7.76,2,2
"Walsh, Julian Jrummi (JPN) (1996)",21-Apr-19,0.139,NaN,6.14,11.23,16.43,21.82,27.44,33.20,39.22,45.67,NaN,8.14,9.82,9.62,9.28,8.90,8.68,8.31,4,4
"Borlée, Dylan (BEL) (1992)",16-Aug-22,0.157,NaN,NaN,11.60,NaN,21.98,NaN,33.21,NaN,45.67,NaN,8.62,NaN,9.63,NaN,8.90,NaN,8.03,3,2
"Jordier, Thomas (FRA) (1994)",17-Aug-22,0.171,NaN,NaN,11.12,NaN,21.67,NaN,33.15,NaN,45.67,NaN,8.99,NaN,9.48,NaN,8.71,NaN,7.99,3,8
"Borlée, Dylan (BEL) (1992)",31-Aug-23,0.184,NaN,6.21,11.25,16.40,21.70,27.22,33.07,39.18,45.67,NaN,8.05,9.92,9.71,9.43,9.06,8.55,8.18,8,3
"Szwed, Maks (POL) (2004)",14-Sep-25,0.163,NaN,NaN,11.39,NaN,21.81,NaN,33.32,NaN,45.67,NaN,8.78,NaN,9.60,NaN,8.69,NaN,8.10,3,8
"Honz, Karl (FRG) (1951)",07-Sep-72,NaN,NaN,NaN,NaN,NaN,21.8,NaN,33.2,NaN,45.7,NaN,NaN,NaN,9.17,NaN,8.77,NaN,8.00,1,7
"Morris, Devon (JAM) (1961)",26-Sep-88,0.239,NaN,NaN,11.51,NaN,22.04,NaN,33.27,NaN,45.68,NaN,8.69,NaN,9.50,NaN,8.90,NaN,8.06,8,7
"Ochieng, Kennedy (KEN) (1971)",17-Aug-93,NaN,NaN,NaN,NaN,NaN,22.30,NaN,NaN,NaN,45.68,NaN,NaN,NaN,8.97,NaN,NaN,NaN,8.55,8,8
"Gatson, Terry (USA) (1982)",11-Jun-05,NaN,NaN,NaN,11.2,NaN,21.7,NaN,33.2,NaN,45.7,NaN,8.93,NaN,9.52,NaN,8.70,NaN,8.00,4,7
"Kikaya, Gary (COD) (1980)",14-Jun-09,0.161,NaN,NaN,11.02,NaN,21.45,NaN,32.94,NaN,45.68,NaN,9.07,NaN,9.59,NaN,8.70,NaN,7.85,3,2
"Walsh, Julian Jrummi (JPN) (1996)",08-May-16,0.155,NaN,6.05,11.07,16.24,21.58,27.10,32.90,39.09,45.68,8.26,9.96,9.67,9.36,9.06,8.62,8.08,7.59,1,1
"Taylor, Christopher (JAM) (1999)",17-Jul-22,0.167,NaN,NaN,11.32,NaN,22.16,NaN,33.51,NaN,45.68,NaN,8.83,NaN,9.23,NaN,8.81,NaN,8.22,4,2
"Dean, Caleb (USA) (2001)",06-Apr-25,0.150,NaN,NaN,10.99,NaN,21.30,NaN,32.53,NaN,45.68,NaN,9.10,NaN,9.70,NaN,8.90,NaN,7.60,7,3
"Scotti, Edoardo (ITA) (2000)",06-Jun-25,0.186,NaN,6.17,11.27,16.39,21.71,27.31,33.09,39.07,45.68,8.10,9.80,9.77,9.40,8.93,8.65,8.36,7.56,1,8
"Doom, Alexander (BEL) (1997)",05-Jul-25,0.153,NaN,6.36,11.42,16.62,22.03,27.63,33.40,39.39,45.68,7.86,9.88,9.62,9.24,8.93,8.67,8.35,7.95,4,8
"Young, Jerome (USA) (1976)",01-Sep-00,NaN,NaN,NaN,11.36,NaN,22.04,NaN,33.06,NaN,45.69,NaN,8.80,NaN,9.36,NaN,9.07,NaN,7.92,NaN,4
"Kanemaru, Yuzo (JPN) (1987)",08-Jun-14,NaN,NaN,6.18,11.21,16.28,21.70,27.32,33.18,39.25,45.69,8.09,9.94,9.86,9.23,8.90,8.53,8.24,7.76,7,1
"Anas, Y. Muhammed (IND) (1994)",26-Aug-18,0.151,NaN,6.06,11.07,16.27,21.67,27.21,32.97,39.12,45.69,8.25,9.98,9.62,9.26,9.03,8.68,8.13,7.61,5,2
"Yamaki, Kakeru (JPN) (1996)",06-Jun-21,NaN,NaN,6.20,11.19,16.25,21.53,27.03,32.84,38.94,45.69,8.06,10.02,9.88,9.47,9.09,8.61,8.20,7.41,9,1
"Nene, Zakhiti (RSA) (1998)",17-Jul-22,0.123,NaN,NaN,11.29,NaN,22.18,NaN,33.42,NaN,45.69,NaN,8.86,NaN,9.18,NaN,8.90,NaN,8.15,7,3
"Spitz, Lionel (SUI) (2001)",20-Aug-23,0.180,NaN,NaN,11.37,NaN,21.85,NaN,33.18,NaN,45.69,NaN,8.80,NaN,9.54,NaN,8.83,NaN,7.99,9,5
"Williamson, Darold (USA) (1983)",20-Jun-03,NaN,NaN,NaN,NaN,21.84,NaN,33.28,38.19,45.70,45.70,NaN,NaN,9.16,NaN,8.74,10.18,6.66,8.75,9,2
"Everhart, Craig (USA) (1983)",10-Jun-06,NaN,NaN,NaN,11.2,NaN,22.1,NaN,33.3,NaN,45.7,8.93,NaN,9.17,NaN,8.93,NaN,8.06,8.75,2,7
"Barberi, Andrea (ITA) (1979)",09-Aug-06,NaN,NaN,NaN,NaN,22.9,NaN,33.4,NaN,45.70,45.70,NaN,NaN,8.73,NaN,19.05,NaN,8.13,8.75,NaN,5
"Abbas, Abdulrahman Khamis (BRN)",26-Aug-18,0.153,NaN,6.17,11.18,16.40,21.91,27.53,33.31,39.38,45.70,8.10,9.98,9.58,9.07,8.90,8.65,8.24,7.91,7,3
"Borlée, Dylan (BEL) (1992)",17-Jul-22,0.148,NaN,NaN,11.47,NaN,21.79,NaN,33.26,NaN,45.70,NaN,8.72,NaN,9.69,NaN,8.72,NaN,8.04,7,2
"Benati, Lorenzo (ITA) (2002)",14-Jul-23,0.181,NaN,NaN,11.53,NaN,21.96,NaN,33.27,NaN,45.70,NaN,8.67,NaN,9.59,NaN,8.84,NaN,8.05,3,5
"Dharshana, Aruna (SRI) (1999)",20-Aug-23,0.214,NaN,NaN,11.63,NaN,22.35,NaN,33.86,NaN,45.70,NaN,8.60,NaN,9.33,NaN,8.69,NaN,8.45,4,6
"Miller, Evan (USA) (2000)",21-Jun-24,NaN,NaN,NaN,11.07,NaN,21.74,NaN,33.27,NaN,45.70,NaN,9.03,NaN,9.37,NaN,8.67,NaN,8.05,8,2
"Swift, Bailey (GBR) (2002)",20-Jul-24,0.144,NaN,6.21,11.32,16.57,21.96,27.50,33.23,39.21,45.70,8.05,9.78,9.52,9.28,9.03,8.73,8.36,7.70,8,3
"Kato, Nobuya (JPN) (1995)",25-Jun-16,0.170,NaN,6.34,11.44,16.63,22.08,27.74,33.51,39.40,45.71,7.89,9.80,9.63,9.17,8.83,8.67,8.49,7.92,4,2
"Sato, Fuga (JPN) (1996)",20-Jul-22,0.175,NaN,NaN,11.45,NaN,22.21,NaN,33.42,NaN,45.71,NaN,8.73,NaN,9.29,NaN,8.92,NaN,8.14,1,5
"Klein Ikkink, Isaya (NED) (2003)",08-Sep-23,0.159,NaN,6.20,11.22,16.44,21.81,27.40,33.19,39.28,45.71,8.06,9.96,9.58,9.31,8.94,8.64,8.21,7.78,1,4
"Ferlan, Rok (SLO) (1997)",16-Sep-25,0.195,NaN,NaN,11.00,NaN,21.31,NaN,32.71,NaN,45.71,NaN,9.09,NaN,9.70,NaN,8.77,NaN,7.69,2,8
"Itt, Edgar (FRG) (1967)",18-Jul-86,NaN,NaN,NaN,11.34,NaN,21.85,NaN,33.08,NaN,45.72,NaN,8.82,NaN,9.51,NaN,8.90,NaN,7.91,NaN,3
"Strother, Nathan (USA) (1995)",10-Jun-16,NaN,NaN,NaN,NaN,NaN,21.7,NaN,33.0,NaN,45.7,NaN,NaN,NaN,9.22,NaN,8.85,NaN,7.87,NaN,5
"London, Wil (USA) (1997)",09-Jun-17,NaN,NaN,NaN,NaN,NaN,21.6,NaN,32.9,NaN,45.7,NaN,NaN,NaN,9.26,NaN,8.85,NaN,7.81,NaN,8
"Sacoor, Jonathan (BEL) (1999)",06-Sep-19,0.147,NaN,6.2,11.1,16.2,21.5,27.1,32.9,39.0,45.72,8.06,10.20,9.80,9.43,8.93,8.62,8.20,7.80,9,7
"Faulds, Edward (GBR) (2003)",16-Jul-21,0.223,NaN,NaN,11.74,NaN,22.43,NaN,33.77,NaN,45.72,NaN,8.52,NaN,9.35,NaN,8.82,NaN,8.37,3,1
"Borlée, Kevin (BEL) (1988)",17-Jul-22,0.132,NaN,NaN,11.72,NaN,22.56,NaN,33.77,NaN,45.72,NaN,8.53,NaN,9.23,NaN,8.92,NaN,8.37,8,4
"Borlée, Kevin (BEL) (1988)",02-Sep-22,0.171,NaN,6.35,11.52,16.78,22.17,27.70,33.46,39.44,45.72,7.87,9.67,9.51,9.28,9.04,8.68,8.36,7.96,5,1
"Bengtström, Carl (SWE) (2000)",20-Aug-23,0.191,NaN,NaN,11.26,NaN,21.80,NaN,33.42,NaN,45.72,NaN,8.88,NaN,9.49,NaN,8.61,NaN,8.13,8,4
"Andant, Teo (FRA) (1999)",09-Jun-24,0.184,NaN,NaN,11.17,NaN,21.84,NaN,33.26,NaN,45.72,NaN,8.95,NaN,9.37,NaN,8.76,NaN,8.03,9,9
"O'Donnell, Christopher (IRL) (1998)",09-Jun-24,0.160,NaN,NaN,11.27,NaN,21.97,NaN,33.26,NaN,45.72,NaN,8.87,NaN,9.35,NaN,8.86,NaN,8.03,3,4
"Strader, Solomon (USA) (2001)",23-Jun-24,NaN,NaN,NaN,11.03,NaN,21.44,NaN,32.72,NaN,45.72,NaN,9.07,NaN,9.61,NaN,8.87,NaN,7.69,3,8
"Hofmeister, Franz-Peter (FRG) (1951)",01-Sep-78,NaN,NaN,NaN,11.10,NaN,21.58,NaN,32.78,NaN,45.73,NaN,9.01,NaN,9.54,NaN,8.93,NaN,7.72,6,1
"Allen, Nathon (JAM) (1995)",18-May-19,0.163,NaN,NaN,10.9,NaN,21.5,NaN,33.2,NaN,45.73,NaN,9.17,NaN,9.43,NaN,8.55,NaN,7.98,4,4
"O'Donnell, Christopher (IRL) (1998)",16-Aug-22,0.180,NaN,NaN,11.09,NaN,21.74,NaN,33.02,NaN,45.73,NaN,9.02,NaN,9.39,NaN,8.87,NaN,7.87,4,5
"Elkhatib, Omar (POR) (2001)",14-Jul-23,0.168,NaN,NaN,11.76,NaN,22.31,NaN,33.92,NaN,45.73,NaN,8.50,NaN,9.48,NaN,8.61,NaN,8.47,2,6
"Clarke, Roshawn (JAM) (2004)",06-Apr-25,0.210,NaN,NaN,11.54,NaN,21.56,NaN,32.68,NaN,45.73,NaN,8.67,NaN,9.98,NaN,8.99,NaN,7.66,5,4
"Robinson, Justin (USA) (2002)",02-Aug-25,NaN,NaN,NaN,11.45,NaN,22.04,NaN,33.30,NaN,45.73,NaN,8.73,NaN,9.44,NaN,8.88,NaN,8.05,3,8
"Southern, Eddie (USA) (1938)",06-Jun-58,NaN,NaN,NaN,NaN,NaN,21.5,NaN,NaN,NaN,45.6,NaN,NaN,NaN,9.30,NaN,NaN,NaN,8.30,NaN,1
"Singh, Milkha (IND) (1935)",06-Sep-60,NaN,NaN,NaN,11.2,NaN,21.6,NaN,32.8,NaN,44.9,NaN,8.93,NaN,9.62,NaN,8.93,NaN,8.26,5,4
"Brightwell, Robbie (GBR) (1939)",14-Jul-62,NaN,NaN,NaN,NaN,NaN,22.1,NaN,NaN,NaN,45.6,NaN,NaN,NaN,9.05,NaN,NaN,NaN,8.51,NaN,1
"Badenski, Andrzej (POL) (1943)",19-Sep-64,NaN,NaN,NaN,NaN,NaN,21.7,NaN,33.8,NaN,45.6,NaN,NaN,NaN,9.22,NaN,8.26,NaN,8.47,NaN,2
"Garrison, Edesel (USA) (1950)",26-Jun-71,NaN,NaN,NaN,NaN,NaN,22.2,NaN,NaN,NaN,45.6,NaN,NaN,NaN,9.01,NaN,NaN,NaN,8.55,NaN,5
"Turner, Tommie (USA) (1947)",26-Jun-71,NaN,NaN,NaN,NaN,NaN,22.0,NaN,NaN,NaN,45.6,NaN,NaN,NaN,9.09,NaN,NaN,NaN,8.47,NaN,6
"Szeglet, Zsolt (HUN) (1977)",08-Aug-02,0.167,NaN,NaN,11.35,NaN,21.96,NaN,33.00,NaN,45.74,NaN,8.81,NaN,9.43,NaN,9.06,NaN,7.85,8,5
"Smith, Calvin (USA) (1987)",09-Jun-07,NaN,NaN,NaN,NaN,NaN,NaN,NaN,33.6,NaN,45.7,NaN,NaN,NaN,NaN,NaN,8.93,NaN,8.26,2,7
"Canal, David (ESP) (1978)",06-Aug-02,0.169,NaN,NaN,11.88,NaN,22.49,NaN,33.57,NaN,45.75,NaN,8.42,NaN,9.43,NaN,9.03,NaN,8.21,NaN,2
"Steele, Adam (USA) (1980)",20-Jun-03,NaN,NaN,NaN,NaN,NaN,21.81,NaN,33.37,39.27,45.75,NaN,NaN,NaN,9.17,NaN,8.65,8.47,7.72,8,3
"Montgomery, Kahmari (USA) (1997)",08-Jun-18,NaN,NaN,NaN,NaN,20.9,NaN,32.3,NaN,45.8,45.75,NaN,NaN,9.57,NaN,8.77,NaN,7.41,8.74,NaN,7
"Kawabata, Kaito (JPN) (1998)",25-Jun-21,0.204,NaN,6.34,11.55,16.80,22.26,27.92,33.66,39.50,45.75,7.89,9.60,9.52,9.16,8.83,8.71,8.56,8.00,6,1
"Dobber, Jochem (NED) (1997)",26-Aug-21,0.195,NaN,6.3,11.4,16.6,21.9,27.5,33.3,39.4,45.75,7.94,9.80,9.62,9.43,8.93,8.62,8.20,7.87,2,6
"Bonevacia, Liemarvin (NED) (1989)",16-Jun-22,0.188,NaN,6.29,11.24,16.28,21.61,27.16,33.00,39.11,45.75,7.95,10.10,9.92,9.38,9.01,8.56,8.18,7.53,8,5
"Walsh, Julian Jrummi (JPN) (1996)",20-Jul-22,0.134,NaN,NaN,11.03,NaN,21.46,NaN,32.72,NaN,45.75,NaN,9.07,NaN,9.59,NaN,8.88,NaN,7.67,1,6
"Kijanović, Boško (SRB) (2000)",15-Aug-22,NaN,NaN,NaN,11.29,NaN,21.97,NaN,33.32,NaN,45.75,NaN,8.86,NaN,9.36,NaN,8.81,NaN,8.05,8,3
"Biron, Gilles (FRA) (1995)",16-Aug-22,0.165,NaN,NaN,11.44,NaN,22.06,NaN,33.38,NaN,45.75,NaN,8.74,NaN,9.42,NaN,8.83,NaN,8.08,1,3
"Sato, Kentaro (JPN) (1994)",21-May-23,0.163,NaN,6.01,11.00,16.15,21.49,27.02,32.89,39.17,45.75,8.32,10.02,9.71,9.36,9.04,8.52,7.96,7.60,5,5
"Krsek, Matéj (CZE) (2000)",23-Jun-23,0.157,NaN,NaN,11.46,NaN,22.02,NaN,33.54,NaN,45.75,NaN,8.73,NaN,9.47,NaN,8.68,NaN,8.19,7,2
"Dedewo, Paul (USA) (1991)",21-Jun-24,NaN,NaN,NaN,11.42,NaN,21.94,NaN,33.47,NaN,45.75,NaN,8.76,NaN,9.51,NaN,8.67,NaN,8.14,7,4
"Campbell, Milton (USA) (1976)",06-Jun-98,NaN,NaN,NaN,NaN,NaN,21.6,NaN,NaN,NaN,45.8,NaN,NaN,NaN,9.26,NaN,NaN,NaN,8.26,NaN,3
"Torrance, Jamaal (USA) (1983)",30-Jun-08,NaN,NaN,NaN,11.21,NaN,21.87,27.41,33.13,39.25,45.76,NaN,8.92,NaN,9.38,9.03,8.74,8.17,7.68,2,5
"Kanemaru, Yuzo (JPN) (1987)",23-Jun-17,0.144,NaN,NaN,11.21,NaN,21.50,NaN,33.20,NaN,45.76,NaN,8.92,NaN,9.72,NaN,8.55,NaN,7.96,4,2
"Kitagawa, Takamasa (JPN) (1996)",24-Jun-17,0.147,NaN,6.14,11.23,16.39,21.76,27.31,33.09,39.17,45.76,8.14,9.82,9.69,9.31,9.01,8.65,8.22,7.59,4,1
"Jinushi, Naohiro (JPN) (2001)",21-May-23,0.159,NaN,6.32,11.51,16.82,22.25,27.76,33.43,39.36,45.76,7.91,9.63,9.42,9.21,9.07,8.82,8.43,7.81,2,6
"Imaizumi, Kenki (JPN) (2001)",21-May-23,0.148,NaN,6.11,11.23,16.48,21.94,27.56,33.43,39.43,45.76,8.18,9.77,9.52,9.16,8.90,8.52,8.33,7.90,8,6
"Dringo, Mihai Sorin (ROU) (2001)",20-Jun-23,0.204,NaN,NaN,11.24,NaN,21.46,NaN,32.87,NaN,45.76,NaN,8.90,NaN,9.78,NaN,8.76,NaN,7.76,9,3
"Tomlyanovich, TJ (USA) (2003)",21-Jun-24,NaN,NaN,NaN,11.13,NaN,21.70,NaN,33.15,NaN,45.76,NaN,8.98,NaN,9.46,NaN,8.73,NaN,7.93,3,3
"Strader, Solomon (USA) (2001)",21-Jun-24,NaN,NaN,NaN,NaN,NaN,22.01,NaN,32.78,NaN,45.76,NaN,NaN,NaN,9.09,NaN,9.29,NaN,7.70,9,5
"Horigome, Yoshihiro (JPN) (1981)",24-Sep-06,NaN,NaN,6.1,11.3,16.6,22.1,27.6,33.3,39.3,45.77,8.20,9.62,9.43,9.09,9.09,8.77,8.33,7.73,7,1
"Williams, Siraj (LBR) (1984)",09-Jun-07,NaN,NaN,NaN,NaN,NaN,NaN,NaN,33.4,NaN,45.8,NaN,NaN,NaN,NaN,NaN,8.98,NaN,8.06,7,8
"Marciniszyn, Marcin (POL) (1982)",18-Aug-09,0.167,NaN,NaN,11.44,NaN,21.98,NaN,33.46,NaN,45.77,NaN,8.74,NaN,9.49,NaN,8.71,NaN,8.12,3,4
"Solomon, Jarrin (TTO) (1986)",08-May-16,0.192,NaN,6.29,11.34,16.52,21.91,27.48,33.21,39.30,45.77,7.95,9.90,9.65,9.28,8.98,8.73,8.21,7.73,7,2
"Bonevacia, Llemarin (NED) (1989)",16-Jun-22,0.146,NaN,6.30,11.31,16.42,21.73,27.28,33.15,39.23,45.77,7.94,9.98,9.78,9.42,9.01,8.52,8.22,7.65,5,5
"Hudson-Smith, Matthew (GBR) (1994)",05-Aug-22,0.146,NaN,6.1,11.0,16.2,21.5,27.0,32.9,39.0,45.77,8.20,10.20,9.62,9.43,9.09,8.47,8.20,7.39,6,1
"Doom, Alexander (BEL) (1997)",16-Aug-22,0.180,NaN,NaN,10.97,NaN,21.26,NaN,32.84,NaN,45.77,NaN,9.12,NaN,9.72,NaN,8.64,NaN,7.73,6,6
"Molnár, Attila (HUN) (2002)",02-Jul-23,0.269,NaN,6.65,11.80,17.03,22.39,27.90,33.64,39.50,45.77,7.52,9.71,9.56,9.33,9.07,8.71,8.53,7.97,1,5
"Thompson, Lee (GBR) (1997)",19-Jul-25,0.210,NaN,6.14,11.15,16.25,21.52,27.06,32.88,39.04,45.77,8.14,9.98,9.80,9.49,9.03,8.59,8.12,7.43,6,2
"Molnár, Tamás (HUN) (1968)",29-Jun-91,NaN,NaN,NaN,11.48,NaN,21.97,NaN,33.25,NaN,45.78,NaN,8.71,NaN,9.53,NaN,8.87,NaN,7.98,NaN,3
"Maybank, Anthuan (USA) (1969)",26-Jun-99,NaN,NaN,NaN,NaN,NaN,22.2,NaN,NaN,NaN,45.8,NaN,NaN,NaN,9.01,NaN,NaN,NaN,8.47,NaN,6
"Taylor, Christian (USA) (1990)",18-Aug-18,0.157,NaN,NaN,11.1,NaN,21.5,NaN,32.9,NaN,45.78,NaN,9.01,NaN,9.62,NaN,8.77,NaN,7.76,7,4
"Al-Yassin, Mazen (KSA) (1996)",28-May-21,0.164,NaN,6.3,11.4,16.6,22.0,27.5,33.2,39.5,45.78,7.94,9.80,9.62,9.26,9.09,8.77,7.94,7.96,8,6
"Coelho, João (POR) (1999)",15-Aug-22,0.291,NaN,NaN,11.36,NaN,21.77,NaN,33.14,NaN,45.78,NaN,8.80,NaN,9.61,NaN,8.80,NaN,7.91,3,4
"O'Donnell, Christopher (IRL) (1998)",02-Sep-22,0.164,NaN,6.39,11.50,16.79,22.24,27.74,33.41,39.42,45.78,7.82,9.78,9.45,9.17,9.09,8.82,8.32,7.86,2,2
"Schultz, Ingo (GER) (1975)",06-Aug-02,0.159,NaN,NaN,11.47,NaN,22.06,NaN,33.46,NaN,45.79,NaN,8.72,NaN,9.44,NaN,8.77,NaN,8.11,NaN,1
"Torrance, Jamaal (USA) (1983)",23-Jun-07,NaN,NaN,NaN,NaN,NaN,NaN,NaN,32.7,NaN,45.8,NaN,NaN,NaN,NaN,NaN,9.17,NaN,7.63,2,6
Liu Xiaosheng (CHN) (1988),09-Jun-07,NaN,NaN,6.43,11.53,16.77,22.13,27.71,33.51,39.37,45.75,7.78,9.80,9.54,9.33,8.96,8.62,8.53,7.84,NaN,1
"Norwood, Vernon (USA) (1992)",19-May-19,0.176,NaN,6.13,11.07,16.18,21.51,27.10,33.00,39.12,45.79,8.16,10.12,9.78,9.38,8.94,8.47,8.17,7.50,7,1
"Norwood, Vernon (USA) (1992)",18-Aug-19,0.171,NaN,NaN,11.2,NaN,21.7,NaN,33.1,NaN,45.79,NaN,8.93,NaN,9.52,NaN,8.77,NaN,7.88,3,7
"Bonevacia, Llemarvin (NED) (1989)",09-Jun-22,0.166,NaN,6.32,11.45,16.69,22.08,27.53,33.28,39.25,45.79,7.91,9.75,9.54,9.28,9.17,8.70,8.38,7.65,3,6
"Paul, Michael (TTO) (1957)",10-Aug-83,NaN,NaN,NaN,NaN,21.5,NaN,NaN,NaN,45.80,45.80,NaN,NaN,9.30,NaN,NaN,NaN,8.23,8.73,8,7
"Borlée, Kevin (BEL) (1988)",11-Jun-10,NaN,NaN,NaN,NaN,22.0,NaN,33.4,NaN,45.8,45.80,NaN,NaN,9.09,NaN,8.77,NaN,8.06,8.73,NaN,7
"Walsh, Julian Jrummi (JPN) (1996)",28-Jun-19,0.160,NaN,6.20,11.24,16.38,21.66,27.20,33.02,39.18,45.80,8.06,9.92,9.73,9.47,9.03,8.59,8.12,7.55,4,1
"Walsh, Julian Jrummi (JPN) (1996)",06-Jun-21,NaN,NaN,6.39,11.57,16.77,21.97,27.29,32.98,39.13,45.80,7.82,9.65,9.62,9.62,9.40,8.79,8.13,7.50,4,1
"Re, Davide (ITA) (1993)",10-Jun-21,0.139,NaN,6.4,11.6,16.8,22.2,27.8,33.6,39.6,45.80,7.81,9.62,9.62,9.26,8.93,8.62,8.33,8.06,6,2
"Adoli, Aaron (UGA) (1994)",05-Aug-22,0.240,NaN,6.3,11.4,16.7,22.2,27.9,33.7,39.5,45.80,7.94,9.80,9.43,9.09,8.77,8.62,8.62,7.94,7,1
"Doom, Alexander (BEL) (1997)",20-Jul-22,0.170,NaN,NaN,11.50,NaN,21.78,NaN,33.25,NaN,45.80,NaN,8.70,NaN,9.73,NaN,8.72,NaN,7.97,7,6
"Borlée, Dylan (BEL) (1992)",04-Jun-23,0.172,NaN,6.29,11.38,16.61,21.96,27.51,33.25,39.28,45.80,7.95,9.82,9.56,9.35,9.01,8.71,8.29,7.67,2,4
"Nielsen, Gustav Lundholm (DEN) (19)",20-Jun-23,0.187,NaN,NaN,11.36,NaN,21.79,NaN,33.11,NaN,45.80,NaN,8.80,NaN,9.59,NaN,8.83,NaN,7.88,4,4
"Šorm, Patrik (CZE) (1993)",08-Sep-23,0.168,NaN,6.33,11.38,16.62,22.13,27.74,33.45,39.39,45.80,7.90,9.90,9.54,9.07,8.91,8.76,8.42,7.80,8,5
"Zalewski, Karol (POL) (1993)",08-Jun-24,0.165,NaN,NaN,11.19,NaN,21.71,NaN,33.13,NaN,45.80,NaN,8.94,NaN,9.51,NaN,8.76,NaN,7.89,3,5
"Elkhatib, Omar (POR) (2001)",08-Jun-24,0.155,NaN,NaN,11.57,NaN,22.12,NaN,33.60,NaN,45.80,NaN,8.64,NaN,9.48,NaN,8.71,NaN,8.20,4,2
"Stewart, Trevor (USA) (1997)",23-Jun-24,NaN,NaN,NaN,11.38,NaN,21.96,NaN,33.37,NaN,45.80,NaN,8.79,NaN,9.45,NaN,8.76,NaN,8.05,1,9
"Mabille, Florent (BEL) (1996)",13-Sep-24,0.142,NaN,6.26,11.22,16.32,21.69,27.25,33.06,39.14,45.80,7.99,10.08,9.80,9.31,8.99,8.61,8.22,7.51,7,3
"Mitchell, Manteo (USA) (1987)",22-Jun-13,0.212,NaN,NaN,NaN,NaN,NaN,NaN,32.7,NaN,45.8,NaN,NaN,NaN,NaN,NaN,9.17,NaN,7.63,NaN,7
"Santos, Luguelin (DOM) (1993)",18-Aug-18,0.207,NaN,NaN,11.8,NaN,22.6,NaN,33.8,NaN,45.81,NaN,8.47,NaN,9.26,NaN,8.93,NaN,8.33,3,5
"Cherry, Michael (USA) (1995)",17-Jul-22,0.137,NaN,NaN,11.16,NaN,21.84,NaN,33.16,NaN,45.81,NaN,8.96,NaN,9.36,NaN,8.83,NaN,7.91,3,1
"Spitz, Lionel (SUI) (2001)",23-Jun-23,0.197,NaN,NaN,11.14,NaN,21.27,NaN,32.90,NaN,45.81,NaN,8.98,NaN,9.87,NaN,8.60,NaN,7.75,5,3
"Benson, James (USA) (2000)",21-Jun-24,NaN,NaN,NaN,11.12,NaN,21.60,NaN,33.08,NaN,45.81,NaN,8.99,NaN,9.54,NaN,8.71,NaN,7.86,4,4
"Spitz, Lionel (SUI) (2001)",04-Aug-24,0.145,NaN,6.18,11.13,16.20,21.48,26.97,32.78,38.94,45.81,8.09,10.10,9.86,9.47,9.11,8.61,8.12,7.28,3,6
"James-King, Malik (JAM) (1999)",04-May-25,0.180,NaN,NaN,11.56,NaN,22.23,NaN,33.63,NaN,45.81,NaN,8.65,NaN,9.37,NaN,8.77,NaN,8.21,4,5
"Levasseur, Felix (FRA) (2004)",18-Jul-25,0.168,NaN,6.24,11.35,16.54,21.95,27.54,33.38,39.35,45.81,8.01,9.78,9.63,9.24,8.94,8.56,8.38,7.74,5,3
"Hazlett, Eli (USA) (2001)",01-Aug-25,NaN,NaN,NaN,11.29,NaN,21.76,NaN,33.26,NaN,45.81,NaN,8.86,NaN,9.55,NaN,8.70,NaN,7.97,2,6
"Chukwu, Clement (NGR) (1973)",06-Jun-98,NaN,NaN,NaN,NaN,NaN,21.8,NaN,NaN,NaN,45.8,NaN,NaN,NaN,9.17,NaN,NaN,NaN,8.33,NaN,4
"Larry, Lionel (USA) (1986)",03-Jul-08,NaN,NaN,NaN,11.13,15.66,21.42,26.94,32.73,39.03,45.82,NaN,8.98,11.04,8.68,9.06,8.64,7.94,7.36,1,8
"Rooney, Martyn (GBR) (1987)",13-Sep-08,0.179,NaN,NaN,11.57,NaN,22.42,NaN,33.78,NaN,45.82,NaN,8.64,NaN,9.22,NaN,8.80,NaN,8.31,8,5
"Samukonga, Muzala (ZAM) (2002)",17-Jul-22,0.180,NaN,NaN,11.27,NaN,21.83,NaN,33.33,NaN,45.82,NaN,8.87,NaN,9.47,NaN,8.70,NaN,8.01,7,2
"Bonevacia, Liemarvin (NED) (1989)",17-Jul-22,0.158,NaN,NaN,11.65,NaN,22.33,NaN,33.76,NaN,45.82,NaN,8.58,NaN,9.36,NaN,8.75,NaN,8.29,6,2
"Jones, Jonathan (BAR) (1999)",05-Aug-22,0.157,NaN,6.2,11.3,16.7,22.1,27.7,33.6,39.5,45.82,8.06,9.80,9.26,9.26,8.93,8.47,8.47,7.91,7,1
"Biron, Gilles (FRA) (1995)",15-Aug-22,0.157,NaN,NaN,11.10,NaN,21.53,NaN,33.01,NaN,45.82,NaN,9.01,NaN,9.59,NaN,8.71,NaN,7.81,8,2
"Doom, Alexander (BEL) (1997)",02-Sep-22,0.164,NaN,6.45,11.58,16.81,22.26,27.89,33.70,39.68,45.82,7.75,9.75,9.56,9.17,8.88,8.61,8.36,8.14,6,3
"Davey, Lewis (GBR) (2000)",08-Sep-23,0.173,NaN,6.28,11.19,16.35,21.83,27.51,33.33,39.34,45.82,7.96,10.18,9.69,9.12,8.80,8.59,8.32,7.72,7,6
"Spitz, Lionel (SUI) (2001)",22-Aug-24,0.119,NaN,6.15,11.07,16.11,21.40,27.00,32.88,39.05,45.82,8.13,10.16,9.92,9.45,8.93,8.50,8.10,7.39,2,7
"Plawgo, Marek (POL) (1987)",07-Aug-02,0.172,NaN,NaN,11.43,NaN,22.14,NaN,33.49,NaN,45.83,NaN,8.75,NaN,9.34,NaN,8.81,NaN,8.10,NaN,3
"Wissman, Johan (SWE) (1982)",18-Aug-09,0.176,NaN,NaN,11.19,NaN,21.50,NaN,32.82,NaN,45.83,NaN,8.94,NaN,9.70,NaN,8.83,NaN,7.69,2,3
"Juantorena, Alberto (CUB) (1950)",03-Sep-77,NaN,NaN,NaN,12.8,NaN,NaN,NaN,NaN,NaN,45.83,NaN,7.81,NaN,NaN,NaN,NaN,NaN,9.06,8,3
"Haroun, Abdalelah (QAT) (1997)",25-Aug-18,0.195,NaN,6.13,11.11,16.29,21.75,27.43,33.21,39.23,45.83,8.16,10.04,9.65,9.16,8.80,8.65,8.31,7.58,4,1
"Ito, Rikiya (JPN) (1998)",23-Aug-20,0.132,NaN,6.04,10.95,16.00,21.27,26.83,32.77,39.04,45.83,8.28,10.18,9.90,9.49,8.99,8.42,7.97,7.36,4,1
"Cañal, Iñaki (ESP) (1997)",17-Jul-22,0.151,NaN,NaN,11.11,NaN,21.35,NaN,32.75,NaN,45.83,NaN,9.00,NaN,9.77,NaN,8.77,NaN,7.65,7,3
"Brier, Joseph (GBR) (1999)",20-Jul-24,0.151,NaN,6.16,11.13,16.18,21.39,26.90,32.70,38.88,45.83,8.12,10.06,9.90,9.60,9.07,8.62,8.09,7.19,2,5
"Petrucciani, Ricky (SUI) (2000)",22-Aug-24,0.167,NaN,6.21,11.46,16.79,22.30,27.83,33.55,39.49,45.83,8.05,9.52,9.38,9.07,9.04,8.74,8.42,7.89,5,1
"Kelly, Conor (IRL) (2007)",09-Aug-25,0.139,NaN,6.87,11.40,16.43,21.91,27.54,33.32,39.87,45.83,7.28,11.04,9.94,9.12,8.88,8.65,7.63,8.39,4,1
"McKenley, Herb (JAM) (1922)",06-Jun-48,NaN,NaN,NaN,NaN,NaN,21.1,NaN,NaN,NaN,45.7,NaN,NaN,NaN,9.48,NaN,NaN,NaN,8.13,NaN,1
"Lea, Jim (USA) (1932)",30-Jun-56,NaN,NaN,NaN,NaN,NaN,21.6,NaN,NaN,NaN,45.7,NaN,NaN,NaN,9.26,NaN,NaN,NaN,8.30,7,2
"Läng, Peter (SUI) (1942)",10-Jul-62,NaN,NaN,NaN,NaN,NaN,21.4,NaN,33.0,NaN,45.7,NaN,NaN,NaN,9.35,NaN,8.62,NaN,7.87,NaN,1
"Trousil, Josef (TCH) (1935)",26-Jun-64,NaN,NaN,NaN,NaN,NaN,21.8,NaN,33.3,NaN,45.7,NaN,NaN,NaN,9.17,NaN,8.70,NaN,8.06,NaN,1
"Brightwell, Robbie (GBR) (1939)",19-Sep-64,NaN,NaN,NaN,NaN,NaN,21.8,NaN,34.1,NaN,45.7,NaN,NaN,NaN,9.17,NaN,8.13,NaN,8.62,6,4
"Nallet, Jean-Claude (FRA) (1947)",28-Jul-68,NaN,NaN,NaN,NaN,NaN,21.6,NaN,NaN,NaN,45.7,NaN,NaN,NaN,9.26,NaN,NaN,NaN,8.30,NaN,1
"Nallet, Jean-Claude (FRA) (1947)",01-Aug-70,NaN,NaN,NaN,NaN,NaN,22.3,NaN,33.7,NaN,45.7,NaN,NaN,NaN,8.97,NaN,8.77,NaN,8.33,NaN,1
"Egbunike, Innocent (NGR) (1961)",30-Aug-87,NaN,NaN,NaN,11.32,NaN,21.94,NaN,33.50,NaN,45.84,NaN,8.83,NaN,9.42,NaN,8.65,NaN,8.10,6,2
"Valmon, Andrew (USA) (1965)",17-Jun-96,NaN,NaN,NaN,11.63,NaN,22.11,NaN,33.34,39.90,45.84,NaN,8.60,NaN,9.54,NaN,8.90,7.62,8.42,8,6
"Szeglet, Zsolt (HUN) (1977)",07-Aug-02,0.155,NaN,NaN,11.52,NaN,22.46,NaN,33.41,NaN,45.84,NaN,8.68,NaN,9.14,NaN,9.13,NaN,8.05,NaN,4
"Hirose, Hideyuki (JPN) (1989)",12-Jun-11,NaN,NaN,6.31,11.37,16.58,21.91,27.44,33.11,39.21,45.84,7.92,9.88,9.60,9.38,9.04,8.82,8.20,7.54,NaN,2
"Tamura, Tomoya (JPN) (1992)",23-Jun-17,0.161,NaN,NaN,11.39,NaN,21.69,NaN,32.84,NaN,45.84,NaN,8.78,NaN,9.71,NaN,8.97,NaN,7.69,8,1
"Rajiv, Arokia (IND) (1991)",26-Aug-18,0.187,NaN,6.24,11.39,16.63,22.08,27.55,33.15,39.18,45.84,8.01,9.71,9.54,9.17,9.14,8.93,8.29,7.51,8,4
"Doom, Alexander (BEL) (1997)",03-Sep-21,0.154,NaN,6.4,11.3,16.4,21.8,27.4,33.3,39.5,45.84,7.81,10.20,9.80,9.26,8.93,8.47,8.06,7.89,7,6
"Sato, Fuga (JPN) (1996)",25-Sep-21,0.192,NaN,NaN,11.09,NaN,21.80,NaN,33.42,NaN,45.73,NaN,9.02,NaN,9.34,NaN,8.61,NaN,8.12,7,1
"Bonevacia, Liemarin (NED) (1989)",08-Sep-22,0.143,NaN,6.27,11.37,16.61,21.92,27.40,33.13,39.23,45.84,7.97,9.80,9.54,9.42,9.12,8.73,8.20,7.56,1,7
"Borée, Dylan (BEL) (1992)",23-Jun-23,0.140,NaN,NaN,11.57,NaN,21.97,NaN,33.40,NaN,45.84,NaN,8.64,NaN,9.62,NaN,8.75,NaN,8.04,3,8
"Dringo, Mihai Sorin (ROU) (2001)",13-Jul-23,0.197,NaN,NaN,11.56,NaN,22.35,NaN,34.02,NaN,45.84,NaN,8.65,NaN,9.27,NaN,8.57,NaN,8.46,8,2
"Nielsen, Gustav Lundholm (DEN) (19)",08-Jun-24,0.146,NaN,NaN,11.37,NaN,21.97,NaN,33.38,NaN,45.84,NaN,8.80,NaN,9.43,NaN,8.76,NaN,8.03,7,5
"Vigil, Jonah (USA) (2001)",01-Aug-25,NaN,NaN,NaN,10.94,NaN,21.33,NaN,32.84,NaN,45.84,NaN,9.14,NaN,9.62,NaN,8.69,NaN,7.69,2,7
"Green, Bill (USA) (1961)",27-Jun-80,NaN,NaN,NaN,11.7,NaN,22.9,NaN,34.2,NaN,45.9,NaN,8.55,NaN,8.93,NaN,8.85,NaN,8.58,NaN,1
"Schönlebe, Thomas (GDR) (1965)",30-Aug-87,NaN,NaN,NaN,11.48,NaN,22.00,NaN,33.35,NaN,45.85,NaN,8.71,NaN,9.51,NaN,8.81,NaN,8.00,6,2
"Mweresa, Boniface (KEN) (1993)",05-Aug-22,0.181,NaN,6.0,11.0,16.3,21.8,27.5,33.4,39.4,45.85,8.33,10.00,9.43,9.09,8.77,8.47,8.33,7.75,4,2
"Carvalho, Lucas (BRA) (1993)",04-Aug-24,0.133,NaN,6.17,11.11,16.21,21.55,27.09,32.90,38.98,45.85,8.10,10.12,9.80,9.36,9.03,8.61,8.22,7.28,5,7
"Canal, David (ESP) (1978)",07-Aug-02,0.152,NaN,NaN,11.44,NaN,21.85,NaN,33.22,NaN,45.86,NaN,8.74,NaN,9.61,NaN,8.80,NaN,7.91,NaN,1
"Byrd, Leonard (USA) (1975)",19-Sep-05,NaN,NaN,NaN,11.34,NaN,22.10,NaN,33.25,39.28,45.86,NaN,8.82,NaN,9.29,NaN,8.97,8.29,7.60,5,3
"Galvan, Matteo (ITA) (1988)",18-Aug-09,0.150,NaN,NaN,11.53,NaN,22.31,NaN,33.50,NaN,45.86,NaN,8.67,NaN,9.28,NaN,8.94,NaN,8.09,6,3
"Borlée, Dylan (BEL) (1992)",30-Jun-23,0.131,NaN,6.19,11.25,16.30,21.52,27.02,32.87,39.04,45.86,8.08,9.88,9.90,9.58,9.09,8.55,8.10,7.33,8,2
"Boers, Isayah (NED) (1999)",07-Jul-24,0.174,NaN,6.16,11.04,16.00,21.22,26.77,32.63,38.91,45.86,8.12,10.25,10.08,9.58,9.01,8.53,7.96,7.19,6,1
"Williamson, Darold (USA) (1983)",21-Jun-03,NaN,NaN,NaN,NaN,NaN,22.09,NaN,33.35,39.27,45.87,NaN,NaN,NaN,9.05,NaN,8.88,8.45,7.58,7,4-6
"Benjamin, Tim (GBR) (1982)",23-Jun-07,0.178,NaN,NaN,11.62,NaN,22.42,NaN,33.63,NaN,45.87,NaN,8.61,NaN,9.26,NaN,8.92,NaN,8.17,NaN,2
"Feliz, Lidio Andres (DOM) (1997)",17-Jul-22,0.257,NaN,NaN,11.58,NaN,22.24,NaN,33.78,NaN,45.87,NaN,8.64,NaN,9.38,NaN,8.67,NaN,8.27,5,3
"Scotti, Edoardo (ITA) (2000)",15-Aug-22,0.251,NaN,NaN,11.41,NaN,22.08,NaN,33.45,NaN,45.87,NaN,8.76,NaN,9.37,NaN,8.80,NaN,8.05,8,3
"Bonevacia, Liemarvin (NED) (1989)",04-Jun-23,0.147,NaN,6.28,11.28,16.38,21.74,27.26,33.01,39.08,45.87,7.96,10.00,9.80,9.33,9.06,8.70,8.24,7.36,5,5
"Zalewski, Karol (POL) (1993)",16-Jul-23,0.138,NaN,6.15,11.15,16.32,21.60,27.19,33.11,39.24,45.87,8.13,10.00,9.67,9.47,8.94,8.45,8.16,7.54,1,8
"Biron, Gilles (FRA) (1995)",05-Aug-24,0.187,NaN,6.24,11.25,16.28,21.56,27.20,33.05,39.22,45.87,8.01,9.98,9.94,9.47,8.87,8.55,8.10,7.52,8,2
"Ogando, Alexander (DOM) (2000)",31-May-25,0.200,NaN,NaN,14.10,NaN,24.32,NaN,35.88,NaN,45.87,NaN,7.09,NaN,9.78,NaN,8.65,NaN,10.01,1,6
"Wright, Willington (USA) (2000)",01-Aug-25,NaN,NaN,NaN,11.18,NaN,21.61,NaN,33.14,NaN,45.87,NaN,8.94,NaN,9.59,NaN,8.67,NaN,7.86,6,7
"Dedewo, Paul (USA) (1991)",02-Aug-25,NaN,NaN,NaN,11.34,NaN,21.93,NaN,33.41,NaN,45.87,NaN,8.82,NaN,9.44,NaN,8.71,NaN,8.03,1,9
"Kocheryagin, Vyacheslav (URS)",29-Jun-91,NaN,NaN,NaN,11.59,NaN,22.39,NaN,33.59,NaN,45.88,NaN,8.63,NaN,9.26,NaN,8.93,NaN,8.14,NaN,4
"Harrison, Alvin (USA) (1974)",26-Jun-99,NaN,NaN,NaN,NaN,NaN,21.7,NaN,NaN,NaN,45.9,NaN,NaN,NaN,9.22,NaN,NaN,NaN,8.26,NaN,2.7
"Horii, Kosuke (JPN) (1994)",23-Jun-17,0.174,NaN,NaN,11.49,NaN,22.06,NaN,33.54,NaN,45.88,NaN,8.70,NaN,9.46,NaN,8.71,NaN,8.10,3,3
"Mihara, Taiki (JPN) (1995)",23-Jun-17,0.212,NaN,NaN,11.59,NaN,21.83,NaN,33.04,NaN,45.88,NaN,8.63,NaN,9.77,NaN,8.92,NaN,7.79,5,2
"Humaida, Bassem (QAT) (2000)",03-May-19,0.168,NaN,NaN,11.5,NaN,22.3,NaN,33.9,NaN,45.88,NaN,8.70,NaN,9.26,NaN,8.62,NaN,8.35,6,1
"Taylor, Christopher (JAM) (1999)",03-Sep-21,0.170,NaN,6.3,11.3,16.5,22.0,27.5,33.2,39.3,45.88,7.94,10.00,9.62,9.09,9.09,8.77,8.20,7.60,2,7
"Sato, Fuga (JPN) (1996)",17-Jul-22,0.170,NaN,NaN,11.25,NaN,21.72,NaN,33.19,NaN,45.88,NaN,8.89,NaN,9.55,NaN,8.72,NaN,7.88,5,4
"Kijanović, Boško (SRB) (2000)",16-Aug-22,0.162,NaN,NaN,10.86,NaN,21.42,NaN,32.86,NaN,45.88,NaN,9.21,NaN,9.47,NaN,8.74,NaN,7.68,7,7
"Jones, William (USA) (2003)",01-Aug-25,NaN,NaN,NaN,11.59,NaN,22.39,NaN,33.66,NaN,45.88,NaN,8.63,NaN,9.26,NaN,8.87,NaN,8.18,3,3
"Sawyers, Chantz (JAM) (1999)",13-Jul-18,0.157,NaN,6.27,11.25,16.35,21.72,27.23,32.97,39.12,45.89,7.97,10.04,9.80,9.31,9.07,8.71,8.13,7.39,4,3
"Walsh, Julian Jrummi (JPN) (1996)",26-Aug-18,0.120,NaN,6.08,11.07,16.17,21.53,27.13,33.04,39.27,45.89,8.22,10.02,9.80,9.33,8.93,8.46,8.03,7.55,4,5
"Borlée, Kevin (BEL) (1988)",06-Sep-19,NaN,NaN,6.4,11.4,16.6,21.9,27.4,33.3,39.3,45.89,7.81,10.00,9.62,9.43,9.09,8.47,8.33,7.94,5,3
"Scotti, Edoardo (ITA) (2000)",09-Jun-22,0.185,NaN,6.27,11.35,16.49,21.83,27.45,33.27,39.30,45.89,7.97,9.84,9.73,9.36,8.90,8.59,8.29,7.59,9,7
"Scotch, Leungo (BOT) (1996)",02-Jul-23,0.188,NaN,6.23,11.31,16.53,21.94,27.57,33.39,39.39,45.89,8.03,9.84,9.58,9.24,8.88,8.59,8.33,7.69,3,6
"Raftery, Jack (IRL) (2001)",13-Jul-23,0.197,NaN,NaN,11.68,NaN,22.37,NaN,33.93,NaN,45.89,NaN,8.56,NaN,9.35,NaN,8.65,NaN,8.36,7,3
"Patterson, Jacory (USA) (2000)",23-Jun-24,NaN,NaN,NaN,10.79,NaN,21.27,NaN,32.67,NaN,45.89,NaN,9.27,NaN,9.54,NaN,8.77,NaN,7.56,1,8
"Andant, Teo (FRA) (1999)",12-Jul-24,0.157,NaN,6.14,11.08,16.17,21.44,27.09,33.04,39.25,45.89,8.14,10.12,9.82,9.49,8.85,8.40,8.05,7.53,1,8
"Bea, Manuel (ESP) (2001)",27-Jun-25,0.157,NaN,6.04,11.10,16.17,21.44,26.95,32.86,39.08,45.89,8.28,9.88,9.86,9.49,9.07,8.46,8.04,7.34,NaN,4
"Djhone, Leslie (FRA) (1981)",21-Aug-09,0.151,NaN,NaN,11.34,NaN,22.04,NaN,33.46,NaN,45.90,NaN,8.82,NaN,9.35,NaN,8.76,NaN,8.04,1,8
"Spratling, Brycen (USA) (1992)",28-Jun-14,NaN,NaN,NaN,11.4,NaN,22.2,NaN,33.5,NaN,45.9,NaN,8.77,NaN,9.26,NaN,8.85,NaN,8.06,NaN,7
"Berry, Mike (USA) (1991)",03-Jul-16,0.249,NaN,NaN,11.3,NaN,22.1,NaN,33.4,NaN,45.9,NaN,8.85,NaN,9.26,NaN,8.85,NaN,8.00,1,8
"Makwala, Isaac (BOT) (1986)",09-Jun-22,0.185,NaN,6.21,11.18,16.28,21.55,27.06,32.81,38.98,45.90,8.05,10.06,9.80,9.49,9.07,8.70,8.10,7.23,7,8
"Borée, Jonathan (BEL) (1988)",02-Sep-22,0.194,NaN,6.31,11.43,16.67,22.02,27.52,33.28,39.42,45.90,7.92,9.77,9.54,9.35,9.09,8.68,8.14,7.72,3,4
"Pohorliko, Oleksandr (UKR) (2000)",08-Jun-24,0.169,NaN,NaN,11.37,NaN,21.94,NaN,33.28,NaN,45.90,NaN,8.80,NaN,9.46,NaN,8.82,NaN,7.92,2,6
"Grimerud, Andreas (NOR) (2003)",08-Jun-24,0.222,NaN,NaN,11.62,NaN,22.26,NaN,33.66,NaN,45.90,NaN,8.61,NaN,9.40,NaN,8.77,NaN,8.17,9,6
"de Souza, Gerson (BRA) (1959)",10-Aug-83,NaN,NaN,NaN,NaN,NaN,21.8,NaN,NaN,NaN,45.91,NaN,NaN,NaN,9.17,NaN,NaN,NaN,8.30,2,8
"Buzard, Aaron (USA) (1984)",10-Jun-06,NaN,NaN,NaN,11.4,NaN,22.1,NaN,33.5,NaN,45.9,NaN,8.77,NaN,9.35,NaN,8.77,NaN,8.06,NaN,8
"Dyldin, Maksim (RUS) (1987)",18-Aug-09,0.172,NaN,NaN,11.75,NaN,22.33,NaN,33.42,NaN,45.91,NaN,8.51,NaN,9.45,NaN,9.02,NaN,8.01,6,4
"Kanemaru, Yuzo (JPN) (1987)",27-Jun-15,0.187,NaN,6.32,11.42,16.58,21.92,27.53,33.13,39.18,45.91,7.91,9.80,9.69,9.36,8.91,8.93,8.26,7.43,9,1
"Cedenio, Machel (TTO) (1995)",06-Aug-17,0.221,NaN,NaN,10.83,NaN,21.01,NaN,32.37,38.56,45.69,NaN,9.23,NaN,9.82,NaN,8.80,8.08,7.01,8,7
"Mweresa, Bonface (KEN) (1993)",20-Aug-23,0.190,NaN,NaN,11.66,NaN,22.48,NaN,33.85,NaN,45.91,NaN,8.58,NaN,9.24,NaN,8.80,NaN,8.29,3,7
"Biron, Gilles (FRA) (1995)",09-Jun-24,0.160,NaN,NaN,11.35,NaN,21.87,NaN,33.13,NaN,45.91,NaN,8.81,NaN,9.51,NaN,8.88,NaN,7.82,8,4
"Pozo, Gerson (ESP) (2003)",18-Jul-25,0.149,NaN,6.18,11.22,16.37,21.74,27.30,33.24,39.37,45.91,8.09,9.92,9.71,9.31,8.99,8.42,8.16,7.65,6,4
"Juantorena, Alberto (CUB) (1950)",26-Jul-76,NaN,NaN,NaN,NaN,NaN,22.6,NaN,34.1,NaN,45.92,NaN,NaN,NaN,NaN,NaN,8.70,NaN,8.46,7,2
"Attene, Alessandro (ITA) (1977)",23-Jun-01,NaN,NaN,NaN,NaN,NaN,22.11,NaN,33.59,NaN,45.92,NaN,NaN,NaN,9.40,NaN,8.71,NaN,8.11,NaN,5
"Kikaya, Gary (COD) (1980)",13-Sep-08,0.167,NaN,NaN,11.15,NaN,21.65,NaN,33.09,NaN,45.92,NaN,8.97,NaN,9.52,NaN,8.74,NaN,7.79,2,6
"Mathieu, Michael (BAH) (1984)",14-Jun-09,0.316,NaN,NaN,11.06,NaN,21.72,NaN,33.05,NaN,45.92,NaN,9.04,NaN,9.38,NaN,8.83,NaN,7.77,7,3
"Nyongani, Young Talkmore (ZIM) (19)",18-Aug-09,0.178,NaN,NaN,11.29,NaN,21.89,NaN,32.37,NaN,45.92,NaN,8.86,NaN,9.43,NaN,9.54,NaN,7.38,8,5
"Henry, Tabarie (ISV) (1987)",11-Jun-10,NaN,NaN,NaN,NaN,NaN,21.4,NaN,33.6,NaN,45.9,NaN,NaN,NaN,9.35,NaN,8.20,NaN,8.13,NaN,8
"Santos, Luguelin (DOM) (1993)",16-Jun-22,0.174,NaN,6.39,11.43,16.53,21.73,27.23,33.14,39.32,45.92,7.82,9.92,9.80,9.62,9.09,8.46,8.09,7.58,1,7
"Maslák, Pavel (CZE) (1991)",15-Aug-22,0.230,NaN,NaN,11.11,NaN,21.47,NaN,32.88,NaN,45.92,NaN,9.00,NaN,9.65,NaN,8.76,NaN,7.67,4,4
"Krsek, Matéj (CZE) (2000)",16-Aug-22,0.171,NaN,NaN,11.39,NaN,22.01,NaN,33.55,NaN,45.92,NaN,8.78,NaN,9.42,NaN,8.67,NaN,8.08,8,5
"Schneider, Patrick (GER) (1992)",16-Aug-22,0.180,NaN,NaN,11.52,NaN,21.89,NaN,33.26,NaN,45.92,NaN,8.68,NaN,9.64,NaN,8.80,NaN,7.90,7,4
"Spitz, Lionel (SUI) (2001)",30-Jun-23,0.146,NaN,6.39,11.57,16.86,22.28,27.81,33.59,39.49,45.92,7.82,9.65,9.45,9.23,9.04,8.65,8.47,7.78,3,3
"Scotti, Edoardo (ITA) (2000)",09-Jun-24,0.192,NaN,NaN,11.27,NaN,21.89,NaN,33.23,NaN,45.92,NaN,8.87,NaN,9.42,NaN,8.82,NaN,7.88,4,5
"Okezie, Chidi (NGR) (1993)",05-Aug-24,0.172,NaN,6.36,11.47,16.71,22.14,27.72,33.49,39.50,45.92,7.86,9.78,9.54,9.21,8.96,8.67,8.32,7.79,4,5
"Kitagawa, Takamasa (JPN) (1996)",25-Jun-16,0.181,NaN,6.30,11.46,16.80,22.37,28.09,33.84,39.78,45.93,7.94,9.69,9.36,8.98,8.74,8.70,8.42,8.13,6,3
"Mweresa, Boniface (KEN) (1993)",06-Aug-17,0.234,NaN,NaN,10.76,NaN,21.26,NaN,32.72,38.92,45.70,NaN,9.29,NaN,9.52,NaN,8.73,8.06,7.37,3,8
"Stewart, Trevor (USA) (1997)",06-Jun-22,0.148,NaN,6.2,11.3,16.5,21.9,27.6,33.4,39.4,45.93,8.06,9.80,9.62,9.26,8.77,8.62,8.33,7.66,4,3
"Makwala, Isaac (BOT) (1986)",17-Jul-22,0.193,NaN,NaN,11.24,NaN,21.58,NaN,33.00,NaN,45.93,NaN,8.90,NaN,9.67,NaN,8.76,NaN,7.73,2,3
"Haydock-Wilson, Alex (GBR) (1999)",08-Sep-22,0.145,NaN,6.14,11.15,16.43,21.79,27.23,32.92,39.07,45.93,8.14,9.98,9.47,9.33,9.19,8.79,8.13,7.29,6,5
"Sacoor, Jonathan (BEL) (1999)",13-Sep-24,0.202,NaN,6.16,11.08,16.18,21.37,26.88,32.72,38.98,45.93,8.12,10.16,9.80,9.63,9.07,8.56,7.99,7.19,1,6
"Rhoden, George (JAM) (1926)",22-Aug-50,NaN,NaN,NaN,NaN,NaN,20.9,NaN,NaN,NaN,45.8,NaN,NaN,NaN,9.57,NaN,NaN,NaN,8.03,NaN,1
"Kaufmann, Carl (FRG) (1936)",19-Sep-59,NaN,NaN,NaN,NaN,NaN,22.3,NaN,NaN,NaN,45.8,NaN,NaN,NaN,8.97,NaN,NaN,NaN,8.51,3,1
"Davis, Otis (USA) (1932)",25-Jun-60,NaN,NaN,NaN,NaN,NaN,23.2,NaN,NaN,NaN,45.8,NaN,NaN,NaN,8.62,NaN,NaN,NaN,8.85,9,1
"Williams, Ulis (USA) (1941)",27-May-61,NaN,NaN,NaN,NaN,NaN,21.9,NaN,NaN,NaN,45.8,NaN,NaN,NaN,9.13,NaN,NaN,NaN,8.37,NaN,1
"Mills, Curtis (USA) (1948)",27-Jun-70,NaN,NaN,NaN,NaN,NaN,21.7,NaN,NaN,NaN,45.8,NaN,NaN,NaN,9.22,NaN,NaN,NaN,8.30,6,4
"van Branteghem, Cédric (BEL) (1979)",07-Aug-02,0.199,NaN,NaN,11.22,NaN,21.70,NaN,33.22,NaN,45.94,NaN,8.91,NaN,9.54,NaN,8.68,NaN,7.86,NaN,2
"van Branteghem, Cédric (BEL) (1979)",18-Aug-09,0.155,NaN,NaN,11.26,NaN,21.46,NaN,32.92,NaN,45.94,NaN,8.88,NaN,9.80,NaN,8.73,NaN,7.68,2,6
"Hirose, Hideyuki (JPN) (1989)",27-Jun-15,0.151,NaN,6.29,11.28,16.42,21.76,27.42,33.23,39.32,45.94,7.95,10.02,9.73,9.36,8.83,8.61,8.21,7.55,7,1
"Ito, Rikiya (JPN) (1998)",02-Oct-20,0.136,NaN,6.16,11.19,16.33,21.82,27.44,33.31,39.37,45.94,8.12,9.94,9.73,9.11,8.90,8.52,8.03,7.13,4,1
"Prevot, Loïc (FRA) (1998)",16-Jun-22,0.152,NaN,6.05,10.99,16.18,21.55,27.21,33.12,39.24,45.94,8.26,10.12,9.63,9.31,8.83,8.46,8.17,7.46,3,6
"Benati, Lorenzo (ITA) (2002)",13-Jul-23,0.212,NaN,NaN,11.86,NaN,22.69,NaN,34.39,NaN,45.94,NaN,8.43,NaN,9.23,NaN,8.55,NaN,8.66,6,3
"van Branteghem, Cédric (BEL) (1979)",08-Aug-02,0.201,NaN,NaN,11.30,NaN,21.75,NaN,33.18,NaN,45.95,NaN,8.85,NaN,9.57,NaN,8.75,NaN,7.83,6,6
"Clarke, Davian (JAM) (1976)",19-Sep-05,NaN,NaN,NaN,11.22,NaN,21.63,NaN,32.75,38.95,45.95,NaN,8.91,NaN,9.61,NaN,8.99,8.06,7.14,6,5
"Swillims, Bastian (GER) (1982)",23-Jun-07,0.151,NaN,NaN,11.38,NaN,21.83,NaN,33.38,NaN,45.95,NaN,8.79,NaN,9.57,NaN,8.66,NaN,7.96,NaN,3
"Obuchi, Mizuki (JPN) (1997)",23-Jun-17,0.190,NaN,NaN,11.50,NaN,22.19,NaN,33.79,NaN,45.95,NaN,8.70,NaN,9.35,NaN,8.62,NaN,8.22,6,4
"Sato, Kentaro (JPN) (1994)",24-Jun-17,0.176,NaN,6.17,11.17,16.14,21.41,26.89,32.72,39.02,45.95,8.10,10.00,10.06,9.49,9.12,8.58,7.94,7.22,5,2
"Re, Davide (ITA) (1993)",06-Aug-17,0.186,NaN,NaN,11.13,NaN,21.80,NaN,33.13,39.19,45.76,NaN,8.98,NaN,9.37,NaN,8.83,8.25,7.61,4,8
"Sato, Kentaro (JPN) (1994)",06-Jun-21,NaN,NaN,6.17,11.07,16.13,21.35,26.89,32.90,39.25,45.95,8.10,10.20,9.88,9.58,9.03,8.32,7.87,7.46,3,2
"Faulds, Edward (GBR) (2003)",15-Jul-21,0.205,NaN,NaN,11.79,NaN,22.82,NaN,34.21,NaN,45.95,NaN,8.48,NaN,9.07,NaN,8.78,NaN,8.52,8,1
"Zalewski, Karol (POL) (1993)",23-Jun-23,0.195,NaN,NaN,11.21,NaN,21.54,NaN,33.11,NaN,45.95,NaN,8.92,NaN,9.68,NaN,8.64,NaN,7.79,6,4
"Re, Davide (ITA) (1993)",30-Jun-23,0.161,NaN,6.38,11.57,16.86,22.25,27.79,33.55,39.52,45.95,7.84,9.63,9.45,9.28,9.03,8.68,8.38,7.78,2,4
"Juantorena, Alberto (CUB) (1950)",04-Sep-72,NaN,NaN,NaN,12.2,NaN,23.0,NaN,34.0,NaN,46.00,NaN,8.20,NaN,9.26,NaN,9.09,NaN,8.33,2,1
"Kimura, Kazushi (JPN) (1993)",27-Jun-15,0.181,NaN,6.57,11.75,17.12,22.53,28.10,33.61,39.47,45.96,7.61,9.65,9.31,9.24,8.98,9.07,8.53,7.70,8,2
"Scotch, Leungo (BOT) (1996)",22-Aug-23,0.162,NaN,NaN,11.23,NaN,21.56,NaN,33.09,NaN,45.96,8.90,NaN,9.68,NaN,8.67,NaN,7.77,8.70,3,8
"Newhouse, Fred (USA) (1948)",26-Jul-76,NaN,NaN,NaN,NaN,21.8,NaN,33.0,NaN,45.97,45.97,NaN,NaN,9.17,NaN,8.93,NaN,7.71,8.70,1,1
"Smith, Willie (USA) (1956)",27-Jun-80,NaN,NaN,NaN,12.0,NaN,22.7,NaN,34.0,NaN,46.0,8.33,NaN,9.35,NaN,8.85,NaN,8.35,8.70,NaN,2
"Plawgo, Marek (POL) (1981)",06-Aug-02,0.154,NaN,NaN,11.61,NaN,22.40,NaN,33.76,NaN,46.97,8.61,NaN,9.27,NaN,8.80,NaN,7.57,8.70,NaN,1
"Wieruszewski, Rafel (POL) (1981)",09-Aug-06,NaN,NaN,NaN,NaN,22.4,NaN,33.0,NaN,45.97,45.97,NaN,NaN,8.93,NaN,18.87,NaN,7.71,8.70,NaN,7
"Wissman, Johan (SWE) (1982)",14-Jun-09,0.273,NaN,NaN,11.35,NaN,21.74,NaN,33.09,NaN,45.97,8.81,NaN,9.62,NaN,8.81,NaN,7.76,8.70,5,4
"Zhan, DJ (USA) (1993)",12-Jun-15,NaN,NaN,NaN,NaN,22.2,NaN,NaN,NaN,46.0,45.97,NaN,NaN,9.01,NaN,NaN,NaN,8.40,8.70,NaN,3
"Walsh, Julian Jrummi (JPN) (1996)",23-Jun-18,0.143,NaN,6.04,11.05,16.17,21.54,27.20,33.17,39.39,45.97,8.28,9.98,9.77,9.31,8.83,8.38,8.04,7.60,5,1
"Jinushi, Naohiro (JPN) (2001)",04-Jun-23,0.149,NaN,6.46,11.85,17.32,22.83,28.37,34.00,39.78,45.97,7.74,9.28,9.14,9.07,9.03,8.88,8.65,8.08,9,5
"Kijanović, Boško (SRB) (2000)",20-Jun-23,0.180,NaN,NaN,11.27,NaN,21.77,NaN,33.13,NaN,45.97,NaN,8.87,NaN,9.52,NaN,8.80,NaN,7.79,8,5
"Watkin, Deandre (JAM) (2002)",04-Aug-24,0.190,NaN,6.14,11.02,16.07,21.46,27.13,32.95,39.14,45.97,8.14,10.25,9.90,9.28,8.82,8.59,8.08,7.32,5,7
"Ogazi, Samuel (NGR) (2006)",14-Sep-25,0.310,NaN,NaN,11.56,NaN,21.78,NaN,33.06,NaN,45.97,NaN,8.65,NaN,9.78,NaN,8.87,NaN,7.75,5,5
"Omalla, Eugene (NED) (2000)",14-Sep-25,0.167,NaN,NaN,11.22,NaN,21.64,NaN,33.18,NaN,45.97,NaN,8.91,NaN,9.60,NaN,8.67,NaN,7.82,3,8
"Hirose, Hideyuki (JPN) (1989)",03-May-09,NaN,NaN,6.31,11.71,17.02,22.50,28.10,33.86,39.77,45.98,7.92,9.26,9.42,9.12,8.93,8.68,8.46,8.05,NaN,1
"Brown-Stewart, Cass (USA) (1992)",07-Jun-13,NaN,NaN,NaN,NaN,NaN,22.4,NaN,34.0,NaN,46.0,NaN,NaN,NaN,8.93,NaN,8.62,NaN,8.33,NaN,7
"Ishitsuka, Yusuke (JPN) (1987)",03-May-14,NaN,NaN,6.12,11.24,16.35,21.72,27.32,33.20,39.37,45.98,8.17,9.77,9.78,9.31,8.93,8.50,8.10,7.56,NaN,2
"Kitakani, Naoki (JPN) (1998)",03-May-18,0.180,NaN,6.23,11.43,16.70,22.15,27.84,33.71,39.71,45.98,8.03,9.62,9.49,9.17,8.79,8.52,8.33,7.97,8,2
"Makwala, Isaac (BOT) (1986)",21-May-22,0.187,NaN,6.23,11.29,16.50,21.91,27.46,33.19,39.23,45.98,8.03,9.88,9.60,9.24,9.01,8.73,8.28,7.41,7,5
"Cox, Anthony (JAM) (2000)",05-Aug-22,0.202,NaN,6.4,11.4,16.7,22.2,27.8,33.6,39.6,45.98,7.81,10.00,9.43,9.09,8.93,8.62,8.33,7.84,5,3
"Hall, Quincy (USA) (1998)",10-May-24,0.186,NaN,6.36,11.49,16.83,22.40,28.07,33.89,39.72,45.98,7.86,9.75,9.36,8.98,8.82,8.59,8.58,7.99,4,7
"Parks, Maxie (USA) (1951)",26-Jul-76,NaN,NaN,NaN,NaN,NaN,22.1,NaN,33.3,NaN,45.99,NaN,NaN,NaN,9.05,NaN,8.93,NaN,7.88,2,3
"Dabrowski, Daniel (POL) (1983)",24-Sep-06,NaN,NaN,6.2,11.3,16.6,22.2,28.0,33.9,39.8,45.99,8.06,9.80,9.43,8.93,8.62,8.47,8.47,8.08,4,2
"Sato, Fuga (JPN) (1996)",23-Jun-17,0.193,NaN,NaN,11.37,NaN,21.84,NaN,33.23,NaN,45.99,NaN,8.80,NaN,9.55,NaN,8.78,NaN,7.84,7,5
"Bamidele, Emmanuel (NGR) (1999)",03-May-19,0.185,NaN,NaN,11.2,NaN,21.6,NaN,33.2,NaN,45.99,NaN,8.93,NaN,9.62,NaN,8.62,NaN,7.82,4,2
"Beck, Alex (AUS) (1992)",17-Jul-22,0.170,NaN,NaN,11.24,NaN,21.77,NaN,33.30,NaN,45.99,NaN,8.90,NaN,9.50,NaN,8.67,NaN,7.88,6,5
"Allen, Nathon (JAM) (1995)",05-Aug-22,0.155,NaN,6.1,11.0,16.3,21.7,27.2,33.2,39.3,45.99,8.20,10.20,9.43,9.26,9.09,8.33,8.20,7.47,5,2
"Elkhatib, Omar (POR) (2001)",13-Jul-23,0.227,NaN,NaN,11.92,NaN,22.87,NaN,34.42,NaN,45.99,NaN,8.39,NaN,9.13,NaN,8.66,NaN,8.64,5,4
"Hall, Quincy (USA) (1998)",03-May-25,0.197,NaN,5.82,11.50,16.64,21.97,27.51,33.33,39.36,45.99,8.59,8.80,9.73,9.38,9.03,8.59,8.29,7.54,6,8
"Litvin, Mikhail (KAZ) (1996)",17-Jul-22,0.206,NaN,NaN,11.33,NaN,21.49,NaN,33.27,NaN,46.00,NaN,8.83,NaN,9.84,NaN,8.49,NaN,7.86,8,4
"Raftery, Jack (IRL) (2001)",14-Jul-23,0.191,NaN,NaN,11.55,NaN,22.08,NaN,33.63,NaN,46.00,NaN,8.66,NaN,9.50,NaN,8.66,NaN,8.08,8,7
"Levasseur, Felix (FRA) (2004)",19-Jul-25,0.149,NaN,6.21,11.27,16.35,21.61,27.19,33.06,39.26,46.00,8.05,9.88,9.84,9.51,8.96,8.52,8.06,7.42,3,5
"Moore, Obea (USA) (1979)",17-Jun-96,NaN,NaN,NaN,11.59,NaN,21.99,NaN,33.26,39.44,46.01,NaN,8.63,NaN,9.62,NaN,8.87,8.09,7.61,7,7
"Maybank, Anthuan (USA) (1969)",20-Jun-03,NaN,NaN,NaN,NaN,NaN,21.44,NaN,33.18,39.29,46.01,NaN,NaN,NaN,9.33,NaN,8.52,8.18,7.44,6,4
"Walsh, Julian Jrummi (JPN) (1996)",25-Aug-18,0.147,NaN,6.13,11.15,16.34,21.81,27.45,33.34,39.49,46.01,8.16,9.96,9.63,9.14,8.87,8.49,8.13,7.67,6,2
"O'Donnell, Christopher (IRL) (1998)",17-Jul-22,0.133,NaN,NaN,11.60,NaN,22.48,NaN,33.81,NaN,46.01,NaN,8.62,NaN,9.19,NaN,8.83,NaN,8.20,8,4
"O'Donnell, Christopher (IRL) (1998)",20-Jul-22,0.162,NaN,NaN,11.54,NaN,22.20,NaN,33.52,NaN,46.01,NaN,8.67,NaN,9.38,NaN,8.83,NaN,8.01,2,7
"Imazumi, Kenki (JPN) (2001)",03-Jun-23,0.168,NaN,6.23,11.34,16.58,22.02,27.63,33.49,39.57,46.01,8.03,9.78,9.54,9.19,8.91,8.53,8.22,7.76,5,2
"Nielsen, Gustav Lundholm (DEN) (19)",09-Jun-24,0.170,NaN,NaN,11.22,NaN,21.80,NaN,33.26,NaN,46.01,NaN,8.91,NaN,9.45,NaN,8.73,NaN,7.84,2,7
"Dean, Caleb (USA) (2001)",01-Jun-25,0.191,NaN,NaN,11.21,NaN,21.99,NaN,33.31,NaN,46.01,NaN,8.92,NaN,9.28,NaN,8.83,NaN,7.87,5,4
"Krsek, Matéj (CZE) (2000)",27-Jun-25,0.142,NaN,6.18,11.34,16.52,21.85,27.40,33.27,39.36,46.01,8.09,9.69,9.65,9.38,9.01,8.52,8.21,7.52,NaN,5
"Harris, James (USA) (1991)",27-Jun-15,NaN,NaN,NaN,NaN,22.2,NaN,33.8,NaN,46.0,46.02,NaN,NaN,9.01,NaN,8.62,NaN,8.20,8.69,NaN,7
"Kimura, Kazushi (JPN) (1993)",24-Jun-17,0.184,NaN,6.13,11.18,16.33,21.63,27.11,32.97,39.28,46.02,8.16,9.90,9.71,9.43,9.12,8.53,7.92,7.42,7,3
"Montgomery, Kahmari (USA) (1997)",12-Jul-19,0.167,NaN,NaN,11.4,NaN,22.1,NaN,33.6,NaN,46.02,NaN,8.77,NaN,9.35,NaN,8.70,NaN,8.05,4,5
"Re, Davide (ITA) (1993)",16-Aug-22,0.228,NaN,NaN,11.57,NaN,21.99,NaN,33.47,NaN,46.02,NaN,8.64,NaN,9.60,NaN,8.71,NaN,7.97,4,5
"Robinson, Auhmad (USA) (2001)",21-Jun-24,NaN,NaN,NaN,11.59,NaN,22.30,NaN,33.97,NaN,46.02,NaN,8.63,NaN,9.34,NaN,8.57,NaN,8.30,8,6
"Harries, Toby (GBR) (1998)",20-Jul-24,0.138,NaN,6.12,11.06,16.11,21.39,27.02,32.86,39.04,46.02,8.17,10.12,9.90,9.47,8.88,8.56,8.09,7.16,6,7
"Fernandez, Markel (ESP) (2003)",19-Jul-25,0.162,NaN,6.24,11.30,16.33,21.48,26.97,32.85,39.10,46.02,8.01,9.88,9.94,9.71,9.11,8.50,8.00,7.23,8,6
"Couts, Brandon (USA) ((1979)",06-Jun-98,NaN,NaN,NaN,NaN,NaN,21.8,NaN,NaN,46.0,46.03,NaN,NaN,NaN,9.17,NaN,NaN,8.26,8.69,NaN,5
"McKee, Paul (IRL) (1977)",06-Aug-02,0.243,NaN,NaN,11.38,NaN,22.00,NaN,33.47,NaN,46.03,NaN,8.79,NaN,9.42,NaN,8.72,NaN,7.96,NaN,2
"Bláha, Karel (CZE) (1975)",06-Aug-02,0.154,NaN,NaN,11.75,NaN,22.46,NaN,33.74,NaN,46.03,NaN,8.51,NaN,9.34,NaN,8.87,NaN,8.14,NaN,1
"Watanabe, Kazuya (JPN) (1988)",27-Jun-15,0.166,NaN,6.25,11.42,16.60,21.96,27.57,33.33,39.45,46.03,8.00,9.67,9.65,9.33,8.91,8.68,8.17,7.60,2,3
"Wakabayashi, Kota (JPN) (1997)",23-Jun-17,0.175,NaN,NaN,11.22,NaN,21.52,NaN,32.88,NaN,46.03,NaN,8.91,NaN,9.71,NaN,8.80,NaN,7.60,3,3
"Jones, Jonathan (BAR) (1999)",20-Aug-23,0.156,NaN,NaN,11.40,NaN,21.70,NaN,32.91,NaN,46.03,NaN,8.77,NaN,9.71,NaN,8.92,NaN,7.62,7,7
"Sanders, Manuel (GER) (1998)",09-Jun-24,0.190,NaN,NaN,11.32,NaN,21.76,NaN,33.23,NaN,46.03,NaN,8.83,NaN,9.58,NaN,8.72,NaN,7.81,7,7 .6
"McKenley, Herb (JAM) (1922)",21-Jun-47,NaN,NaN,NaN,NaN,20.7,NaN,NaN,45.9,45.9,/1,NaN,NaN,9.66,NaN,NaN,7.94,8.71,(46.2/440y),NaN,NaN
"McKenley, Herb (JAM) (1922)",02-Jul-48,NaN,NaN,NaN,NaN,20.9,NaN,NaN,45.9,45.9,/1,NaN,NaN,9.57,NaN,NaN,8.00,8.71,(46.00),NaN,NaN
"Rhoden, George (JAM) (1926)",25-Jul-52,NaN,NaN,NaN,NaN,22.2,NaN,NaN,45.9,45.9,6/1,NaN,NaN,9.01,NaN,NaN,8.44,8.71,(46.09),NaN,NaN
"McKenley, Herb (JAM) (1922)",25-Jul-52,NaN,NaN,NaN,NaN,22.7,NaN,NaN,45.9,45.9,4/2,NaN,NaN,8.81,NaN,NaN,8.62,8.71,(46.20),NaN,NaN
"Mashburn, Jessie (USA) (1934)",26-May-56,NaN,NaN,NaN,NaN,22.5,NaN,NaN,45.9,45.9,/1,NaN,NaN,8.89,NaN,NaN,8.55,8.71,NaN,NaN,NaN
"Seye, Abdou (FRA) (1934)",01-Aug-60,NaN,NaN,NaN,NaN,22.5,NaN,NaN,45.9,45.9,3/1,NaN,NaN,8.89,NaN,NaN,8.55,8.71,NaN,NaN,NaN
"Davis, Otis (USA) (1932)",03-Sep-60,NaN,NaN,NaN,NaN,NaN,NaN,34.5,45.9,45.9,/1,NaN,NaN,NaN,NaN,8.70,8.77,8.71,NaN,NaN,NaN
"Kinder, Manfred (FRG) (1938)",06-Sep-60,NaN,NaN,NaN,NaN,22.1,NaN,33.5,45.9,45.9,6/5,NaN,NaN,9.05,NaN,8.77,8.06,8.71,NaN,NaN,NaN
"Young, Earl (USA) (1941)",06-Sep-60,NaN,NaN,NaN,NaN,22.0,NaN,33.1,45.9,45.9,2/6,NaN,NaN,9.09,NaN,9.01,7.81,8.71,NaN,NaN,NaN
"James, Larry (USA) (1947)",27-Jun-70,NaN,NaN,NaN,NaN,22.1,NaN,NaN,45.9,45.9,2/5,NaN,NaN,9.05,NaN,NaN,8.40,8.71,NaN,NaN,NaN
"Nuti, Andrea (ITA) (1967)",29-Jun-91,NaN,NaN,11.59,NaN,21.99,NaN,33.23,46.04,46.04,/5,8.63,NaN,9.62,NaN,8.90,7.81,8.69,NaN,NaN,NaN
"Borzakovskiy, Yuriy (RUS) (1981)",07-Aug-02,0.226,NaN,11.96,NaN,22.78,NaN,34.08,46.04,46.04,/7,8.36,NaN,9.24,NaN,8.85,8.36,8.69,NaN,NaN,NaN
"Byrd, Leonard (USA) (1975)",20-Jun-03,NaN,NaN,NaN,NaN,21.54,NaN,33.10,39.21,46.04,46.04,NaN,NaN,9.29,NaN,8.65,8.18,7.32,8.69,9,6.4
"Dyldin, Maksim (RUS) (1987)",23-Jun-07,0.151,NaN,11.52,NaN,22.04,NaN,33.42,46.04,46.04,/4,8.68,NaN,9.51,NaN,8.79,7.92,8.69,NaN,NaN,NaN
"Kanemaru, Yuzo (JPN) (1987)",28-Sep-14,0.167,NaN,6.19,11.35,16.52,21.92,27.58,33.57,39.60,46.04,8.08,9.69,9.67,9.26,8.83,8.35,8.29,7.76,NaN,4
"Wariner, Jeremy (USA) (1984)",08-May-16,0.157,NaN,6.20,11.21,16.42,21.79,27.36,33.08,39.29,46.04,8.06,9.98,9.60,9.31,8.98,8.74,8.05,7.41,4,3
"Wakabayashi, Kota (JPN) (1997)",01-Sep-19,NaN,NaN,6.25,11.23,16.35,21.68,27.31,33.23,39.38,46.04,8.00,10.04,9.77,9.38,8.88,8.45,8.13,7.51,4,2
"Sato, Fuga (JPN) (1996)",06-Jun-21,NaN,NaN,6.22,11.27,16.43,21.82,27.37,33.26,39.43,46.04,8.04,9.90,9.69,9.28,9.01,8.49,8.10,7.56,8,3
"Montgomery, Kahmari (USA) (1997)",28-May-22,0.135,NaN,6.01,10.99,16.15,21.66,27.27,33.05,39.22,46.04,8.32,10.04,9.69,9.07,8.91,8.65,8.10,7.33,1,9
"Makwala, Isaac (BOT) (1986)",20-Jul-22,0.158,NaN,NaN,11.40,NaN,21.89,NaN,32.87,NaN,46.04,NaN,8.77,NaN,9.53,NaN,9.11,NaN,7.59,7,8
"Haydock-Wilson, Alex (GBR) (1999)",08-Jun-24,0.177,NaN,NaN,11.36,NaN,21.92,NaN,33.27,NaN,46.04,NaN,8.80,NaN,9.47,NaN,8.81,NaN,7.83,6,3
"Kanemaru, Yuzo (JPN) (1987)",24-Sep-06,NaN,NaN,6.2,11.1,16.2,21.6,27.4,33.4,39.7,46.05,8.06,10.20,9.80,9.26,8.62,8.33,7.94,7.87,5,3
"Igbokwe, Obi (USA) (1997)",07-Jun-19,0.171,NaN,NaN,NaN,NaN,21.9,NaN,33.0,NaN,46.1,NaN,NaN,NaN,9.13,NaN,9.01,NaN,7.63,NaN,4
"Re, Davide (ITA) (1993)",09-Sep-19,0.154,NaN,NaN,11.34,NaN,21.96,NaN,33.45,NaN,46.05,NaN,8.82,NaN,9.42,NaN,8.70,NaN,7.94,4,3
"Nielsen, Gustav Lundholm (DEN) (19)",15-Aug-22,0.165,NaN,NaN,11.36,NaN,21.98,NaN,33.28,NaN,46.05,NaN,8.80,NaN,9.42,NaN,8.85,NaN,7.83,6,5
Liang Baotang (CHN) (2003),16-Sep-24,0.185,NaN,NaN,12.00,NaN,22.71,NaN,34.05,39.86,46.05,NaN,8.33,NaN,9.34,NaN,8.82,8.61,8.08,6,1
"Bredau, Jean Paul (GER) (1999)",14-Sep-25,0.201,NaN,NaN,11.33,NaN,21.80,NaN,33.57,NaN,46.05,NaN,8.83,NaN,9.55,NaN,8.50,NaN,8.01,2,6
"McCoy, Walter (USA) (1958)",27-Jun-80,NaN,NaN,NaN,12.1,NaN,23.0,NaN,34.0,NaN,46.1,NaN,8.26,NaN,9.17,NaN,9.09,NaN,8.29,NaN,3
"Neville, David (USA) (1984)",23-Jun-07,NaN,NaN,NaN,NaN,NaN,NaN,NaN,33.1,NaN,46.1,NaN,NaN,NaN,NaN,NaN,9.06,NaN,7.69,8,7
"Walsh, Julian Jrummi (JPN) (1996)",03-May-16,NaN,NaN,6.16,11.18,16.32,21.62,27.27,33.24,39.44,46.06,8.12,9.96,9.73,9.43,8.85,8.38,8.06,7.55,NaN,1
"Kawauchi, Mitsuki (JPN) (1997)",23-Jun-17,0.181,NaN,NaN,11.29,NaN,21.69,NaN,33.15,NaN,46.06,NaN,8.86,NaN,9.62,NaN,8.73,NaN,7.75,8,6
"Sato, Kentaro (JPN) (1994)",25-Jun-21,0.217,NaN,6.18,11.18,16.33,21.77,27.46,33.45,39.57,46.08,8.09,10.00,9.71,9.19,8.79,8.35,8.17,7.68,4,2
"Samukonga, Muzala (ZAM) (2002)",05-Aug-22,0.244,NaN,6.3,11.4,16.9,22.6,28.3,34.1,39.8,46.06,7.94,9.80,9.09,8.77,8.77,8.62,8.77,7.99,6,2
"Brier, Joseph (GBR) (1999)",15-Aug-22,0.213,NaN,NaN,11.53,NaN,22.11,NaN,33.34,NaN,46.06,NaN,8.67,NaN,9.45,NaN,8.90,NaN,7.86,4,5
"Sato, Kentaro (JPN) (1994)",03-Jun-23,0.185,NaN,6.15,11.21,16.33,21.62,27.16,33.13,39.43,46.06,8.13,9.88,9.77,9.45,9.03,8.38,7.94,7.54,7,1
"Ferlan, Rok (SLO) (1997)",20-Jun-23,0.218,NaN,NaN,11.04,NaN,21.59,NaN,33.05,NaN,46.06,NaN,9.06,NaN,9.48,NaN,8.73,NaN,7.69,2,6
"Devantay, Charles (SUI) (1998)",22-Aug-24,0.134,NaN,6.20,11.33,16.63,22.13,27.74,33.56,39.56,46.06,8.06,9.75,9.43,9.09,8.91,8.59,8.33,7.69,4,2
"Omalla, Eugene (NED) (2000)",22-Aug-24,0.179,NaN,6.17,11.22,16.43,21.83,27.58,33.47,39.52,46.06,8.10,9.90,9.60,9.26,8.70,8.49,8.26,7.65,1,8
"Klein Ikkink, Isaya (NED) (2003)",28-Aug-25,0.137,NaN,6.20,11.20,16.36,21.74,27.33,33.18,39.40,46.06,8.06,10.00,9.69,9.29,8.94,8.55,8.04,7.51,8,5
"Whittle, Brian (GBR) (1964)",26-Sep-88,0.176,NaN,NaN,11.34,NaN,21.88,NaN,33.42,NaN,46.07,NaN,8.82,NaN,9.49,NaN,8.67,NaN,7.91,7,8
"Abubaker, Abbas (BRN) (1996)",25-Aug-18,0.173,NaN,6.29,11.51,16.69,22.06,27.67,33.43,39.43,46.07,7.95,9.58,9.65,9.31,8.91,8.68,8.33,7.53,2,1
"Abbas, Abdulrahman Khamis (BRN)",25-Aug-18,0.170,NaN,6.26,11.26,16.38,21.79,27.51,33.49,39.62,46.07,7.99,10.00,9.77,9.24,8.74,8.36,8.16,7.75,3,2
"Yousif, Rabah (GBR) (1986)",21-Jul-18,0.153,NaN,NaN,11.3,NaN,21.9,NaN,33.3,NaN,46.07,NaN,8.85,NaN,9.43,NaN,8.77,NaN,7.83,1,9
"Šorm, Patrik (CZE) (1993)",17-Jul-22,0.174,NaN,NaN,11.42,NaN,22.15,NaN,33.45,NaN,46.07,NaN,8.76,NaN,9.32,NaN,8.85,NaN,7.92,4,5
"Borlée, Dylan (BEL) (1992)",02-Sep-22,0.140,NaN,6.32,11.42,16.64,22.08,27.68,33.52,39.59,46.07,7.91,9.80,9.58,9.19,8.93,8.56,8.24,7.72,7,5
"Brier, Joe (GBR) (1999)",19-Jul-25,0.163,NaN,6.09,11.14,16.27,21.58,27.15,33.05,39.21,46.07,8.21,9.90,9.75,9.42,8.98,8.47,8.12,7.29,8,3
"Petrucciani, Ricky (SUI) (2000)",28-Aug-25,0.151,NaN,6.17,11.18,16.36,21.65,27.17,33.03,39.31,46.07,8.10,9.98,9.65,9.45,9.06,8.53,7.96,7.40,7,6
"Walsh, Julian Jrummi (JPN) (1996)",08-Oct-17,0.168,NaN,6.18,11.19,16.35,21.74,27.42,33.35,39.52,46.08,8.09,9.98,9.69,9.28,8.80,8.43,8.10,7.62,4,1
"Rajiv, Arokia (IND) (1991)",25-Aug-18,0.179,NaN,6.34,11.53,16.83,22.39,28.01,33.79,39.68,46.08,7.89,9.63,9.43,8.99,8.90,8.65,8.49,7.81,6,2
"Duszynski, Kajetan (POL) (1995)",06-Aug-22,0.151,NaN,6.20,11.21,16.35,21.62,27.19,33.07,39.33,46.08,8.06,9.98,9.73,9.49,8.98,8.50,7.99,7.41,8,9
Ding Wenhao (CHN) (2003),16-Sep-24,0.209,NaN,NaN,11.45,NaN,22.21,NaN,33.87,39.86,46.09,NaN,8.73,NaN,9.29,NaN,8.58,8.35,8.03,4,2
"Gauntlett, Akheem (JAM) (1990)",07-Jun-13,NaN,NaN,NaN,NaN,NaN,22.3,NaN,33.8,NaN,46.1,NaN,NaN,NaN,8.97,NaN,8.70,NaN,8.13,NaN,8
"Giesting, Chris (USA) (1992)",13-Jun-14,NaN,NaN,NaN,NaN,NaN,21.9,NaN,NaN,NaN,46.1,NaN,NaN,NaN,9.13,NaN,NaN,NaN,8.26,NaN,7
"Kanemaru, Yuzo (JPN) (1987)",28-Jun-15,0.172,NaN,6.17,11.20,16.42,21.84,27.58,33.41,39.55,46.10,8.10,9.94,9.58,9.23,8.71,8.58,8.14,7.63,7,1
"Fasasi, Kunle (NGR) (1996)",10-Jun-16,NaN,NaN,NaN,NaN,NaN,21.9,NaN,33.4,NaN,46.1,NaN,NaN,NaN,9.13,NaN,8.70,NaN,7.87,NaN,2-6
"Walsh, Julian Jrummi (JPN) (1996)",22-Jun-18,0.150,NaN,6.13,11.14,16.38,21.89,27.62,33.55,39.67,46.10,8.16,9.98,9.54,9.07,8.73,8.43,8.17,7.78,6,1
"Kawauchi, Mitsuki (JPN) (1997)",03-May-21,0.204,NaN,6.34,11.43,16.58,21.89,27.49,33.45,39.56,46.10,7.89,9.82,9.71,9.42,8.93,8.39,8.18,7.65,5,1
"Yahia Ibrahim, Ammar Ismail (QAT) (1)",28-May-21,0.142,NaN,6.2,11.1,16.3,21.8,27.4,33.4,39.8,46.10,8.06,10.20,9.62,9.09,8.93,8.33,7.81,7.94,1,7
"Cañal, Iñaki (ESP) (1997)",16-Aug-22,0.159,NaN,NaN,11.28,NaN,21.59,NaN,33.07,NaN,46.10,NaN,8.87,NaN,9.70,NaN,8.71,NaN,7.67,1,6
"Golovastov, Dmitriy (RUS) (1971)",23-Jun-01,NaN,NaN,NaN,11.34,NaN,21.90,NaN,33.29,NaN,46.11,NaN,8.82,NaN,9.47,NaN,8.78,NaN,7.80,NaN,6
"Kato, Nobuya (JPN) (1995)",30-Jul-13,NaN,NaN,6.52,11.97,17.35,22.68,28.29,33.99,39.92,46.11,7.67,9.17,9.29,9.38,8.91,8.77,8.43,8.08,4,1
"Walsh, Julian Jummi (JPN) (1996)",27-Jun-15,0.177,NaN,6.24,11.34,16.53,21.77,27.23,33.17,39.40,46.11,8.01,9.80,9.63,9.54,9.16,8.42,8.03,7.45,1,3
"Bonevacia, Llemarvin (NED) (1989)",06-Jun-22,0.148,NaN,6.2,11.2,16.3,21.7,27.3,33.2,39.3,46.11,8.06,10.00,9.80,9.26,8.93,8.47,8.20,7.34,5,4
"Mabille, Florent (BEL) (1996)",08-Sep-23,0.164,NaN,6.29,11.18,16.27,21.65,27.24,33.00,39.20,46.11,7.95,10.22,9.82,9.29,8.94,8.68,8.06,7.24,3,7
"Hooker, Ja'Warren (USA) (1978)",20-Jun-03,NaN,NaN,NaN,NaN,NaN,21.77,NaN,33.42,39.46,46.12,NaN,NaN,NaN,9.19,NaN,8.58,8.28,7.51,5,5
"Sato, Kentaro (JPN) (1994)",28-Jun-15,0.151,NaN,6.36,11.32,16.38,21.72,27.29,33.16,39.35,46.12,7.86,10.08,9.88,9.36,8.98,8.52,8.08,7.39,3,2
"Krsek, Matéj (CZE) (2000)",15-Aug-22,0.173,NaN,NaN,11.50,NaN,22.19,NaN,33.51,NaN,46.12,NaN,8.70,NaN,9.35,NaN,8.83,NaN,7.93,4,3
"Omalla, Eugene (NED) (2000)",07-Jul-24,0.192,NaN,6.15,11.05,16.05,21.26,26.84,32.72,39.04,46.12,8.13,10.20,10.00,9.60,8.96,8.50,7.91,7.06,5,2
"Aceti, Vladimir (ITA) (1998)",05-Sep-24,0.202,NaN,6.32,11.36,16.53,21.85,27.40,33.21,39.43,46.12,7.91,9.92,9.67,9.40,9.01,8.61,8.04,7.47,1,6
"Rock, Andrew (USA) (1982)",20-Jun-03,NaN,NaN,NaN,NaN,NaN,21.67,NaN,33.55,39.54,46.13,NaN,NaN,NaN,9.23,NaN,8.42,8.35,7.59,7,6
"Kato, Nobuya (JPN) (1995)",28-Sep-14,0.231,NaN,6.46,11.75,17.10,22.65,28.37,34.31,40.13,46.13,7.74,9.45,9.35,9.01,8.74,8.42,8.59,8.33,NaN,5
"Jones, Jonathan (BAR) (1999)",22-Jul-22,0.155,NaN,NaN,11.07,NaN,21.46,NaN,32.86,NaN,46.13,NaN,9.03,NaN,9.62,NaN,8.77,NaN,7.54,2,8
"Ndori, Bayapo (BOT) (1999)",02-Jul-23,0.167,NaN,6.20,11.30,16.60,22.00,27.50,33.30,39.40,46.13,8.06,9.80,9.43,9.26,9.09,8.62,8.20,7.43,4,7
"Sato, Fuga (JPN) (1996)",04-Aug-24,0.163,NaN,6.18,11.16,16.28,21.65,27.22,33.03,39.23,46.13,8.09,10.04,9.77,9.31,8.98,8.61,8.06,7.25,8,6
"Harbig, Rudolf (GER) (1913)",12-Aug-39,NaN,NaN,NaN,11.3,NaN,22.0,NaN,33.6,NaN,46.0,NaN,8.85,NaN,9.35,NaN,8.62,NaN,8.06,3,1
"Klemmer, Grover (USA) (1921)",29-Jun-41,NaN,NaN,NaN,10.8,NaN,21.8,NaN,33.4,NaN,46.0,NaN,9.26,NaN,9.09,NaN,8.62,NaN,7.94,NaN,1
"Williams, Ulis (USA) (1941)",19-Sep-64,NaN,NaN,NaN,NaN,21.7,NaN,34.1,NaN,46.0,46.0,NaN,NaN,9.22,NaN,8.06,NaN,8.40,8.70,8,5
"Graham, Tim (GBR) (1939)",19-Sep-64,NaN,NaN,NaN,NaN,22.0,NaN,34.2,NaN,46.0,46.0,NaN,NaN,9.09,NaN,8.20,NaN,8.47,8.70,1,6
"Ignatyev, Ardalion (URS) (1930)",25-Jun-55,NaN,NaN,NaN,NaN,21.5,NaN,NaN,46.0,46.0,3/1,NaN,NaN,9.30,NaN,NaN,8.16,8.70,NaN,NaN,NaN
"Thomas, Iwan (GBR) (1974)",23-Jun-01,NaN,NaN,11.18,NaN,21.71,NaN,33.17,NaN,46.14,46.14,8.94,NaN,9.50,NaN,8.73,NaN,7.71,8.67,NaN,7
"Byrd, Leonard (USA) (1975)",17-Jun-96,NaN,NaN,11.53,NaN,22.11,NaN,33.44,39.48,46.15,46.15,8.67,NaN,9.45,NaN,8.83,8.28,7.50,8.67,2,8
"Benjamin, Tim (GBR) (1982)",06-Aug-02,0.155,NaN,11.49,NaN,22.14,NaN,33.55,NaN,46.15,46.15,8.70,NaN,9.39,NaN,8.76,NaN,7.94,8.67,NaN,3
"Bláha, Karel (CZE) (1975)",07-Aug-02,0.161,NaN,11.34,NaN,21.85,NaN,33.22,NaN,46.15,46.15,8.82,NaN,9.51,NaN,8.80,NaN,7.73,8.67,NaN,4
"Ito, Rikiya (JPN) (1998)",06-Jun-21,NaN,NaN,6.24,11.26,16.35,21.68,27.25,33.19,39.46,46.15,8.01,9.96,9.82,9.38,8.98,8.42,7.97,7.47,7,4
"Kawabata, Kaito (JPN) (1998)",06-Jun-21,NaN,NaN,6.16,10.99,15.93,21.18,26.69,32.67,39.12,46.19,8.12,10.35,10.12,9.52,9.07,8.36,7.75,7.07,5,5
"Frazier, Herman (USA) (1954)",27-Jun-80,NaN,NaN,NaN,11.5,NaN,22.7,NaN,34.7,NaN,46.2,NaN,8.70,NaN,8.93,NaN,8.33,NaN,8.73,NaN,4
"Brew, Derrick (USA) (1977)",23-Jun-07,NaN,NaN,NaN,NaN,NaN,NaN,NaN,32.8,NaN,46.2,NaN,NaN,NaN,NaN,NaN,9.15,NaN,7.46,1,8
"Steffensen, John (AUS) (1982)",22-Sep-07,0.151,NaN,NaN,11.23,NaN,21.62,NaN,39.71,NaN,46.16,NaN,8.90,NaN,9.62,NaN,5.53,NaN,15.50,8,5
"Venel, Teddy (FRA) (1985)",18-Aug-09,0.161,NaN,NaN,11.16,NaN,21.64,NaN,33.03,NaN,46.16,NaN,8.96,NaN,9.54,NaN,8.78,NaN,7.62,2,3
"Kobayashi, Naoki (JPN) (1990)",23-Jun-17,0.144,NaN,NaN,11.26,NaN,21.63,NaN,33.09,NaN,46.16,NaN,8.88,NaN,9.64,NaN,8.73,NaN,7.65,7,4
"Petrucciani, Ricky (SUI) (2000)",09-Jun-22,0.150,NaN,6.18,11.24,16.49,21.95,27.54,33.33,39.49,46.16,8.09,9.88,9.52,9.16,8.94,8.64,8.12,7.50,1,9
"Jedrusik, Tomasz (POL) (1969)",26-Sep-88,0.280,NaN,NaN,11.18,NaN,21.71,NaN,33.09,NaN,46.17,NaN,8.94,NaN,9.50,NaN,8.79,NaN,7.65,1,8
"Roun, Jindrich (TCH) (1965)",29-Jun-91,NaN,NaN,NaN,11.56,NaN,22.01,NaN,33.24,NaN,46.17,NaN,8.65,NaN,9.57,NaN,8.90,NaN,7.73,NaN,6
"Kato, Nobuya (JPN) (1995)",24-Jul-14,0.178,NaN,6.45,11.85,17.25,22.71,28.48,34.22,40.01,46.17,7.75,9.26,9.26,9.16,8.67,8.71,8.64,8.12,3,2
"Kitagawa, Takamasa (JPN) (1996)",26-May-17,NaN,NaN,NaN,11.52,NaN,22.41,NaN,33.81,NaN,46.17,NaN,8.68,NaN,9.18,NaN,8.77,NaN,8.09,5,1
"Santos, Luguelin (DOM) (1993)",30-Aug-18,0.221,NaN,NaN,11.7,NaN,22.2,NaN,33.6,NaN,46.17,NaN,8.55,NaN,9.52,NaN,8.77,NaN,7.96,8,6
"Cox, Anthony (JAM) (2000)",07-Aug-22,0.216,NaN,6.5,11.6,16.9,22.3,28.0,33.8,39.7,46.17,7.69,9.80,9.43,9.26,8.77,8.62,8.47,7.73,2,6
"Meli, Riccardo (ITA) (2001)",08-Jun-24,0.189,NaN,NaN,11.44,NaN,22.00,NaN,33.52,NaN,46.17,NaN,8.74,NaN,9.47,NaN,8.68,NaN,7.91,7,4
"Knibbs, Alex (GBR) (1999)",20-Jul-24,0.149,NaN,NaN,11.32,16.57,21.98,27.74,33.69,39.76,46.17,NaN,8.83,9.52,9.24,8.68,8.40,8.24,7.80,1,8
"Owens-Delerme, Ayden (PUR) (2000)",02-Aug-24,0.261,NaN,6.31,11.34,16.51,21.83,27.51,33.59,39.74,46.17,7.92,9.94,9.67,9.40,8.80,8.22,8.13,7.78,8,1
"Wieruszewski, Rafel (POL) (1981)",24-Sep-06,NaN,NaN,6.2,11.6,16.8,22.4,28.1,34.0,39.9,46.18,8.06,9.26,9.62,8.93,8.77,8.47,8.47,7.96,3,4
"Kanemaru, Yuzo (JPN) (1987)",09-Jun-12,NaN,NaN,6.04,10.98,16.05,21.57,27.35,33.36,39.58,46.18,8.28,10.12,9.86,9.06,8.65,8.32,8.04,7.58,7,1
"Wakabayashi, Kota (JPN) (1997)",03-May-18,0.199,NaN,6.20,11.27,16.37,21.68,27.31,33.17,39.33,46.18,8.06,9.86,9.80,9.42,8.88,8.53,8.12,7.30,7,3
"Obuchi, Mizuki (JPN) (1997)",28-Jun-19,0.169,NaN,6.22,11.32,16.60,22.11,27.85,33.74,39.75,46.18,8.04,9.80,9.47,9.07,8.71,8.49,8.32,7.78,6,2
"Doom, Alexander (BEL) (1997)",17-Jul-22,0.153,NaN,NaN,11.52,NaN,22.15,NaN,33.66,NaN,46.18,NaN,8.68,NaN,9.41,NaN,8.69,NaN,7.99,8,3
"Ingvalsen, Håvard Bentdal (NOR) (20)",15-Aug-22,0.218,NaN,NaN,11.68,NaN,22.45,NaN,33.89,NaN,46.18,NaN,8.56,NaN,9.29,NaN,8.74,NaN,8.14,5,4
"Guijarro, Manuel (ESP) (1998)",15-Aug-22,0.248,NaN,NaN,11.17,NaN,21.41,NaN,32.81,NaN,46.18,NaN,8.95,NaN,9.77,NaN,8.77,NaN,7.48,5,6
"Sacoor, Jonathan (BEL) (1999)",08-Sep-23,0.141,NaN,6.25,11.23,16.42,21.75,27.23,33.03,39.28,46.18,8.00,10.04,9.63,9.38,9.12,8.62,8.00,7.25,2,8
"Koch, Marc (GER) (1994)",08-Jun-24,0.205,NaN,NaN,11.72,NaN,22.40,NaN,33.82,NaN,46.18,NaN,8.53,NaN,9.36,NaN,8.76,NaN,8.09,9,5
"Swillims, Bastian (GER) (1982)",07-Aug-02,0.191,NaN,NaN,11.57,NaN,22.24,NaN,33.54,NaN,46.19,NaN,9.37,NaN,8.85,NaN,7.91,8.66,NaN,NaN,6
"Obuchi, Mizuki (JPN) (1997)",26-May-17,NaN,NaN,NaN,11.48,NaN,22.38,NaN,33.99,NaN,46.19,NaN,9.17,NaN,8.61,NaN,8.20,8.66,189.0,7,2
"Sato, Kentaro (JPN) (1994)",28-Jun-19,0.165,NaN,6.18,11.14,16.23,21.55,27.17,33.15,39.41,46.19,9.82,9.40,8.90,8.36,7.99,7.37,8.66,181.0,7,3
"Feliz, Lidio Andres (DOM) (1997)",20-Jul-22,0.192,NaN,NaN,11.04,NaN,21.38,NaN,32.96,NaN,46.19,NaN,9.67,NaN,8.64,NaN,7.56,8.66,NaN,8,7
"Schlegel, Marvin (GER) (1998)",15-Aug-22,0.257,NaN,NaN,11.32,NaN,21.67,NaN,33.08,NaN,46.19,NaN,9.66,NaN,8.76,NaN,7.63,8.66,NaN,6,6
"Jones, William (USA) (2003)",23-Jun-24,NaN,NaN,NaN,11.16,NaN,21.84,NaN,33.37,NaN,46.19,NaN,9.36,NaN,8.67,NaN,7.80,8.66,NaN,3,4
"Biron, Gilles (FRA) (1995)",04-Aug-24,0.194,NaN,6.31,11.35,16.43,21.67,27.22,33.12,39.40,46.19,9.84,9.54,9.01,8.47,7.96,7.36,8.66,180.0,4,7
"Okoro, Efekemo (GBR) (1992)",13-Sep-24,0.164,NaN,6.28,11.34,16.49,21.84,27.40,33.24,39.41,46.19,9.71,9.35,8.99,8.56,8.10,7.37,8.66,NaN,5,4
"Swillims, Bastian (GER) (1982)",06-Aug-02,0.158,NaN,NaN,11.56,NaN,22.27,NaN,33.84,NaN,46.20,NaN,9.34,NaN,8.64,NaN,8.09,8.66,NaN,NaN,3
"Ishitsuka, Yusuke (JPN) (1987)",12-Jun-11,NaN,NaN,6.10,11.06,16.28,21.75,27.46,33.29,39.46,46.20,9.58,9.14,8.76,8.58,8.10,7.42,8.66,NaN,NaN,3
"Kobayashi, Naoki (JPN) (1990)",03-May-14,NaN,NaN,6.32,11.44,16.67,21.98,27.61,33.52,39.64,46.20,9.56,9.42,8.88,8.46,8.17,7.62,8.66,NaN,NaN,3
"Kimura, Atsushi (JPN)",20-May-18,0.141,NaN,6.17,11.16,16.27,21.66,27.34,33.30,39.53,46.20,9.78,9.28,8.80,8.39,8.03,7.50,8.66,179.7,NaN,8
"London, Wil (USA) (1997)",08-Jun-18,NaN,NaN,NaN,NaN,NaN,22.1,NaN,33.3,NaN,46.2,NaN,NaN,NaN,8.93,NaN,7.75,8.66,NaN,NaN,8
"Ito, Rikiya (JPN) (1998)",01-Oct-20,0.142,NaN,6.21,11.22,16.30,21.72,27.47,33.52,39.66,46.20,8.05,9.98,9.84,9.23,8.70,8.26,8.14,7.65,6,1
"Ikeda, Kohsuke (JPN) (1995)",25-Sep-21,0.223,NaN,NaN,11.44,NaN,22.16,NaN,33.58,NaN,46.08,NaN,8.74,NaN,9.33,NaN,8.76,NaN,8.00,6,3
"Deadmon, Bryce (USA) (1997)",20-Aug-23,0.170,NaN,NaN,11.30,NaN,21.81,NaN,33.48,NaN,46.20,NaN,8.85,NaN,9.51,NaN,8.57,NaN,7.86,4,7
"Bláha, Karel (CZE) (1975)",08-Aug-02,0.152,NaN,NaN,11.72,NaN,22.35,NaN,33.73,NaN,46.21,NaN,8.53,NaN,9.41,NaN,8.79,NaN,8.01,2,7
"Suguimati, Mahau (JPN) (1984)",08-Oct-12,NaN,NaN,6.15,11.25,16.55,21.99,27.68,33.60,39.70,46.21,8.13,9.80,9.43,9.19,8.79,8.45,8.20,7.68,NaN,2
"Kato, Nobuya (JPN) (1995)",03-May-14,NaN,NaN,6.58,11.96,17.28,22.57,28.13,33.88,39.86,46.21,7.60,9.29,9.40,9.45,8.99,8.70,8.36,7.87,NaN,4
"Re, Davide (ITA) (1993)",12-Jul-19,0.137,NaN,NaN,11.3,NaN,21.9,NaN,33.3,NaN,46.21,NaN,8.85,NaN,9.43,NaN,8.77,NaN,7.75,6,5
"Brier, Joseph (GBR) (1999)",21-May-22,0.164,NaN,6.2,11.2,16.4,21.7,27.4,33.5,39.6,46.21,8.06,10.00,9.62,9.43,8.77,8.20,8.20,7.56,5,1
"Beck, Alex (AUS) (1992)",20-Jul-22,0.140,NaN,NaN,11.26,NaN,22.06,NaN,33.43,NaN,46.21,NaN,8.88,NaN,9.26,NaN,8.80,NaN,7.82,2,8
"Sanders, Manuel (GER) (1998)",17-Jul-22,0.185,NaN,NaN,11.54,NaN,22.11,NaN,33.60,NaN,46.21,NaN,8.67,NaN,9.46,NaN,8.70,NaN,7.93,4,4
"Nakajima, Yuki Joseph (JPN) (2002)",02-Jul-23,0.207,NaN,6.37,11.49,16.81,22.32,27.98,33.79,39.79,46.21,7.85,9.77,9.40,9.07,8.83,8.61,8.33,7.79,8,8
"Blackman, Evan (GBR) (2001)",19-Jul-25,0.152,NaN,6.26,11.39,16.49,21.79,27.46,33.49,39.64,46.21,7.99,9.75,9.80,9.43,8.82,8.29,8.13,7.61,7,4
"Gaba, Kamghe (GER) (1984)",13-Sep-08,0.209,NaN,NaN,11.10,NaN,21.49,NaN,32.86,NaN,46.22,NaN,9.01,NaN,9.62,NaN,8.80,NaN,7.49,1,7
Ju Tianqi (CHN) (2002),21-Jul-23,0.209,NaN,NaN,11.58,NaN,22.27,NaN,33.90,39.91,46.22,NaN,8.64,NaN,9.35,NaN,8.60,8.32,7.92,4,1
"Sito, Luca (ITA) (2003)",14-Sep-25,0.150,NaN,NaN,11.46,NaN,22.22,NaN,33.78,NaN,46.22,NaN,8.73,NaN,9.29,NaN,8.65,NaN,8.04,3,7
"van Branteghem, Cédric (BEL) (1979)",06-Aug-02,0.180,NaN,NaN,11.44,NaN,22.14,NaN,33.64,NaN,46.23,NaN,8.74,NaN,9.35,NaN,8.70,NaN,7.94,NaN,2
"Szeglet, Zsolt (HUN) (1977)",06-Aug-02,0.205,NaN,NaN,11.61,NaN,22.29,NaN,33.50,NaN,46.23,NaN,8.61,NaN,9.36,NaN,8.92,NaN,7.86,NaN,3
"Trousil, Josef (TCH) (1935)",26-Jun-64,NaN,NaN,NaN,NaN,21.3,NaN,NaN,NaN,46.1,46.1,NaN,NaN,9.39,NaN,NaN,NaN,8.06,8.68,NaN,1
"Zachoval, Radek (CZE) (1978)",07-Aug-02,0.161,NaN,NaN,11.52,NaN,22.13,NaN,33.55,46.24,46.24,NaN,8.68,NaN,9.43,NaN,8.76,7.88,8.65,NaN,8
"Itahana, Kohei (JPN) (1994)",23-Sep-18,0.181,NaN,6.38,11.76,17.20,22.79,28.42,34.07,39.94,46.24,7.84,9.29,9.19,8.94,8.88,8.85,8.52,7.94,5,1
"Petrucciani, Ricky (SUI) (2000)",10-Jun-21,0.169,NaN,6.3,11.4,16.8,22.2,27.8,33.6,39.7,46.24,7.94,9.80,9.26,9.26,8.93,8.62,8.20,7.65,1,5
"Baker, Nicklas (GBR) (1994)",13-Jul-21,0.144,NaN,6.2,11.3,16.4,21.8,27.5,33.5,39.6,46.24,8.06,9.80,9.80,9.26,8.77,8.33,8.20,7.53,4,1
"Wilson, Assinie (JAM) (2002)",01-Jun-25,0.210,NaN,NaN,11.03,NaN,21.81,NaN,33.39,NaN,46.24,NaN,9.07,NaN,9.28,NaN,8.64,NaN,7.78,2,5
"Ammons, Andre (USA) (1978)",20-Jun-03,NaN,NaN,NaN,NaN,NaN,21.71,NaN,33.62,39.66,46.25,NaN,NaN,NaN,9.21,NaN,8.40,8.28,7.59,2,7
"Sato, Kentaro (JPN) (1994)",27-Jun-19,0.166,NaN,6.13,11.11,16.27,21.76,27.47,33.50,39.74,46.25,8.16,10.04,9.69,9.11,8.76,8.29,8.01,7.68,7,1
"Bonevacia, Liemarvin (NED) (1989)",31-Aug-23,0.172,NaN,6.36,11.45,16.64,22.03,27.59,33.35,39.43,46.25,7.86,9.82,9.63,9.28,8.99,8.68,8.22,7.33,5,5
"Grimerud, Andreas (NOR) (2003)",09-Jun-24,0.151,NaN,NaN,11.45,NaN,21.98,NaN,33.53,NaN,46.25,NaN,8.73,NaN,9.50,NaN,8.66,NaN,7.86,3,9
"Carvalho, Lucas (BRA) (1993)",05-Aug-24,0.151,NaN,6.30,11.36,16.47,21.84,27.49,33.36,39.53,46.25,7.94,9.88,9.78,9.31,8.85,8.52,8.10,7.44,3,3
"Merzah, Noureddine Adel (IRQ) (2003)",16-May-25,0.176,NaN,6.34,11.61,16.98,22.50,28.12,33.91,39.83,46.25,7.89,9.49,9.31,9.06,8.90,8.64,8.45,7.79,4,1
"Demarthon, Francois (FRA) (1950)",31-Aug-78,NaN,NaN,NaN,11.90,NaN,23.02,NaN,34.04,NaN,46.26,NaN,8.40,NaN,8.99,NaN,9.07,NaN,8.18,NaN,3
"Oliver, Justin (USA) (1987)",25-Jun-05,NaN,NaN,NaN,NaN,17.05,22.77,28.33,33.87,39.88,46.26,NaN,NaN,8.80,8.74,8.99,9.03,8.32,7.84,7,1
"Azuma, Yoshihiro (JPN) (1991)",09-Jun-12,NaN,NaN,6.29,11.45,16.68,22.19,27.86,33.66,39.73,46.26,7.95,9.69,9.56,9.07,8.82,8.62,8.24,7.66,5,3
"Kato, Nobuya (JPN) (1995)",23-Jul-14,0.172,NaN,6.41,11.82,17.25,22.71,28.36,34.10,39.97,46.26,7.80,9.24,9.21,9.16,8.85,8.71,8.52,7.95,3,1
"Kimura, Kazushi (JPN) (1993)",20-May-18,0.174,NaN,6.24,11.30,16.48,21.86,27.37,33.23,39.50,46.26,8.01,9.88,9.65,9.29,9.07,8.53,7.97,7.40,5,3
"Kawauchi, Mitsuki (JPN) (1997)",28-Jun-19,0.187,NaN,6.37,11.51,16.80,22.26,27.92,33.77,39.84,46.26,7.85,9.73,9.45,9.16,8.83,8.55,8.24,7.79,9,4
"Chambers, Marcus (USA) (1994)",21-Jul-19,0.165,NaN,NaN,11.2,NaN,21.8,NaN,33.4,NaN,46.26,NaN,8.93,NaN,9.43,NaN,8.62,NaN,7.78,2,9
"Benati, Lorenzo (ITA) (2002)",17-Jul-22,0.229,NaN,NaN,11.64,NaN,22.18,NaN,33.58,NaN,46.26,NaN,8.59,NaN,9.49,NaN,8.77,NaN,7.89,5,5
Liang Baotang (CHN) (2003),22-Jul-23,0.146,NaN,NaN,11.78,NaN,22.52,NaN,34.03,39.93,46.26,NaN,8.49,NaN,9.31,NaN,8.69,8.47,7.90,4,1
"Francique, Alleyne (GRN) (1976)",22-Sep-07,0.156,NaN,11.38,NaN,21.92,NaN,39.62,NaN,46.27,46.27,8.79,NaN,9.49,NaN,5.65,NaN,15.04,8.64,7,7
"Borlée, Jonathan (BEL) (1988)",18-Aug-18,0.149,NaN,11.4,NaN,22.3,NaN,33.9,NaN,46.27,46.27,8.77,NaN,9.17,NaN,8.62,NaN,8.08,8.64,1,6
"Wakabayashi, Kota (JPN) (1997)",27-Jun-19,0.177,NaN,6.24,11.25,16.40,21.86,27.57,33.53,39.67,46.27,8.01,9.98,9.71,9.16,8.76,8.39,8.14,7.58,6,1
"Benati, Lorenzo (ITA) (2002)",16-Jul-21,0.247,NaN,11.61,NaN,22.14,NaN,33.43,NaN,46.27,46.27,8.61,NaN,9.50,NaN,8.86,NaN,7.79,8.64,4,2
"Vedel, Benjamin Lobo (DEN) (1997)",17-Jul-22,0.134,NaN,11.33,NaN,22.08,NaN,33.55,NaN,46.27,46.27,8.83,NaN,9.30,NaN,8.72,NaN,7.86,8.64,5,5
Wu Yuang (CHN) (1998),28-Jun-23,0.182,NaN,11.41,NaN,21.95,NaN,33.75,39.82,46.27,46.27,8.76,NaN,9.49,NaN,8.47,8.24,7.75,8.64,7,1
"Canal, David (ESP) (1978)",21-Jun-97,NaN,NaN,11.57,NaN,22.33,NaN,33.79,NaN,46.28,46.28,8.64,NaN,9.29,NaN,8.73,NaN,8.01,8.64,NaN,2
"Borzakovskiy, Yuriy (RUS) (1981)",06-Aug-02,0.249,NaN,12.04,NaN,22.94,NaN,34.26,NaN,46.28,46.28,8.31,NaN,9.17,NaN,8.83,NaN,8.32,8.64,NaN,5
"Haroun, Abdalelah (QAT) (1997)",25-Aug-18,0.192,NaN,6.34,11.53,16.82,22.29,27.95,33.85,39.91,46.28,7.89,9.63,9.45,9.14,8.83,8.47,8.25,7.85,3,1
"Tamura, Tomoya (JPN) (1992)",01-Sep-19,NaN,NaN,6.33,11.41,16.63,22.04,27.56,33.35,39.51,46.28,7.90,9.84,9.58,9.24,9.06,8.64,8.12,7.39,8,3
Fan Tianrui (CHN) (2002),02-Jun-23,0.257,NaN,NaN,11.65,NaN,22.49,NaN,33.85,39.85,46.28,NaN,8.58,NaN,9.23,NaN,8.80,8.33,7.78,7,1
"Kimura, Kazushi (JPN) (1993)",03-May-14,NaN,NaN,6.51,11.93,17.42,22.88,28.40,34.07,40.01,46.29,7.68,9.23,9.11,9.16,9.06,8.82,8.42,7.96,NaN,5
"Kanemaru, Yuzo (JPN) (1987)",20-May-18,0.173,NaN,6.03,11.13,16.27,21.63,27.35,33.45,39.80,46.29,8.29,9.80,9.73,9.33,8.74,8.20,7.87,7.70,4,4
"Luchembe, Kennedy (ZAM) (2001)",28-May-21,0.183,NaN,6.2,11.1,16.4,22.0,27.7,33.7,39.8,46.29,8.06,10.20,9.43,8.93,8.77,8.33,8.20,7.70,4,1
"Borlée, Kevin (BEL) (1988)",28-May-21,0.136,NaN,6.3,11.5,16.8,22.3,27.9,33.8,39.8,46.29,7.94,9.62,9.43,9.09,8.93,8.47,8.33,7.70,2,8
"Yoshizu, Takuho (JPN) (1998)",25-Sep-21,0.204,NaN,NaN,11.58,NaN,22.49,NaN,33.78,NaN,46.18,NaN,8.64,NaN,9.17,NaN,8.86,NaN,8.06,5,4
"Bonevacia, Liemarvin (NED) (1989)",30-Jun-23,0.148,NaN,6.31,11.40,16.50,21.82,27.36,33.22,39.37,46.29,7.92,9.82,9.80,9.40,9.03,8.53,8.13,7.23,4,5
"Kroll, Florian (GER) (2004)",18-Jul-25,0.174,NaN,6.48,11.69,16.92,22.38,28.16,33.84,39.86,46.29,7.72,9.60,9.56,9.16,8.65,8.80,8.31,7.78,8,4
"Watrin, Julien (BEL) (1992)",22-Aug-25,0.218,NaN,6.35,11.38,16.51,21.85,27.49,33.47,39.65,46.29,7.87,9.94,9.75,9.36,8.87,8.36,8.09,7.53,7,6
"Sato, Mitsuhiro (JPN) (1980)",19-Sep-05,NaN,NaN,NaN,11.13,NaN,21.37,NaN,33.20,39.32,46.30,NaN,8.98,NaN,9.77,NaN,8.45,8.17,7.16,3,6
"Watanabe, Kazuya (JPN) (1988)",08-Jun-14,NaN,NaN,6.21,11.25,16.38,21.86,27.55,33.37,39.66,46.30,8.05,9.92,9.75,9.12,8.79,8.59,7.95,7.53,4,2
"Ishitsuka, Yusuke (JPN) (1987)",27-Jun-15,0.175,NaN,6.18,11.29,16.43,21.81,27.49,33.36,39.57,46.30,8.09,9.78,9.73,9.29,8.80,8.52,8.05,7.43,4,4
"Sato, Kentaro (JPN) (1994)",25-Jun-16,0.158,NaN,6.24,11.27,16.42,21.79,27.47,33.40,39.64,46.30,8.01,9.94,9.71,9.31,8.80,8.43,8.01,7.51,8,5
"Cherry, Michael (USA) (1995)",30-May-19,0.189,NaN,NaN,11.3,NaN,22.1,NaN,33.5,NaN,46.30,NaN,8.85,NaN,9.26,NaN,8.77,NaN,7.81,4,3
"Šorm, Patrik (CZE) (1993)",06-Jun-22,0.146,NaN,6.3,11.3,16.6,21.9,27.6,33.5,39.7,46.30,7.94,10.00,9.43,9.43,8.77,8.47,8.06,7.58,2,5
"Burraj, Franko (ALB) (1998)",20-Jun-23,0.223,NaN,11.44,NaN,22.21,NaN,33.85,NaN,46.30,46.30,8.74,NaN,9.29,NaN,8.59,NaN,8.03,8.64,6,1
"Kersulis, Tomas (LTU) (2001)",13-Jul-23,0.147,NaN,11.46,NaN,22.27,NaN,34.07,NaN,46.30,46.30,8.73,NaN,9.25,NaN,8.47,NaN,8.18,8.64,2,4
"Klemenic, Milann (FRA) (2007)",08-Aug-25,0.141,NaN,6.39,11.51,16.75,22.19,27.75,33.54,39.64,46.30,7.82,9.77,9.54,9.19,8.99,8.64,8.20,7.51,5,1
"Nakano, Hiroyuki (JPN) (1988)",12-Jun-11,NaN,NaN,6.19,11.42,16.78,22.29,27.99,33.76,39.77,46.31,8.08,9.56,9.33,9.07,8.77,8.67,8.32,7.65,NaN,4
"Glass, Najee (USA) (1994)",12-Jun-15,NaN,NaN,NaN,NaN,NaN,21.4,NaN,NaN,NaN,46.3,NaN,NaN,NaN,9.35,NaN,NaN,NaN,8.03,NaN,4
"Obuchi, Mizuki (JPN) (1997)",27-Jun-19,0.169,NaN,6.12,11.10,16.27,21.76,27.54,33.52,39.68,46.31,8.17,10.04,9.67,9.11,8.65,8.36,8.12,7.54,7,2
"Kawauchi, Mitsuki (JPN) (1997)",06-Jun-21,NaN,NaN,6.34,11.55,16.85,22.30,27.88,33.77,39.87,46.31,7.89,9.60,9.43,9.17,8.96,8.49,8.20,7.76,9,6
Li Yiqing (CHN) (2005),21-Jul-23,0.213,NaN,NaN,11.44,NaN,22.06,NaN,33.72,39.84,46.31,NaN,8.74,NaN,9.42,NaN,8.58,8.17,7.73,5,2
"Iguacel, Christian (BEL) (1996)",22-Aug-25,0.156,NaN,6.40,11.19,16.71,22.08,27.63,33.39,39.48,46.31,7.81,10.44,9.06,9.31,9.01,8.68,8.21,7.32,3,7
"Ayre, Sanjay (JAM) (1980)",22-Sep-07,0.155,NaN,NaN,11.20,NaN,21.90,NaN,39.78,NaN,46.32,NaN,8.93,NaN,9.35,NaN,5.59,NaN,15.29,2,8
"Smith, Miles (USA) (1984)",30-Jun-08,NaN,NaN,NaN,11.18,NaN,21.90,27.54,33.53,39.57,46.32,NaN,8.94,NaN,9.33,8.87,8.35,8.28,7.41,1,6
"Sato, Fuga (JPN) (1996)",26-May-17,NaN,NaN,NaN,11.22,NaN,21.51,NaN,33.04,NaN,46.32,NaN,8.91,NaN,9.72,NaN,8.67,NaN,7.53,5,1
"Herron, Brian (USA) (2000)",21-Jun-24,NaN,NaN,NaN,10.87,NaN,21.32,NaN,32.98,NaN,46.32,NaN,9.20,NaN,9.57,NaN,8.58,NaN,7.50,5,6
"Schuwer, Juno (NED) (2002)",07-Jul-24,NaN,NaN,NaN,6.35,11.44,16.63,22.15,27.86,33.70,39.76,NaN,7.87,9.82,9.63,9.06,8.76,8.56,8.25,8,3
"Alatupa, Konsta (FIN) (1999)",27-Jun-25,0.139,NaN,6.25,11.39,16.62,21.98,27.51,33.36,39.49,46.32,8.00,9.73,9.56,9.33,9.04,8.55,8.16,7.32,NaN,7
"Ross, Randolph (USA) (2001)",01-Aug-25,NaN,NaN,NaN,10.97,NaN,21.55,NaN,33.02,NaN,46.32,NaN,9.12,NaN,9.45,NaN,8.72,NaN,7.52,7,4
"Klein Ikkink, Isaya (NED) (2003)",14-Sep-25,0.180,NaN,NaN,11.74,NaN,21.73,NaN,33.68,NaN,46.32,NaN,8.52,NaN,10.01,NaN,8.37,NaN,7.91,2,8
"Coombs, Joseph (TRI) (1952)",30-Jul-80,0.140,NaN,NaN,NaN,NaN,NaN,NaN,32.8,NaN,46.4,NaN,NaN,NaN,NaN,NaN,9.15,NaN,7.35,5,8
"Alekseyev, Denis (RUS) (1987)",14-Jun-09,0.282,NaN,NaN,11.52,NaN,21.98,NaN,33.51,NaN,46.33,NaN,8.68,NaN,9.56,NaN,8.67,NaN,7.80,1,5
"Azuma, Kaiki (JPN) (1993)",23-Jun-17,0.178,NaN,NaN,11.38,NaN,21.66,NaN,32.82,NaN,46.33,NaN,8.79,NaN,9.73,NaN,8.96,NaN,7.40,6,5
"Scotch, Leungo (BOT) (1996)",05-Aug-22,0.170,NaN,6.0,10.9,16.1,21.4,27.0,33.1,39.3,46.33,8.33,10.20,9.62,9.43,8.93,8.20,8.06,7.11,7,3
Fu Haoran (CHN) (2005),16-Sep-24,0.193,NaN,NaN,11.53,NaN,22.34,NaN,33.92,39.99,46.33,NaN,8.67,NaN,9.25,NaN,8.64,8.24,7.89,7,3
"Carr, William (USA) (1909)",05-Aug-32,NaN,NaN,NaN,10.9,NaN,22.1,NaN,33.8,NaN,46.2,NaN,9.17,NaN,8.93,NaN,8.55,NaN,8.06,4,1
"Wint, Arthur (JAM) (1920)",05-Aug-48,NaN,NaN,NaN,NaN,NaN,22.2,NaN,NaN,NaN,46.2,NaN,NaN,NaN,9.01,NaN,NaN,NaN,8.33,3,1
"Whitfield, Mal (USA) (1924)",28-Aug-49,NaN,NaN,NaN,NaN,NaN,23.6,NaN,NaN,NaN,46.2,NaN,NaN,NaN,8.47,NaN,NaN,NaN,8.85,NaN,1
"Rhoden, George (JAM) (1926)",16-Jun-51,NaN,NaN,NaN,NaN,NaN,21.9,NaN,NaN,NaN,46.2,NaN,NaN,NaN,9.13,NaN,NaN,NaN,8.23,NaN,1
"Southern, Eddie (USA) (1938)",14-Jun-58,NaN,NaN,NaN,NaN,NaN,21.5,NaN,32.8,NaN,46.2,NaN,NaN,NaN,9.30,NaN,8.85,NaN,7.46,4,2
"Ottolina, Sergio (ITA) (1942)",09-May-65,NaN,NaN,NaN,NaN,NaN,22.0,NaN,NaN,NaN,46.2,NaN,NaN,NaN,9.09,NaN,NaN,NaN,8.26,NaN,1
"Wakabayashi, Kota (JPN) (1997)",28-Jun-19,0.166,NaN,6.17,11.16,16.32,21.67,27.29,33.26,39.50,46.34,8.10,10.02,9.69,9.35,8.90,8.38,8.01,7.31,5,5
"Brier, Joseph (GBR) (1999)",13-Jul-21,0.178,NaN,6.3,11.4,16.7,22.1,27.6,33.3,39.5,46.34,7.94,9.80,9.43,9.26,9.09,8.77,8.06,7.31,2,2
"Kawabata, Kaito (JPN) (1998)",17-Jul-22,0.128,NaN,NaN,11.14,NaN,21.79,NaN,33.37,NaN,46.34,NaN,8.98,NaN,9.39,NaN,8.64,NaN,7.71,4,5
"Sito, Luca (ITA) (2003)",13-Jul-23,0.204,NaN,NaN,11.48,NaN,22.29,NaN,33.92,NaN,46.34,NaN,8.71,NaN,9.25,NaN,8.60,NaN,8.05,4,5
"Thebe, Baboloki (BOT) (1997)",18-Aug-18,0.167,NaN,NaN,11.5,NaN,22.6,NaN,33.8,NaN,46.35,NaN,8.70,NaN,9.01,NaN,8.93,NaN,7.97,2,7
"Nose, Daiki (JPN) (2001)",03-May-21,0.164,NaN,6.16,11.28,16.53,21.93,27.57,33.49,39.64,46.35,8.12,9.77,9.52,9.26,8.87,8.45,8.13,7.45,4,2
"Jinushi, Naohiro (JPN) (2001)",03-Jun-23,0.174,NaN,6.37,11.68,17.07,22.51,28.04,33.80,39.86,46.35,7.85,9.42,9.28,9.19,9.04,8.68,8.25,7.70,5,2
"Yui, Kaisei (JPN) (1996)",27-Jun-15,0.145,NaN,6.39,11.54,16.70,22.04,27.59,33.43,39.59,46.36,7.82,9.71,9.69,9.36,9.01,8.56,8.12,7.39,8,4
"Sato, Kentaro (JPN) (1994)",01-Sep-19,NaN,NaN,6.30,11.32,16.52,21.95,27.59,33.56,39.75,46.36,7.94,9.96,9.62,9.21,8.87,8.38,8.08,7.56,6,4
"Dobber, Jochem (NED) (1997)",15-Aug-22,0.281,NaN,NaN,11.38,NaN,21.78,NaN,33.18,NaN,46.36,NaN,8.79,NaN,9.62,NaN,8.77,NaN,7.59,2,7
"Maslák, Pavel (CZE) (1991)",16-Aug-22,0.197,NaN,NaN,11.52,NaN,22.24,NaN,33.77,NaN,46.36,NaN,8.68,NaN,9.33,NaN,8.67,NaN,7.94,2,6
"Kersulis, Tomas (LTU) (2001)",20-Jun-23,0.137,NaN,NaN,11.41,NaN,21.97,NaN,33.36,NaN,46.36,NaN,8.76,NaN,9.47,NaN,8.78,NaN,7.69,6,7
"Kroll, Florian (GER) (2004)",19-Jul-25,0.140,NaN,6.38,11.53,16.78,22.12,27.71,33.60,39.75,46.36,NaN,7.84,9.71,9.52,9.36,8.94,8.49,8.13,1,7
"Mukai, Yukihiro (JPN) (1980)",24-Sep-06,NaN,NaN,6.3,11.4,16.7,22.3,28.1,33.9,39.9,46.37,7.94,9.80,9.43,8.93,8.62,8.62,8.33,7.73,2,5
"Hogans, Obra (USA) (1982)",30-Jun-08,NaN,NaN,NaN,11.21,NaN,22.14,27.64,33.45,39.60,46.37,NaN,8.92,NaN,9.15,9.09,8.61,8.13,7.39,2,8
"Walsh, Julian Jrummi (JPN) (1996)",12-Aug-16,0.149,NaN,NaN,11.14,NaN,21.76,NaN,33.32,NaN,46.37,NaN,8.98,NaN,9.42,NaN,8.65,NaN,7.66,8,1
"Bonevacia, Liemarvin (NED) (1989)",21-May-22,0.159,NaN,6.37,11.41,16.53,21.83,27.39,33.36,39.61,46.37,7.85,9.92,9.77,9.43,8.99,8.38,8.00,7.40,3,6
"Franks, George (GRE) (2004)",18-Jul-25,0.151,NaN,6.16,11.18,16.31,21.68,27.28,33.24,39.52,46.37,8.12,9.96,9.75,9.31,8.93,8.39,7.96,7.30,2,5
"Kobayashi, Naoki (JPN) (1990)",08-Jun-14,NaN,NaN,6.14,11.36,16.45,21.83,27.56,33.45,39.65,46.38,8.14,9.58,9.82,9.29,8.73,8.49,8.06,7.43,6,3
"Imoto, Yoshinobu (JPN) (1999)",09-Oct-17,0.165,NaN,NaN,11.22,NaN,22.26,NaN,33.80,NaN,46.38,NaN,8.91,NaN,9.06,NaN,8.67,NaN,7.95,4,1
"Kanemaru, Yuzo (JPN) (1987)",03-May-18,0.168,NaN,6.20,11.24,16.54,22.06,27.78,33.71,39.88,46.38,8.06,9.92,9.43,9.06,8.74,8.43,8.10,7.69,8,1
"Richard, Tyrell (USA) (1997)",09-Sep-19,0.145,NaN,NaN,11.54,NaN,22.51,NaN,34.09,NaN,46.38,NaN,8.67,NaN,9.12,NaN,8.64,NaN,8.14,9,4
"Scotti, Edoardo (ITA) (2000)",10-Jun-21,0.169,NaN,6.5,11.6,16.7,22.1,27.7,33.6,39.8,46.38,7.69,9.80,9.80,9.26,8.93,8.47,8.06,7.60,7,6
"Petrucciani, Ricky (SUI) (2000)",09-Sep-21,0.165,NaN,7.3,11.3,16.4,21.8,27.4,33.3,39.6,46.38,6.85,12.50,9.80,9.26,8.93,8.47,7.94,7.37,2,7
"Sato, Fuga (JPN) (1996)",25-Sep-21,0.202,NaN,NaN,10.99,NaN,21.52,NaN,33.23,NaN,46.21,NaN,9.10,NaN,9.50,NaN,8.54,NaN,7.70,5,1
"Dair, Hamza (MAR) (2002)",05-Jun-22,0.176,NaN,6.38,11.59,17.00,22.47,28.33,34.28,40.16,46.38,7.84,9.60,9.24,9.14,8.53,8.40,8.50,8.04,4,1
"Kanemaru, Yuzo (JPN) (1987)",09-Jul-17,NaN,NaN,NaN,11.21,NaN,21.97,NaN,33.71,NaN,46.39,NaN,8.92,NaN,9.29,NaN,8.52,NaN,7.89,5,1
"Kimura, Jun (JPN) (1991)",23-Jun-18,0.138,NaN,6.13,11.22,16.45,21.98,27.73,33.65,39.77,46.39,8.16,9.82,9.56,9.04,8.70,8.45,8.17,7.55,4,2
"Norwood, Vernon (USA) (1992)",30-May-19,0.176,NaN,NaN,11.3,NaN,22.5,NaN,33.8,NaN,46.39,NaN,8.85,NaN,8.93,NaN,8.85,NaN,7.94,1,4
"Kawauchi, Mitsuki (JPN) (1997)",27-Jun-19,0.180,NaN,6.31,11.60,17.02,22.57,28.30,34.16,40.18,46.39,7.92,9.45,9.23,9.01,8.73,8.53,8.31,8.05,4,2
"Sato, Fuga (JPN) (1996)",19-Sep-20,0.240,NaN,6.62,11.92,17.27,22.71,28.29,34.01,39.97,46.39,7.55,9.43,9.35,9.19,8.96,8.74,8.39,7.79,4,1
"Benati, Lorenzo (ITA) (2002)",15-Jul-21,0.204,NaN,NaN,12.01,NaN,22.88,NaN,34.37,NaN,46.39,NaN,8.33,NaN,9.20,NaN,8.70,NaN,8.32,6,2
"Danylenko, Danylo (UKR) (1994)",17-Jul-22,0.258,NaN,NaN,11.71,NaN,22.27,NaN,33.76,NaN,46.39,NaN,8.54,NaN,9.47,NaN,8.70,NaN,7.92,3,6
"Kebinatshipi, Collen (BOT) (2004)",22-Aug-23,0.168,NaN,NaN,11.26,NaN,22.30,NaN,34.01,NaN,46.39,NaN,8.88,NaN,9.06,NaN,8.54,NaN,8.08,2,8
"Kijanović, Boško (SRB) (2000)",08-Jun-24,0.149,NaN,NaN,11.52,NaN,22.36,NaN,33.67,NaN,46.39,NaN,8.68,NaN,9.23,NaN,8.84,NaN,7.86,5,6
"O'Bryant, Jevon (USA) (2001)",23-Jun-24,NaN,NaN,NaN,11.33,NaN,22.11,NaN,33.86,NaN,46.39,NaN,8.83,NaN,9.28,NaN,8.51,NaN,7.98,1,5
"Karsten, Kai (GER) (1968)",29-Jun-91,NaN,NaN,NaN,11.30,NaN,21.85,NaN,33.53,NaN,46.40,NaN,8.85,NaN,9.48,NaN,8.56,NaN,7.77,NaN,7
"Vaccari, Marco (ITA) (1966)",21-Jun-97,NaN,NaN,NaN,11.79,NaN,22.61,NaN,34.09,NaN,46.40,NaN,8.48,NaN,9.24,NaN,8.71,NaN,8.12,NaN,3
"Kawauchi, Mitsuki (JPN) (1997)",01-Sep-19,NaN,NaN,6.27,11.46,16.77,22.21,27.78,33.64,39.76,46.40,7.97,9.63,9.42,9.19,8.98,8.53,8.17,7.53,3,5
"Russell, Alonzo (BAH) (1992)",05-Aug-22,0.227,NaN,6.1,11.0,16.2,21.6,27.4,33.4,39.6,46.40,8.20,10.20,9.62,9.26,8.62,8.33,8.06,7.35,9,4
"Šorm, Patrik (CZE) (1993)",08-Jun-24,0.205,NaN,NaN,11.55,NaN,22.17,NaN,33.63,NaN,46.40,NaN,8.66,NaN,9.42,NaN,8.73,NaN,7.83,8,7
"Roosen, Sven (NED) (2001)",02-Aug-24,0.170,NaN,6.49,11.66,16.94,22.40,28.15,34.13,40.16,46.40,7.70,9.67,9.47,9.16,8.70,8.36,8.29,8.01,2,2
"Darden, Tony (USA) (1957)",27-Jun-80,NaN,NaN,NaN,12.3,NaN,22.6,NaN,34.2,NaN,46.4,NaN,8.13,NaN,9.71,NaN,8.62,NaN,8.19,NaN,5
"Wariner, Jeremy (USA) (1984)",22-Jun-03,NaN,NaN,NaN,NaN,NaN,22.06,NaN,33.80,39.74,46.41,NaN,NaN,NaN,9.07,NaN,8.52,8.42,7.50,5,2
"Tamesue, Dai (JPN) (1978)",24-Sep-06,NaN,NaN,6.1,11.4,16.7,22.3,27.9,33.8,40.0,46.41,8.20,9.43,9.43,8.93,8.93,8.47,8.06,7.80,8,6
"Fujiwara, Takeshi (JPN) (1985)",25-Jun-16,0.208,NaN,6.41,11.53,16.78,22.21,27.72,33.58,39.79,46.41,7.80,9.77,9.52,9.21,9.07,8.53,8.05,7.55,3,6
"Kitakani, Naoki (JPN) (1998)",21-Jul-16,0.162,NaN,6.36,11.39,16.51,21.96,27.76,33.62,39.82,46.41,7.86,9.94,9.77,9.17,8.62,8.53,8.06,7.59,8,4
"Fujiwara, Takeshi (JPN) (1985)",23-Jun-17,0.199,NaN,NaN,11.57,NaN,22.34,NaN,33.72,NaN,46.41,NaN,8.64,NaN,9.29,NaN,8.79,NaN,7.88,5,4
"Abubaker, Abbas (BRN) (1996)",26-Aug-18,0.170,NaN,6.37,11.39,16.50,21.84,27.37,33.15,39.38,46.41,7.85,9.96,9.78,9.36,9.04,8.65,8.03,7.11,6,7
"Angela, Ramsey (NED) (1999)",08-Sep-22,0.195,NaN,6.48,11.74,17.12,22.66,28.32,34.11,40.12,46.41,7.72,9.51,9.29,9.03,8.83,8.64,8.32,7.95,8,6
"Zharov, Innokently (RUS) (1968)",21-Jun-97,NaN,NaN,NaN,11.51,NaN,22.34,NaN,34.07,NaN,46.42,NaN,8.69,NaN,9.23,NaN,8.53,NaN,8.10,NaN,4
"Horii, Kosuke (JPN) (1994)",24-Jun-17,0.170,NaN,6.23,11.46,16.77,22.25,27.85,33.81,39.83,46.42,8.03,9.56,9.42,9.12,8.93,8.39,8.31,7.59,2,4
"Petrucciani, Ricky (SUI) (2000)",26-Aug-21,0.141,NaN,6.3,11.4,16.7,22.3,27.8,33.5,39.6,46.42,7.94,9.80,9.43,8.93,9.09,8.77,8.20,7.33,3,7
"Husillos, Ōscar (ESP) (1993)",15-Aug-22,0.212,NaN,NaN,11.31,NaN,21.78,NaN,33.29,NaN,46.42,NaN,8.84,NaN,9.55,NaN,8.69,NaN,7.62,3,5
"Walsh, Julian Jrummi (JPN) (1996)",03-May-18,0.160,NaN,6.16,11.26,16.48,21.89,27.48,33.36,39.63,46.43,8.12,9.80,9.58,9.24,8.94,8.50,7.97,7.35,5,2
"Kimura, Kazushi (JPN) (1993)",23-Sep-18,0.192,NaN,6.42,11.78,17.20,22.71,28.27,33.91,39.85,46.43,7.79,9.33,9.23,9.07,8.99,8.87,8.42,7.60,6,2
"Kawauchi, Mitsuki (JPN) (1997)",08-Oct-18,0.174,NaN,6.28,11.58,17.12,22.75,28.49,34.34,40.25,46.43,7.96,9.43,9.03,8.88,8.71,8.55,8.46,8.09,7,1
"Ito, Rikiya (JPN) (1998)",27-Jun-19,0.167,NaN,6.36,11.46,16.70,22.25,27.95,33.86,39.96,46.43,7.86,9.80,9.54,9.01,8.77,8.46,8.20,7.73,6,3
"Kebinatshipi, Collen (BOT) (2004)",13-Sep-24,0.140,NaN,6.03,10.83,15.83,21.09,26.76,32.80,39.28,46.43,8.29,10.42,10.00,9.51,8.82,8.28,7.72,6.99,2,7
"Osman, Umar (MAS) (2003)",14-Sep-25,0.169,NaN,NaN,11.28,NaN,21.77,NaN,33.52,NaN,46.43,NaN,8.87,NaN,9.53,NaN,8.51,NaN,7.75,3,8
"Vassella, Peter (AUS) (1941)",19-Sep-64,NaN,NaN,NaN,NaN,NaN,22.0,NaN,34.1,NaN,46.3,NaN,NaN,NaN,9.09,NaN,8.26,NaN,8.20,3,7
"Rysiukiewicz, Piotr (POL) (1974)",06-Aug-02,0.216,NaN,NaN,11.64,NaN,22.43,NaN,33.07,NaN,46.44,NaN,8.59,NaN,9.27,NaN,9.40,NaN,7.48,NaN,4
"Owens-Delerme, Ayden (PUR) (2000)",25-Aug-23,0.162,NaN,NaN,11.22,NaN,21.71,NaN,33.51,NaN,46.44,NaN,8.91,NaN,9.53,NaN,8.47,NaN,7.73,7,1
"Klemenic, Milann (FRA) (2007)",09-Aug-25,0.148,NaN,6.78,11.60,16.75,22.08,27.57,33.37,39.57,46.44,7.37,10.37,9.71,9.38,9.11,8.62,8.06,7.28,7,2
"Scotti, Edoardo (ITA) (2000)",17-Jul-22,0.170,NaN,NaN,11.58,NaN,22.07,NaN,33.65,NaN,46.46,NaN,8.64,NaN,9.53,NaN,8.64,NaN,7.81,7,6
"Guevara, Asa (TTO) (1995)",05-Aug-22,0.132,NaN,6.0,10.8,15.8,21.1,26.7,32.8,39.2,46.46,8.33,10.42,10.00,9.43,8.93,8.20,7.81,6.89,8,5
"Dobber, Jochem (NED) (1997)",02-Sep-22,0.160,NaN,6.34,11.44,16.72,22.14,27.73,33.59,39.82,46.46,7.89,9.80,9.47,9.23,8.94,8.53,8.03,7.53,1,6
"Osman, Ashraf (QAT) (2001)",10-May-24,0.169,NaN,6.37,11.40,16.60,22.03,27.66,33.60,39.71,46.46,7.85,9.94,9.62,9.21,8.88,8.42,8.18,7.41,2,8
"Owens-Delerme, Ayden (PUR) (2000)",20-Sep-25,0.162,NaN,NaN,11.15,NaN,21.50,NaN,33.42,NaN,46.46,NaN,8.97,NaN,9.66,NaN,8.39,NaN,7.67,5,1
"Anderson, Nathaniel (USA) (1987)",25-Jun-05,NaN,NaN,NaN,11.53,16.96,22.56,28.22,33.77,39.89,46.47,NaN,8.67,9.21,8.93,8.83,9.01,8.17,7.60,5,2
"Avilés, Luis (MEX) (2002)",17-Jul-22,0.140,NaN,NaN,11.41,NaN,22.56,NaN,34.24,NaN,46.47,NaN,8.76,NaN,8.97,NaN,8.56,NaN,8.18,2,6
Yang Wang (CHN) (1996),21-Jul-23,0.165,NaN,NaN,11.25,NaN,21.67,NaN,33.47,39.79,46.47,NaN,8.89,NaN,9.60,NaN,8.47,7.91,7.49,7,3
"Wissman, Johan (SWE) (1982)",13-Sep-08,0.174,NaN,NaN,11.41,NaN,22.08,NaN,33.70,NaN,46.48,NaN,8.76,NaN,9.37,NaN,8.61,NaN,7.82,7,8
"Takase, Kei (JPN) (1988)",08-Oct-12,NaN,NaN,6.06,11.01,16.05,21.33,27.01,33.02,39.35,46.48,8.25,10.10,9.92,9.47,8.80,8.32,7.90,7.01,NaN,3
"Kimura, Jun (JPN) (1991)",23-Jun-17,0.141,NaN,NaN,11.20,NaN,21.67,NaN,33.18,NaN,46.48,NaN,8.93,NaN,9.55,NaN,8.69,NaN,7.52,3,6
"Montgomery, Kahmari (USA) (1997)",22-Jul-16,0.203,NaN,6.24,11.49,16.82,22.28,27.88,33.62,39.71,46.48,8.01,9.52,9.38,9.16,8.93,8.71,8.21,7.39,8,5
"Kawauchi, Mitsuki (JPN) (1997)",03-May-19,NaN,NaN,6.27,11.42,16.67,22.07,27.73,33.68,39.86,46.48,7.97,9.71,9.52,9.26,8.83,8.40,8.09,7.55,5,1
"Inoue, Daichi (JPN) (1999)",02-Oct-20,0.215,NaN,6.30,11.27,16.47,22.04,27.75,33.71,39.82,46.48,7.94,10.06,9.62,8.98,8.76,8.39,8.18,7.51,3,2
"Makwala, Isaac (BOT) (1986)",04-Jun-23,0.183,NaN,6.27,11.31,16.50,21.77,27.32,33.14,39.45,46.48,7.97,9.92,9.63,9.49,9.01,8.59,7.92,7.11,1,6
"Kato, Nobuya (JPN) (1995)",08-Jun-14,NaN,NaN,6.44,11.65,16.95,22.35,27.93,33.79,39.89,46.49,7.76,9.60,9.43,9.26,8.96,8.53,8.20,7.58,8,4
"Horii, Kosuke (JPN) (1994)",20-May-18,0.169,NaN,6.27,11.37,16.58,22.15,27.99,33.97,40.11,46.49,7.97,9.80,9.60,8.98,8.56,8.36,8.14,7.84,7,6
"Ito, Rikiya (JPN) (1998)",08-Oct-18,0.166,NaN,6.36,11.57,16.93,22.47,28.21,34.10,40.09,46.49,7.86,9.60,9.33,9.03,8.71,8.49,8.35,7.81,6,2
"Haydock-Wilson, Alex (GBR) (1999)",21-May-22,0.137,NaN,6.26,11.40,16.82,22.37,28.01,33.87,39.99,46.49,7.99,9.73,9.23,9.01,8.87,8.53,8.17,7.69,2,7
"Re, Davide (ITA) (1993)",17-Jul-22,0.148,NaN,NaN,11.72,NaN,22.33,NaN,33.91,NaN,46.49,NaN,8.53,NaN,9.43,NaN,8.64,NaN,7.95,4,5
"Scotti, Edoardo (ITA) (2000)",16-Aug-22,0.216,NaN,NaN,11.28,NaN,21.69,NaN,33.18,NaN,46.49,NaN,8.87,NaN,9.61,NaN,8.70,NaN,7.51,2,7
Liang Baotang (CHN) (2003),21-Jul-23,0.166,NaN,NaN,11.55,NaN,22.74,NaN,34.20,40.19,46.49,NaN,8.66,NaN,8.94,NaN,8.73,8.35,7.94,6,1
"Zambrano, Anthony (COL) (1998)",22-Jul-16,0.185,NaN,6.15,11.33,16.72,22.41,28.14,34.05,40.09,46.50,8.13,9.65,9.28,8.79,8.73,8.46,8.28,7.80,2,6
"Sato, Fuga (JPN) (1996)",02-Oct-20,0.176,NaN,6.43,11.53,16.82,22.38,28.07,33.89,39.93,46.50,7.78,9.80,9.45,8.99,8.79,8.59,8.28,7.61,9,3
"Bynum, Emmanuel (USA) (2000)",23-Jun-24,NaN,NaN,NaN,11.37,NaN,22.14,NaN,33.65,NaN,46.50,NaN,8.80,NaN,9.29,NaN,8.69,NaN,7.78,2,6
"Semyonov, Andrey (RUS) (1977)",07-Aug-02,0.139,NaN,NaN,11.71,NaN,22.38,NaN,33.85,NaN,46.51,NaN,8.54,NaN,9.37,NaN,8.72,NaN,7.90,NaN,7
"Swarn, Brian (USA) (1979)",20-Jun-03,NaN,NaN,NaN,NaN,NaN,22.17,NaN,33.88,39.94,46.51,NaN,NaN,NaN,9.02,NaN,8.54,8.25,7.61,3,4
Li Yiqing (CHN) (2005),22-Jul-23,0.194,NaN,NaN,11.61,NaN,22.69,NaN,34.35,40.23,46.51,NaN,8.61,NaN,9.03,NaN,8.58,8.50,7.96,6,2
"Larry, Lionel (USA) (1986)",25-Jun-05,NaN,NaN,NaN,11.35,16.52,21.91,27.55,33.19,39.48,46.52,NaN,8.81,9.67,9.28,8.87,8.87,7.95,7.10,4,3
"Horii, Kosuke (JPN) (1994)",25-Jun-16,0.167,NaN,6.25,11.43,16.75,22.25,27.98,33.93,40.06,46.52,8.00,9.65,9.40,9.09,8.73,8.40,8.16,7.74,7,7
"Ito, Rikiya (JPN) (1998)",21-Apr-19,0.153,NaN,6.30,11.49,16.83,22.37,28.11,34.05,40.15,46.52,7.94,9.63,9.36,9.03,8.71,8.42,8.20,7.85,7,3
"Williams, Harrison (USA) (1996)",25-Aug-23,0.200,NaN,NaN,11.41,NaN,21.79,NaN,33.69,NaN,46.52,NaN,8.76,NaN,9.63,NaN,8.40,NaN,7.79,6,2
"Bujna, Šimon (SVK) (1995)",08-Jun-24,0.165,NaN,NaN,11.46,NaN,22.16,NaN,33.77,NaN,46.52,NaN,8.73,NaN,9.35,NaN,8.61,NaN,7.84,2,9
"Bakketun, Andreas Haara (NOR) (200)",12-Jun-25,0.145,NaN,6.19,11.37,16.73,22.40,28.19,34.13,40.20,46.52,8.08,9.65,9.33,8.82,8.64,8.42,8.24,7.91,6,1
"Doggett, Sean (IRL) (2006)",08-Aug-25,0.172,NaN,6.31,11.33,16.51,21.90,27.51,33.43,39.75,46.52,7.92,9.96,9.65,9.28,8.91,8.45,7.91,7.39,4,2
"Campbell, Milton (USA) (1976)",20-Jun-03,NaN,NaN,NaN,NaN,NaN,21.77,NaN,33.79,39.77,46.53,NaN,NaN,NaN,9.19,NaN,8.32,8.36,7.40,3,8
"Watanabe, Kazuya (JPN) (1988)",03-May-14,NaN,NaN,6.29,11.52,16.75,22.12,27.69,33.61,39.87,46.53,7.95,9.56,9.56,9.31,8.98,8.45,7.99,7.51,NaN,6
"Fields, Howard (USA) (1999)",13-Jul-18,0.163,NaN,6.16,11.24,16.47,21.95,27.61,33.42,39.64,46.53,8.12,9.84,9.56,9.12,8.83,8.61,8.04,7.26,2,5
"Devantay, Charles (SUI) (1998)",08-Sep-22,0.144,NaN,6.27,11.41,16.72,22.16,27.82,33.77,39.96,46.53,7.97,9.73,9.42,9.19,8.83,8.40,8.08,7.61,2,7
"Zalewski, Karol (POL) (1993)",20-Aug-23,0.168,NaN,NaN,11.37,NaN,22.03,NaN,33.80,NaN,46.53,NaN,8.80,NaN,9.38,NaN,8.50,NaN,7.86,2,6
"McKenley, Herb (JAM) (1922)",05-Aug-48,NaN,NaN,NaN,NaN,21.4,NaN,NaN,NaN,46.4,46.4,NaN,NaN,9.35,NaN,NaN,NaN,8.00,8.62,2,2
"Singh, Milkha (IND) (1935)",24-Jun-61,NaN,NaN,NaN,NaN,21.4,NaN,NaN,NaN,46.4,46.4,NaN,NaN,9.35,NaN,NaN,NaN,8.00,8.62,NaN,2
"Rapnouil, Jean-Louis (FRA) (1965)",21-Jun-97,NaN,NaN,11.70,NaN,22.67,NaN,34.14,NaN,46.46,46.54,8.55,NaN,9.12,NaN,8.72,NaN,8.12,8.59,NaN,5
"Semyonov, Andrey (RUS) (1977)",06-Aug-02,0.138,NaN,11.65,NaN,22.26,NaN,33.70,NaN,46.54,46.54,8.58,NaN,9.43,NaN,8.74,NaN,7.79,8.59,NaN,3
"Walsh, Julian Jrummi (JPN) (1996)",16-Oct-15,NaN,NaN,6.24,11.35,16.60,22.05,27.68,33.66,39.94,46.54,8.01,9.78,9.52,9.17,8.88,8.36,7.96,7.58,NaN,1
"Rhoden-Stevens, Jamal (GBR) (1994)",21-Jul-18,0.138,NaN,11.6,NaN,22.6,NaN,34.1,NaN,46.54,46.54,8.62,NaN,9.09,NaN,8.70,NaN,8.04,8.59,3,3
"Wakabayashi, Kota (JPN) (1997)",08-Oct-18,0.194,NaN,6.31,11.41,16.74,22.27,28.01,33.88,39.93,46.54,7.92,9.80,9.38,9.04,8.71,8.52,8.26,7.56,4,3
Gu Xiofei (CHN) (2001),28-Jun-23,0.228,NaN,11.48,NaN,22.12,NaN,33.75,39.82,46.54,46.54,8.71,NaN,9.40,NaN,8.60,8.24,7.44,8.59,4,2
"Kitagawa, Takamasa (JPN) (1996)",03-May-17,NaN,NaN,6.24,11.32,16.63,22.13,27.82,33.66,39.82,46.55,8.01,9.84,9.42,9.09,8.79,8.56,8.12,7.43,NaN,1
"Watanabe, Yoshihiro (JPN) (1997)",08-Oct-17,0.165,NaN,5.99,11.02,16.23,21.75,27.50,33.51,39.79,46.55,8.35,9.94,9.60,9.06,8.70,8.32,7.96,7.40,8,2
"Sato, Kentaro (JPN) (1994)",03-May-19,NaN,NaN,6.21,11.26,16.48,21.83,27.51,33.58,39.94,46.55,8.05,9.90,9.58,9.35,8.80,8.24,7.86,7.56,2,2
"Matsukiyo, Kazuki (JPN) (1997)",27-Jun-19,0.205,NaN,6.49,11.91,17.38,22.90,28.50,34.19,40.07,46.55,7.70,9.23,9.14,9.06,8.93,8.79,8.50,7.72,3,3
"Aceti, Vladimir (ITA) (1998)",10-Jun-21,0.170,NaN,6.6,11.8,17.1,22.5,28.1,33.9,40.0,46.55,7.58,9.62,9.43,9.26,8.93,8.62,8.20,7.63,2,7
"Kersulis, Tomas (LTU) (2001)",27-Jun-25,0.141,NaN,6.16,11.34,16.63,22.05,27.69,33.53,39.73,46.55,8.12,9.65,9.45,9.23,8.87,8.56,8.06,7.33,NaN,8
"Brijdenbach, Alfons (BEL) (1954)",26-Jul-76,NaN,NaN,NaN,NaN,NaN,22.2,NaN,33.7,NaN,46.56,NaN,NaN,NaN,9.01,NaN,8.70,NaN,7.78,3,2
Li Yiqing (CHN) (2005),21-Jul-23,0.208,NaN,NaN,11.57,NaN,22.32,NaN,34.05,40.13,46.56,NaN,8.64,NaN,9.30,NaN,8.53,8.22,7.78,3,1
"Williams, Harrison (USA) (1996)",21-Jun-24,NaN,NaN,NaN,11.24,NaN,21.82,NaN,33.80,NaN,46.56,NaN,8.90,NaN,9.45,NaN,8.35,NaN,7.84,9,1
"Sito, Luca (ITA) (2003)",18-Jul-25,0.148,NaN,6.12,11.11,16.26,21.61,27.27,33.16,39.43,46.56,8.17,10.02,9.71,9.35,8.83,8.49,7.97,7.01,3,5
"Blair, Anthony (USA) (1957)",27-Jun-80,NaN,NaN,NaN,12.1,NaN,23.5,NaN,34.5,NaN,46.6,NaN,8.26,NaN,8.77,NaN,9.09,NaN,8.29,NaN,6
"Kitagawa, Takamasa (JPN) (1996)",30-Jul-14,NaN,NaN,6.50,11.79,17.05,22.42,27.91,33.79,40.08,46.57,7.69,9.45,9.51,9.31,9.11,8.50,7.95,7.70,NaN,1
"Ito, Rikiya (JPN) (1998)",23-Jun-18,0.140,NaN,6.31,11.52,16.83,22.41,28.17,34.14,40.22,46.57,7.92,9.60,9.42,8.96,8.68,8.38,8.22,7.87,6,3
"Zalewski, Karol (POL) (1993)",09-Sep-19,0.171,NaN,NaN,11.30,NaN,22.06,NaN,33.65,NaN,46.57,NaN,8.85,NaN,9.29,NaN,8.63,NaN,7.74,2,5
"Yoshizu, Takuho (JPN) (1998)",02-Oct-20,0.171,NaN,6.33,11.51,16.83,22.36,28.00,33.81,39.86,46.57,7.90,9.65,9.40,9.04,8.87,8.61,8.26,7.45,5,4
"Duszynski, Kajetan (POL) (1995)",17-Jul-22,0.132,NaN,NaN,11.29,NaN,22.11,NaN,33.60,NaN,46.57,NaN,8.86,NaN,9.24,NaN,8.70,NaN,7.71,6,7
"James-King, Malik (JAM) (1999)",06-Apr-25,0.180,NaN,NaN,13.55,NaN,22.31,NaN,33.66,NaN,46.57,NaN,7.38,NaN,11.42,NaN,8.81,NaN,7.75,3,5
"Dobrescu, Mario (ROU) (2004)",18-Jul-25,0.181,NaN,6.30,11.39,16.65,22.03,27.59,33.47,39.74,46.57,7.94,9.82,9.51,9.29,8.99,8.50,7.97,7.32,1,6
"Obuchi, Mizuki (JPN) (1997)",02-Oct-20,0.179,NaN,6.31,11.40,16.80,22.52,28.36,34.30,40.21,46.58,7.92,9.82,9.26,8.74,8.56,8.42,8.46,7.85,7,5
"Ikeda, Kosuke (JPN) (1995)",09-May-21,0.156,NaN,6.25,11.27,16.40,21.83,27.49,33.42,39.77,46.58,8.00,9.96,9.75,9.21,8.83,8.43,7.87,7.34,9,4
"Yoshiki, Tsubasa (JPN) (2003)",25-Jun-21,0.172,NaN,6.22,11.27,16.45,21.86,27.36,33.18,39.58,46.58,8.04,9.90,9.65,9.24,9.09,8.59,7.81,7.14,6,1
Yang Wang (CHN) (1996),22-Jul-23,0.198,NaN,NaN,11.33,NaN,22.10,NaN,33.80,40.03,46.58,NaN,8.83,NaN,9.29,NaN,8.55,8.03,7.63,3,3
"Kelly, Conor (IRL) (2007)",08-Aug-25,0.155,NaN,6.22,11.24,16.43,21.94,27.64,33.55,39.71,46.58,8.04,9.96,9.63,9.07,8.77,8.46,8.12,7.28,6,1
"Vanderbemden, Robin (BEL) (1994)",22-Aug-25,0.141,NaN,6.15,11.11,16.21,21.56,27.29,33.30,39.60,46.58,8.13,10.08,9.80,9.35,8.73,8.32,7.94,7.16,1,8
"Sasaki, Yudai (JPN) (1986)",24-Sep-06,NaN,NaN,6.3,11.5,16.6,22.1,27.8,33.7,39.8,46.59,7.94,9.62,9.80,9.09,8.77,8.47,8.20,7.36,1,7
"Uike, Yuji (JPN) (1998)",21-Oct-16,NaN,NaN,6.56,11.93,17.32,22.83,28.54,34.39,40.39,46.59,7.62,9.31,9.28,9.07,8.76,8.55,8.33,8.06,3,1
"Uike, Yuji (JPN) (1998)",23-Jun-17,0.194,NaN,NaN,11.27,NaN,21.80,NaN,33.27,NaN,46.59,NaN,8.87,NaN,9.50,NaN,8.72,NaN,7.51,6,5
"Ito, Rikiya (JPN) (1998)",25-Jun-21,0.174,NaN,6.28,11.36,16.60,22.11,27.91,33.90,40.00,46.58,7.96,9.84,9.54,9.07,8.62,8.35,8.20,7.60,7,4
"Higgins, Ben (GBR) (2000)",21-May-22,0.134,NaN,6.3,11.4,16.6,22.0,27.7,33.8,40.0,46.59,7.94,9.80,9.62,9.26,8.77,8.20,8.06,7.59,3,3
"Pastors, Artürs (LAT) (2001)",20-Jun-23,0.189,NaN,NaN,11.40,NaN,22.24,NaN,34.01,NaN,46.59,NaN,8.77,NaN,9.23,NaN,8.50,NaN,7.95,8,1
"Willie, Ryan (USA) (2002)",21-Jun-24,NaN,NaN,NaN,11.45,NaN,22.30,NaN,34.02,NaN,46.59,NaN,8.73,NaN,9.22,NaN,8.53,NaN,7.96,7,7
"Janežić, Luka (SLO) (1995)",30-May-19,0.162,NaN,NaN,11.4,NaN,22.2,NaN,33.8,NaN,46.60,NaN,8.77,NaN,9.26,NaN,8.62,NaN,7.81,8,5
"Watrin, Julien (BEL) (1992)",06-Sep-19,NaN,NaN,6.4,11.4,16.6,22.0,27.7,33.6,39.8,46.60,7.81,10.00,9.62,9.26,8.77,8.47,8.06,7.69,3,5
"Ingvalsen, Håvard Bentdal (NOR) (20)",16-Jun-22,0.175,NaN,6.42,11.54,16.76,22.15,27.77,33.73,39.91,46.60,7.79,9.77,9.58,9.28,8.90,8.39,8.09,7.47,8,8
"Petrucciani, Ricky (SUI) (2000)",17-Jul-22,0.165,NaN,NaN,11.26,NaN,22.13,NaN,33.55,NaN,46.60,NaN,8.88,NaN,9.20,NaN,8.76,NaN,7.66,5,5
"St. Hillaire, Dwight (TTO) (1997)",17-Jul-22,0.166,NaN,NaN,11.49,NaN,22.25,NaN,33.96,NaN,46.60,NaN,8.70,NaN,9.29,NaN,8.54,NaN,7.91,5,6
"Sacoor, Jonathan (BEL) (1999)",02-Sep-22,0.153,NaN,6.46,11.64,16.90,22.36,27.90,33.69,39.85,46.60,7.74,9.65,9.51,9.16,9.03,8.64,8.12,7.41,4,7
Ju Tianqi (CHN) (2002),28-Jun-23,0.242,NaN,NaN,11.54,NaN,21.99,NaN,33.68,39.82,46.60,NaN,8.67,NaN,9.57,NaN,8.55,8.14,7.37,5,3
"Phijffers, Jonas (NED) (2003)",13-Jul-23,0.198,NaN,NaN,11.94,NaN,22.94,NaN,34.71,NaN,46.60,NaN,8.38,NaN,9.09,NaN,8.50,NaN,8.41,2,5
"Stankulov, Tsvetoslav (BUL) (1969)",29-Jun-91,NaN,NaN,NaN,11.49,NaN,22.90,NaN,33.56,NaN,46.61,NaN,8.70,NaN,8.76,NaN,9.38,NaN,7.66,NaN,8
"Yamamoto, Satoshi (JPN) (1996)",30-Jul-14,NaN,NaN,6.48,11.55,16.65,21.94,27.38,33.34,39.83,46.61,7.72,9.86,9.80,9.45,9.19,8.39,7.70,7.37,NaN,2
"Imoto, Yoshinobu (JPN) (1999)",08-Oct-18,0.156,NaN,6.13,11.15,16.47,22.04,27.79,33.82,40.04,46.61,8.16,9.96,9.40,8.98,8.70,8.29,8.04,7.61,3,4
"Watanabe, Kazuya (JPN) (1988)",08-Oct-12,NaN,NaN,6.19,11.42,16.75,22.21,27.86,33.85,40.05,46.62,8.08,9.56,9.38,9.16,8.85,8.35,8.06,7.61,NaN,4
"Loupal, Ondrej (CZE) (2006)",09-Aug-25,0.162,NaN,7.17,11.69,17.04,22.52,28.09,33.83,39.91,46.62,6.97,11.06,9.35,9.12,8.98,8.71,8.22,7.45,5,3
"Brown, Phil (GBR) (1962)",05-Aug-84,NaN,NaN,NaN,NaN,NaN,22.27,NaN,NaN,NaN,46.63,NaN,NaN,NaN,8.98,NaN,NaN,NaN,8.21,8,7
"Morgan, Ricky (USA) (1996)",10-Jun-16,NaN,NaN,NaN,NaN,NaN,21.6,NaN,33.4,NaN,46.6,NaN,NaN,NaN,9.26,NaN,8.47,NaN,7.58,NaN,NaN
"Sato, Kentaro (JPN) (1994)",03-May-17,NaN,NaN,6.35,11.48,16.77,22.37,27.99,33.82,39.98,46.63,7.87,9.75,9.45,8.93,8.90,8.58,8.12,7.52,NaN,2
"Yousif, Rabah (GBR) (1986)",23-Aug-20,0.177,NaN,6.4,11.6,16.9,22.3,27.9,33.7,39.9,46.63,7.81,9.62,9.43,9.26,8.93,8.62,8.06,7.43,4,4
"Haydock-Wilson, Alex (GBR) (1999)",13-Jul-21,0.200,NaN,6.4,11.4,16.8,22.3,27.9,33.8,39.9,46.63,7.81,10.00,9.26,9.09,8.93,8.47,8.20,7.43,8,4
Song Jiahui (CHN) (2002),02-Jun-23,0.228,NaN,NaN,11.61,NaN,22.14,NaN,33.68,39.81,46.63,NaN,8.61,NaN,9.50,NaN,8.67,8.16,7.33,3,3
"Hirakawa, Kei (JPN)",02-Aug-23,0.205,NaN,NaN,11.26,NaN,22.12,NaN,33.85,NaN,46.63,NaN,8.88,NaN,9.21,NaN,8.53,NaN,7.82,5,1
"Brand, Dany (SUI) (1996)",28-Aug-25,0.165,NaN,6.32,11.41,16.71,22.24,27.95,33.89,40.10,46.63,7.91,9.82,9.43,9.04,8.76,8.42,8.05,7.66,1,7
"Williams, Archie (USA) (1915)",07-Aug-36,NaN,NaN,NaN,NaN,NaN,22.0,NaN,NaN,NaN,46.50,NaN,NaN,NaN,9.09,NaN,NaN,NaN,8.16,5,1(46.66)
"Tobacco, Terry (CAN) (1936)",25-May-57,NaN,NaN,NaN,NaN,NaN,22.7,NaN,NaN,NaN,46.5,NaN,NaN,NaN,8.81,NaN,NaN,NaN,8.40,NaN,2
"Wrighton, John (GBR) (1933)",21-Aug-58,NaN,NaN,NaN,NaN,NaN,22.4,NaN,NaN,NaN,46.3,NaN,NaN,NaN,8.93,NaN,NaN,NaN,8.37,5,1
"Salisbury, John (GBR) (1934)",21-Aug-58,NaN,NaN,NaN,NaN,NaN,NaN,NaN,NaN,NaN,33.9,NaN,NaN,NaN,NaN,NaN,NaN,NaN,8.85,4,2
"Hirose, Hideyuki (JPN) (1989)",25-Jun-16,0.176,NaN,6.34,11.53,16.78,22.20,27.87,33.79,39.98,46.64,7.89,9.63,9.52,9.23,8.82,8.45,8.08,7.51,1,8
"Strother, Nathan (USA) (1995)",30-May-19,0.199,NaN,NaN,11.5,NaN,22.5,NaN,34.1,NaN,46.64,NaN,8.70,NaN,9.09,NaN,8.62,NaN,7.97,7,6
"Daichi, Tomita (JPN) (2001)",18-Oct-19,0.189,NaN,6.30,11.48,16.77,22.38,28.13,34.07,40.16,46.64,7.94,9.65,9.45,8.91,8.70,8.42,8.21,7.72,5,1
"Re, Davide (ITA) (1993)",09-Sep-21,0.146,NaN,6.4,11.7,17.1,22.6,28.2,34.1,40.3,46.64,7.81,9.43,9.26,9.09,8.93,8.47,8.06,7.89,1,8
"Borlée, Kevin (BEL) (1988)",16-Jun-22,0.154,NaN,6.43,11.68,17.05,22.48,28.10,33.91,39.96,46.64,7.78,9.52,9.31,9.21,8.90,8.61,8.26,7.49,1,7
"Strohmayer-Dangl, Niklas (AUT) (200: A Final - 2023 European Team Championships, Third Division (Chorzów, POL)",20-Jun-23,0.220,NaN,NaN,11.74,NaN,22.37,NaN,34.01,NaN,46.64,NaN,8.52,NaN,9.41,NaN,8.59,NaN,7.92,4,2
"Graham, Hugh (JAM) (1992)",13-Jun-14,NaN,NaN,NaN,NaN,NaN,21.8,NaN,NaN,NaN,46.6,NaN,NaN,NaN,9.17,NaN,NaN,NaN,8.06,NaN,8
"Uozato, Yusuke (JPN) (1994)",03-May-16,NaN,NaN,6.23,11.40,16.68,22.12,27.82,33.79,40.01,46.65,8.03,9.67,9.47,9.19,8.77,8.38,8.04,7.53,NaN,1
"Kimura, Kazushi (JPN) (1993)",22-Jun-18,0.184,NaN,6.32,11.56,17.02,22.66,28.36,34.12,40.07,46.65,7.91,9.54,9.16,8.87,8.77,8.68,8.40,7.60,5,1
"Spitz, Lionel (SUI) (2001)",26-Aug-21,0.153,NaN,6.4,11.6,17.0,22.6,28.4,34.3,40.3,46.65,7.81,9.62,9.26,8.93,8.62,8.47,8.33,7.87,5,1
"Tomlyanovich, TJ (USA) (2003)",23-Jun-24,NaN,NaN,NaN,11.14,NaN,22.00,NaN,33.62,NaN,46.65,NaN,8.98,NaN,9.21,NaN,8.61,NaN,7.67,4,7
"Wakabayashi, Kota (JPN) (1997)",08-Oct-17,0.191,NaN,NaN,11.45,NaN,21.92,NaN,33.69,NaN,46.66,NaN,8.73,NaN,9.55,NaN,8.50,NaN,7.71,3,1
"Sacroor, Jonathan (BEL) (1999)",03-Sep-21,0.127,NaN,6.3,11.3,16.5,21.9,27.4,33.3,39.6,46.66,7.94,10.00,9.62,9.26,9.09,8.47,7.94,7.08,1,8
"Petrucciani, Ricky (SUI) (2000)",31-Aug-23,0.170,NaN,6.24,11.38,16.68,22.14,27.74,33.62,39.82,46.66,8.01,9.73,9.43,9.16,8.93,8.50,8.06,7.31,7,6
"Kitagawa, Takamasa (JPN) (1996)",28-Jun-15,0.167,NaN,6.24,11.34,16.58,22.16,27.89,33.73,40.00,46.67,8.01,9.80,9.54,8.96,8.73,8.56,7.97,7.50,6,4
"Kokubo, Tomohiro (JPN) (1998)",29-Jul-16,0.160,NaN,6.53,11.97,17.40,23.02,28.79,34.61,40.51,46.67,7.66,9.19,9.21,8.90,8.67,8.59,8.47,8.12,5,1
"Ikeda, Kosuke (JPN) (1995)",08-Oct-17,0.193,NaN,NaN,11.64,NaN,22.28,NaN,33.98,NaN,46.67,NaN,8.59,NaN,9.40,NaN,8.55,NaN,7.88,5,2
"Kimura, Kazushi (JPN) (1993)",23-Jun-18,0.197,NaN,6.32,11.46,16.75,22.20,27.77,33.57,39.83,46.67,7.91,9.73,9.45,9.17,8.98,8.62,7.99,7.31,7,5
"Imoto, Yoshinobu (JPN) (1999)",23-Aug-20,0.138,NaN,6.06,10.99,16.17,21.72,27.44,33.44,39.80,46.67,8.25,10.14,9.65,9.01,8.74,8.33,7.86,7.28,7,3
"Gyger, Nathan (SUI) (1992)",26-Aug-21,0.161,NaN,6.5,11.8,17.2,22.7,28.2,34.1,40.3,46.67,7.69,9.43,9.26,9.09,9.09,8.47,8.06,7.85,4,2
"Agard, Terrence (NED) (1990)",07-Jul-24,0.166,NaN,6.43,11.42,16.60,21.89,27.37,33.19,39.52,46.67,7.78,10.02,9.65,9.45,9.12,8.59,7.90,6.99,4,4
"Devantay, Charles (SUI) (1998)",05-Sep-24,0.140,NaN,6.27,11.45,16.80,22.29,28.01,33.90,40.07,46.67,7.97,9.65,9.35,9.11,8.74,8.49,8.10,7.58,2,7
"Yui, Kaisei (JPN) (1996)",23-Jul-14,0.170,NaN,6.46,11.72,16.98,22.45,28.27,34.15,40.28,46.68,7.74,9.51,9.51,9.14,8.59,8.50,8.16,7.81,3,3
"Kimura, Kazushi (JPN) (1993)",03-May-18,0.222,NaN,6.35,11.62,16.87,22.29,27.81,33.53,39.73,46.68,7.87,9.49,9.52,9.23,9.06,8.74,8.06,7.19,4,3
"Kitakani, Naoki (JPN) (1998)",03-May-19,NaN,NaN,6.17,11.18,16.42,21.91,27.66,33.67,39.97,46.68,8.10,9.98,9.54,9.11,8.70,8.32,7.94,7.45,4,4
"Geldenhays, Ivan Danny (NAM) (2001)",05-Aug-22,0.213,NaN,6.2,11.1,16.4,22.0,27.8,33.8,39.9,46.68,8.06,10.20,9.43,8.93,8.62,8.33,8.20,7.37,8,4
"Meli, Riccardo (ITA) (2001)",13-Jul-23,0.212,NaN,NaN,11.71,NaN,22.83,NaN,34.74,NaN,46.68,NaN,8.54,NaN,8.99,NaN,8.40,NaN,8.38,4,6
"Ishitsuka, Yusuke (JPN) (1987)",08-Jun-14,NaN,NaN,6.15,11.25,16.48,21.91,27.58,33.52,39.81,46.69,8.13,9.80,9.56,9.21,8.82,8.42,7.95,7.27,9,5
"Matsukiyo, Kazuki (JPN) (1997)",21-Jul-16,0.139,NaN,6.36,11.56,17.00,22.58,28.27,34.06,40.11,46.69,7.86,9.62,9.19,8.96,8.79,8.64,8.26,7.60,5,2
"Matsukiyo, Kazuki (JPN) (1997)",22-Jul-16,0.196,NaN,6.49,11.72,17.15,22.66,28.34,34.16,40.19,46.69,7.70,9.56,9.21,9.07,8.80,8.59,8.29,7.69,9,7
"Obuchi, Mizuki (JPN) (1997)",24-Jun-17,0.169,NaN,NaN,11.47,NaN,22.30,NaN,33.91,NaN,46.69,NaN,8.72,NaN,9.23,NaN,8.61,NaN,7.82,3,5
"Kawauchi, Mitsuki (JPN) (1997)",19-May-19,0.164,NaN,6.26,11.49,16.83,22.23,27.89,33.92,40.10,46.69,7.99,9.56,9.36,9.26,8.83,8.29,8.09,7.59,5,3
"Borlée, Dylan (BEL) (1992)",06-Sep-19,NaN,NaN,6.3,11.2,16.3,21.7,27.3,33.4,39.8,46.69,7.94,10.20,9.80,9.26,8.93,8.20,7.81,7.52,7,6
"Chalmers, Cameron (GBR) (1997)",21-May-22,0.199,NaN,6.2,11.2,16.4,21.7,27.5,33.6,39.9,46.69,8.06,10.00,9.62,9.43,8.62,8.20,7.94,7.36,6,5
"Boers, Isayah (NED) (1999)",06-Jun-22,0.159,NaN,6.0,10.9,15.9,21.3,26.9,33.0,39.5,46.69,8.33,10.20,10.00,9.26,8.93,8.20,7.69,6.95,2,6
"Johansson, Emil (SWE) (2002)",02-Jul-23,0.169,NaN,6.33,11.39,16.61,22.03,27.75,33.81,40.01,46.69,7.90,9.88,9.58,9.23,8.74,8.25,8.06,7.49,5,1
"Karam, Youssef (KUW) (1993)",10-May-24,0.145,NaN,6.23,11.41,16.81,22.36,28.18,34.21,40.29,46.69,8.03,9.65,9.26,9.01,8.59,8.29,8.22,7.81,5,1
"Krsek, Matéj (CZE) (2000)",08-Jun-24,0.145,NaN,NaN,11.72,NaN,22.51,NaN,34.06,NaN,46.69,NaN,8.53,NaN,9.27,NaN,8.66,NaN,7.92,6,7
"London, Wil (USA) (1997)",01-Aug-25,NaN,NaN,NaN,11.15,NaN,21.68,NaN,33.29,NaN,46.69,NaN,8.97,NaN,9.50,NaN,8.61,NaN,7.46,1,8
Wen Junji (CHN) (2001),16-Sep-24,0.168,NaN,NaN,11.54,NaN,22.42,NaN,34.07,40.21,46.70,NaN,8.67,NaN,9.19,NaN,8.58,8.14,7.70,3,4
"Wilson, Assinie (JAM) (2002)",06-Apr-25,0.390,NaN,NaN,11.31,NaN,22.14,NaN,33.58,NaN,46.70,NaN,8.84,NaN,9.23,NaN,8.74,NaN,7.62,2,6
"Ito, Rikiya (JPN) (1998)",01-Sep-19,NaN,NaN,6.42,11.54,16.73,22.17,27.85,33.74,39.94,46.71,7.79,9.77,9.63,9.19,8.80,8.49,8.06,7.39,7,6
"Kawauchi, Mitsuki (JPN) (1997)",09-May-21,0.150,NaN,6.29,11.46,16.73,22.14,27.89,33.87,40.08,46.71,7.95,9.67,9.49,9.24,8.70,8.36,8.05,7.54,1,6
"Williams, Harrison (USA) (1996)",02-Aug-24,0.238,NaN,6.45,11.50,16.67,22.14,27.83,33.84,40.05,46.71,7.75,9.90,9.67,9.14,8.79,8.32,8.05,7.51,6,3
"McDonald, Rusheen (JAM) (1992)",13-Sep-24,0.167,NaN,6.49,11.57,16.75,22.13,27.79,33.62,39.81,46.71,7.70,9.84,9.65,9.29,8.83,8.58,8.08,7.25,3,5
"Putnam, Dan (GBR) (1991)",19-Jul-25,0.139,NaN,6.21,11.33,16.55,21.88,27.54,33.54,39.85,46.71,8.05,9.77,9.58,9.38,8.83,8.33,7.92,7.29,3,5
"Inoue, Yosuke (JPN) (1983)",19-Sep-05,NaN,NaN,NaN,11.33,NaN,22.24,NaN,33.44,39.78,46.72,NaN,8.83,NaN,9.17,NaN,8.93,7.89,7.20,8,7
"Blakely, Fernada (USA) (1981)",30-Jun-08,NaN,NaN,NaN,11.29,NaN,22.00,27.64,33.63,39.88,46.72,NaN,8.86,NaN,9.34,8.87,8.35,8.00,7.31,1,8
Ju Tianqi (CHN) (2002),22-Jul-23,0.215,NaN,NaN,11.64,NaN,22.62,NaN,34.38,40.36,46.72,NaN,8.59,NaN,9.11,NaN,8.50,8.36,7.86,5,4
"Wardenburg, Nout (NED) (1997)",07-Jul-24,0.174,NaN,6.25,11.19,16.22,21.55,27.20,33.24,39.64,46.72,8.00,10.12,9.94,9.38,8.85,8.28,7.81,7.06,7,5
"Godwin, Eilja (USA) (1999)",23-Jun-24,NaN,NaN,NaN,11.06,NaN,21.63,NaN,33.32,NaN,46.73,NaN,9.04,NaN,9.46,NaN,8.55,NaN,7.46,2,9
"Bruder, Hansrüdi (SUI) (1937)",09-Jul-61,NaN,NaN,NaN,NaN,NaN,22.2,NaN,NaN,NaN,46.6,NaN,NaN,NaN,9.01,NaN,NaN,NaN,8.20,NaN,2
"Grothkopp, Martin (GER) (1986)",14-Jun-09,0.313,NaN,NaN,11.34,NaN,22.12,NaN,33.74,NaN,46.74,NaN,8.82,NaN,9.28,NaN,8.61,NaN,7.69,NaN,1
"Horii, Kosuke (JPN) (1994)",28-Jun-15,0.158,NaN,6.26,11.25,16.38,21.94,27.80,33.74,39.98,46.74,7.99,10.02,9.75,8.99,8.53,8.42,8.01,7.40,2,5
"Kinoshita, Yuichi (JPN) (2002)",25-Jun-21,0.161,NaN,6.22,11.48,16.86,22.46,28.22,34.13,40.29,46.74,8.04,9.51,9.29,8.93,8.68,8.46,8.12,7.75,4,2
"Re, Davide (ITA) (1993)",04-Aug-24,0.157,NaN,6.31,11.42,16.65,22.07,27.76,33.75,40.02,46.74,7.92,9.78,9.56,9.23,8.79,8.35,7.97,7.44,2,8
"Sato, Kentaro (JPN) (1994)",08-May-16,0.151,NaN,6.31,11.35,16.52,21.92,27.54,33.49,39.86,46.75,7.92,9.92,9.67,9.26,8.90,8.40,7.85,7.26,2,5
"Yousif, Rabah (GBR) (1986)",09-Sep-19,0.166,NaN,NaN,11.42,NaN,21.89,NaN,33.48,NaN,46.76,NaN,8.76,NaN,9.55,NaN,8.63,NaN,7.53,6,6
"Raftery, Jack (IRL) (2001)",20-Jun-23,0.208,NaN,NaN,11.62,NaN,22.36,NaN,34.07,NaN,46.76,NaN,8.61,NaN,9.31,NaN,8.54,NaN,7.88,5,3
"O'Donnell, Christopher (IRL) (1998)",20-Aug-23,0.159,NaN,NaN,11.55,NaN,22.30,NaN,33.88,NaN,46.76,NaN,8.66,NaN,9.30,NaN,8.64,NaN,7.76,6,7
"Haley, Roddie (USA) (1965)",03-Sep-87,NaN,NaN,NaN,10.88,NaN,21.30,NaN,32.79,NaN,46.77,NaN,9.19,NaN,9.60,NaN,8.70,NaN,7.15,3,8
"Sato, Kentaro (JPN) (1994)",03-May-16,NaN,NaN,6.25,11.34,16.68,22.20,27.89,33.85,40.12,46.77,NaN,8.00,9.82,9.36,9.06,8.79,8.39,7.97,NaN,2
Xie Yuqiang (CHN) (1997),26-May-23,0.167,NaN,NaN,11.28,NaN,22.17,NaN,33.90,40.11,46.77,NaN,8.87,NaN,9.18,NaN,8.53,8.05,7.51,6,1
"Jordier, Thomas (FRA) (1994)",30-Jun-23,0.140,NaN,6.25,11.33,16.52,21.99,27.68,33.62,39.83,46.77,8.00,9.84,9.63,9.14,8.79,8.42,8.05,7.20,6,7
"Devantay, Charles (SUI) (1998)",30-Jun-23,0.131,NaN,6.27,11.33,16.54,21.99,27.69,33.67,39.98,46.77,7.97,9.88,9.60,9.17,8.77,8.36,7.92,7.36,1,8
Ju Tianqi (CHN) (2002),16-Sep-24,0.224,NaN,NaN,11.66,NaN,22.39,NaN,33.95,39.99,46.77,NaN,8.58,NaN,9.32,NaN,8.65,8.28,7.37,5,5
"Janža, Maj (SLO) (2003)",18-Jul-25,0.158,NaN,6.16,11.24,16.46,21.93,27.65,33.64,39.88,46.77,8.12,9.84,9.58,9.14,8.74,8.35,8.01,7.26,2,8
"Shorts, Albert (USA) (1953)",27-Jun-80,NaN,NaN,NaN,12.7,NaN,22.4,NaN,34.1,NaN,46.8,NaN,7.87,NaN,10.31,NaN,8.55,NaN,7.87,NaN,8
"Yui, Kaisei (JPN) (1996)",03-May-14,NaN,NaN,6.33,11.54,16.72,22.07,27.71,33.60,39.88,46.78,NaN,7.90,9.60,9.65,9.35,8.87,8.49,7.96,NaN,7
"Williams, Conrad (GBR) (1982)",08-May-16,0.174,NaN,6.30,11.41,16.63,22.00,27.55,33.40,39.79,46.78,NaN,7.94,9.78,9.58,9.31,9.01,8.55,7.82,6,6
"Matsukiyu, Kazuki (JPN) (1997)",20-Jul-16,0.205,NaN,6.47,11.72,17.22,22.82,28.67,34.53,40.45,46.78,NaN,7.73,9.52,9.09,8.93,8.55,8.45,7.90,6,3
"Matsukiyu, Kazuki (JPN) (1997)",23-Jun-17,0.185,NaN,NaN,11.71,NaN,22.58,NaN,33.97,NaN,46.78,NaN,NaN,NaN,9.20,NaN,8.78,NaN,7.81,2,7
"Ito, Rikiya (JPN) (1998)",28-Jun-19,0.161,NaN,6.30,11.46,16.75,22.25,28.00,33.95,40.12,46.78,NaN,7.94,9.69,9.45,9.09,8.70,8.40,7.51,3,6
"Gale, Kyle (BAR) (2002)",05-Aug-22,0.189,NaN,6.2,11.3,16.6,22.1,27.8,33.8,40.0,46.78,NaN,8.06,9.80,9.43,9.09,8.77,8.33,8.06,2,5
"Cavagnoux, Melvyn (FRA) (2006)",09-Aug-25,0.153,NaN,6.46,11.54,16.73,22.18,27.80,33.67,39.86,46.78,NaN,7.74,9.84,9.63,9.17,8.90,8.52,8.08,8,4
"Yui, Kaisei (JPN) (1996)",30-Jul-13,NaN,NaN,NaN,11.58,NaN,22.63,NaN,34.13,NaN,46.79,NaN,8.64,NaN,9.05,NaN,8.70,NaN,7.90,7,2
"Azuma, Kaiki (JPN) (1993)",24-Sep-17,NaN,NaN,NaN,11.64,NaN,22.63,NaN,34.12,NaN,46.79,NaN,8.59,NaN,9.10,NaN,8.70,NaN,7.89,5,1
"Stewart-Baynes, Khamal (CAN) (1999)",13-Jul-18,0.158,NaN,6.22,11.16,16.17,21.61,27.43,33.52,39.97,46.79,8.04,10.12,9.98,9.19,8.59,8.21,7.75,7.33,7,6
"Bujna, Šimon (SVK) (1995)",15-Aug-22,0.177,NaN,NaN,11.32,NaN,22.15,NaN,33.73,NaN,46.79,NaN,8.83,NaN,9.23,NaN,8.64,NaN,7.66,6,6
"Pesela, Anthony (BOT) (2002)",04-Jun-23,0.255,NaN,6.34,11.29,16.55,22.15,27.85,33.72,39.81,46.79,7.89,10.10,9.51,8.93,8.77,8.52,8.21,7.16,8,7
"Sato, Fuga (JPN) (1996)",08-Oct-17,0.205,NaN,NaN,11.46,NaN,21.97,NaN,33.71,NaN,46.80,NaN,8.73,NaN,9.51,NaN,8.52,NaN,7.64,4,3
"Ito, Rikiya (JPN) (1998)",22-Jun-18,0.169,NaN,6.25,11.45,16.82,22.46,28.32,34.28,40.39,46.80,8.00,9.62,9.31,8.87,8.53,8.39,8.18,7.80,8,2
"Ingvalsen, Håvard Bentdal (NOR) (20)",15-Jul-21,0.181,NaN,NaN,12.13,NaN,23.07,NaN,34.58,NaN,46.80,NaN,8.24,NaN,9.14,NaN,8.69,NaN,8.18,4,3
"van Wyk, Tumo Statago (BOT) (2002)",16-May-25,0.157,NaN,5.94,10.81,16.18,21.91,27.73,33.70,39.89,46.80,8.42,10.27,9.31,8.73,8.59,8.38,8.08,7.24,7,2
"Chevous, Stanley (GBR) (2006)",19-Jul-25,0.150,NaN,6.18,11.47,16.84,22.42,28.11,34.05,40.17,46.80,8.09,9.45,9.31,8.96,8.79,8.42,8.17,7.54,4,6
"Imoto, Yoshinobu (JPN) (1999)",08-Oct-17,0.164,NaN,NaN,11.04,NaN,21.68,NaN,33.51,NaN,46.81,NaN,9.06,NaN,9.40,NaN,8.45,NaN,7.52,5,1
"Sato, Kentaro (JPN) (1994)",02-Oct-20,0.175,NaN,6.10,11.06,16.15,21.61,27.30,33.40,39.75,46.81,8.20,10.08,9.82,9.16,8.79,8.20,7.87,7.08,6,6
Ding Wenhao (CHN) (2003),21-Jul-23,0.205,NaN,NaN,11.38,NaN,22.42,NaN,34.32,40.41,46.81,NaN,8.79,NaN,9.06,NaN,8.40,8.21,7.81,1,4
"Horák, Tomáš (CZE) (2008)",08-Aug-25,0.156,NaN,6.46,11.66,16.94,22.40,28.01,33.91,40.16,46.81,7.74,9.62,9.47,9.16,8.91,8.47,8.00,7.52,4,2
"Bain, Andretti (BAH) (1985)",14-Jun-09,0.232,NaN,NaN,11.45,NaN,22.10,NaN,33.70,NaN,46.82,NaN,8.73,NaN,9.39,NaN,8.62,NaN,7.62,2,7
"Kitagawa, Takamasa (JPN) (1996)",08-May-16,0.177,NaN,6.40,11.52,16.83,22.33,28.02,33.95,40.24,46.82,7.81,9.77,9.42,9.09,8.79,8.43,7.95,7.60,3,7
"Horii, Kosuke (JPN) (1994)",09-Jul-17,NaN,NaN,NaN,11.54,NaN,22.65,NaN,34.54,NaN,46.82,NaN,8.67,NaN,9.00,NaN,8.41,NaN,8.14,6,2
"Rajiv, Arokia (IND) (1991)",25-Aug-18,0.184,NaN,6.31,11.40,16.73,22.27,27.99,33.97,40.17,46.82,7.92,9.82,9.38,9.03,8.74,8.36,8.06,7.52,5,2
"Matsukiyo, Kazuki (JPN) (1997)",28-Jun-19,0.172,NaN,6.54,11.77,17.14,22.71,28.35,34.13,40.15,46.82,7.65,9.56,9.31,8.98,8.87,8.65,8.31,7.50,2,7
"Brier, Joseph (GBR) (1999)",31-Aug-23,0.200,NaN,6.22,11.29,16.60,22.08,27.70,33.60,39.90,46.82,8.04,9.86,9.42,9.12,8.90,8.47,7.94,7.23,2,7
"Grávalos, Dimitrios (GRE) (1984)",23-Jun-07,0.139,NaN,NaN,11.63,NaN,22.36,NaN,33.76,NaN,46.83,NaN,8.60,NaN,9.32,NaN,8.77,NaN,7.65,NaN,7
"Yamazaki, Kengo (JPN) (1992)",29-Jul-09,NaN,NaN,NaN,11.63,NaN,23.02,NaN,34.57,NaN,46.83,NaN,8.60,NaN,8.78,NaN,8.66,NaN,8.16,5,1
"Momiki, Shogo (JPN) (1992)",09-Jun-12,NaN,NaN,6.15,11.28,16.48,22.02,27.72,33.58,39.82,46.83,8.13,9.75,9.62,9.03,8.77,8.53,8.01,7.13,6,4
"Azuma, Kaiki (JPN) (1993)",23-Sep-18,0.141,NaN,6.39,11.74,17.22,22.79,28.38,34.06,39.99,46.83,7.82,9.35,9.12,8.98,8.94,8.80,8.43,7.31,7,3
Xie Yuqiang (CHN) (1997),21-Jul-23,0.178,NaN,NaN,11.31,NaN,22.13,NaN,33.92,40.18,46.83,NaN,8.84,NaN,9.24,NaN,8.48,7.99,7.52,3,5
"Brand, Dany (SUI) (1996)",31-Aug-23,0.160,NaN,6.33,11.36,16.66,22.21,27.93,33.92,40.23,46.83,7.90,9.94,9.43,9.01,8.74,8.35,7.92,7.58,1,8
"Lanzi, Mario (ITA) (1914)",16-Jul-39,NaN,NaN,NaN,NaN,22.2,NaN,NaN,NaN,46.7,46.7,NaN,NaN,9.01,NaN,NaN,NaN,8.16,8.57,NaN,2
"Jenkins, Charlie (USA) (1934)",29-Nov-56,NaN,NaN,NaN,NaN,22.2,NaN,33.9,NaN,46.7,46.7,NaN,NaN,9.01,NaN,8.55,NaN,7.81,8.57,4,1
"Larrabee, Mike (USA) (1933)",20-May-60,NaN,NaN,NaN,NaN,23.0,NaN,NaN,NaN,46.7,46.7,NaN,NaN,8.70,NaN,NaN,NaN,8.44,8.57,NaN,1
"Miller, Tony (USA) (1971)",17-Jun-96,NaN,NaN,11.72,NaN,22.29,NaN,34.01,40.04,46.84,46.84,8.53,NaN,9.46,NaN,8.53,8.29,7.35,8.54,7,8
"Obuchi, Mizuki (JPN) (1997)",19-Sep-20,0.207,NaN,6.32,11.38,16.73,22.32,28.02,33.90,40.06,46.84,7.91,9.88,9.35,8.94,8.77,8.50,8.12,7.37,6,2
"Carvell, Charlie (GBR) (2004)",16-Jul-21,0.218,NaN,NaN,11.56,NaN,22.61,NaN,34.47,NaN,46.84,8.65,NaN,9.05,NaN,8.43,NaN,8.08,8.54,5,4
"Lepage, Pierce (CAN) (1996)",23-Jul-22,0.194,NaN,NaN,11.44,NaN,22.60,NaN,34.36,NaN,46.84,8.74,NaN,8.96,NaN,8.50,NaN,8.01,8.54,4,2
Sun Jiahao (CHN) (2002),02-Jun-23,0.213,NaN,NaN,11.52,NaN,22.23,NaN,33.70,39.94,46.84,8.68,NaN,9.34,NaN,8.72,8.01,7.25,8.54,6,4
"Galea Soler, Matthew (MLT) (2006)",08-Aug-25,0.156,NaN,6.42,11.69,17.02,22.50,28.25,34.20,40.26,46.84,7.79,9.49,9.38,9.12,8.70,8.40,8.25,7.60,8,3
"Kijanović, Boško (SRB) (2000)",17-Jul-22,0.131,NaN,NaN,11.87,NaN,22.49,NaN,34.03,NaN,46.85,8.42,NaN,9.42,NaN,8.67,NaN,7.80,8.54,6,7
"Brand, Dany (SUI) (1996)",08-Sep-22,0.165,NaN,6.23,11.23,16.45,21.87,27.51,33.56,40.01,46.85,8.03,10.00,9.58,9.23,8.87,8.26,7.75,7.31,1,8
Ju Tianqi (CHN) (2002),26-May-23,0.220,NaN,NaN,11.42,NaN,22.24,NaN,34.15,40.24,46.85,8.76,NaN,9.24,NaN,8.40,8.21,7.56,8.54,5,2
"Suzuki, Taichi (JPN) (1996)",27-Jun-19,0.176,NaN,6.20,11.37,16.82,22.54,28.42,34.36,40.38,46.86,8.06,9.67,9.17,8.74,8.50,8.42,8.31,7.72,3,2
"Sato, Fuga (JPN) (1996)",01-Oct-20,0.180,NaN,6.48,11.75,17.08,22.63,28.29,34.15,40.27,46.86,7.72,9.49,9.38,9.01,8.83,8.53,8.17,7.59,4,2
Sun Jiahao (CHN) (2002),21-Jul-23,0.203,NaN,NaN,11.40,NaN,23.00,NaN,34.60,40.54,46.86,NaN,8.77,NaN,8.62,NaN,8.62,8.42,7.91,5,3
"Grimerud, Andreas (NOR) (2003)",12-Jun-25,0.146,NaN,6.25,11.51,16.97,22.63,28.31,34.13,40.18,46.86,8.00,9.51,9.16,8.83,8.80,8.59,8.26,7.49,7,2
"Cherry, Michael (USA) (1995)",01-Aug-25,NaN,NaN,NaN,11.26,NaN,22.20,NaN,33.90,NaN,46.86,NaN,8.88,NaN,9.14,NaN,8.55,NaN,7.72,8,5
"Rigau, Miguel (GER) (1985)",14-Jun-09,0.255,NaN,NaN,11.38,NaN,22.11,NaN,33.83,NaN,46.87,NaN,8.79,NaN,9.32,NaN,8.53,NaN,7.67,NaN,2
"Kobayashi, Naoki (JPN) (1990)",04-Oct-15,NaN,NaN,6.33,11.61,17.15,22.93,28.72,34.53,40.54,46.87,7.90,9.47,9.03,8.65,8.64,8.61,8.32,7.90,NaN,1
"Kobayashi, Naoki (JPN) (1990)",24-Jun-16,0.153,NaN,6.43,11.55,16.80,22.14,27.65,33.55,39.89,46.87,7.78,9.77,9.52,9.36,9.07,8.47,7.89,7.16,3,3
"Kimura, Kazushi (JPN) (1993)",08-Oct-17,0.202,NaN,6.20,11.41,16.90,22.50,28.25,34.14,40.24,46.87,8.06,9.60,9.11,8.93,8.70,8.49,8.20,7.54,7,3
"Taplin, Bralon (GRN) (1992)",30-May-19,0.152,NaN,NaN,11.4,NaN,22.1,NaN,33.5,NaN,46.87,NaN,8.77,NaN,9.35,NaN,8.77,NaN,7.48,2,7
"Yoshikawa, Ryo (JPN) (2001)",04-Aug-19,NaN,NaN,6.61,11.92,17.19,22.57,28.25,34.21,40.35,46.87,7.56,9.42,9.49,9.29,8.80,8.39,8.14,7.67,7,2
"Ogando, Alexander (DOM) (2000)",04-Jul-21,0.137,NaN,6.4,11.6,17.0,22.4,28.1,34.0,40.2,46.87,7.81,9.62,9.26,9.26,8.77,8.47,8.06,7.50,2,7
Ding Wenhao (CHN) (2003),22-Jul-23,0.216,NaN,NaN,11.16,NaN,21.95,NaN,33.62,39.86,46.87,NaN,8.96,NaN,9.27,NaN,8.57,8.01,7.13,2,5
"Tamer, Sami Khaled (QAT) (2003)",16-May-25,0.217,NaN,6.48,11.77,17.41,23.14,28.82,34.60,40.46,46.87,7.72,9.45,8.87,8.73,8.80,8.65,8.53,7.80,5,3
"Cavagnoux, Melvyn (FRA) (2006)",08-Aug-25,0.204,NaN,6.41,11.51,16.85,22.31,27.98,33.88,40.10,46.87,7.80,9.80,9.36,9.16,8.82,8.47,8.04,7.39,7,2
"Batman, Daniel (AUS) (1981)",24-Sep-06,NaN,NaN,6.1,11.0,16.2,21.8,27.3,33.2,39.8,46.88,8.20,10.20,9.62,8.93,9.09,8.47,7.58,7.06,6,8
"Faller, Ruwen (GER) (1980)",14-Jun-09,0.346,NaN,NaN,11.73,NaN,22.72,NaN,34.20,NaN,46.88,NaN,8.53,NaN,9.10,NaN,8.71,NaN,7.89,NaN,3
"Fujiyoshi, Shunta (JPN) (2001)",04-Aug-19,NaN,NaN,6.54,11.65,16.77,22.01,27.62,33.62,39.98,46.88,7.65,9.78,9.77,9.54,8.91,8.33,7.86,7.25,6,3
"Moloney, Ashley (AUS) (2000)",23-Jul-22,0.142,NaN,NaN,11.02,NaN,21.75,NaN,33.77,NaN,46.88,NaN,9.07,NaN,9.32,NaN,8.32,NaN,7.63,3,3
"Kaasalainen, Vijami (FIN) (1995)",23-Jun-23,0.162,NaN,NaN,11.52,NaN,22.02,NaN,34.94,NaN,46.88,NaN,8.68,NaN,9.52,NaN,7.74,NaN,8.38,4,5
"Grimerud, Andreas (NOR) (2003)",13-Jul-23,0.232,NaN,NaN,11.87,NaN,22.74,NaN,34.66,NaN,46.88,NaN,8.42,NaN,9.20,NaN,8.39,NaN,8.18,8,6
Ju Tianqi (CHN) (2002),21-Jul-23,0.213,NaN,NaN,11.42,NaN,22.19,NaN,34.03,40.23,46.88,NaN,8.76,NaN,9.29,NaN,8.45,8.06,7.52,6,2
Xie Yuqiang (CHN) (1997),21-Jul-23,0.173,NaN,NaN,11.29,NaN,22.21,NaN,34.06,40.29,46.88,NaN,8.86,NaN,9.16,NaN,8.44,8.03,7.59,5,3
"Gardiner, Steven (BAH) (1995)",31-May-25,0.360,NaN,NaN,14.68,NaN,25.57,NaN,37.47,NaN,46.88,NaN,6.81,NaN,9.18,NaN,8.40,NaN,10.63,8,8
"Williams, Harrison (USA) (1996)",20-Sep-25,0.220,NaN,NaN,11.58,NaN,22.51,NaN,34.31,NaN,46.88,NaN,8.64,NaN,9.15,NaN,8.47,NaN,7.96,7,2
"Motoshio, Ryo (JPN) (1990)",09-Jun-12,NaN,NaN,6.13,11.30,16.62,22.26,28.14,34.12,40.29,46.89,NaN,8.16,9.67,9.40,8.87,8.50,8.36,7.58,2,5
"Janežić, Luka (SLO) (1995)",09-Sep-19,0.205,NaN,NaN,11.61,NaN,22.39,NaN,34.09,NaN,46.89,NaN,8.61,NaN,9.28,NaN,8.55,NaN,7.81,8,7
"London, Wil (USA) (1997)",21-May-22,0.168,NaN,6.27,11.39,16.77,22.27,27.95,33.90,40.11,46.89,7.97,9.77,9.29,9.09,8.80,8.40,8.05,7.37,1,8
"Bujna, Šimon (SVK) (1995)",20-Jun-23,0.190,NaN,NaN,11.41,NaN,22.15,NaN,33.81,NaN,46.89,NaN,8.76,NaN,9.31,NaN,8.58,NaN,7.65,3,8
"Kersulis, Tomas (LTU) (2001)",14-Jul-23,0.170,NaN,NaN,11.46,NaN,22.19,NaN,34.03,NaN,46.89,NaN,8.73,NaN,9.32,NaN,8.45,NaN,7.78,1,8
"Bair, Peyton (USA) (2001)",21-Jun-24,NaN,NaN,NaN,11.12,NaN,21.58,NaN,33.35,NaN,46.89,NaN,8.99,NaN,9.56,NaN,8.50,NaN,7.39,4,2
"Takahaski, Yumi (JPN) (1995)",11-May-17,NaN,NaN,NaN,11.39,NaN,22.09,NaN,33.60,NaN,46.90,NaN,8.78,NaN,9.35,NaN,8.69,NaN,7.52,7,2
"Nadj, Levente (HUN) (2003)",15-Jul-21,0.169,NaN,NaN,11.93,NaN,23.20,NaN,34.65,NaN,46.90,NaN,8.38,NaN,8.87,NaN,8.73,NaN,8.16,3,4
Wu Yuang (CHN) (1998),26-May-23,0.185,NaN,NaN,11.40,NaN,22.07,NaN,34.17,40.31,46.90,NaN,8.77,NaN,9.37,NaN,8.26,8.14,7.59,2,3
"Mareš, Lukáš (CZE) (2007)",08-Aug-25,0.133,NaN,6.34,11.44,16.81,22.38,28.07,33.92,40.16,46.90,7.89,9.80,9.31,8.98,8.79,8.55,8.01,7.42,5,3
"Inoue, Daichi (JPN) (1999)",29-Jul-16,0.217,NaN,6.54,11.88,17.30,22.88,28.51,34.36,40.43,46.91,7.65,9.36,9.23,8.96,8.88,8.55,8.24,7.72,6,2
"Kimura, Jun (JPN) (1991)",22-Jun-18,0.153,NaN,6.28,11.46,16.82,22.45,28.32,34.30,40.36,46.91,7.96,9.65,9.33,8.88,8.52,8.36,8.25,7.63,9,1
"Inoue, Daichi (JPN) (1999)",01-Oct-20,0.188,NaN,6.38,11.51,16.97,22.67,28.49,34.37,40.37,46.91,7.84,9.75,9.16,8.77,8.59,8.50,8.33,7.65,6,3
"Ohioze, Michael (GBR) (1995)",13-Jul-21,0.170,NaN,6.3,11.4,16.8,22.4,28.2,34.1,40.3,46.91,7.94,9.80,9.26,8.93,8.62,8.47,8.06,7.56,5,5
"Tamura, Tomoya (JPN) (1992)",04-Oct-15,NaN,NaN,6.23,11.41,16.98,22.88,28.60,34.33,40.37,46.92,8.03,9.65,8.98,8.47,8.74,8.73,8.28,7.63,NaN,2
"Yamaki, Kakeru (JPN) (1996)",26-May-17,NaN,NaN,NaN,11.33,NaN,22.16,NaN,33.79,NaN,46.92,NaN,8.83,NaN,9.23,NaN,8.60,NaN,7.62,6,3
"Sato, Kentaro (JPN) (1994)",19-May-19,0.167,NaN,6.27,11.35,16.54,21.92,27.51,33.64,40.06,46.92,7.97,9.84,9.63,9.29,8.94,8.16,7.79,7.29,3,4
"Horii, Kosuke (JPN) (1994)",27-Jun-19,0.163,NaN,6.21,11.33,16.63,22.24,28.04,34.09,40.35,46.92,8.05,9.77,9.43,8.91,8.62,8.26,7.99,7.61,8,4
Xie Yuqiang (CHN) (1997),26-May-23,0.163,NaN,NaN,11.18,NaN,22.00,NaN,33.88,40.21,46.92,NaN,8.94,NaN,9.24,NaN,8.42,7.90,7.45,7,1
Yang Wang (CHN) (1996),28-Jun-23,0.210,NaN,NaN,11.43,NaN,22.00,NaN,33.77,40.06,46.92,NaN,8.75,NaN,9.46,NaN,8.50,7.95,7.29,3,4
"Fernandez, Markel (ESP) (2003)",13-Jul-23,0.180,NaN,NaN,11.38,NaN,22.13,NaN,34.39,NaN,46.92,NaN,8.79,NaN,9.30,NaN,8.16,NaN,7.98,1,7
"Steigerwald, Erno (HUN) (2002)",13-Jul-23,0.241,NaN,NaN,11.81,NaN,22.91,NaN,35.04,NaN,46.92,NaN,8.47,NaN,9.01,NaN,8.24,NaN,8.42,3,7
"Mihara, Taiki (JPN) (1995)",09-Jul-17,NaN,NaN,NaN,11.98,NaN,23.26,NaN,34.98,NaN,46.93,NaN,8.35,NaN,8.87,NaN,8.53,NaN,8.37,3,3
"Yamada, Atsushi (JPN) (1991)",24-Sep-17,0.145,NaN,NaN,11.28,NaN,22.06,NaN,33.73,NaN,46.93,NaN,8.87,NaN,9.28,NaN,8.57,NaN,7.58,4,2
"Smith, Owen (GBR) (1994)",21-Jul-18,0.138,NaN,NaN,11.8,NaN,22.5,NaN,34.1,NaN,46.93,NaN,8.47,NaN,9.35,NaN,8.62,NaN,7.79,4,4
"Devantay, Charles (SUI) (1998)",26-Aug-21,0.132,NaN,6.3,11.4,16.7,22.3,28.0,34.0,40.2,46.93,NaN,7.94,9.80,9.43,8.93,8.77,8.33,8.06,1,8
"Haas, Karl-Friedrich (FRG) (1931)",29-Nov-56,NaN,NaN,NaN,NaN,22.7,NaN,34.3,NaN,46.8,46.8,NaN,NaN,8.81,NaN,8.62,NaN,8.00,8.55,5,2
"Läng, Peter (SUI) (1942)",27-Jun-61,NaN,NaN,NaN,11.1,NaN,22.3,NaN,33.6,NaN,46.8,NaN,9.01,NaN,8.93,NaN,8.85,NaN,7.58,NaN,1
"Skinner, Edwin (TTO) (1940)",19-Sep-64,NaN,NaN,NaN,NaN,22.2,NaN,34.1,NaN,46.8,46.8,NaN,NaN,9.01,NaN,8.40,NaN,7.87,8.55,4,8
"Volmar, Maurice (FRA) (1951)",30-Aug-78,NaN,NaN,NaN,NaN,22.55,NaN,NaN,NaN,46.94,46.94,NaN,NaN,8.87,NaN,NaN,NaN,8.20,8.52,NaN,4
"Tamura, Tomoya (JPN) (1992)",22-Jun-18,0.170,NaN,6.26,11.35,16.63,22.11,27.91,33.94,40.18,46.94,7.99,9.82,9.47,9.12,8.62,8.29,8.01,7.40,6,2
"Cowan, Dwayne (GBR) (1985)",18-Aug-18,0.144,NaN,NaN,11.3,NaN,22.1,NaN,33.8,NaN,46.94,NaN,8.85,NaN,9.26,NaN,8.55,NaN,7.61,8,8
"Ikeda, Kohsuke (JPN) (1995)",25-Sep-21,0.216,NaN,NaN,11.55,NaN,22.37,NaN,33.93,NaN,46.81,NaN,8.66,NaN,9.24,NaN,8.65,NaN,7.76,2,1
"Kimura, Jun (JPN) (1991)",27-Jun-19,0.157,NaN,6.19,11.24,16.45,22.00,27.81,33.81,40.08,46.95,8.08,9.90,9.60,9.01,8.61,8.33,7.97,7.28,5,5
"Sato, Kentaro (JPN) (1994)",23-Aug-20,0.150,NaN,6.05,11.02,16.13,21.56,27.24,33.41,39.94,46.95,8.26,10.06,9.78,9.21,8.80,8.10,7.66,7.13,6,4
"Ikeda, Kohsuke (JPN) (1995)",25-Jun-21,0.181,NaN,6.38,11.53,16.85,22.45,28.26,34.22,40.35,46.95,7.84,9.71,9.40,8.93,8.61,8.39,8.16,7.58,8,6
"Russell, Alonzo (BAH) (1992)",20-Aug-23,0.188,NaN,NaN,11.29,NaN,21.63,NaN,33.31,NaN,46.95,NaN,8.86,NaN,9.67,NaN,8.56,NaN,7.33,5,26
"Miller, Evan (USA) (2000)",23-Jun-24,NaN,NaN,NaN,11.00,NaN,21.86,NaN,34.10,NaN,46.95,NaN,9.09,NaN,9.21,NaN,8.17,NaN,7.78,8,8
"Allen, CJ (USA) (1995)",06-Apr-25,0.210,NaN,NaN,11.40,NaN,21.82,NaN,33.23,NaN,46.95,NaN,8.77,NaN,9.60,NaN,8.76,NaN,7.29,8,7
"Azuma, Kaiki (JPN) (1993)",08-Oct-18,0.125,NaN,6.23,11.33,16.73,22.29,27.96,33.78,40.02,46.96,8.03,9.80,9.26,8.99,8.82,8.59,8.01,7.20,8,5
"Kimura, Kazushi (JPN) (1993)",08-Oct-18,0.172,NaN,6.25,11.47,16.98,22.62,28.38,34.20,40.25,46.96,8.00,9.58,9.07,8.87,8.68,8.59,8.26,7.45,5,6
"Kitadani, Naoki (JPN) (1998)",03-May-21,0.166,NaN,6.31,11.37,16.50,21.94,27.67,33.62,39.88,46.96,7.92,9.88,9.75,9.19,8.73,8.40,7.99,7.06,8,5
"Itahana, Kohei (JPN) (1994)",25-Sep-21,0.216,NaN,NaN,11.54,NaN,22.41,NaN,34.02,NaN,46.86,NaN,8.67,NaN,9.20,NaN,8.61,NaN,7.79,2,5
"Nakagawa, Shigeki (JPN) (1995)",30-Jul-13,NaN,NaN,NaN,11.62,NaN,22.37,NaN,33.92,NaN,46.97,NaN,8.61,NaN,9.30,NaN,8.66,NaN,7.66,8,3
"Kimura, Jun (JPN) (1991)",23-Sep-18,0.116,NaN,6.28,11.55,16.92,22.48,28.25,34.10,40.16,46.97,7.96,9.49,9.31,8.99,8.67,8.55,8.25,7.34,4,4
Song Jiahui (CHN) (2002),02-Jun-23,NaN,NaN,NaN,11.63,NaN,22.37,NaN,34.05,40.21,46.97,NaN,8.60,NaN,9.31,NaN,8.56,8.12,7.40,7,1
"Trulsson, William (SWE) (2006)",02-Jun-24,0.148,NaN,6.24,11.46,16.76,22.18,27.83,33.87,40.19,46.97,8.01,9.58,9.43,9.23,8.85,8.28,7.91,7.37,4,5
"Yaseen, Taha Hussein (IRQ) (1998)",16-May-25,0.222,NaN,6.17,11.44,16.78,22.48,28.35,34.39,40.41,46.97,8.10,9.49,9.36,8.77,8.52,8.28,8.31,7.62,7,2
"Nadj, Levente (HUN) (2003)",16-Jul-21,0.163,NaN,NaN,11.54,NaN,22.39,NaN,34.18,NaN,46.98,NaN,8.67,NaN,9.22,NaN,8.48,NaN,7.81,1,5
Yang Lei (CHN) (1995),02-Jun-23,0.206,NaN,NaN,11.51,NaN,22.05,NaN,33.80,40.01,46.98,NaN,8.69,NaN,9.49,NaN,8.51,8.05,7.17,5,5
"Tamura, Tomoya (JPN) (1992)",09-Jul-17,NaN,NaN,NaN,11.32,NaN,22.12,NaN,33.80,NaN,46.99,NaN,8.83,NaN,9.26,NaN,8.56,NaN,7.58,4,4
"Inoue, Daichi (JPN) (1999)",21-Oct-16,NaN,NaN,6.60,11.88,17.28,22.99,28.74,34.54,40.60,46.99,7.58,9.47,9.26,8.76,8.70,8.62,8.25,7.82,4,1
"Schlegel, Marvin (GER) (1998)",23-Aug-20,0.195,NaN,6.3,11.5,16.9,22.2,27.8,33.7,40.1,46.99,7.94,9.62,9.26,9.43,8.93,8.47,7.81,7.26,7,5
"Yoshizu, Takuho (JPN) (1998)",25-Sep-21,0.200,NaN,NaN,11.28,NaN,22.31,NaN,34.13,NaN,46.84,NaN,8.87,NaN,9.07,NaN,8.46,NaN,7.87,8,2
"Rosser, Khalifah (USA) (1995)",04-May-25,0.210,NaN,NaN,11.45,NaN,22.39,NaN,34.07,NaN,46.99,NaN,8.73,NaN,9.14,NaN,8.56,NaN,7.74,3,6
"Reid, Terrence (USA) (1986)",25-Jun-05,NaN,NaN,NaN,11.83,17.32,NaN,NaN,34.55,40.63,47.00,NaN,8.45,9.11,NaN,NaN,8.71,8.22,7.85,1,4
"Matsubara, Shuichiro (JPN) (1997)",16-Oct-15,NaN,NaN,6.38,11.63,16.97,22.71,28.63,34.61,40.69,47.00,7.84,9.52,9.36,8.71,8.45,8.36,8.22,7.92,NaN,2
"Azuma, Kaiki (JPN) (1993)",03-May-16,NaN,NaN,6.41,11.70,17.15,22.60,28.07,33.90,40.17,47.00,7.80,9.45,9.17,9.17,9.14,8.58,7.97,7.32,NaN,1
"Obuchi, Mizuki (JPN) (1997)",03-May-16,NaN,NaN,6.42,11.68,17.03,22.37,28.03,34.13,40.31,47.00,7.79,9.51,9.35,9.36,8.83,8.20,8.09,7.47,NaN,2
"Re, Davide (ITA) (1993)",23-Aug-20,0.157,NaN,6.5,11.7,17.2,22.6,28.4,34.2,40.3,47.00,7.69,9.62,9.09,9.26,8.62,8.62,8.20,7.46,5,6
"Nathaniel, Samson O. (NGR) (1997)",05-Aug-22,0.169,NaN,6.1,11.1,16.4,22.0,27.8,34.1,40.3,47.00,8.20,10.00,9.43,8.93,8.62,7.94,8.06,7.46,4,6
"Kumarage, H.K. Kalinga (SRI) (1992)",05-Aug-22,0.152,NaN,6.2,11.2,16.4,21.9,27.7,33.9,40.2,47.00,8.06,10.00,9.62,9.09,8.62,8.06,7.94,7.35,2,7
Ju Tianqi (CHN) (2002),26-May-23,0.230,NaN,NaN,11.58,NaN,22.35,NaN,33.97,40.19,47.00,NaN,8.64,NaN,9.29,NaN,8.61,8.04,7.34,4,2
"Plenderleith, Grant (GBR) (1991)",21-Jul-18,0.163,NaN,NaN,11.5,NaN,22.2,NaN,33.7,NaN,47.01,NaN,8.70,NaN,9.35,NaN,8.70,NaN,7.51,7,5
"Tominaga, Yuhei (JPN) (2004)",03-Aug-22,0.185,NaN,NaN,11.68,NaN,22.90,NaN,34.60,NaN,47.01,NaN,8.56,NaN,8.91,NaN,8.55,NaN,8.06,6,1
"Uike, Yuji (JPN) (1998)",26-May-17,NaN,NaN,NaN,11.68,NaN,22.74,NaN,34.54,NaN,47.02,NaN,8.56,NaN,9.04,NaN,8.47,NaN,8.01,4,4
"Kitakani, Naski (JPN) (1998)",26-May-17,NaN,NaN,NaN,22.89,NaN,NaN,34.67,NaN,47.02,47.02,NaN,8.58,NaN,8.90,NaN,8.49,NaN,8.10,3,5
"Kanemaru, Yuzo (JPN) (1987)",22-Jun-18,0.156,NaN,6.14,11.22,16.50,22.07,27.95,34.04,40.35,47.02,8.14,9.84,9.47,8.98,8.50,8.21,7.92,7.50,4,3
"Haddaoui, Aymane (MAR) (2000)",05-Jun-22,0.194,NaN,6.24,11.39,16.76,22.32,28.13,34.13,40.28,47.02,8.01,9.71,9.31,8.99,8.61,8.33,8.13,7.42,5,2
"Erm, Johannes (EST) (1998)",23-Jul-22,0.169,NaN,NaN,11.26,NaN,21.94,NaN,33.84,NaN,47.02,NaN,8.88,NaN,9.36,NaN,8.40,NaN,7.59,8,4
"Skotheim, Sander (NOR) (2002)",02-Aug-24,0.175,NaN,6.42,11.54,16.79,22.23,27.91,33.90,40.21,47.02,7.79,9.77,9.52,9.19,8.80,8.35,7.92,7.34,2,1
"Naliali, Cristopher (FRA) (1992)",20-Jun-25,0.132,NaN,6.15,11.18,16.28,21.77,27.62,33.71,40.03,47.02,8.13,9.94,9.80,9.11,8.55,8.21,7.91,7.15,7,2
"Uike, Yuji (JPN) (1998)",29-Jul-16,0.150,NaN,6.49,11.91,17.38,23.04,28.86,34.75,40.74,47.03,7.70,9.23,9.14,8.83,8.59,8.49,8.35,7.95,4,3
"Sato, Hiroki (JPN) (1995)",11-May-17,NaN,NaN,NaN,11.46,NaN,NaN,NaN,33.84,NaN,47.03,NaN,8.73,NaN,NaN,NaN,8.94,NaN,7.58,9,3
"Itahana, Kohel (JPN) (1994)",24-Sep-17,0.163,NaN,NaN,11.29,NaN,22.17,NaN,33.98,NaN,47.03,NaN,8.86,NaN,9.19,NaN,8.47,NaN,7.66,8,3
"Misener-Daley, Myles (CAN) (2001)",13-Jul-18,0.153,NaN,6.23,11.29,16.68,22.28,28.06,34.07,40.37,47.03,8.03,9.88,9.28,8.93,8.65,8.32,7.94,7.51,1,7
"Balti, Rami (TUN) (2001)",28-May-21,0.220,NaN,6.4,11.5,16.9,22.5,28.4,34.4,40.6,47.03,7.81,9.80,9.26,8.93,8.47,8.33,8.06,7.78,5,3
"Joseph, Michael (LCA) (2002)",05-Aug-22,0.156,NaN,6.1,11.1,16.3,21.8,27.6,33.7,40.0,47.03,8.20,10.00,9.62,9.09,8.62,8.20,7.94,7.11,3,6
"Jenkins, Charlie (USA) (1934)",31-May-58,NaN,NaN,NaN,NaN,21.4,NaN,NaN,46.9,46.9,/2,NaN,NaN,9.35,NaN,NaN,7.84,8.53,NaN,NaN,NaN
"Iwaki, Takuma (JPN) (1996)",30-Jul-13,NaN,NaN,NaN,11.67,NaN,22.67,NaN,34.43,NaN,47.04,NaN,8.57,NaN,9.09,NaN,8.50,NaN,7.93,5,4
"Kobayashi, Naoki (JPN) (1990)",24-Sep-17,0.161,NaN,NaN,11.42,NaN,22.29,NaN,34.10,NaN,47.04,NaN,8.76,NaN,9.20,NaN,8.47,NaN,7.73,6,4
"Strother, Nathan (USA) (1995)",06-Sep-19,0.187,NaN,6.4,11.4,16.5,21.8,27.3,33.1,39.4,47.04,7.81,10.00,9.80,9.43,9.09,8.62,7.94,7.17,4,9
"Carvell, Charlie (GBR) (2004)",15-Jul-21,0.169,NaN,NaN,11.92,NaN,23.33,NaN,35.32,NaN,47.04,NaN,8.39,NaN,8.76,NaN,8.34,NaN,8.53,6,1
"Tkahashi, Yuma (JPN) (1995)",25-Sep-21,0.166,NaN,NaN,11.56,NaN,22.79,NaN,34.22,NaN,46.88,NaN,8.65,NaN,8.90,NaN,8.75,NaN,7.90,7,3
"Goúsis, Anastásios (GRE) (1979)",23-Jun-01,NaN,NaN,NaN,11.50,NaN,22.18,NaN,33.88,NaN,47.05,NaN,8.70,NaN,9.36,NaN,8.55,NaN,7.59,NaN,8
"Rachkovsky, Oleksiy (UKR) (1984)",23-Jun-07,0.240,NaN,NaN,11.66,NaN,22.45,NaN,34.17,NaN,47.05,NaN,8.58,NaN,9.27,NaN,8.53,NaN,7.76,NaN,8
"Watanabe, Kazuya (JPN) (1988)",09-Jun-12,NaN,NaN,6.24,11.51,16.88,22.49,28.25,34.23,40.45,47.05,8.01,9.49,9.31,8.91,8.68,8.36,8.04,7.58,9,6
"Wakabayashi, Kota (JPN) (1997)",08-Oct-17,0.190,NaN,6.21,11.40,16.77,22.30,28.15,34.20,40.39,47.05,8.05,9.63,9.31,9.04,8.55,8.26,8.08,7.51,5,4
"Tomita, Daichi (JPN) (2001)",04-Aug-19,NaN,NaN,6.42,11.61,16.85,22.23,27.86,33.88,40.25,47.05,7.79,9.63,9.54,9.29,8.88,8.31,7.85,7.35,4,4
"Kawauchi, Mitsuki (JPN) (1997)",25-Sep-21,0.183,NaN,NaN,1.34,NaN,21.99,NaN,33.82,NaN,47.01,NaN,74.63,NaN,4.84,NaN,8.45,NaN,7.58,8,2
Tao Zhongqi (CHN) (2000),09-Jun-23,0.225,NaN,NaN,11.41,NaN,22.26,NaN,34.17,40.39,47.05,NaN,8.76,NaN,9.22,NaN,8.40,8.04,7.51,5,1
"Coleman, Elzie (USA) (1985)",22-Jun-03,NaN,NaN,NaN,NaN,22.79,NaN,34.58,40.47,47.06,47.06,NaN,NaN,8.78,NaN,8.48,8.49,7.59,8.50,7,3
"Funato, Daisuke (JPN) (1997)",29-Jul-15,NaN,NaN,6.50,11.56,16.80,22.29,28.12,34.14,40.41,47.06,7.69,9.88,9.54,9.11,8.58,8.31,7.97,7.52,NaN,1
"Kanemaru, Yuzo (JPN) (1987)",24-Jun-17,0.154,NaN,6.20,11.26,16.53,22.04,27.81,33.87,40.29,47.06,8.06,9.88,9.49,9.07,8.67,8.25,7.79,7.39,9,7
"Hosoi, Brian (JPN) (1999)",08-Oct-17,0.179,NaN,NaN,11.63,NaN,22.29,NaN,34.05,NaN,47.06,NaN,8.60,NaN,9.38,NaN,8.50,NaN,7.69,6,1
"Itahana, Kohel (JPN) (1994)",25-Sep-21,0.194,NaN,NaN,11.41,NaN,22.49,NaN,34.33,NaN,46.89,NaN,8.76,NaN,9.03,NaN,8.45,NaN,7.96,9,4
"Ngozi, Zibani (BOT) (1992)",05-Aug-22,0.194,NaN,6.1,11.1,16.5,22.1,28.0,34.0,40.1,47.06,8.20,10.00,9.26,8.93,8.47,8.33,8.20,7.18,5,5
"Dringo, Mihai Sorin (ROU) (2001)",16-Aug-22,0.188,NaN,NaN,11.70,NaN,22.27,NaN,33.84,NaN,47.06,NaN,8.55,NaN,9.46,NaN,8.64,NaN,7.56,5,7
Qiao Zhiyang (CHN) (1999),22-Jul-23,0.209,NaN,NaN,11.58,NaN,22.96,NaN,34.78,40.81,47.06,NaN,8.64,NaN,8.79,NaN,8.46,8.29,8.00,7,6
"Yui, Kaisei (JPN) (1996)",03-May-16,NaN,NaN,6.35,11.54,17.00,22.57,28.27,34.16,40.41,47.07,7.87,9.63,9.16,8.98,8.77,8.49,8.00,7.51,NaN,3
Park Bong-Ko (KOR) (1991),03-May-16,NaN,NaN,6.23,11.50,16.98,22.53,28.22,34.07,40.26,47.07,8.03,9.49,9.12,9.01,8.79,8.55,8.08,7.34,NaN,4
"Kimura, Kazushi (JPN) (1993)",03-May-16,NaN,NaN,6.28,11.62,17.13,22.74,28.43,34.31,40.44,47.07,7.96,9.36,9.07,8.91,8.79,8.50,8.16,7.54,NaN,5
"Kimura, Jun (JPN) (1991)",24-Sep-17,0.136,NaN,NaN,11.43,NaN,22.43,NaN,34.09,NaN,47.07,NaN,8.75,NaN,9.09,NaN,8.58,NaN,7.70,9,5
"Kitakani, Naoki (JPN) (1998)",01-Oct-20,0.167,NaN,6.24,11.34,16.55,21.97,27.68,33.72,40.06,47.07,8.01,9.80,9.60,9.23,8.76,8.28,7.89,7.13,4,2
Hu Hongbo (CHN) (2001),16-Sep-24,0.161,NaN,NaN,11.52,NaN,22.29,NaN,34.17,40.44,47.07,NaN,8.68,NaN,9.29,NaN,8.42,7.97,7.54,1,6
"Watanabe, Kazuya (JPN) (1988)",03-May-16,NaN,NaN,6.24,11.45,16.72,22.18,27.87,33.91,40.33,47.08,8.01,9.60,9.49,9.16,8.79,8.28,7.79,7.41,NaN,6
"Kanemaru, Yuzo (JPN) (1987)",03-May-17,NaN,NaN,6.21,11.31,16.62,22.17,27.98,34.04,40.42,47.08,8.05,9.80,9.42,9.01,8.61,8.25,7.84,7.51,NaN,3
"Sato, Fuga (JPN) (1996)",26-May-17,NaN,NaN,NaN,11.45,NaN,22.10,NaN,33.57,NaN,47.08,NaN,8.73,NaN,9.39,NaN,8.72,NaN,7.40,7,1
Xie Yuqiang (CHN) (1997),27-Jun-23,0.174,NaN,NaN,11.24,NaN,22.14,NaN,33.97,40.28,47.08,NaN,8.90,NaN,9.17,NaN,8.45,7.92,7.35,4,2
"Niculita, Remus Andrei (ROU) (2003)",16-Jul-21,0.166,NaN,NaN,11.43,NaN,22.24,NaN,34.00,NaN,47.09,NaN,8.75,NaN,9.25,NaN,8.50,NaN,7.64,6,6
"Dair, Hamza (MAR) (2002)",28-May-23,0.180,NaN,6.31,11.44,16.80,22.46,28.18,34.14,40.36,47.09,7.92,9.75,9.33,8.83,8.74,8.39,8.04,7.43,1,7
"Orešković, Marko (CRO) (2004)",20-Jun-23,0.243,NaN,NaN,11.59,NaN,22.32,NaN,34.33,NaN,47.09,NaN,8.63,NaN,9.32,NaN,8.33,NaN,7.84,7,2
"Isaacs, Gardeo (RSA) (1998)",02-Jul-23,0.150,NaN,6.24,11.27,16.54,22.09,27.94,33.94,40.12,47.09,8.01,9.94,9.49,9.01,8.55,8.33,8.09,7.17,6,2
"Grzegorzewic, Patryk (POL) (2002)",16-Jul-21,0.244,NaN,NaN,11.55,NaN,22.32,NaN,34.06,NaN,47.10,NaN,8.66,NaN,9.29,NaN,8.52,NaN,7.67,7,7
"Erta, Bernat (ESP) (2001)",13-Jul-23,0.226,NaN,NaN,11.60,NaN,22.91,NaN,35.13,NaN,47.10,NaN,8.62,NaN,8.84,NaN,8.18,NaN,8.35,1,8
"Kimura, Jun (JPN) (1991)",03-May-14,NaN,NaN,6.31,11.35,16.52,22.02,27.77,33.72,40.09,47.11,7.92,9.92,9.67,9.09,8.70,8.40,7.85,7.12,NaN,8
"Kobayashi, Naoki (JPN) (1990)",28-Jun-15,0.169,NaN,6.31,11.33,16.52,21.95,27.59,33.58,40.14,47.11,7.92,9.96,9.63,9.21,8.87,8.35,7.62,7.17,5,6
"Kimura, Kenta (JPN) (1993)",04-Oct-15,NaN,NaN,6.39,11.52,16.92,22.63,28.43,34.30,40.44,47.11,7.82,9.75,9.26,8.76,8.62,8.52,8.14,7.50,NaN,3
Xie Yuqiang (CHN) (1997),22-Jul-23,0.124,NaN,NaN,11.19,NaN,22.15,NaN,34.13,40.36,47.91,NaN,8.94,NaN,9.12,NaN,8.35,8.03,6.62,1,7
"Urano, Akihiro (JPN) (1990)",29-Jul-08,NaN,NaN,6.47,11.82,17.22,22.69,28.46,34.27,40.39,47.12,7.73,9.35,9.26,9.14,8.67,8.61,8.17,7.43,NaN,2
"Suzuki, Taichi (JPN) (1996)",28-Jun-19,0.159,NaN,6.11,11.16,16.40,21.92,27.59,33.55,39.92,47.12,8.18,9.90,9.54,9.06,8.82,8.39,7.85,6.94,8,8
"Tatsunami, Clay Aaron (JPN) (2002)",18-Oct-19,0.165,NaN,6.54,11.89,17.30,22.89,28.63,34.52,40.62,47.12,7.65,9.35,9.24,8.94,8.71,8.49,8.20,7.69,4,2
Zheng Chiyu (CHN) (2003),26-Apr-23,0.149,NaN,NaN,11.68,NaN,22.39,NaN,34.47,40.58,47.12,NaN,8.56,NaN,9.34,NaN,8.28,8.18,7.65,5,1
"Taam, Rik (NED) (1997)",25-Aug-23,0.191,NaN,NaN,11.67,NaN,22.53,NaN,34.07,NaN,47.12,NaN,8.57,NaN,9.21,NaN,8.67,NaN,7.66,9,4
"Yasui, Kazuki (JPN) (1990)",09-Jun-12,NaN,NaN,6.47,11.74,17.08,22.67,28.30,34.20,40.42,47.13,7.73,9.49,9.36,8.94,8.88,8.47,8.04,7.45,3,7
"Kitagawa, Takamasa (JPN) (1996)",26-May-17,NaN,NaN,NaN,11.72,NaN,22.64,NaN,34.51,NaN,47.13,NaN,8.53,NaN,9.16,NaN,8.42,NaN,7.92,6,1
"Suzaki, Mitsuhiro (JPN) (1995)",23-Jun-17,0.158,NaN,NaN,11.47,NaN,21.93,NaN,33.40,NaN,47.13,NaN,8.72,NaN,9.56,NaN,8.72,NaN,7.28,8,6
Wu Yuang (CHN) (1998),18-May-19,0.196,NaN,NaN,11.1,NaN,21.9,NaN,34.2,NaN,47.13,NaN,9.01,NaN,9.26,NaN,8.13,NaN,7.73,2,6
Xie Yuqiang (CHN) (1997),28-Jun-23,0.218,NaN,NaN,11.33,NaN,22.07,NaN,33.88,40.19,47.13,NaN,8.83,NaN,9.31,NaN,8.47,7.92,7.20,6,5
"Spencer, Emerson (USA) (1906)",12-May-28,NaN,NaN,NaN,NaN,NaN,21.8,NaN,NaN,NaN,47.0,NaN,NaN,NaN,9.17,NaN,NaN,NaN,7.94,NaN,1
"Ignatyev, Ardalion (URS) (1930)",29-Nov-56,NaN,NaN,NaN,NaN,22.0,NaN,33.5,NaN,47.0,47.0,NaN,NaN,9.09,NaN,8.70,NaN,7.41,8.57,2,3
"Southern, Eddie (USA) (1938)",13-May-58,NaN,NaN,NaN,NaN,NaN,21.5,NaN,NaN,47.0,47.0,NaN,NaN,NaN,9.30,NaN,NaN,7.84,8.51,NaN,1
"Haas, Karl-Friedrich (FRG) (1931)",21-Aug-58,NaN,NaN,NaN,NaN,NaN,22.5,NaN,NaN,47.0,47.0,NaN,NaN,NaN,8.89,NaN,NaN,8.16,8.51,6,3
"Thomassen, Keith (USA) (1936)",20-May-60,NaN,NaN,NaN,NaN,NaN,21.7,NaN,NaN,47.0,47.0,NaN,NaN,NaN,9.22,NaN,NaN,7.91,8.51,NaN,3
"Tamura, Tomoya (JPN) (1992)",24-Jun-17,0.168,NaN,6.05,10.94,15.94,21.17,26.72,32.69,39.32,47.14,8.26,10.22,10.00,9.56,9.01,8.38,7.54,6.39,6,8
"Mori, Shushi (JPN)",02-Aug-18,NaN,NaN,6.45,11.69,17.00,22.35,27.90,33.90,40.29,47.14,7.75,9.54,9.42,9.35,9.01,8.33,7.82,7.30,6,1
"Niculita, Remus Andrei (ROU) (2003)",15-Jul-21,0.155,NaN,NaN,11.84,NaN,22.92,NaN,34.78,NaN,47.14,NaN,8.45,NaN,9.03,NaN,8.43,NaN,8.09,3,2
"Hibio, Kikuta (JPN)",02-Aug-23,0.256,NaN,NaN,11.46,NaN,22.47,NaN,34.27,NaN,47.14,NaN,8.73,NaN,9.08,NaN,8.47,NaN,7.77,7,2
"Kitakani, Naoki (JPN) (1998)",22-Jul-16,0.143,NaN,6.29,11.47,16.78,22.31,28.15,34.23,40.43,47.15,7.95,9.65,9.42,9.04,8.56,8.22,8.06,7.44,3,8
"Snaith, Ben (GBR) (1995)",21-Jul-18,0.162,NaN,NaN,11.7,NaN,22.3,NaN,33.9,NaN,47.15,NaN,8.55,NaN,9.43,NaN,8.62,NaN,7.55,8,6
"Strother, Nathan (USA) (1995)",09-Sep-19,0.215,NaN,NaN,11.46,NaN,22.15,NaN,33.64,NaN,47.15,NaN,8.73,NaN,9.35,NaN,8.70,NaN,7.40,7,8
"Ouceni, Ludovic (FRA) (2001)",20-Jun-25,0.199,NaN,6.20,11.32,16.54,21.98,27.66,33.62,39.91,47.15,8.06,9.77,9.58,9.19,8.80,8.39,7.95,6.91,5,3
"Jezernik, Dominik (CRO) (2007)",08-Aug-25,0.175,NaN,6.44,11.58,16.84,22.28,27.97,33.96,40.28,47.15,7.76,9.73,9.51,9.19,8.79,8.35,7.91,7.28,4,4
"Kimura, Kazushi (JPN) (1993)",09-Jul-17,NaN,NaN,NaN,NaN,11.99,NaN,23.40,NaN,34.83,NaN,NaN,8.34,NaN,8.76,NaN,8.75,NaN,8.11,5,1
"Inagawa, Keisuke (JPN) (2002)",23-Oct-20,0.188,NaN,6.45,11.78,17.27,22.94,28.70,34.60,40.70,47.16,7.75,9.38,9.11,8.82,8.68,8.47,8.20,7.74,6,2
"Dobber, Jochem (NED) (1997)",06-Jun-22,0.167,NaN,6.3,11.4,16.6,22.0,27.7,33.8,40.2,47.16,7.94,9.80,9.62,9.26,8.77,8.20,7.81,7.18,8,7
Feng Zhiqiang (CHN) (1998),26-May-23,0.240,NaN,NaN,11.23,NaN,22.19,NaN,34.30,40.48,47.16,NaN,8.90,NaN,9.12,NaN,8.26,8.09,7.49,4,4
"Doggett, Sean (IRL) (2006)",09-Aug-25,0.173,NaN,6.59,11.46,16.77,22.23,27.84,33.66,39.66,47.16,7.59,10.27,9.42,9.16,8.91,8.59,8.33,6.67,6,7
"Nakamura, Akihiko (JPN) (1990)",02-Jun-12,NaN,NaN,6.34,11.53,16.87,22.46,28.26,34.27,40.48,47.17,7.89,9.63,9.36,8.94,8.62,8.32,8.05,7.47,4,1
"Watanabe, Kazuya (JPN) (1988)",04-Oct-15,NaN,NaN,6.27,11.49,17.00,22.82,28.66,34.61,40.76,47.17,7.97,9.58,9.07,8.59,8.56,8.40,8.13,7.80,NaN,4
"Grzegorzewic, Patryk (POL) (2002)",15-Jul-21,0.201,NaN,NaN,11.87,NaN,22.92,NaN,34.75,NaN,47.17,NaN,8.42,NaN,9.05,NaN,8.45,NaN,8.05,5,3
"Dupinet, Alex (SUI) (2003)",28-Aug-25,0.163,NaN,6.31,11.44,16.77,22.33,28.12,34.17,40.50,47.18,7.92,9.75,9.38,8.99,8.64,8.26,7.90,7.49,2,8
"Kimura, Jun (JPN) (1991)",08-Oct-18,0.146,NaN,6.28,11.46,16.85,22.55,28.45,34.47,40.60,47.19,7.96,9.65,9.28,8.77,8.47,8.31,8.16,7.59,1,7
"Katayama, Yuto (JPN) (1997)",25-Sep-21,0.172,NaN,NaN,11.33,NaN,22.24,NaN,33.91,NaN,47.06,NaN,8.83,NaN,9.17,NaN,8.57,NaN,7.60,3,2
"Boers, Isayah (NED) (1999)",04-Jun-23,0.161,NaN,6.05,10.94,16.03,21.40,27.08,33.14,39.84,47.19,8.26,10.22,9.82,9.31,8.80,8.25,7.46,6.80,3,8
"Erm, Johannes (EST) (1998)",02-Aug-24,0.212,NaN,6.37,11.56,16.95,22.52,28.29,34.40,40.71,47.19,7.85,9.63,9.28,8.98,8.67,8.18,7.92,7.72,3,4
"Mareš, Lukáš (CZE) (2007)",09-Aug-25,0.133,NaN,6.36,11.60,17.15,22.82,28.63,34.54,40.72,47.19,7.86,9.54,9.01,8.82,8.61,8.46,8.09,7.73,1,8
"Urano, Akihiro (JPN) (1990)",08-Oct-12,NaN,NaN,6.35,11.48,16.85,22.33,27.98,33.94,40.23,47.20,7.87,9.75,9.31,9.12,8.85,8.39,7.95,7.17,NaN,7
"Yoshimura, Kento (JPN) (1996)",11-May-17,NaN,NaN,NaN,11.49,NaN,NaN,NaN,33.73,NaN,47.20,NaN,8.70,NaN,NaN,NaN,8.99,NaN,7.42,8,4
"Tamura, Tomoya (JPN) (1992)",27-Jun-19,0.171,NaN,6.26,11.37,16.62,22.11,27.82,33.79,40.18,47.20,7.99,9.78,9.52,9.11,8.76,8.38,7.82,7.12,2,5
"Mori, Zhou (JPN) (2000)",08-Oct-17,0.191,NaN,NaN,11.68,NaN,22.34,NaN,34.20,NaN,47.21,NaN,8.56,NaN,9.38,NaN,8.43,NaN,7.69,2,2
"Agard, Terrence (NED) (1990)",06-Jun-22,0.195,NaN,6.3,11.3,16.5,21.9,27.5,33.5,40.0,47.21,7.94,10.00,9.62,9.26,8.93,8.33,7.69,6.93,3,8
"Lepage, Pierce (CAN) (1996)",25-Aug-23,0.189,NaN,NaN,11.43,NaN,22.84,NaN,34.63,NaN,47.21,NaN,8.75,NaN,8.76,NaN,8.48,NaN,7.95,7,1
"Talbot, Ryan (USA) (2000)",21-Jun-24,NaN,NaN,NaN,11.76,NaN,22.42,NaN,34.30,NaN,47.21,NaN,8.50,NaN,9.38,NaN,8.42,NaN,7.75,5,4
"Kimura, Kazushi (JPN) (1993)",08-Oct-17,0.191,NaN,NaN,11.44,NaN,22.38,NaN,34.25,NaN,47.22,NaN,8.74,NaN,9.14,NaN,8.42,NaN,7.71,5,1
"Kosuke, Soji (JPN)",02-Aug-18,NaN,NaN,6.49,11.68,16.98,22.46,28.27,34.38,40.62,47.22,7.70,9.63,9.43,9.12,8.61,8.18,8.01,7.58,9,2
"Plaček, Tadeáš (CZE) (2003)",15-Jul-21,0.199,NaN,NaN,12.09,NaN,23.31,NaN,35.03,NaN,47.22,NaN,8.27,NaN,8.91,NaN,8.53,NaN,8.20,5,5
"Katayama, Yuto (JPN) (1997)",25-Sep-21,0.191,NaN,NaN,11.64,NaN,22.67,NaN,34.30,NaN,47.01,NaN,8.59,NaN,9.07,NaN,8.60,NaN,7.87,9,6
"Luchembe, Kennedy (ZAM) (2001)",05-Aug-22,0.147,NaN,6.1,11.1,16.4,22.0,27.9,34.0,40.3,47.22,8.20,10.00,9.43,8.93,8.47,8.20,7.94,7.23,3,8
"Vaillant, Ludvy (FRA) (1995)",04-May-25,0.190,NaN,NaN,11.49,NaN,22.34,NaN,34.03,NaN,47.22,NaN,8.70,NaN,9.22,NaN,8.55,NaN,7.58,8,7
"Urano, Akihiro (JPN) (1990)",29-Jul-09,NaN,NaN,NaN,11.61,NaN,22.80,NaN,34.52,NaN,47.23,NaN,8.61,NaN,8.94,NaN,8.53,NaN,7.87,4,2
"Kato, Nobuya (JPN) (1995)",03-May-17,NaN,NaN,6.47,11.69,17.08,22.64,28.32,34.20,40.42,47.23,7.73,9.58,9.28,8.99,8.80,8.50,8.04,7.34,NaN,4
"Mori, Zhou (JPN) (2000)",09-Oct-17,0.171,NaN,NaN,11.68,NaN,22.62,NaN,34.33,NaN,47.23,NaN,8.56,NaN,9.14,NaN,8.54,NaN,7.75,7,2
"Mhamdi, Rachid (MAR) (2001)",05-Jun-22,0.179,NaN,6.57,12.01,17.68,22.41,29.25,35.05,40.93,47.23,7.61,9.19,8.82,10.57,7.31,8.62,8.50,7.94,3,3
"Hayashi, Shinya (JPN) (2004)",03-Aug-22,0.187,NaN,NaN,11.78,NaN,22.73,NaN,34.55,NaN,47.23,NaN,8.49,NaN,9.13,NaN,8.46,NaN,7.89,4,2
"Çanakçi, Ilyas (TUR) (2001)",23-Jun-23,0.178,NaN,NaN,11.74,NaN,22.45,NaN,34.40,NaN,47.23,NaN,8.52,NaN,9.34,NaN,8.37,NaN,7.79,9,6
"Kourma, Masano (JPN)",02-Aug-23,0.244,NaN,NaN,11.61,NaN,22.52,NaN,34.58,NaN,47.23,NaN,8.61,NaN,9.17,NaN,8.29,NaN,7.91,9,3
"Kishimoto, Kyota (JPN) (2006)",28-Jul-24,0.202,NaN,NaN,11.41,NaN,22.52,NaN,34.58,NaN,47.23,NaN,8.76,NaN,9.00,NaN,8.29,NaN,7.91,9,3
"Eastman, Benjamin (USA) (1911)",16-Jul-32,NaN,NaN,NaN,NaN,22.2,NaN,NaN,NaN,47.1,47.1,NaN,NaN,9.01,NaN,NaN,NaN,8.03,8.49,NaN,2
"Southern, Eddie (USA) (1938)",20-May-60,NaN,NaN,NaN,NaN,22.2,NaN,NaN,NaN,47.1,47.1,NaN,NaN,9.01,NaN,NaN,NaN,8.03,8.49,NaN,5
"Matsuo, Shuhei (JPN) (1999)",08-Oct-17,0.156,NaN,NaN,11.55,NaN,22.43,NaN,34.37,NaN,47.24,NaN,8.66,9.19,NaN,8.38,NaN,7.77,8.47,4,2
"Kinoshita, Yuichi (JPN) (2002)",23-Oct-20,0.179,NaN,6.33,11.54,16.92,22.46,28.24,34.27,40.55,47.24,7.90,9.60,9.29,9.03,8.65,8.29,7.96,7.47,5,3
"Kobayashi, Naoki (JPN) (1990)",20-May-18,0.181,NaN,6.32,11.49,16.72,22.12,27.73,33.76,40.23,47.25,7.91,9.67,9.56,9.26,8.91,8.29,7.73,7.12,3,8
"Wakabayashi, Kota (JPN) (1997)",03-May-19,NaN,NaN,6.18,11.15,16.27,21.68,27.40,33.52,40.00,47.25,8.09,10.06,9.77,9.24,8.74,8.17,7.72,6.90,7,7
"Kobayashi, Masahito (JPN)",29-Jul-09,NaN,NaN,NaN,11.48,NaN,22.38,NaN,34.28,NaN,47.26,NaN,8.71,NaN,9.17,NaN,8.40,NaN,7.70,3,3
"Fujiwara, Takeshi (JPN) (1985)",03-May-17,NaN,NaN,6.36,11.68,17.25,23.00,28.60,34.35,40.52,47.26,7.86,9.40,8.98,8.70,8.93,8.70,8.10,7.42,NaN,5
"Suzuki, Daisuke (JPN)",23-Oct-20,0.174,NaN,6.24,11.44,16.80,22.48,28.40,34.55,40.85,47.26,8.01,9.62,9.33,8.80,8.45,8.13,7.94,7.80,4,4
"Kitakani, Naoki (JPN) (1998)",02-Oct-20,0.139,NaN,6.19,11.23,16.50,22.00,27.78,33.83,40.17,47.26,8.08,9.92,9.49,9.09,8.65,8.26,7.89,7.05,8,8
"Meldrum, Alan (JPN) (2000)",08-Oct-17,0.178,NaN,NaN,11.76,NaN,22.66,NaN,34.55,NaN,47.27,NaN,8.50,NaN,9.17,NaN,8.41,NaN,7.86,4,3
"Inagawa, Keisuke (JPN) (2002)",23-Oct-20,0.170,NaN,6.32,11.66,17.16,22.84,28.65,34.52,40.62,47.27,7.91,9.36,9.09,8.80,8.61,8.52,8.20,7.52,6,1
"Steinmann, Philip (GER) (2006)",08-Aug-25,0.167,NaN,6.43,11.51,16.76,22.22,27.90,33.85,40.19,47.27,7.78,9.84,9.52,9.16,8.80,8.40,7.89,7.06,6,4
"Kato, Nobuya (JPN) (1995)",04-Oct-15,NaN,NaN,6.63,12.10,17.73,23.64,29.57,35.38,41.21,47.28,7.54,9.14,8.88,8.46,8.43,8.61,8.58,8.24,NaN,5
"Imoto, Yoshinobu (JPN) (1999)",08-Oct-17,0.158,NaN,NaN,11.09,NaN,21.96,NaN,33.73,NaN,47.28,NaN,9.02,NaN,9.20,NaN,8.50,NaN,7.38,6,1
"Asano, Kurodo (JPN) (1999)",08-Oct-17,0.169,NaN,NaN,11.63,NaN,22.59,NaN,34.36,NaN,47.28,NaN,8.60,NaN,9.12,NaN,8.50,NaN,7.74,9,4
"Horii, Kosuke (JPN) (1994)",22-Jun-18,0.150,NaN,6.61,11.82,17.35,23.10,29.00,34.94,40.95,47.28,7.56,9.60,9.04,8.70,8.47,8.42,8.32,7.90,4,5
"Kimura, Kazushi (JPN) (1993)",23-Aug-20,0.176,NaN,6.19,11.24,16.37,21.76,27.42,33.46,39.93,47.28,8.08,9.90,9.75,9.28,8.83,8.28,7.73,6.80,3,5
"Molnár, Attila (HUN) (2002)",15-Jul-21,0.185,NaN,NaN,11.94,NaN,22.93,NaN,34.91,NaN,47.28,NaN,8.38,NaN,9.10,NaN,8.35,NaN,8.08,8,4
"Salem, Abdulaziz (QAT)",03-May-19,0.176,NaN,NaN,11.4,NaN,22.0,NaN,33.7,NaN,47.30,NaN,8.77,NaN,9.43,NaN,8.55,NaN,7.35,3,3
"Osman, Ashraf (QAT) (2001)",05-May-23,0.213,NaN,6.39,11.53,16.92,22.59,28.42,34.43,40.56,47.30,7.82,9.73,9.28,8.82,8.58,8.32,8.16,7.42,4,1
"Hirose, Hideyuki (JPN) (1989)",03-May-14,NaN,NaN,6.32,11.47,16.60,22.05,27.71,33.69,40.15,47.31,7.91,9.71,9.75,9.17,8.83,8.36,7.74,6.98,NaN,9
"Kotake, Rion (JPN) (1999)",08-Oct-17,0.163,NaN,NaN,11.71,NaN,22.66,NaN,34.44,NaN,47.31,NaN,8.54,NaN,9.13,NaN,8.49,NaN,7.77,5,4
"Boccardo, Jean-Pierre (FRA) (1942)",31-May-62,NaN,NaN,NaN,NaN,NaN,22.1,NaN,NaN,NaN,47.2,NaN,NaN,NaN,9.05,NaN,NaN,NaN,7.97,NaN,1
"Westman, Ryan (USA) (1984)",22-Jun-03,NaN,NaN,NaN,NaN,NaN,22.97,NaN,34.89,40.87,47.32,NaN,NaN,NaN,8.71,NaN,8.39,8.36,7.75,3,4
"Nakamura, Akihiko (JPN) (1990)",01-Jun-13,NaN,NaN,6.34,11.66,17.15,22.85,28.80,34.71,40.84,47.32,7.89,9.40,9.11,8.77,8.40,8.46,8.16,7.72,6,1
"Tsujiyoko, Shotaro (JPN) (1997)",29-Jul-15,NaN,NaN,6.59,11.81,17.18,22.81,28.63,34.75,40.96,47.32,7.59,9.58,9.31,8.88,8.59,8.17,8.05,7.86,NaN,2
"Obuchi, Mizuki (JPN) (1997)",26-May-17,NaN,NaN,NaN,11.53,NaN,22.49,NaN,34.47,NaN,47.32,NaN,8.67,NaN,9.12,NaN,8.35,NaN,7.78,4,2
"Kitakani, Naoki (JPN) (1998)",20-Jul-16,0.212,NaN,6.47,11.68,17.01,22.52,28.36,34.37,40.63,47.32,7.73,9.60,9.38,9.07,8.56,8.32,7.99,7.47,7,3
"Tornée, Marcus (SWE) (1998)",02-Jun-24,0.160,NaN,6.24,11.30,16.51,21.99,27.96,34.16,40.55,47.32,8.01,9.88,9.60,9.12,8.38,8.06,7.82,7.39,8,6
"Suzuki, Osuke (JPN) (2003)",28-Jul-21,0.167,NaN,6.38,11.80,17.40,23.10,28.85,34.75,40.87,47.33,7.84,9.23,8.93,8.77,8.70,8.47,8.17,7.74,5,1
"Gyurov, Yordan (BUL) (1999)",20-Jun-23,0.166,NaN,NaN,11.57,NaN,22.29,NaN,34.11,NaN,47.33,NaN,8.64,NaN,9.33,NaN,8.46,NaN,7.56,5,3
"Daisho, Shogo (JPN)",02-Aug-23,0.209,NaN,NaN,11.61,NaN,22.74,NaN,34.38,NaN,47.33,NaN,8.61,NaN,8.98,NaN,8.59,NaN,7.72,4,4
"Lanzi, Mario (ITA) (1914)",12-Aug-39,NaN,NaN,NaN,11.2,NaN,21.7,NaN,33.5,NaN,47.2,NaN,8.93,NaN,9.52,NaN,8.47,NaN,7.30,6,2
"Macon, Eddie (USA) (1927)",19-May-50,NaN,NaN,NaN,NaN,NaN,23.1,NaN,NaN,NaN,47.2,NaN,NaN,NaN,8.66,NaN,NaN,NaN,8.30,NaN,3
"Cunningham, Desean (USA) (1985)",22-Jun-03,NaN,NaN,NaN,NaN,NaN,22.99,NaN,34.90,40.98,47.34,NaN,NaN,NaN,8.70,NaN,8.40,8.22,7.86,2,5
"Kitakani, Naoki (JPN) (1998)",19-May-19,0.164,NaN,6.24,11.30,16.53,22.06,27.84,33.97,40.31,47.34,8.01,9.88,9.56,9.04,8.65,8.16,7.89,7.11,9,7
"Warner, Damian (CAN) (1989)",02-Aug-24,0.225,NaN,6.21,11.26,16.49,21.94,27.64,33.68,40.15,47.34,8.05,9.90,9.56,9.17,8.77,8.28,7.73,6.95,4,5
"Gyger, Nathan (SUI) (1992)",22-Aug-24,0.170,NaN,6.35,11.46,16.60,22.02,27.73,33.83,40.24,47.34,7.87,9.78,9.73,9.23,8.76,8.20,7.80,7.04,7,3
Xie Yuqiang (CHN) (1997),26-Apr-23,0.168,NaN,NaN,11.43,NaN,22.62,NaN,34.47,40.76,47.34,NaN,8.75,NaN,8.94,NaN,8.44,7.95,7.60,6,2
"Kimura, Kazushi (JPN) (1993)",28-Jun-15,0.190,NaN,6.44,11.73,17.05,22.55,28.05,33.81,40.17,47.35,7.76,9.45,9.40,9.09,9.09,8.68,7.86,6.96,8,7
"Claridge, Ben (GBR) (1997)",21-Jul-18,0.138,NaN,NaN,11.6,NaN,22.4,NaN,34.1,NaN,47.35,NaN,8.62,NaN,9.26,NaN,8.55,NaN,7.55,1,7
Deng Hantao (CHN) (2000),21-Jul-23,0.204,NaN,NaN,11.49,NaN,22.36,NaN,34.20,40.56,47.35,NaN,8.70,NaN,9.20,NaN,8.45,7.86,7.36,2,7
"Plass, Jonas (GER) (1986)",14-Jun-09,0.210,NaN,NaN,11.63,NaN,22.74,NaN,34.66,NaN,47.36,NaN,8.60,NaN,9.00,NaN,8.39,NaN,7.87,NaN,4
"Obuchi, Mizuki (JPN) (1997)",16-Oct-15,NaN,NaN,6.52,11.85,17.33,23.00,28.78,34.72,40.78,47.36,7.67,9.38,9.12,8.82,8.65,8.42,8.25,7.60,NaN,3
"Johansson, Emil (SWE) (2002)",04-Jul-21,0.157,NaN,6.5,11.7,17.0,22.4,28.2,34.4,40.7,47.36,7.69,9.62,9.43,9.26,8.62,8.06,7.94,7.51,1,8
"Pesela, Anthony (BOT) (2002)",17-Jul-22,0.135,NaN,NaN,11.49,NaN,22.86,NaN,34.51,NaN,47.36,NaN,8.70,NaN,8.80,NaN,8.58,NaN,7.78,2,6
"Sasaki, Manato (JPN) (1998)",30-Jul-14,NaN,NaN,6.30,11.59,16.88,22.35,27.99,34.10,40.54,47.37,7.94,9.45,9.45,9.14,8.87,8.18,7.76,7.32,NaN,3
"Sato, Fuga (JPN) (1996)",08-Oct-17,0.215,NaN,NaN,11.55,NaN,22.69,NaN,34.59,NaN,47.37,NaN,8.66,NaN,8.98,NaN,8.40,NaN,7.82,2,5
"Hazel, Sam (GBR) (1996)",21-Jul-18,0.170,NaN,NaN,11.8,NaN,22.6,NaN,34.4,NaN,47.37,NaN,8.47,NaN,9.26,NaN,8.47,NaN,7.71,9,8
"Conradie, Pieter (RSA) (1994)",30-Aug-18,0.137,NaN,NaN,11.3,NaN,21.9,NaN,33.6,NaN,47.37,NaN,8.85,NaN,9.43,NaN,8.55,NaN,7.26,1,7
"Wakabayashi, Kota (JPN) (1997)",19-May-19,0.169,NaN,6.31,11.39,16.60,22.00,27.75,34.02,40.49,47.37,7.92,9.84,9.60,9.26,8.70,7.97,7.73,7.27,1,8
Wang Lei (CHN) (2001),09-Jun-23,0.232,NaN,NaN,11.63,NaN,22.69,NaN,34.40,40.64,47.37,NaN,8.60,NaN,9.04,NaN,8.54,8.01,7.43,6,2
"Horii, Kosuke (JPN) (1994)",03-May-18,0.186,NaN,6.29,11.50,16.77,22.23,27.98,34.02,40.42,47.38,7.95,9.60,9.49,9.16,8.70,8.28,7.81,7.18,3,4
"Omalla, Jaimie (NED) (2000)",07-Jul-24,0.168,NaN,6.32,11.24,16.33,21.64,27.38,33.59,40.17,47.38,7.91,10.16,9.82,9.42,8.71,8.05,7.60,6.93,3,7
"Iakovávis, Periklis (GRE) (1979)",21-Jun-97,NaN,NaN,NaN,11.65,NaN,22.70,NaN,34.27,NaN,47.39,NaN,8.58,NaN,9.05,NaN,8.64,NaN,7.62,NaN,8
"Caesar, Lester (USA)",22-Jun-03,NaN,NaN,NaN,NaN,NaN,22.67,NaN,34.72,NaN,47.39,NaN,NaN,NaN,8.82,NaN,8.30,NaN,7.89,9,6
"Kimura, Kazushi (JPN) (1993)",08-May-16,0.185,NaN,6.32,11.50,16.83,22.47,28.28,34.21,40.52,47.39,7.91,9.65,9.38,8.87,8.61,8.43,7.92,7.28,8,8
"Tomoda, Masataka (JPN) (2003)",23-Oct-20,0.155,NaN,6.24,11.29,16.58,22.20,28.05,34.11,40.59,47.39,8.01,9.90,9.45,8.90,8.55,8.25,7.72,7.35,6,1
"Fujiyoshi, Shunta (JPN) (2001)",23-Oct-20,0.224,NaN,6.69,12.00,17.42,23.06,28.94,34.98,41.10,47.39,7.47,9.42,9.23,8.87,8.50,8.28,8.17,7.95,2,1
Xie Yuqiang (CHN) (1997),26-Apr-23,0.216,NaN,NaN,11.13,NaN,22.51,NaN,34.55,40.76,47.39,NaN,8.98,NaN,8.79,NaN,8.31,8.05,7.54,6,1
"Osakada, Jun (JPN) (1974)",19-Sep-05,NaN,NaN,NaN,11.26,NaN,22.17,NaN,33.92,40.28,47.40,NaN,8.88,NaN,9.17,NaN,8.51,7.86,7.02,1,8
"Yukihiro, Koki (JPN)",21-Oct-16,NaN,NaN,6.46,11.84,17.35,22.90,28.62,34.50,40.73,47.40,7.74,9.29,9.07,9.01,8.74,8.50,8.03,7.50,5,2
"Obuchi, Mizuki (JPN) (1997)",08-Oct-17,0.176,NaN,NaN,11.49,NaN,22.64,NaN,34.47,NaN,47.40,NaN,8.70,NaN,8.97,NaN,8.45,NaN,7.73,6,2
"Matsubara, Shuichiro (JPN) (1997)",21-Oct-16,NaN,NaN,6.62,12.12,17.58,23.14,28.84,34.77,40.90,47.41,7.55,9.09,9.16,8.99,8.77,8.43,8.16,7.68,2,2
"Abbas, Abdulrahman Khamis (BRN)",25-Aug-18,0.169,NaN,6.15,11.26,16.55,22.20,28.19,34.30,40.56,47.41,8.13,9.78,9.45,8.85,8.35,8.18,7.99,7.30,6,2
"Mukushita, Genya (JPN)",11-May-17,NaN,NaN,NaN,11.81,NaN,22.64,NaN,34.12,NaN,47.42,NaN,8.47,NaN,9.23,NaN,8.71,NaN,7.52,2,5
"Ekelund-Arenander, Nick (SWE) (1985)",23-Aug-20,0.159,NaN,6.4,11.6,17.1,22.6,28.4,34.4,40.7,47.42,7.81,9.62,9.09,9.09,8.62,8.33,7.94,7.44,3,7
Yang Wang (CHN) (1996),02-Jun-23,NaN,NaN,NaN,11.40,NaN,22.17,NaN,34.07,40.44,47.42,NaN,8.77,NaN,9.29,NaN,8.40,7.85,7.16,4,1
"Watson, Nathan (USA) (2004)",01-Aug-25,NaN,NaN,NaN,11.51,NaN,21.96,NaN,33.64,NaN,47.42,NaN,8.69,NaN,9.57,NaN,8.56,NaN,7.26,4,9
"Goode, Johnny (USA) (2002)",01-Aug-25,NaN,NaN,NaN,11.28,NaN,21.97,NaN,33.87,NaN,47.42,NaN,8.87,NaN,9.35,NaN,8.40,NaN,7.38,4,6
"Ruch, Tilo (GER) (1983)",14-Jun-09,0.297,NaN,NaN,11.40,NaN,22.43,NaN,34.21,NaN,47.43,NaN,8.77,NaN,9.07,NaN,8.49,NaN,7.56,NaN,5
"Hirose, Hideyuki (JPN) (1989)",03-May-16,NaN,NaN,6.31,11.55,16.87,22.44,28.25,34.29,40.62,47.43,7.92,9.54,9.40,8.98,8.61,8.28,7.90,7.34,NaN,8
"Noguchi, Kohei (JPN) (2000)",02-Aug-18,NaN,NaN,6.41,11.64,16.98,22.57,28.39,34.44,40.75,47.43,7.80,9.56,9.36,8.94,8.59,8.26,7.92,7.49,NaN,NaN
"Ryota, Seto (JPN) (1996)",06-Apr-17,NaN,NaN,NaN,11.75,NaN,22.79,NaN,34.60,NaN,47.44,NaN,8.51,NaN,9.06,NaN,8.47,NaN,7.79,4,1
"Kawakami, Sota (JPN) (2001)",19-Oct-18,0.189,NaN,6.40,11.58,16.90,22.41,28.23,34.32,40.67,47.44,NaN,7.81,9.65,9.40,9.07,8.59,8.21,7.87,6,1
"Kawakami, Sota (JPN) (2001)",23-Oct-20,0.176,NaN,6.40,11.59,16.92,22.49,28.37,34.45,40.78,47.44,7.81,9.63,9.38,8.98,8.50,8.22,7.90,7.51,6,2
"Nakagawa, Shigeki (JPN) (1995)",26-May-17,NaN,NaN,NaN,11.40,NaN,21.93,NaN,33.69,NaN,47.45,NaN,8.77,NaN,9.50,NaN,8.50,NaN,7.27,6,1
"Francois, Michael (GRN) (1999)",05-Aug-22,0.180,NaN,6.5,11.7,17.0,22.5,28.2,34.2,40.6,47.45,7.69,9.62,9.43,9.09,8.77,8.33,7.81,7.30,9,7
"Quartier, Adrien (BEL) (2006)",08-Aug-25,0.141,NaN,6.45,11.71,17.03,22.60,28.35,34.35,40.61,47.45,7.75,9.51,9.40,8.98,8.70,8.33,7.99,7.31,6,5
"Eto, Takuto (JPN) (1997)",29-Jul-15,NaN,NaN,6.57,11.95,17.52,23.23,29.06,34.97,41.04,47.46,7.61,9.29,8.98,8.76,8.58,8.46,8.24,7.79,NaN,3
"Yamamoto, Yoshihiro (JPN) (1996)",16-Oct-15,NaN,NaN,6.38,11.54,16.77,22.36,28.16,34.25,40.63,47.46,7.84,9.69,9.56,8.94,8.62,8.21,7.84,7.32,NaN,4
"Matsuo, Shuhei (JPN) (1999)",09-Oct-17,0.179,NaN,NaN,11.80,NaN,23.24,NaN,35.17,NaN,47.46,NaN,8.47,NaN,8.74,NaN,8.38,NaN,8.14,6,3
"Yamamoto, Daisuke (JPN)",04-Aug-11,NaN,NaN,11.68,NaN,22.85,NaN,34.45,NaN,47.48,47.48,8.56,NaN,8.95,NaN,8.62,NaN,7.67,8.42,5,1
"Nakamura, Akihiko (JPN) (1990)",31-May-14,NaN,NaN,6.40,11.82,17.35,23.09,28.93,34.95,41.05,47.48,7.81,9.23,9.04,8.71,8.56,8.31,8.20,7.78,5,1
"Ito, Akio (JPN)",16-Oct-15,NaN,NaN,6.35,11.60,17.00,22.73,28.71,34.81,41.00,47.48,7.87,9.52,9.26,8.73,8.36,8.20,8.08,7.72,3,1
"Horii, Kosuke (JPN) (1994)",09-Oct-16,0.161,NaN,6.37,11.71,17.23,23.12,29.17,35.09,41.11,47.48,7.85,9.36,9.06,8.49,8.26,8.45,8.31,7.85,8,3
"Fujiyoshi, Shunta (JPN) (2001)",08-Oct-18,0.178,NaN,6.47,11.57,16.93,22.73,28.77,34.92,41.10,47.48,7.73,9.80,9.33,8.62,8.28,8.13,8.09,7.84,3,1
Deng Hantao (CHN) (2000),26-May-23,0.222,NaN,NaN,11.44,NaN,22.26,NaN,34.26,40.58,47.48,NaN,8.74,NaN,9.24,NaN,8.33,7.91,7.25,1,5
"Mouttakil, Kamal (MAR) (2000)",28-May-23,0.281,NaN,6.53,11.91,17.52,23.44,29.27,35.19,41.10,47.48,7.66,9.29,8.91,8.45,8.58,8.45,8.46,7.84,5,2
"Rogers, Denim (USA) (1998)",21-Jun-24,NaN,NaN,NaN,11.52,NaN,22.90,NaN,34.95,NaN,47.48,NaN,8.68,NaN,8.79,NaN,8.30,NaN,7.98,6,5
"Gletty, Makenson (FRA) (1999)",02-Aug-24,0.191,NaN,6.45,11.69,17.20,22.89,28.68,34.70,40.86,47.78,7.75,9.54,9.07,8.79,8.64,8.31,8.12,7.23,7,2
"Hirose, Hideyuki (JPN) (1989)",28-Jun-15,0.174,NaN,6.24,11.28,16.43,21.93,27.62,33.66,40.16,47.49,8.01,9.92,9.71,9.09,8.79,8.28,7.69,6.82,4,8
"Kinoshita, Yuichi (JPN) (2002)",23-Oct-20,0.192,NaN,6.31,11.52,16.82,22.35,28.03,34.05,40.62,47.49,7.92,9.60,9.43,9.04,8.80,8.31,7.61,7.28,3,1
"Itahana, Kohel (JPN) (1994)",09-May-21,0.160,NaN,6.17,11.23,16.42,21.98,27.75,33.82,40.37,47.49,8.10,9.88,9.63,8.99,8.67,8.24,7.63,7.02,8,9
"Nakagawa, Shigeki (JPN) (1995)",26-May-17 time,NaN,NaN,11.48,NaN,22.10,NaN,33.99,NaN,47.50,47.50,8.71,NaN,9.42,NaN,8.41,NaN,7.40,8.42,6,3
"Mori, Zhou (JPN) (2000)",29-Jul-17 time,0.174,NaN,11.79,17.15,22.79,28.61,34.71,41.06,47.50,47.50,7.65,9.52,9.33,8.87,8.59,8.20,7.87,7.76,5,1
"Umetani, Hoshia (JPN) (1999)",19-Oct-18 time,0.185,NaN,11.70,16.97,22.52,28.38,34.51,40.85,47.50,47.50,7.56,9.82,9.49,9.01,8.53,8.16,7.89,7.52,3,2
"Nose, Hiroki (JPN) (2001)",23-Oct-20 time,0.176,NaN,11.80,17.28,22.92,28.79,34.78,40.94,47.50,47.50,7.79,9.29,9.12,8.87,8.52,8.35,8.12,7.62,8,3
"Brier, Joseph (GBR) (1999)",05-Aug-22 time,0.180,NaN,11.1,16.4,22.0,27.7,33.9,40.2,47.50,47.50,8.20,10.00,9.43,8.93,8.77,8.06,7.94,6.85,3,8
"Kobayashi, Hidekazu (JPN) (1995)",30-Jul-13 time,NaN,NaN,11.70,NaN,22.83,NaN,34.60,NaN,47.51,47.51,NaN,8.55,NaN,8.98,NaN,8.50,NaN,7.75,3,5
"Ota, Kazuki (JPN) (1996)",16-Oct-15 time,NaN,NaN,11.46,16.82,22.55,28.50,34.63,40.93,47.51,47.51,8.05,9.52,9.33,8.73,8.40,8.16,7.94,7.60,NaN,5
"Kobayashi, Naoki (JPN) (1990)",09-Oct-16 time,0.212,NaN,11.58,16.98,22.63,28.35,34.32,40.61,47.51,47.51,7.82,9.63,9.26,8.85,8.74,8.38,7.95,7.25,3,4
"Ito, Rikiya (JPN) (1998)",21-Oct-16 time,NaN,NaN,11.92,17.28,22.96,28.85,34.81,40.95,47.51,47.51,7.69,9.23,9.33,8.80,8.49,8.39,8.14,7.62,4,3
"Suzuki, Daisuke (JPN)",23-Oct-20 time,0.164,NaN,11.19,16.42,21.95,27.78,33.91,40.44,47.51,47.51,8.14,9.90,9.56,9.04,8.58,8.16,7.66,7.07,7,1
"Fatyga, Michal (GER) (2007)",08-Aug-25 time,0.184,NaN,12.07,17.48,23.10,28.75,34.68,40.95,47.51,47.51,7.45,9.33,9.24,8.90,8.85,8.43,7.97,7.62,3,6
"Erm, Johannes (EST) (1998)",20-Sep-25 time,0.168,NaN,11.68,NaN,22.58,NaN,34.59,NaN,47.51,47.51,NaN,8.56,NaN,9.17,NaN,8.33,NaN,7.74,3,3
"Saito, Ryohei (JPN) (1999)",08-Oct-17 time,0.198,NaN,11.68,NaN,22.72,NaN,34.44,NaN,47.52,47.52,12.30,8.56,23.84,9.06,35.45,8.53,47.53,7.6547.53,6,5
"Carvalho, Lucas (BRA) (1993)",17-Jul-22,0.162,NaN,NaN,11.59,NaN,22.60,NaN,34.11,NaN,47.53,NaN,8.63,NaN,9.08,NaN,8.69,NaN,7.45,7,6
Lu Xhengda (CHN) (2003),28-Jun-23,0.188,NaN,NaN,11.83,NaN,22.58,NaN,34.43,40.66,47.53,NaN,8.45,NaN,9.30,NaN,8.44,8.03,7.28,2,6
"Matsuo, Yuki (JPN) (1995)",30-Jul-13,NaN,NaN,NaN,11.55,NaN,22.47,NaN,34.45,NaN,47.54,NaN,8.66,NaN,9.16,NaN,8.35,NaN,7.64,9,6
"Nakatsukue, Haruhiko (JPN) (1998)",29-Jul-16,0.171,NaN,6.45,11.67,17.07,22.68,28.58,34.74,40.98,47.54,7.75,9.58,9.26,8.91,8.47,8.12,8.01,7.62,2,5
"Nakajima, Yuki Joseph (JPN) (2002)",23-Oct-20,0.170,NaN,6.23,11.56,16.98,22.55,28.39,34.54,40.86,47.54,8.03,9.38,9.23,8.98,8.56,8.13,7.91,7.49,1,1
"Dimitriades, Paisios (CYP) (1997)",20-Jun-23,0.210,NaN,NaN,11.64,NaN,22.57,NaN,34.59,NaN,47.54,NaN,8.59,NaN,9.15,NaN,8.32,NaN,7.72,4,5
"Itahana, Kohel (JPN) (1994)",29-Jul-12,NaN,NaN,NaN,11.78,NaN,23.18,NaN,34.81,NaN,47.55,NaN,8.49,NaN,8.77,NaN,8.60,NaN,7.85,6,1
"Sasaki, Manato (JPN) (1998)",29-Jul-15,NaN,NaN,6.40,11.74,17.32,23.19,29.12,35.08,41.18,47.55,7.81,9.36,8.96,8.52,8.43,8.39,8.20,7.85,NaN,4
"Jordier, Thomas (FRA) (1994)",02-Sep-22,0.163,NaN,6.49,11.83,17.15,22.65,28.41,34.44,40.71,47.55,7.70,9.36,9.40,9.09,8.68,8.29,7.97,7.31,8,8
"Kawauchi, Mitsuki (JPN) (1997)",06-Apr-17,NaN,NaN,NaN,11.68,NaN,22.36,NaN,34.35,NaN,47.56,NaN,8.56,NaN,9.36,NaN,8.34,NaN,7.57,8,2
"Shoji, Kosuke (JPN) (2001)",08-Oct-18,0.187,NaN,6.38,11.47,16.83,22.47,28.46,34.57,40.83,47.56,7.84,9.82,9.33,8.87,8.35,8.18,7.99,7.43,5,2
"Kishimoto, Kodai (JPN) (1995)",26-May-17,NaN,NaN,NaN,11.57,NaN,22.54,NaN,34.91,NaN,47.57,NaN,8.64,NaN,9.12,NaN,8.08,NaN,7.90,9,2
"Yoshikawa, Ryo (JPN) (2001)",19-Oct-18,0.187,NaN,6.66,12.01,17.48,23.19,29.08,35.06,41.16,47.59,7.51,9.35,9.14,8.76,8.49,8.36,8.20,7.78,7,1
"Kubo, Takumi (JPN) (2007)",28-Jul-24,0.179,NaN,NaN,11.63,NaN,22.74,NaN,34.38,NaN,47.59,NaN,8.60,NaN,9.00,NaN,8.59,NaN,7.57,2,4
"Al-Jabri, Hamza Abdullah (OMA) (200)",16-May-25,0.193,NaN,6.15,11.33,16.89,22.53,28.23,34.26,40.61,47.59,8.13,9.65,8.99,8.87,8.77,8.29,7.87,7.16,3,3
"Ducos, Clement (FRA) (2001)",01-Jun-25,0.161,NaN,NaN,11.74,NaN,23.15,NaN,34.91,NaN,47.59,NaN,8.52,NaN,8.76,NaN,8.50,NaN,7.89,6,7
"Meisolle, Alexander (GER) (1988)",14-Jun-09,0.227,NaN,NaN,11.48,NaN,22.75,NaN,34.83,NaN,47.60,NaN,8.71,NaN,8.87,NaN,8.28,NaN,7.83,NaN,6
"Yamazaki, Kengo (JPN) (1992)",24-Sep-17,0.153,NaN,NaN,11.78,NaN,22.71,NaN,34.60,NaN,47.60,NaN,8.49,NaN,9.15,NaN,8.41,NaN,7.69,2,7
"Shibasaki, Yuto (JPN) (1999)",19-Oct-18,0.147,NaN,6.52,12.00,17.55,23.19,28.91,34.78,40.98,47.60,7.67,9.12,9.01,8.87,8.74,8.52,8.06,7.55,5,3
"Imaizumi, Kenki (JPN) (2001)",19-Oct-18,0.176,NaN,6.51,11.88,17.32,22.95,28.66,34.58,40.85,47.60,7.68,9.31,9.19,8.88,8.76,8.45,7.97,7.41,4,2
Deng Hantao (CHN) (2000),26-Apr-23,0.172,NaN,NaN,11.48,NaN,22.34,NaN,34.52,40.88,47.60,NaN,8.71,NaN,9.21,NaN,8.21,7.86,7.44,3,3
"McDonald, Rusheen (JAM) (1992)",30-May-24,0.178,NaN,6.33,11.35,16.56,22.09,27.93,34.03,40.39,47.60,7.90,9.96,9.60,9.04,8.56,8.20,7.86,6.93,2,8
"Omolo, Amos (UGA) (1937)",18-Oct-68,NaN,NaN,NaN,NaN,NaN,21.5,NaN,33.3,NaN,47.6,NaN,NaN,NaN,NaN,NaN,NaN,8.47,NaN,NaN,NaN
"Kitakani, Naoki (JPN) (1998)",10-Oct-16,0.205,NaN,6.41,11.73,17.33,23.22,29.31,35.25,41.28,47.61,7.80,9.40,8.93,8.49,8.21,8.42,8.29,7.90,NaN,NaN
"Minami, Syono (JPN)",11-May-17,NaN,NaN,NaN,11.68,NaN,22.43,NaN,33.92,NaN,47.61,NaN,NaN,NaN,8.56,NaN,8.70,NaN,7.30,3,6
"Dobber, Jochem (NED) (1997)",21-May-22,0.212,NaN,6.38,11.39,16.53,21.93,27.61,33.71,40.31,47.61,NaN,NaN,NaN,9.98,NaN,9.26,NaN,8.80,9,9
"Yousif, Rabah (GBR) (1986)",21-May-22,0.180,NaN,6.3,11.4,16.6,22.1,28.0,34.2,40.6,47.62,7.94,9.80,9.62,9.09,8.47,8.06,7.81,7.12,9,7
"Johansson, Emil (SWE) (2002)",02-Jun-24,0.157,NaN,6.27,11.54,16.88,22.45,28.35,34.60,40.92,47.62,7.97,9.49,9.36,8.98,8.47,8.00,7.91,7.46,2,7
"Naoe, Kohei (JPN) (1997)",21-Oct-16,NaN,NaN,6.49,11.89,17.43,23.12,28.92,34.79,41.00,47.63,7.70,9.26,9.03,8.79,8.62,8.52,8.05,7.54,7,4
"Pesela, Anthony (BOT) (2002)",05-Aug-22,0.147,NaN,6.1,11.1,16.6,22.2,28.0,34.1,40.3,47.63,8.20,10.00,9.09,8.93,8.62,8.20,8.06,6.82,8,7
"Baker, Wendell (USA) ???",01-Jul-86,NaN,NaN,NaN,NaN,NaN,23.2,NaN,NaN,NaN,47.5,NaN,NaN,NaN,NaN,8.62,NaN,NaN,NaN,NaN,1
"Someya, Sho (JPN) (1997)",05-Oct-15,NaN,NaN,6.65,12.37,18.03,23.73,29.62,35.48,41.47,47.64,7.52,8.74,8.83,8.77,8.49,8.53,8.35,8.10,NaN,1
"Kimura, Kazushi (JPN) (1993)",09-Oct-16,0.231,NaN,6.45,11.83,17.35,23.02,28.85,34.86,41.06,47.64,7.75,9.29,9.06,8.82,8.58,8.32,8.06,7.60,4,5
"Uike, Yuji (JPN) (1998)",10-Oct-16,0.212,NaN,6.63,12.23,17.92,23.66,29.49,35.38,41.32,47.64,7.54,8.93,8.79,8.71,8.58,8.49,8.42,7.91,6,3
"Suzaki, Mitsuhiro (JPN) (1995)",09-Oct-16,0.216,NaN,6.63,11.99,17.45,23.16,29.02,35.06,41.22,47.65,7.54,9.33,9.16,8.76,8.53,8.28,8.12,7.78,5,6
"Uike, Yuji (JPN) (1998)",26-May-17,NaN,NaN,NaN,11.65,NaN,22.66,NaN,34.66,NaN,47.65,NaN,NaN,NaN,8.58,NaN,8.33,NaN,7.70,4,2
"Someya, Sho (JPN) (1997)",26-May-17,NaN,NaN,NaN,11.98,NaN,23.07,NaN,34.79,NaN,47.65,NaN,NaN,NaN,8.35,NaN,8.53,NaN,7.78,5,4
"Kidachi, Muto (JPN)",08-Oct-18,0.153,NaN,6.34,11.90,17.52,23.42,29.41,35.42,41.47,47.65,NaN,NaN,NaN,NaN,NaN,NaN,NaN,NaN,6,3
"Someya, Sho (JPN) (1997)",26-May-17,NaN,NaN,NaN,11.95,NaN,23.18,NaN,34.76,NaN,47.66,NaN,8.37,NaN,8.90,NaN,8.64,NaN,7.75,8,6
"Nakamura, Akihiko (JPN) (1990)",21-Apr-12,NaN,NaN,6.26,11.53,16.88,22.48,28.34,34.48,40.84,47.67,7.99,9.49,9.35,8.93,8.53,8.14,7.86,7.32,NaN,NaN
"Scheuerman, Jacob (USA) (1988)",25-Jun-05,NaN,NaN,NaN,NaN,16.95,22.51,28.32,34.22,40.68,47.68,NaN,NaN,8.85,8.99,8.61,8.47,7.74,7.14,8,7
"Almgren, Daniel (SWE) (1979)",19-Aug-09,0.167,NaN,NaN,11.80,NaN,22.80,NaN,34.78,NaN,47.68,NaN,8.47,NaN,9.09,NaN,8.35,NaN,7.75,3,2
"Yano, Takuto (JPN) (1994)",04-Oct-15,NaN,NaN,6.44,11.65,17.15,22.95,28.87,34.92,41.14,47.68,7.76,9.60,9.09,8.62,8.45,8.26,8.04,7.65,NaN,6
"Ibuka, Aisei (JPN) (1998)",05-Oct-15,NaN,NaN,6.53,12.01,17.63,23.51,29.52,35.55,41.53,47.68,7.66,9.12,8.90,8.50,8.32,8.29,8.36,8.13,NaN,2
"Yamazaki, Norihiro (JPN)",02-Aug-18,NaN,NaN,6.36,11.57,16.98,22.57,28.43,34.75,41.17,47.68,7.86,9.60,9.24,8.94,8.53,7.91,7.79,7.68,5,4
"Aurstad, Bastian Elnan (NOR) (2005)",12-Jun-25,0.133,NaN,6.25,11.41,16.85,22.58,28.42,34.52,40.85,47.68,8.00,9.69,9.19,8.73,8.56,8.20,7.90,7.32,4,3
"Suzuki, Aoto (JPN) (2001)",18-Oct-19,0.211,NaN,6.43,11.80,17.28,23.06,29.06,35.13,41.27,47.69,7.78,9.31,9.12,8.65,8.33,8.24,8.14,7.79,3,3
"Mamada, Kodai (JPN) (2002)",23-Oct-20,0.157,NaN,6.47,11.71,16.98,22.56,28.47,34.59,40.92,47.69,7.73,9.54,9.49,8.96,8.46,8.17,7.90,7.39,4,1
"Rooth, Markus (NOR) (2001)",02-Aug-24,0.163,NaN,6.52,11.95,17.47,23.16,28.94,34.93,41.11,47.69,7.67,9.21,9.06,8.79,8.65,8.35,8.09,7.60,8,3
"Otsuki, Ohori (JPN) (2002)",04-Aug-19,NaN,NaN,6.87,12.37,17.84,23.32,28.94,34.79,41.02,47.70,7.28,9.09,9.14,9.12,8.90,8.55,8.03,7.49,2,6
"Yoshiki, Tsubasa (JPN) (2003)",23-Oct-20,NaN,NaN,6.44,11.63,17.00,22.56,28.38,34.49,40.92,47.70,7.76,9.63,9.31,8.99,8.59,8.18,7.78,7.37,1,5
"Inoue, Kakeru (JPN) (1996)",11-May-17,NaN,NaN,NaN,11.79,NaN,22.75,NaN,34.17,NaN,47.71,NaN,8.48,NaN,9.12,NaN,8.76,NaN,7.39,4,7
"Koyama, Ren (JPN) (2003)",28-Jul-21,0.196,NaN,6.62,11.97,17.42,23.05,28.90,34.97,41.15,47.71,7.55,9.35,9.17,8.88,8.55,8.24,8.09,7.62,3,2
"Millholen, James (USA) (1999)",01-Aug-25,NaN,NaN,NaN,11.47,NaN,22.15,NaN,34.04,NaN,47.71,NaN,8.72,NaN,9.36,NaN,8.41,NaN,7.32,1,8
"Stanković, Filip (SRB) (2007)",08-Aug-25,0.186,NaN,6.49,11.65,16.85,22.29,28.07,34.13,40.59,47.71,7.70,9.69,9.62,9.19,8.65,8.25,7.74,7.02,1,5
"Marco, Helio (ESP) (2006)",08-Aug-25,0.144,NaN,6.55,11.84,17.21,22.78,28.41,34.38,40.82,47.71,7.63,9.45,9.31,8.98,8.88,8.38,7.76,7.26,3,6
"Sato, Fuga (JPN) (1996)",09-Oct-16,0.226,NaN,6.62,12.16,17.83,23.67,29.38,35.20,41.25,47.72,7.55,9.03,8.82,8.56,8.76,8.59,8.26,7.73,6,7
"Kudo, Taisei (JPN) (1996)",26-May-17,NaN,NaN,NaN,11.95,NaN,23.07,NaN,34.61,NaN,47.72,NaN,8.37,NaN,8.99,NaN,8.67,NaN,7.63,6,2
"Wakabayashi, Kota (JPN) (1997)",26-May-17,NaN,NaN,NaN,11.58,NaN,22.33,NaN,34.22,NaN,47.72,NaN,8.64,NaN,9.30,NaN,8.41,NaN,7.41,4,2
"Mashiko, Yuta (JPN) (1998)",26-May-17,NaN,NaN,NaN,11.85,NaN,23.11,NaN,35.06,NaN,47.72,NaN,8.44,NaN,8.88,NaN,8.37,NaN,7.90,2,3
"Yamaki, Kakeru (JPN) (1996)",08-Oct-17,0.155,NaN,NaN,11.41,NaN,22.21,NaN,34.14,NaN,47.72,NaN,8.76,NaN,9.26,NaN,8.38,NaN,7.36,6,5
"Wakabayashi, Kota (JPN) (1997)",23-Aug-20,0.156,NaN,6.24,11.34,16.53,22.02,27.82,33.98,40.48,47.72,8.01,9.80,9.63,9.11,8.62,8.12,7.69,6.91,9,7
"Dimokrati, El Mehdi (MAR) (2001)",28-May-23,0.203,NaN,6.55,12.01,17.62,23.51,29.36,35.28,41.35,47.72,7.63,9.16,8.91,8.49,8.55,8.45,8.24,7.85,3,4
"Imaizumi, Takaki (JPN) (2001)",23-Oct-20,0.175,NaN,6.39,11.62,16.93,22.47,28.26,34.38,40.83,47.73,7.82,9.56,9.42,9.03,8.64,8.17,7.75,7.25,7,4
"Taam, Rik (NED) (1997)",02-Aug-24,0.196,NaN,6.46,11.60,16.87,22.38,28.16,34.31,40.78,47.73,7.74,9.73,9.49,9.07,8.65,8.13,7.73,7.19,5,6
"Antoniades, Markos (CYP) (2006)",08-Aug-25,0.163,NaN,6.59,11.91,17.28,22.88,28.79,34.93,41.14,47.73,7.59,9.40,9.31,8.93,8.46,8.14,8.05,7.59,2,7
"Liddell, Eric (GBR) (1902)",11-Jul-24,NaN,NaN,NaN,NaN,NaN,22.2,NaN,NaN,NaN,47.6,NaN,NaN,NaN,9.01,NaN,NaN,NaN,7.87,6,1
"Matsukyo, Kazuki (JPN) (1997)",05-Oct-15,NaN,NaN,6.57,11.99,17.63,23.48,29.42,35.31,41.32,47.74,7.61,9.23,8.87,8.55,8.42,8.49,8.32,7.79,NaN,3
"Natkatsukue, Haruhiko (JPN)",16-Oct-15,NaN,NaN,6.63,11.90,17.27,22.96,28.91,34.98,41.15,47.74,7.54,9.49,9.31,8.79,8.40,8.24,8.10,7.59,4,2
"Mashiko, Yuta (JPN) (1998)",26-May-17,NaN,NaN,NaN,11.60,NaN,22.84,NaN,34.82,NaN,47.74,NaN,8.62,NaN,8.90,NaN,8.35,NaN,7.74,9,7
"Naoki, Masafumi (JPN) (1993)",08-Oct-17,0.170,NaN,NaN,11.36,NaN,22.64,NaN,34.59,NaN,47.74,NaN,8.80,NaN,8.87,NaN,8.37,NaN,7.60,3,6
"Matsuoka, Tomonori (JPN) (2000)",02-Aug-18,NaN,NaN,6.28,11.27,16.53,22.16,28.12,34.32,40.82,47.74,7.96,10.02,9.51,8.88,8.39,8.06,7.69,7.23,8,5
"Rooney, Martyn (GBR) (1987)",13-Jul-21,0.146,NaN,6.4,11.6,17.0,22.6,28.3,34.3,40.7,47.74,7.81,9.62,9.26,8.93,8.77,8.33,7.81,7.10,3,7
"Kayata, Takashi (JPN) (1992)",29-Jul-09,NaN,NaN,NaN,11.98,NaN,23.12,NaN,34.96,NaN,47.75,NaN,8.35,NaN,8.98,NaN,8.45,NaN,7.82,1,4
"Eaton, Ashton (USA) (1988)",19-Aug-09,0.171,NaN,NaN,11.39,NaN,22.70,NaN,34.94,NaN,47.75,NaN,8.78,NaN,8.84,NaN,8.17,NaN,7.81,6,3
"Ito, Rikiya (JPN) (1998)",29-Jul-16,0.144,NaN,6.42,11.78,17.25,22.98,29.01,35.20,41.41,47.75,7.79,9.33,9.14,8.73,8.29,8.08,8.05,7.89,8,6
"Hanada, Shion (JPN) (1999)",08-Oct-17,0.156,NaN,NaN,11.54,NaN,22.59,NaN,34.70,NaN,47.75,NaN,8.67,NaN,9.05,NaN,8.26,NaN,7.66,7,6
"Thid, David (SWE) (2003)",02-Jul-23,0.153,NaN,6.27,11.53,16.96,22.60,28.42,34.55,40.92,47.75,7.97,9.51,9.21,8.87,8.59,8.16,7.85,7.32,8,3
"Nakamura, Akihiko (JPN) (1990)",04-Jun-11,NaN,NaN,6.34,11.61,17.08,22.87,28.81,34.86,41.12,47.76,7.89,9.49,9.14,8.64,8.42,8.26,7.99,7.53,NaN,NaN
"Hanada, Shion (JPN) (1999)",21-Oct-16,NaN,NaN,6.34,11.59,16.95,22.69,28.59,34.64,40.98,47.76,7.89,9.52,9.33,8.71,8.47,8.26,7.89,7.37,3,3
"Asano, Kurodo (JPN) (1999)",21-Oct-16,NaN,NaN,6.43,11.80,17.18,22.93,28.91,34.99,41.26,47.76,7.78,9.31,9.29,8.70,8.36,8.22,7.97,7.69,6,4
"Obuchi, Mizuki (JPN) (1997)",09-Jul-17,NaN,NaN,NaN,11.83,NaN,23.16,NaN,35.18,NaN,47.76,NaN,8.45,NaN,8.83,NaN,8.32,NaN,7.95,7,5
"Kosaka, Akihiro (JPN) (2001)",04-Aug-19,NaN,NaN,6.59,11.79,17.19,22.68,28.38,34.37,40.83,47.76,7.59,9.62,9.26,9.11,8.77,8.35,7.74,7.22,1,7
"Kimura, Kazushi (JPN) (1993)",01-Oct-20,0.212,NaN,6.40,11.54,16.82,22.39,28.15,34.20,40.61,47.76,7.81,9.73,9.47,8.98,8.68,8.26,7.80,6.99,5,3
"Morimoto, Ren (JPN) (2003)",25-Jun-21,0.222,NaN,6.19,11.36,16.71,22.36,28.25,34.44,40.85,47.76,8.08,9.67,9.35,8.85,8.49,8.08,7.80,7.24,2,3
"Yamazaki, Kengo (JPN) (1992)",29-Jul-10,NaN,NaN,6.59,11.92,17.37,22.97,28.69,34.63,40.97,47.79,7.59,9.38,9.17,8.93,8.74,8.42,7.89,7.33,NaN,1
"Yamaki, Kakeru (JPN) (1996)",04-Aug-11,NaN,NaN,NaN,11.77,NaN,23.07,NaN,34.99,NaN,47.79,NaN,8.50,NaN,8.85,NaN,8.39,NaN,7.81,4,2
"Nakamura, Akihiro (JPN) (1990)",26-Apr-14,NaN,NaN,6.39,11.69,17.15,22.83,28.73,34.81,41.06,47.79,7.82,9.43,9.16,8.80,8.47,8.22,8.00,7.43,6,1
"Iwamoto, Takeshi (JPN) (1996)",30-Jul-14,NaN,NaN,6.59,11.83,17.18,22.73,28.56,34.68,41.24,47.79,7.59,9.54,9.35,9.01,8.58,8.17,7.62,7.63,NaN,5
"Hosoi, Brian (JPN) (1999)",09-Oct-17,0.170,NaN,NaN,11.79,NaN,23.12,NaN,35.03,NaN,47.79,NaN,8.48,NaN,8.83,NaN,8.40,NaN,7.84,5,5
"Ono, Kona (JPN) (2002)",19-Oct-18,0.188,NaN,6.46,11.76,17.23,22.91,28.64,34.62,40.86,47.79,7.74,9.43,9.14,8.80,8.73,8.36,8.01,7.22,5,3
"Fukunaga, Takuya (JPN) (1994)",04-Aug-11,NaN,NaN,NaN,11.64,NaN,22.68,NaN,34.80,NaN,47.80,NaN,8.59,NaN,9.06,NaN,8.25,NaN,7.69,7,3
"Horii, Kosuke (JPN) (1994)",04-Oct-15,NaN,NaN,6.30,11.64,17.30,23.28,29.31,35.34,41.42,47.80,7.94,9.36,8.83,8.36,8.29,8.29,8.22,7.84,NaN,7
"Aikyo, Shotaro (JPN) (1994)",03-May-16,NaN,NaN,6.24,11.36,16.72,22.27,28.05,34.16,40.71,47.80,8.01,9.77,9.33,9.01,8.65,8.18,7.63,7.05,NaN,5
"Yamaki, Kakeru (JPN) (1996)",09-Oct-16,0.173,NaN,6.52,11.76,17.30,23.08,29.06,35.10,41.27,47.80,7.67,9.54,9.03,8.65,8.36,8.28,8.10,7.66,2,8
"Ibuka, Aisei (JPN) (1998)",29-Jul-16,0.173,NaN,6.32,11.62,17.07,22.81,28.83,35.12,41.40,47.80,7.91,9.43,9.17,8.71,8.31,7.95,7.96,7.81,7,7
"Larrengina, Elián (ARG) (2000)",04-Aug-24,0.155,NaN,6.26,11.34,16.51,21.83,27.41,33.28,39.44,47.80,7.99,9.84,9.67,9.40,8.96,8.52,8.12,5.98,3,6
"Mamada, Kodai (JPN) (2002)",23-Oct-20,0.150,NaN,6.53,11.87,17.35,23.03,28.91,34.91,41.13,47.81,7.66,9.36,9.12,8.80,8.50,8.33,8.04,7.49,7,6
"Kawakami, Daichi (JPN) (2006)",28-Jul-24,0.235,NaN,NaN,11.96,NaN,22.81,NaN,34.85,NaN,47.81,NaN,8.36,NaN,9.22,NaN,8.31,NaN,7.72,8,5
"Sato, Hiroki (JPN)",06-Apr-17,NaN,NaN,NaN,11.71,NaN,22.67,NaN,34.55,NaN,47.82,NaN,8.54,NaN,9.12,NaN,8.42,NaN,7.54,7,3
"Stojoski, Jovan (MKD) (1997)",20-Jun-23,0.219,NaN,NaN,11.67,NaN,22.56,NaN,34.44,NaN,47.82,NaN,8.57,NaN,9.18,NaN,8.42,NaN,7.47,9,5
"Suzaki, Mitsuhiro (JPN) (1995)",26-May-17,NaN,NaN,NaN,11.75,NaN,22.68,NaN,34.59,NaN,47.83,NaN,8.51,NaN,9.15,NaN,8.40,NaN,7.55,7,4
"Kimura, Kazushi (JPN) (1993)",24-Sep-17,0.178,NaN,NaN,11.44,NaN,22.47,NaN,34.30,NaN,47.83,NaN,8.74,NaN,9.07,NaN,8.45,NaN,7.39,3,8
"Hervochon, Axel (FRA) (2003)",20-Jun-25,0.227,NaN,6.34,11.44,16.69,22.20,28.02,34.23,40.82,47.83,7.89,9.80,9.52,9.07,8.59,8.05,7.59,7.13,8,5
"Aikyo, Shotaro (JPN) (1994)",29-Jul-12,NaN,NaN,NaN,11.86,NaN,23.19,NaN,34.95,NaN,47.84,NaN,8.43,NaN,8.83,NaN,8.50,NaN,7.76,8,2
"Kawauchi, Mitsuki (JPN) (1997)",01-Oct-20,0.159,NaN,6.41,11.69,17.07,22.67,28.46,34.54,40.90,47.84,7.80,9.47,9.29,8.93,8.64,8.22,7.86,7.20,5,6
"Victor, Lindon (GRN) (1993)",02-Aug-24,0.153,NaN,6.26,11.41,16.72,22.25,28.06,34.30,40.85,47.84,7.99,9.71,9.42,9.04,8.61,8.01,7.63,7.15,5,5
"Kasyanov, Oleksiy (UKR) (1985)",19-Aug-09,0.163,NaN,NaN,11.78,NaN,23.00,NaN,35.36,NaN,47.85,NaN,8.49,NaN,8.91,NaN,8.09,NaN,8.01,5,4
"Aikyo, Shotaro (JPN) (1994)",24-Jun-16,0.196,NaN,6.27,11.37,16.70,22.25,28.02,34.13,40.71,47.85,7.97,9.80,9.38,9.01,8.67,8.18,7.60,7.00,8,5
"Yoshida, Tatsuya (JPN) (1999)",19-Oct-18,0.190,NaN,6.45,11.58,16.88,22.35,28.12,34.17,40.60,47.85,7.75,9.75,9.43,9.14,8.67,8.26,7.78,6.90,7,4
"Matsuoka, Tomoki (JPN) (2000)",19-Oct-18,0.183,NaN,6.37,11.43,16.72,22.48,28.55,34.81,41.12,47.85,7.85,9.88,9.45,8.68,8.24,7.99,7.92,7.43,4,5
"Mujezinovic, Abedin (BIH) (1993)",20-Jun-23,0.269,NaN,NaN,12.03,NaN,23.09,NaN,35.16,NaN,47.85,NaN,8.31,NaN,9.04,NaN,8.29,NaN,7.88,2,6
"Grung Thallaug, Sjur (NOR) (2006)",08-Aug-25,0.144,NaN,6.60,12.07,17.53,23.21,28.94,34.90,41.19,47.85,7.58,9.14,9.16,8.80,8.73,8.39,7.95,7.51,2,7
"Meldrum, Alan (JPN) (2000)",29-Jul-17,0.193,NaN,6.67,11.97,17.40,23.03,28.88,34.98,41.31,47.86,7.50,9.43,9.21,8.88,8.55,8.20,7.90,7.63,2,2
"Kimura, Jun (JPN) (1991)",08-Oct-17,0.212,NaN,NaN,NaN,NaN,22.80,NaN,34.71,NaN,47.86,NaN,NaN,NaN,8.77,NaN,8.40,NaN,7.60,9,3
"Meldrum, Alan (JPN) (2000)",02-Aug-18,NaN,NaN,6.55,12.00,17.32,22.72,28.50,34.58,40.99,47.86,7.63,9.17,9.40,9.26,8.65,8.22,7.80,7.28,2,6
"Iwamoto, Taishi (JPN) (1991)",29-Jul-09,NaN,NaN,NaN,11.85,NaN,23.35,NaN,35.48,NaN,47.87,NaN,8.44,NaN,8.70,NaN,8.24,NaN,8.07,6,5
"Matsuo, Shuhei (JPN) (1999)",29-Jul-17,0.182,NaN,6.52,12.05,17.83,23.80,29.87,35.93,41.93,47.87,NaN,7.67,9.04,8.65,8.38,8.24,8.25,8.33,7,3
"Johnston, Rashaud (USA) (1986)",25-Jun-05,NaN,NaN,NaN,NaN,17.28,22.76,28.65,34.39,40.73,47.88,NaN,NaN,8.68,9.12,8.49,8.71,7.89,6.99,9,8
Sun Jiahao (CHN) (2002),26-Apr-23,0.176,NaN,NaN,11.83,NaN,22.96,NaN,35.05,41.24,47.88,NaN,8.45,NaN,8.98,NaN,8.27,8.08,7.53,7,4
"Khali, Hassan (QAT)",16-May-25,0.177,NaN,6.27,11.53,17.31,23.34,29.25,35.21,41.19,47.88,NaN,7.97,9.51,8.65,8.29,8.46,8.39,8.36,1,4
"Kitagawa, Takamasa (JPN) (1996)",30-Jul-13,NaN,NaN,NaN,11.75,NaN,23.00,NaN,35.12,NaN,47.89,NaN,8.51,NaN,8.89,NaN,8.25,NaN,7.83,2,7
"Asanobu, Hiroto (JPN)",29-Jul-17,0.182,NaN,6.52,11.87,17.33,23.07,28.97,35.15,41.52,47.89,NaN,7.67,9.35,9.16,8.71,8.47,8.09,7.85,9,4
"Kotake, Rion (JPN) (1999)",19-Oct-18,0.170,NaN,6.52,11.88,17.35,22.95,28.80,34.91,41.17,47.89,NaN,7.67,9.33,9.14,8.93,8.55,8.18,7.99,2,6
"Janarauskas, Matas (LTU) (2006)",08-Aug-25,0.135,NaN,6.35,11.68,17.10,22.74,28.61,34.78,41.21,47.89,NaN,7.87,9.38,9.23,8.87,8.52,8.10,7.78,8,8
"Katayama, Yuto (JPN) (1997)",23-Jun-17,0.152,NaN,NaN,11.27,NaN,21.91,NaN,33.93,NaN,47.90,NaN,8.87,NaN,9.40,NaN,8.32,NaN,7.16,7,7
"Kimura, Jun (JPN) (1991)",03-May-19,NaN,NaN,6.24,11.44,16.84,22.57,28.47,34.65,41.04,47.90,NaN,8.01,9.62,9.26,8.73,8.47,8.09,7.82,4,3
"Keito, Sato (JPN) (2001)",23-Oct-20,0.165,NaN,6.50,11.96,17.57,23.34,29.25,35.30,41.40,47.90,NaN,7.69,9.16,8.91,8.67,8.46,8.26,7.69,3,3
Sun Jiahao (CHN) (2002),28-Jun-23,0.231,NaN,NaN,11.93,NaN,22.94,NaN,34.75,40.91,47.91,NaN,8.38,NaN,9.08,NaN,8.47,8.12,7.14,8,7
"Choshi, Mori (JPN)",09-Jul-17,NaN,NaN,NaN,11.77,NaN,22.74,NaN,34.86,NaN,47.92,NaN,8.50,NaN,9.12,NaN,8.25,NaN,7.66,8,6
"Terai, Shota (JPN) (1997)",30-Jul-14,NaN,NaN,6.68,12.14,17.58,23.23,29.11,35.21,41.31,47.93,7.49,9.16,9.19,8.85,8.50,8.20,8.20,7.55,NaN,6
"Nakatsukue, Haruhiko (JPN) (1998)",05-Oct-15,NaN,NaN,6.61,12.02,17.55,23.39,29.38,35.50,41.58,47.93,7.56,9.24,9.04,8.56,8.35,8.17,8.22,7.87,NaN,4
"Kokubo, Tomohiro (JPN) (1998)",21-Oct-16,NaN,NaN,6.62,12.13,17.75,23.63,29.72,35.75,41.79,47.93,7.55,9.07,8.90,8.50,8.21,8.29,8.28,8.14,6,5
"Kaneda, Riki (JPN) (2000)",02-Aug-18,NaN,NaN,6.32,11.59,16.93,22.57,28.49,34.60,41.00,47.93,7.91,9.49,9.36,8.87,8.45,8.18,7.81,7.22,3,7
Chen Feifeng (CHN) (2002),26-May-23,0.228,NaN,NaN,11.26,NaN,22.36,NaN,34.59,40.93,47.93,NaN,8.88,NaN,9.01,NaN,8.18,7.89,7.14,6,1
"Mahamat, Khala Ngare (QAT) (2007)",16-May-25,0.188,NaN,6.55,11.92,17.73,23.84,29.82,35.72,41.56,47.93,7.63,9.31,8.61,8.18,8.36,8.47,8.56,7.85,4,5
"Thompson, Kendrick (BAH) (1997)",20-Sep-25,0.193,NaN,NaN,11.94,NaN,23.45,NaN,35.50,NaN,47.93,NaN,8.38,NaN,8.69,NaN,8.30,NaN,8.05,8,5
"Swatowski, Stanislaw (POL) (1934)",21-Aug-58,NaN,NaN,NaN,NaN,NaN,21.8,NaN,NaN,NaN,47.8,NaN,NaN,NaN,9.17,NaN,NaN,NaN,7.69,3,6
"Cassell, Ollan (USA) (1936)",17-Jun-60,NaN,NaN,NaN,NaN,NaN,21.7,NaN,NaN,NaN,47.8,NaN,NaN,NaN,9.22,NaN,NaN,NaN,7.66,NaN,7
"Yoshiki, Tsubasa (JPN) (2003)",23-Oct-20,0.174,NaN,6.48,11.72,17.07,22.58,28.28,34.34,40.91,47.94,7.72,9.54,9.35,9.07,8.77,8.25,7.61,7.11,3,2
"Macleod, Luc (GBR) (2007)",19-Jul-25,0.216,NaN,6.35,11.47,16.83,22.39,28.26,34.36,40.83,47.94,7.87,9.77,9.33,8.99,8.52,8.20,7.73,7.03,2,7
"Bastien, Steven (USA) (1994)",23-Jul-22,0.148,NaN,NaN,11.60,NaN,22.94,NaN,35.42,NaN,47.95,NaN,8.62,NaN,8.82,NaN,8.01,NaN,7.98,2,6
"Ito, Rikiya (JPN) (1998)",16-Oct-15,NaN,NaN,6.54,11.79,17.17,22.89,28.86,35.02,41.25,47.96,7.65,9.52,9.29,8.74,8.38,8.12,8.03,7.45,5,3
"Yamazaki, Hiroki (JPN) (1996)",26-May-17,NaN,NaN,NaN,12.12,NaN,23.47,NaN,35.14,NaN,47.96,NaN,8.25,NaN,8.81,NaN,8.57,NaN,7.80,2,3
"Horii, Kosuke (JPN) (1994)",23-Sep-18,0.177,NaN,6.46,11.84,17.30,23.09,29.07,35.14,41.33,47.96,7.74,9.29,9.16,8.64,8.36,8.24,8.08,7.54,9,6
"Hirakawa, Kira (JPN) (2005)",28-Jul-21,0.189,NaN,6.44,11.67,17.10,22.73,28.47,34.42,40.82,47.96,7.76,9.56,9.21,8.88,8.71,8.40,7.81,7.00,2,3
"Steinforth, Till (GER) (2002)",02-Aug-24,0.156,NaN,6.42,11.69,16.98,22.48,28.24,34.39,40.89,47.96,7.79,9.49,9.45,9.09,8.68,8.13,7.69,7.07,7,7
"Thompson, Luca (NOR) (2000)",13-Jun-19,0.143,NaN,NaN,12.2,NaN,23.3,NaN,35.2,NaN,47.97,NaN,8.20,NaN,9.01,NaN,8.40,NaN,7.83,3,1
"Tominaga, Yuhei (JPN) (2004)",28-Jul-21,0.164,NaN,6.42,11.78,17.40,23.25,29.11,35.17,41.42,47.97,7.79,9.33,8.90,8.55,8.53,8.25,8.00,7.63,4,4
"Harada, Masato (JPN) (2004)",03-Aug-22,0.175,NaN,NaN,11.72,NaN,22.60,NaN,34.62,NaN,47.97,NaN,8.53,NaN,9.19,NaN,8.32,NaN,7.49,8,3
"Tanino, Yusei (JPN)",02-Aug-23,0.203,NaN,NaN,11.71,NaN,22.79,NaN,34.80,NaN,47.97,NaN,8.54,NaN,9.03,NaN,8.33,NaN,7.59,3,6
"Daggu, Abdelmageed (QAT) (1998)",16-May-25,0.201,NaN,6.34,11.63,17.40,23.46,29.49,35.40,41.37,47.97,7.89,9.45,8.67,8.25,8.29,8.46,8.38,7.58,2,6
"Koshimizu, Yusuke (JPN) (2000)",18-Oct-19,0.225,NaN,6.28,11.39,16.65,22.35,28.28,34.49,41.04,47.98,7.96,9.78,9.51,8.77,8.43,8.05,7.63,7.20,6,4
"Kitakani, Naoki (JPN) (1998)",26-May-17,NaN,NaN,NaN,11.52,NaN,22.46,NaN,34.86,NaN,47.99,NaN,8.68,NaN,9.14,NaN,8.06,NaN,7.62,8,5
"Suárez, Leonel (CUB) (1987)",19-Aug-09,0.137,NaN,NaN,11.41,NaN,22.66,NaN,34.74,NaN,48.00,NaN,8.76,NaN,8.89,NaN,8.28,NaN,7.54,4,5
"Hosoi, Brian (JPN) (1999)",29-Jul-17,0.176,NaN,6.52,11.99,17.60,23.32,29.22,35.36,41.63,48.00,7.67,9.14,8.91,8.74,8.47,8.14,7.97,7.85,8,5
"Yamasaki, Nenji (JPN) (2000)",19-Oct-18,0.180,NaN,6.35,11.51,16.93,22.70,28.70,34.96,41.35,48.00,7.87,9.69,9.23,8.67,8.33,7.99,7.82,7.52,8,7
"Badji, Asamt (BEL) (1995)",06-Sep-19,NaN,NaN,6.4,11.5,16.8,22.3,28.1,34.3,40.8,48.00,velocity,7.81,9.80,9.43,9.09,8.62,8.06,7.69,9,7
"Fujiyoshi, Shunta (JPN) (2001)",18-Oct-19,0.178,NaN,6.54,11.77,17.08,22.69,28.64,34.81,41.18,48.00,7.65,9.56,9.42,8.91,8.40,8.10,7.85,7.33,2,5
"Allen, Nathon (JAM) (1995)",07-Aug-22,0.165,NaN,6.5,11.8,17.0,22.6,28.3,34.3,40.6,48.00,7.69,9.43,9.62,8.93,8.77,8.33,7.94,6.76,9,8
"Mahamoud, Mahamat Moussa Abdul",16-May-25,0.182,NaN,6.27,11.53,16.99,22.67,28.40,34.38,40.74,48.00,7.97,9.51,9.16,8.80,8.73,8.36,7.86,6.89,5,4
"Sato, Takuya (JPN) (1993)",04-Aug-11,NaN,NaN,NaN,11.58,NaN,22.63,NaN,34.78,NaN,48.01,velocity,NaN,8.64,NaN,9.05,NaN,8.23,NaN,3,4
"Jones, Jonathan (BAR) (1999)",13-Jul-18,0.185,NaN,6.34,11.37,16.43,21.89,27.61,33.72,40.40,48.01,velocity,7.89,9.94,9.88,9.16,8.74,7.49,6.57,8,8
"Nakamichi, Daiki (JPN) (2004)",03-Aug-22,0.164,NaN,NaN,11.92,NaN,23.19,NaN,35.51,NaN,48.01,velocity,NaN,8.39,NaN,8.87,NaN,8.12,NaN,7,4
"Ikeda, Kosuke (JPN) (1995)",08-Oct-17,0.172,NaN,NaN,11.69,NaN,22.75,NaN,34.92,NaN,48.02,velocity,NaN,8.55,NaN,9.04,NaN,8.22,NaN,6,7
"Noguchi, Kohei (JPN) (2000)",19-Oct-18,0.149,NaN,6.37,11.53,16.88,22.52,28.44,34.65,41.17,48.02,velocity,7.85,9.69,9.35,8.87,8.45,8.05,7.67,1,8
"Young, Earl (USA) (1941)",17-Jun-60,NaN,NaN,NaN,NaN,24.0,NaN,NaN,NaN,47.9,47.9,NaN,NaN,8.33,NaN,NaN,NaN,8.37,8.35,NaN,5
"Fujimoto, Masaru (JPN)",17-Jun-16,NaN,NaN,NaN,12.16,NaN,23.20,NaN,34.95,NaN,48.04,8.22,NaN,9.06,NaN,8.51,NaN,7.64,8.33,9,1
"Ito, Rikiya (JPN) (1998)",26-May-17,NaN,NaN,NaN,11.82,NaN,22.76,NaN,34.87,NaN,48.04,8.46,NaN,9.14,NaN,8.26,NaN,7.59,8.33,9,6
"Okoro, Efekemo (GBR) (1992)",21-May-22,0.146,NaN,6.3,11.4,16.7,22.1,27.9,34.2,40.8,48.04,7.94,9.80,9.43,9.26,8.62,7.94,7.58,6.91,1,9
"Merhe Mortada, Mohamad (LBN) (19)",10-May-24,0.152,NaN,6.31,11.67,17.29,23.13,29.13,35.29,41.57,48.04,7.92,9.33,8.90,8.56,8.33,8.12,7.96,7.73,3,1
"Tomioka, Yuya (JPN) (1998)",26-May-17,NaN,NaN,NaN,11.40,NaN,22.32,NaN,34.44,NaN,48.05,NaN,8.77,NaN,9.16,NaN,8.25,NaN,7.35,4,3
"Dunn, Jarryd (GBR) (1992)",21-Jul-18,0.157,NaN,NaN,11.8,NaN,22.7,NaN,34.7,NaN,48.05,NaN,8.47,NaN,9.17,NaN,8.33,NaN,7.49,2,9
"Keito, Sato (JPN) (2001)",23-Oct-20,0.148,NaN,6.56,11.99,17.52,23.27,29.29,35.41,41.61,48.05,7.62,9.21,9.04,8.70,8.31,8.17,8.06,7.76,1,5
"Victor, Lindon (GRN) (1993)",25-Aug-23,0.160,NaN,NaN,11.46,NaN,22.52,NaN,34.69,NaN,48.05,NaN,8.73,NaN,9.04,NaN,8.22,NaN,7.49,2,2
"Eto, Takuto (JPN) (1997)",05-Oct-15,NaN,NaN,6.65,12.16,17.77,23.51,29.45,35.37,41.54,48.06,7.52,9.07,8.91,8.71,8.42,8.45,8.10,7.67,NaN,5
"Yamazaki, Hiroki (JPN) (1996)",26-May-17,NaN,NaN,NaN,11.98,NaN,23.03,NaN,34.73,NaN,48.06,NaN,8.35,NaN,9.05,NaN,8.55,NaN,7.50,9,4
"Kawai, Toshito (JPN)",02-Aug-23,0.231,NaN,NaN,11.68,NaN,22.96,NaN,35.19,NaN,48.06,NaN,8.56,NaN,8.87,NaN,8.18,NaN,7.77,8,7
"Wakabayashi, Kota (JPN) (1997)",21-Oct-16,NaN,NaN,6.50,11.96,17.50,23.27,29.20,35.24,41.50,48.07,7.69,9.16,9.03,8.67,8.43,8.28,7.99,7.61,5,6
"Inoguchi, Yuta (JPN) (1994)",04-Aug-11,NaN,NaN,NaN,12.32,NaN,23.52,NaN,35.31,NaN,48.08,NaN,8.12,NaN,8.93,NaN,8.48,NaN,7.83,9,5
"Ito, Rikiya (JPN) (1998)",10-Oct-16,0.191,NaN,6.71,12.15,17.67,23.42,29.35,35.36,41.51,48.08,7.45,9.19,9.06,8.70,8.43,8.32,8.13,7.61,2,5
"Obuchi, Mizuki (JPN) (1997)",03-May-21,0.191,NaN,6.24,11.49,16.85,22.40,28.14,34.18,40.54,48.08,8.01,9.52,9.33,9.01,8.71,8.28,7.86,6.63,5,8
"Ureña, Jorge (ESP) (1993)",02-Aug-24,0.141,NaN,6.61,11.98,17.40,23.08,28.91,34.89,41.19,48.08,7.56,9.31,9.23,8.80,8.58,8.36,7.94,7.26,3,6
"Nakamura, Akihiko (JPN) (1990)",27-Apr-13,NaN,NaN,6.33,11.56,16.95,22.85,29.04,35.19,41.38,48.09,7.90,9.56,9.28,8.47,8.08,8.13,8.08,7.45,6,1
"Nomura, Yuki (JPN) (1998)",16-Oct-15,NaN,NaN,6.46,11.75,17.28,23.11,29.25,35.48,41.74,48.09,7.74,9.45,9.04,8.58,8.14,8.03,7.99,7.87,7,4
"Imoto, Yoshinobu (JPN) (1999)",03-May-21,0.151,NaN,6.00,11.01,16.23,21.85,27.68,33.79,40.41,48.09,8.33,9.98,9.58,8.90,8.58,8.18,7.55,6.51,8,9
"Ročenović, Mihailo (MNR) (2007)",08-Aug-25,0.117,NaN,6.42,11.60,16.81,22.24,28.02,34.21,40.80,48.09,7.79,9.65,9.60,9.21,8.65,8.08,7.59,6.86,3,6
"Ibrahim Issaka, Hussein (QAT) (2003)",28-May-21,0.173,NaN,6.4,11.5,17.0,22.8,28.9,35.1,41.5,48.10,7.81,9.80,9.09,8.62,8.20,8.06,7.81,7.58,2,4
"Miura, Ayumu (JPN) (1997)",16-Oct-15,NaN,NaN,6.43,11.65,17.18,22.93,28.83,35.08,41.51,48.11,7.78,9.58,9.04,8.70,8.47,8.00,7.78,7.58,NaN,7
"Mori, Syuji (JPN) (2000)",11-Jul-18,0.159,NaN,6.28,11.36,16.57,22.20,28.13,34.39,40.99,48.12,7.96,9.84,9.60,8.88,8.43,7.99,7.58,7.01,2,6
"Nakajima, Yuki Joseph (JPN) (2002)",23-Oct-20,0.188,NaN,6.46,11.85,17.40,23.15,29.08,35.17,41.43,48.12,7.74,9.28,9.01,8.70,8.43,8.21,7.99,7.47,3,6
"Gahne, Gustav (SWE) (2001)",02-Jul-23,0.180,NaN,6.39,11.63,16.99,22.54,28.37,34.56,41.06,48.12,7.82,9.54,9.33,9.01,8.58,8.08,7.69,7.08,2,4
"Hardee, Trey (USA) (1984)",19-Aug-09,0.148,NaN,NaN,11.41,NaN,22.50,NaN,34.64,NaN,48.13,NaN,8.76,NaN,9.02,NaN,8.24,NaN,7.41,5,1
"Minagi, Yuta (JPN) (1993)",04-Aug-11,NaN,NaN,NaN,11.83,NaN,23.22,NaN,35.14,NaN,48.13,NaN,8.45,NaN,8.78,NaN,8.39,NaN,7.70,6,6
"Hashimoto, Yoshinari (JPN) (1999)",08-Oct-17,0.187,NaN,NaN,11.37,NaN,22.07,NaN,34.23,NaN,48.13,NaN,8.80,NaN,9.35,NaN,8.22,NaN,7.19,8,5
"Asano, Kurodo (JPN) (1999)",09-Oct-17,0.194,NaN,NaN,11.89,NaN,23.32,NaN,35.38,NaN,48.13,NaN,8.41,NaN,8.75,NaN,8.29,NaN,7.84,3,6
"Kaul, Niklas (GER) (1998)",20-Sep-25,0.153,NaN,NaN,11.95,NaN,23.18,NaN,35.21,NaN,48.13,NaN,8.37,NaN,8.90,NaN,8.31,NaN,7.74,7,1
"Lea, Jim (USA) (1932)",28-Jun-52,NaN,NaN,NaN,NaN,NaN,22.4,NaN,NaN,NaN,48.0,NaN,NaN,NaN,8.93,NaN,NaN,NaN,7.81,NaN,5
"McCaskill, William (USA) (1986)",25-Jun-05,NaN,NaN,NaN,11.82,17.08,22.58,28.43,34.34,40.81,48.14,NaN,8.46,9.51,9.09,8.55,8.46,7.73,6.82,3,9
"Amano, Iori (JPN) (2000)",17-Jun-16,NaN,NaN,NaN,11.90,NaN,22.65,NaN,34.75,NaN,48.14,NaN,8.40,NaN,9.30,NaN,8.26,NaN,7.47,7,2
"Sakaguchi, Amagi (JPN) (1999)",21-Oct-16,NaN,NaN,6.59,11.94,17.42,23.03,28.86,34.95,41.31,48.14,7.59,9.35,9.12,8.91,8.58,8.21,7.86,7.32,7,6
"Sorg, Michael (SUI) (2004)",22-Aug-24,0.215,NaN,6.36,11.47,16.72,22.23,28.09,34.35,40.98,48.14,7.86,9.78,9.52,9.07,8.53,7.99,7.54,6.98,8,4
"Fujiyoshi, Shunta (JPN) (2001)",19-Oct-18,0.173,NaN,6.67,11.97,17.32,22.91,28.82,35.03,41.36,48.15,7.50,9.43,9.35,8.94,8.46,8.05,7.90,7.36,2,4
"Kayata, Takashi (JPN) (1992)",29-Jul-10,NaN,NaN,6.29,11.56,16.88,22.43,28.15,34.35,40.96,48.16,7.95,9.49,9.40,9.01,8.74,8.06,7.56,6.94,NaN,2
"Nielsen, Gustav Lundholm (DEN) (19)",13-Jun-19,0.201,NaN,NaN,11.8,NaN,23.0,NaN,35.0,NaN,48.16,NaN,8.47,NaN,8.93,NaN,8.33,NaN,7.60,4,3
"Fujiyoshi, Shunta (JPN) (2001)",23-Oct-20,0.258,NaN,6.57,11.76,17.02,22.53,28.48,37.74,41.20,48.16,7.61,9.63,9.51,9.07,8.40,5.40,14.45,7.18,6,3
"Siboni, Eran (ISR) (1997)",20-Jun-23,0.188,NaN,NaN,11.65,NaN,22.67,NaN,34.91,NaN,48.16,NaN,8.58,NaN,9.07,NaN,8.17,NaN,7.55,3,7
"Suzuki, Yumeto (JPN)",26-May-17,NaN,NaN,NaN,11.83,NaN,23.23,NaN,35.31,NaN,48.17,NaN,8.45,NaN,8.77,NaN,8.28,NaN,7.78,5,4
"Ibrahim Issaka, Hussein (QAT) (2003)",05-May-23,0.305,NaN,6.49,11.79,17.40,23.15,29.22,35.35,41.65,48.17,7.70,9.43,8.91,8.70,8.24,8.16,7.94,7.67,7,2
"Wakabayashi, Kota (JPN) (1997)",19-Sep-20,0.204,NaN,6.36,11.45,16.75,22.47,28.40,34.51,40.96,48.18,7.86,9.82,9.43,8.74,8.43,8.18,7.75,6.93,7,5
"Pitre, Marcus (USA) (1984)",22-Jun-03,NaN,NaN,NaN,NaN,NaN,23.66,NaN,35.37,41.51,48.19,NaN,NaN,NaN,8.45,NaN,8.54,8.14,7.49,1,9
"Nakamura, Akihiko (JPN) (1990)",30-Sep-14,NaN,NaN,6.33,11.62,17.22,23.02,29.04,35.19,41.47,48.19,7.90,9.45,8.93,8.62,8.31,8.13,7.96,7.44,NaN,1
Meng Xinpeng (CHN) (2001),28-Jun-23,0.215,NaN,NaN,11.64,NaN,22.37,NaN,34.23,40.68,48.19,NaN,8.59,NaN,9.32,NaN,8.43,7.75,6.66,1,8
"Müller, Norman (GER) (1985)",19-Aug-09,0.184,NaN,NaN,11.65,NaN,22.58,NaN,34.55,NaN,48.20,NaN,8.58,NaN,9.15,NaN,8.35,NaN,7.33,5,1
Wumaier Ailixier (CHN) (2006),26-Apr-23,0.183,NaN,NaN,11.53,NaN,22.63,NaN,35.10,41.49,48.20,NaN,8.67,NaN,9.01,NaN,8.02,7.82,7.45,4,5
"Kitahara, Ryota (JPN) (1998)",16-Oct-15,NaN,NaN,6.55,11.70,17.07,22.76,28.69,34.81,41.18,48.22,7.63,9.71,9.31,8.79,8.43,8.17,7.85,7.10,1,5
"Hammi, Oussama (MAR) (2000)",05-Jun-22,0.242,NaN,6.52,11.80,17.30,22.92,28.96,35.41,41.74,48.22,7.67,9.47,9.09,8.90,8.28,7.75,7.90,7.72,2,4
"Okuda, Keisuke (JPN) (1996)",22-Jun-24,NaN,NaN,6.40,11.73,17.18,22.96,29.08,35.32,41.64,48.22,7.81,9.38,9.17,8.65,8.17,8.01,7.91,7.60,8,1
"Kitakani, Naoki (JPN) (1998)",16-Oct-15,NaN,NaN,6.43,11.68,17.00,22.70,28.78,35.03,41.43,48.23,7.78,9.52,9.40,8.77,8.22,8.00,7.81,7.35,8,6
"Kanemaru, Yuzo (JPN) (1987)",23-Jun-18,0.170,NaN,6.20,11.31,16.57,22.12,28.01,34.37,41.07,48.23,8.06,9.78,9.51,9.01,8.49,7.86,7.46,6.98,2,8
"Kasai, Kuraki (JPN) (2002)",25-Jun-21,0.182,NaN,6.48,11.88,17.42,23.19,29.07,35.14,41.44,48.23,7.72,9.26,9.03,8.67,8.50,8.24,7.94,7.36,7,5
"Waernulf, Mattias (SWE) (2002)",02-Jul-23,0.160,NaN,6.28,11.48,16.88,22.45,28.13,34.26,40.90,48.23,7.96,9.62,9.26,8.98,8.80,8.16,7.53,6.82,4,5
"Jones, Louis (USA) (1932)",29-Nov-56,NaN,NaN,NaN,NaN,NaN,21.8,NaN,33.4,NaN,48.1,NaN,NaN,NaN,9.17,NaN,8.62,NaN,6.80,6,5
"Matsumoto, Shion (JPN)",02-Aug-18,NaN,NaN,6.55,11.93,17.45,23.29,29.37,35.64,41.81,48.24,7.63,9.29,9.06,8.56,8.22,7.97,8.10,7.78,7,8
"Jinushi, Naohiro (JPN) (2001)",04-Aug-19,NaN,NaN,6.65,11.98,17.44,23.03,28.67,34.50,40.96,48.24,7.52,9.38,9.16,8.94,8.87,8.58,7.74,6.87,3,8
"Yirga, Nahom (SUI) (2001)",22-Aug-24,0.148,NaN,6.34,11.59,17.00,22.64,28.58,34.79,41.29,48.24,7.89,9.52,9.24,8.87,8.42,8.05,7.69,7.19,2,5
"Noda, Taiga (JPN) (1999)",08-Oct-17,0.179,NaN,NaN,11.96,NaN,23.46,NaN,35.75,NaN,48.28,NaN,8.36,NaN,8.70,NaN,8.14,NaN,7.98,9,7
"Someya, Sho (JPN) (1997)",29-Jul-15,NaN,NaN,6.71,12.12,17.68,23.48,29.39,35.38,41.59,48.29,7.45,9.24,8.99,8.62,8.46,8.35,8.05,7.46,NaN,5
"Hudson-Smith, Matthew (GBR) (1994)",13-Jul-21,0.149,NaN,6.3,11.4,16.7,22.3,28.2,34.3,41.0,48.29,7.94,9.80,9.43,8.93,8.47,8.20,7.46,6.86,6,8
"Sakurai, Naoya (JPN) (1996)",26-May-17,NaN,NaN,NaN,11.70,NaN,22.81,NaN,34.93,NaN,48.30,NaN,8.55,NaN,9.00,NaN,8.25,NaN,7.48,6,5
"Bondoc, Marian Adrian (ROU) (2002)",15-Jul-21,0.213,NaN,NaN,12.07,NaN,23.28,NaN,35.35,NaN,48.30,NaN,8.29,NaN,8.92,NaN,8.29,NaN,7.72,7,6
"Matsubara, Tetsuya (JPN) (1991)",29-Jul-09,NaN,NaN,NaN,11.85,NaN,23.05,NaN,35.08,NaN,48.31,NaN,8.44,NaN,8.93,NaN,8.31,NaN,7.56,2,6
"Furukawa, Ryo (JPN) (1992)",29-Jul-10,NaN,NaN,6.47,11.97,17.43,23.14,28.96,35.14,41.51,48.31,7.73,9.09,9.16,8.76,8.59,8.09,7.85,7.35,NaN,3
"Ishitsuka, Yusuke (JPN) (1987)",04-Oct-15,NaN,NaN,6.30,11.56,17.13,23.02,29.06,35.25,41.55,48.31,7.94,9.51,8.98,8.49,8.28,8.08,7.94,7.40,NaN,8
"Swillims, Bastian (GER) (1982)",14-Jun-09,0.354,NaN,NaN,11.51,NaN,22.56,NaN,34.73,NaN,48.32,NaN,8.69,NaN,9.05,NaN,8.22,NaN,7.36,NaN,7
"Furuta, Shinya (JPN) (1998)",16-Oct-15,NaN,NaN,6.56,11.90,17.27,22.98,29.01,35.18,41.57,48.32,7.62,9.36,9.31,8.76,8.29,8.10,7.82,7.41,6,7
"Kawabata, Kenta (JPN) (1996)",08-Oct-17,0.172,NaN,NaN,12.22,NaN,23.63,NaN,35.51,NaN,48.32,NaN,8.18,NaN,8.76,NaN,8.42,NaN,7.81,8,4
"Mitsukiya, Kakeki (JPN)",24-May-24,NaN,NaN,NaN,12.12,NaN,23.45,NaN,35.56,NaN,48.32,NaN,8.25,NaN,8.83,NaN,8.26,NaN,7.84,5,1
"Futayni, Ibrahim (KSA) (1999)",28-May-21,0.131,NaN,6.3,11.6,17.1,22.7,28.5,34.6,41.1,48.33,7.94,9.43,9.09,8.93,8.62,8.20,7.69,6.92,6,5
"Garcia, Yordanis (CUB) (1988)",19-Aug-09,0.150,NaN,NaN,11.07,NaN,22.68,NaN,35.06,NaN,48.34,NaN,9.03,NaN,8.61,NaN,8.08,NaN,7.53,3,2
"Neugebauer, Leo (GER) (2000)",23-Jul-22,0.151,NaN,NaN,11.78,NaN,22.77,NaN,34.84,NaN,48.34,8.49,NaN,9.10,NaN,8.29,NaN,7.41,8.27,6,7
"Allen, CJ (USA) (1995)",01-Jun-25,0.215,NaN,NaN,11.29,NaN,22.34,NaN,34.25,NaN,48.34,8.86,NaN,9.05,NaN,8.40,NaN,7.10,8.27,3,8
"Middleton, Reece (GBR) (1996)",19-Jul-25,0.190,NaN,6.53,11.82,17.25,22.83,28.68,34.83,41.27,48.34,7.66,9.45,9.21,8.96,8.55,8.13,7.76,7.07,1,8
"Nabeshima, Ebisu (JPN) (2000)",08-Oct-17,0.204,NaN,NaN,11.89,NaN,23.19,NaN,35.32,NaN,48.35,8.41,NaN,8.85,NaN,8.24,NaN,7.67,8.27,9,4
"Jinushi, Naohiro (JPN) (2001)",19-Oct-18,0.187,NaN,6.62,12.12,17.75,23.47,29.26,35.29,41.63,48.35,7.55,9.09,8.88,8.74,8.64,8.29,7.89,7.44,6,5
"Shirahata, Kentaro (JPN)",02-Aug-23,0.232,NaN,NaN,11.54,NaN,22.62,NaN,34.83,NaN,48.36,8.67,NaN,9.03,NaN,8.19,NaN,7.39,8.27,6,8
"Young, Brodie (GBR) (2003)",15-Jul-21,0.159,NaN,NaN,12.13,NaN,23.70,NaN,35.93,NaN,48.37,8.24,NaN,8.64,NaN,8.18,NaN,8.04,8.27,7,6
"Kanemaru, Yuzo (JPN) (1987)",12-Aug-16,0.144,NaN,NaN,11.34,NaN,22.22,NaN,34.73,NaN,48.38,8.82,NaN,9.19,NaN,7.99,NaN,7.33,8.27,8,1
"Hokkaido, Kunieda (JPN) (1999)",08-Oct-17,0.193,NaN,NaN,11.67,NaN,22.51,NaN,34.82,NaN,48.38,8.57,NaN,9.23,NaN,8.12,NaN,7.37,8.27,3,7
"Imazumi, Takaki (JPN) (2001)",23-Oct-20,0.202,NaN,6.34,11.61,16.98,22.52,28.32,34.53,41.19,48.38,7.89,9.49,9.31,9.03,8.62,8.05,7.51,6.95,5,2
"Hssine, Yassine (MAR) (2003)",28-May-23,0.155,NaN,6.42,11.81,17.37,23.23,29.17,35.14,41.43,48.38,7.79,9.28,8.99,8.53,8.42,8.38,7.95,7.19,2,5
"Kishida, Kentaro (JPN) (1994)",29-Jul-12,NaN,NaN,NaN,11.96,NaN,23.58,NaN,35.60,NaN,48.40,NaN,8.36,NaN,8.61,NaN,8.32,NaN,7.81,5,4
"Miyagawa, Sota (JPN) (2001)",19-Oct-18,0.186,NaN,6.62,11.94,17.45,23.25,29.29,35.50,41.79,48.40,7.55,9.40,9.07,8.62,8.28,8.05,7.95,7.56,8,6
"Mayorga, Dexter (NCA) (1998)",17-Jul-22,0.232,NaN,NaN,12.05,NaN,23.29,NaN,35.41,NaN,48.40,NaN,8.30,NaN,8.90,NaN,8.25,NaN,7.70,2,7
"Takahashi, Yumitsu (JPN)",06-Apr-17,NaN,NaN,NaN,11.80,NaN,22.79,NaN,34.92,NaN,48.41,NaN,8.47,NaN,9.10,NaN,8.24,NaN,7.41,6,4
"Yano, Takuto (JPN) (1994)",08-Oct-17,0.166,NaN,NaN,11.43,NaN,22.45,NaN,34.85,NaN,48.41,NaN,8.75,NaN,9.07,NaN,8.06,NaN,7.37,2,5
"Öiglane, Janek (EST) (1994)",25-Aug-23,0.163,NaN,NaN,11.78,NaN,23.19,NaN,35.29,NaN,48.41,NaN,8.49,NaN,8.76,NaN,8.26,NaN,7.62,2,2
"Williams, Devon (USA) (1994)",21-Jun-24,NaN,NaN,NaN,11.45,NaN,22.81,NaN,35.02,NaN,48.42,NaN,8.73,NaN,8.80,NaN,8.19,NaN,7.46,5,1
"Spence, Malcolm (RSA) (1937)",29-Nov-56,NaN,NaN,NaN,NaN,NaN,22.0,NaN,34.1,NaN,48.3,NaN,NaN,NaN,9.09,NaN,8.26,NaN,7.04,1,6
"Nomura, Kazuki (JPN) (1996)",30-Jul-14,NaN,NaN,6.64,11.92,17.18,22.67,28.29,34.54,41.29,48.44,7.53,9.47,9.51,9.11,8.90,8.00,7.41,6.99,NaN,8
"Matyama, Haruki (JPN) (1996)",26-May-17,NaN,NaN,NaN,11.48,NaN,22.44,NaN,34.66,NaN,48.44,NaN,8.71,NaN,9.12,NaN,8.18,NaN,7.26,5,7
"Noda, Taiga (JPN) (1999)",29-Jul-17,0.178,NaN,6.44,11.81,17.32,23.24,29.39,35.73,42.10,48.44,7.76,9.31,9.07,8.45,8.13,7.89,7.85,7.89,3,6
"Nyström, Alexander (SWE) (2003)",02-Jul-23,0.175,NaN,6.50,11.76,17.26,22.98,28.87,35.07,41.52,48.44,7.69,9.51,9.09,8.74,8.49,8.06,7.75,7.23,3,7
"Walburn, Lee (USA) (2000)",21-Jun-24,NaN,NaN,NaN,11.27,NaN,22.23,NaN,34.54,NaN,48.44,NaN,8.87,NaN,9.12,NaN,8.12,NaN,7.19,9,2
"Al-Jabri, Hamza Abdullah (OMA) (200)",10-May-24,0.188,NaN,6.32,11.63,17.38,23.26,29.25,35.46,41.81,48.45,7.91,9.42,8.70,8.50,8.35,8.05,7.87,7.53,3,3
"Yukihiro, Koki (JPN)",29-Jul-16,0.162,NaN,6.62,12.15,17.85,23.70,29.75,35.90,42.01,48.46,7.55,9.04,8.77,8.55,8.26,8.13,8.18,7.75,9,8
"Tamura, Tomoya (JPN) (1992)",03-May-18,0.206,NaN,6.51,11.73,17.11,22.69,28.48,34.62,41.12,48.46,7.68,9.58,9.29,8.96,8.64,8.14,7.69,6.81,9,5
"Eitel, Manuel (GER) (1997)",25-Aug-23,0.162,NaN,NaN,11.48,NaN,22.73,NaN,34.93,NaN,48.47,NaN,8.71,NaN,8.89,NaN,8.20,NaN,7.39,4,3
Han Zhiyu (CHN) (2004),26-May-23,0.195,NaN,NaN,11.61,NaN,22.72,NaN,35.40,42.22,49.48,NaN,8.61,NaN,9.00,NaN,7.89,7.33,6.89,8,6
"Skotheim, Sander (NOR) (2002)",25-Aug-23,0.173,NaN,NaN,11.43,NaN,22.29,NaN,34.48,NaN,48.48,NaN,8.75,NaN,9.21,NaN,8.20,NaN,7.14,2,7
"Iwaki, Takuma (JPN) (1996)",26-May-17,NaN,NaN,NaN,11.67,NaN,22.75,NaN,35.14,NaN,48.49,NaN,8.57,NaN,9.03,NaN,8.07,NaN,7.49,3,8
"Yoshida, Yuto (JPN) (1998)",26-May-17,NaN,NaN,NaN,11.92,NaN,23.33,NaN,35.41,NaN,48.50,NaN,8.39,NaN,8.76,NaN,8.28,NaN,7.64,2,6
"Tomioka, Yuya (JPN) (1998)",26-May-17,NaN,NaN,NaN,11.60,NaN,22.69,NaN,35.06,NaN,48.50,NaN,8.62,NaN,9.02,NaN,8.08,NaN,7.44,8,6
"Nomura, Shotaro (JPN) (2001)",19-Oct-18,0.188,NaN,NaN,6.58,12.00,17.58,23.21,29.23,35.35,41.65,NaN,7.60,9.23,8.96,8.88,8.31,8.17,7.94,3,7
"Blasi, Pau (AND) (2000)",20-Jun-23,0.233,NaN,NaN,11.85,NaN,22.89,NaN,35.04,NaN,48.51,NaN,8.44,NaN,9.06,NaN,8.23,NaN,7.42,5,1
"Horinouchi, Yorito (JPN)",17-Jun-16,NaN,NaN,NaN,12.23,NaN,23.37,NaN,35.19,NaN,48.52,NaN,8.18,NaN,8.98,NaN,8.46,NaN,7.50,5,4
"Ibuka, Aisei (JPN) (1998)",10-Oct-16,NaN,NaN,NaN,6.54,12.19,17.92,23.80,29.90,36.05,42.20,NaN,7.65,8.85,8.73,8.50,8.20,8.13,7.91,NaN,NaN
"Takao, Yoshitsu (JPN)",16-Oct-15,NaN,NaN,6.54,11.91,17.37,23.15,29.08,35.17,41.62,48.53,7.65,9.31,9.16,8.65,8.43,8.21,7.75,7.24,2,8
"Nagayoshi, Haruto (JPN) (2004)",03-Aug-22,0.167,NaN,NaN,11.78,NaN,22.80,NaN,35.07,NaN,48.53,NaN,8.49,NaN,9.07,NaN,8.15,NaN,7.43,9,6
"Rebeyrolles, Simon (FRA) (1998)",20-Jun-25,0.151,NaN,6.40,11.68,17.14,22.86,28.65,34.82,41.36,48.53,7.81,9.47,9.16,8.74,8.64,8.10,7.65,6.97,3,6
"Sumitani, Toshiaki (JPN)",17-Jun-16,NaN,NaN,NaN,11.74,NaN,22.85,NaN,34.93,NaN,48.54,NaN,8.52,NaN,9.00,NaN,8.28,NaN,7.35,8,5
"Machida, Reo (JPN) (2003)",28-Jul-21,0.227,NaN,6.89,12.57,18.37,24.37,30.36,36.34,42.34,48.55,7.26,8.80,8.62,8.33,8.35,8.36,8.33,8.05,8,6
"Hukumura, Yuto (JPN) (2006)",28-Jul-24,0.178,NaN,NaN,11.58,NaN,22.79,NaN,34.80,NaN,48.55,NaN,8.64,NaN,8.92,NaN,8.33,NaN,7.27,3,6
"Hirose, Hideyuki (JPN) (1989)",08-Oct-17,0.169,NaN,NaN,11.63,NaN,22.53,NaN,35.03,NaN,48.56,NaN,8.60,NaN,9.17,NaN,8.00,NaN,7.39,3,6
"Arai, Yusuke (JPN)",26-May-17,NaN,NaN,NaN,11.83,NaN,23.23,NaN,35.36,NaN,48.56,NaN,8.45,NaN,8.77,NaN,8.24,NaN,7.58,3,7
"Nabeshima, Ebisu (JPN) (2000)",08-Oct-17,0.197,NaN,NaN,11.62,NaN,22.54,NaN,34.98,NaN,48.56,NaN,8.61,NaN,9.16,NaN,8.04,NaN,7.36,2,7
"Fujita, Shinya (JPN) (1993)",06-Apr-17,NaN,NaN,NaN,11.81,NaN,23.18,NaN,35.00,NaN,48.57,NaN,8.47,NaN,8.80,NaN,8.46,NaN,7.37,3,6
"Maizen, Ali (QAT)",05-May-23,0.199,NaN,6.38,11.65,17.31,23.14,29.15,35.22,41.43,48.57,7.84,9.49,8.83,8.58,8.32,8.24,8.05,7.00,2,4
"Bouraada, Larbi (ALG) (1988)",19-Aug-09,0.141,NaN,NaN,11.35,NaN,22.00,NaN,34.20,NaN,48.58,NaN,8.81,NaN,9.39,NaN,8.20,NaN,6.95,2,6
"Tilga, Karel (EST) (1998)",25-Aug-23,0.178,NaN,NaN,11.78,NaN,23.13,NaN,34.99,NaN,48.58,NaN,8.49,NaN,8.81,NaN,8.43,NaN,7.36,9,4
"Nozaki, Tsuyoshi (JPN)",21-Oct-16,NaN,NaN,6.59,12.00,17.52,23.25,29.18,35.38,41.84,48.59,7.59,9.24,9.06,8.73,8.43,8.06,7.74,7.41,8,7
"Umkawa, Shigeru (JPN)",21-Oct-16,NaN,NaN,6.53,11.86,17.32,22.93,28.85,35.13,41.71,48.60,7.66,9.38,9.16,8.91,8.45,7.96,7.60,7.26,2,8
"Suzuki, Yumeto (JPN)",26-May-17,NaN,NaN,NaN,11.98,NaN,23.50,NaN,35.72,NaN,48.60,NaN,8.35,NaN,8.68,NaN,8.18,NaN,7.76,2,7
Wang Hongliang (CHN) (2000),26-Apr-23,0.155,NaN,NaN,12.09,NaN,23.54,NaN,35.74,42.06,48.60,NaN,8.27,NaN,8.73,NaN,8.20,7.91,7.65,2,6
Tang Jiajun (CHN) (2005),26-Apr-23,0.179,NaN,NaN,11.96,NaN,23.29,NaN,35.50,41.90,48.60,NaN,8.36,NaN,8.83,NaN,8.19,7.81,7.46,1,7
Zheng Chiyu (CHN) (2003),16-Sep-24,0.200,NaN,NaN,12.21,NaN,23.59,NaN,35.80,42.01,48.60,NaN,8.19,NaN,8.79,NaN,8.19,8.05,7.59,2,8
"East, Anthony (USA) (2002)",01-Aug-25,NaN,NaN,NaN,11.09,NaN,21.57,NaN,33.44,NaN,48.61,NaN,9.02,NaN,9.54,NaN,8.42,NaN,6.59,5,9
"Kitamura, Shuya (JPN) (1996)",26-May-17,NaN,NaN,NaN,11.76,NaN,22.89,NaN,35.07,NaN,48.62,NaN,8.50,NaN,8.98,NaN,8.21,NaN,7.38,9,5
"Nakatsukue, Haruhiko (JPN) (1998)",10-Oct-16,0.208,NaN,6.54,11.92,17.50,23.39,29.44,35.64,42.01,48.62,NaN,7.65,9.29,8.96,8.49,8.26,7.85,7.56,3,7
"Coertzen, Willem (RSA) (1982)",19-Aug-09,0.189,NaN,NaN,11.42,NaN,22.62,NaN,34.84,NaN,48.63,NaN,8.76,NaN,8.93,NaN,8.18,NaN,7.25,2,3
"Kawauchi, Mitsuki (JPN) (1997)",08-Oct-17,0.211,NaN,NaN,11.57,NaN,22.34,NaN,34.73,NaN,48.63,NaN,8.64,NaN,9.29,NaN,8.07,NaN,7.19,7,7
"Asano, Daichi (JPN) (2004)",28-Jul-21,0.171,NaN,6.73,12.16,17.75,23.45,29.31,35.46,41.86,48.63,NaN,7.43,9.21,8.94,8.77,8.53,7.81,7.39,6,7
"Olafsson, Saemundur (ISL) (1995)",20-Jun-23,0.238,NaN,NaN,11.95,NaN,22.76,NaN,35.05,NaN,48.63,NaN,8.37,NaN,9.25,NaN,8.14,NaN,7.36,3,8
"Miki, Kondo (JPN)",17-Jun-16,NaN,NaN,NaN,12.35,NaN,23.60,NaN,35.51,NaN,48.64,NaN,8.10,NaN,8.89,NaN,8.40,NaN,7.62,6,6
"Claridge, Ben (GBR) (1997)",13-Jun-19,0.160,NaN,NaN,11.5,NaN,22.4,NaN,34.6,NaN,48.64,NaN,8.70,NaN,9.17,NaN,8.20,NaN,7.12,5,4
"Flück, Luca (SUI) (1996)",26-Aug-21,0.167,NaN,6.5,11.9,17.5,23.3,29.3,35.5,41.8,48.64,7.69,9.26,8.93,8.62,8.33,8.06,7.94,7.31,3,3
"Tilga, Karel (EST) (1998)",20-Sep-25,0.159,NaN,NaN,11.58,NaN,22.39,NaN,NaN,NaN,48.64,NaN,8.64,NaN,9.25,NaN,NaN,NaN,7.62,6,1
"Ferranti, Antoine (FRA) (2003)",20-Sep-25,0.162,NaN,NaN,11.82,NaN,23.26,NaN,35.81,NaN,48.64,NaN,8.46,NaN,8.74,NaN,7.97,NaN,7.79,9,3
"Sato, Kentaro (JPN) (1994)",19-Sep-20,0.225,NaN,6.24,11.33,16.55,21.99,27.86,34.36,41.24,48.65,8.01,9.82,9.58,9.19,8.52,7.69,7.27,6.75,2,8
"Toma, Denis Simon (ROU) (2003)",15-Jul-21,0.198,NaN,NaN,12.32,NaN,23.97,NaN,36.14,NaN,48.67,NaN,8.12,NaN,8.58,NaN,8.22,NaN,7.98,2,8
"Tilga, Karel (EST) (1998)",02-Aug-24,0.189,NaN,6.50,11.82,17.25,22.92,28.84,35.10,41.65,48.67,7.69,9.40,9.21,8.82,8.45,7.99,7.63,7.12,6,7
"Sato, Keitaro (JPN) (1991)",02-Aug-07,NaN,NaN,6.32,12.04,18.07,24.32,30.54,36.51,42.41,48.68,7.91,8.74,8.29,8.00,8.04,8.38,8.47,7.97,NaN,1
"Shirahata, Daiki (JPN) (1996)",26-May-17,NaN,NaN,NaN,11.78,NaN,23.07,NaN,35.17,NaN,48.68,NaN,8.49,NaN,8.86,NaN,8.26,NaN,7.40,2,2-6
"Nakagawa, Yuichiro (JPN)",09-Jul-17,NaN,NaN,NaN,11.75,NaN,23.33,NaN,35.45,NaN,48.68,NaN,8.51,NaN,8.64,NaN,8.25,NaN,7.56,3,2
"Kojima, Sota (JPN) (2004)",03-Aug-22,0.162,NaN,NaN,11.95,NaN,23.45,NaN,35.80,NaN,48.68,NaN,8.37,NaN,8.70,NaN,8.10,NaN,7.76,2,7
"Gasperoni, Allesandro (SMR) (1997)",20-Jun-23,0.242,NaN,NaN,11.79,NaN,22.83,NaN,35.18,NaN,48.68,NaN,8.48,NaN,9.06,NaN,8.10,NaN,7.41,7,8
"Muraki, Daiki (JPN) (1996)",26-May-17,NaN,NaN,NaN,11.83,NaN,23.14,NaN,35.49,NaN,48.71,NaN,8.45,NaN,8.84,NaN,8.10,NaN,7.56,8,47
"Behrenbruch, Pascal (GER) (1985)",19-Aug-09,0.142,NaN,NaN,11.35,NaN,22.54,NaN,34.86,NaN,48.72,NaN,8.81,NaN,8.94,NaN,8.12,NaN,7.22,8,2
"Sakurai, Takahiro (JPN) (1995)",29-Jul-12,NaN,NaN,NaN,12.11,NaN,24.05,NaN,36.48,NaN,48.72,NaN,8.26,NaN,8.38,NaN,8.05,NaN,8.17,7,5
"Arai, Masanori (JPN) (1994)",29-Jul-12,NaN,NaN,NaN,12.11,NaN,24.05,NaN,24.68,NaN,48.72,NaN,8.26,NaN,"8,38",NaN,8.05,NaN,8.17,2,6
"Suzaki, Mitsuhiro (JPN) (1995)",26-May-17,NaN,NaN,NaN,11.77,NaN,22.91,NaN,34.86,NaN,48.72,NaN,8.50,NaN,8.98,NaN,8.37,NaN,7.22,2,8
"Tsunaga, Kanno (JPN) (1999)",08-Oct-17,0.186,NaN,NaN,11.71,NaN,23.34,NaN,35.47,NaN,48.72,NaN,8.54,NaN,8.60,NaN,8.24,NaN,7.55,3,5
"Wiberg, Nicklas (SWE) (1985)",19-Aug-09,0.198,NaN,NaN,11.76,NaN,22.95,NaN,35.09,NaN,48.73,NaN,8.50,NaN,8.94,NaN,8.24,NaN,7.33,4,4
"Garland, Kyle (USA) (2000)",20-Sep-25,0.165,NaN,NaN,11.44,NaN,22.63,NaN,35.09,NaN,48.73,NaN,8.74,NaN,8.94,NaN,8.03,NaN,7.33,4,4
"Germar, Manfred (FRG) (1935)",16-Sep-61,NaN,NaN,NaN,NaN,NaN,23.0,NaN,NaN,NaN,48.6,NaN,NaN,NaN,8.70,NaN,NaN,NaN,7.81,NaN,2
"Kudo, Taisei (JPN) (1996)",08-Oct-17,0.214,NaN,NaN,11.61,NaN,22.55,NaN,34.79,NaN,48.74,NaN,8.61,NaN,9.14,NaN,8.17,NaN,7.17,4,8
"Delgado, Joe (USA) (1995)",21-Jun-24,NaN,NaN,NaN,11.71,NaN,22.94,NaN,35.43,NaN,48.74,NaN,8.54,NaN,8.90,NaN,8.01,NaN,7.51,7,4
"Katayama, Takuya (JPN) (2000)",08-Oct-17,0.209,NaN,NaN,11.98,NaN,23.43,NaN,35.60,NaN,48.75,NaN,8.35,NaN,8.73,NaN,8.22,NaN,7.60,8,8
"Ferreira Santana, Jose (BRA) (1999)",02-Aug-24,0.157,NaN,6.49,11.84,17.43,23.22,29.26,35.57,42.07,48.78,7.70,9.35,8.94,8.64,8.28,7.92,7.69,7.45,6,2
"Honma, Daisuke (JPN) (1995)",30-Jul-13,NaN,NaN,NaN,12.02,NaN,23.37,NaN,35.45,NaN,48.79,NaN,8.32,NaN,8.81,NaN,8.28,NaN,7.50,6,8
"Sasaki, Hayata (JPN) (1996)",06-Apr-17,NaN,NaN,NaN,11.93,NaN,22.92,NaN,35.22,NaN,48.79,NaN,8.38,NaN,9.10,NaN,8.13,NaN,7.37,9,7
"Victor, Lindon (GRN) (1993)",20-Sep-25,0.152,NaN,NaN,11.32,NaN,22.04,NaN,NaN,NaN,48.80,NaN,8.83,NaN,9.33,NaN,NaN,NaN,7.47,4,2
"Yoshimura, Kengo (JPN) (1991)",29-Jul-09,NaN,NaN,NaN,11.72,NaN,23.67,NaN,35.99,NaN,48.82,NaN,8.53,NaN,8.37,NaN,8.12,NaN,7.79,8,7
"Haavardtun Gullachsen, Fredrik (NOR)",12-Jun-25,0.160,NaN,6.54,11.93,17.48,23.24,29.19,35.49,41.94,48.82,7.65,9.28,9.01,8.68,8.40,7.94,7.75,7.27,5,4
"Masuda, Shion (JPN) (2001)",19-Oct-18,NaN,NaN,6.52,11.87,17.37,23.18,29.15,35.32,41.79,48.84,7.67,9.35,9.09,8.61,8.38,8.10,7.73,7.09,1,8
"Abdulrahman, Mohamed Moussa (QZ)",28-May-21,0.164,NaN,6.3,11.4,16.8,22.5,28.4,34.6,41.3,48.84,7.94,9.80,9.26,8.77,8.47,8.06,7.46,6.63,8,6
Han Zhiyu (CHN) (2004),26-Apr-23,0.197,NaN,NaN,11.73,NaN,22.64,NaN,35.22,41.93,48.84,NaN,8.53,NaN,9.17,NaN,7.95,7.45,7.24,2,4
"El Boussiri, Walid (MAR) (2006)",28-May-23,0.226,NaN,6.66,12.14,17.77,23.63,29.58,35.65,41.95,48.84,7.51,9.12,8.88,8.53,8.40,8.24,7.94,7.26,7,7
"Hasidume, Tatuki (JPN) (2006)",28-Jul-24,0.170,NaN,NaN,11.76,NaN,22.96,NaN,35.19,NaN,48.84,NaN,8.50,NaN,8.93,NaN,8.18,NaN,7.33,7,7
"Thebe, Baboloki (BOT) (1997)",30-May-19,0.170,NaN,NaN,11.3,NaN,22.2,NaN,33.9,NaN,48.85,NaN,8.85,NaN,9.17,NaN,8.55,NaN,6.69,3,8
"Zhong, Yoto (JPN)",24-May-24,NaN,NaN,NaN,12.12,NaN,23.58,NaN,35.76,NaN,48.87,NaN,8.25,NaN,8.73,NaN,8.21,NaN,7.63,7,2
"Nakamura, Akihiko (JPN) (1990)",21-Apr-18,NaN,NaN,6.45,11.89,17.37,23.03,28.96,35.30,41.95,48.89,7.75,9.19,9.12,8.83,8.43,7.89,7.52,7.20,4,1
"Nazih, Yahya (MAR) (2000)",05-Jun-22,0.164,NaN,6.44,11.78,17.38,23.13,29.27,35.55,41.91,48.89,7.76,9.36,8.93,8.70,8.14,7.96,7.86,7.16,8,5
"Yousif, Rabah (GBR) (1986)",02-Jul-23,0.164,NaN,6.56,11.87,17.30,22.90,28.82,35.10,41.67,48.89,7.62,9.42,9.21,8.93,8.45,7.96,7.61,6.93,7,7
"Hoshino, Sota (JPN) (1998)",26-May-17,NaN,NaN,NaN,12.42,NaN,23.65,NaN,35.74,NaN,48.90,NaN,8.05,NaN,8.90,NaN,8.27,NaN,7.60,3,8
"Kajiyama, Kaitama (JPN) (1999)",08-Oct-17,0.183,NaN,NaN,11.92,NaN,23.41,NaN,35.62,NaN,48.91,NaN,8.39,NaN,8.70,NaN,8.19,NaN,7.52,4,6
"Mohadjir, Abdel Madjid (QAT) (2003)",28-May-21,0.149,NaN,6.4,11.8,17.2,23.0,28.9,35.1,41.5,48.91,7.81,9.26,9.26,8.62,8.47,8.06,7.81,6.75,3,7
Han Zhiyu (CHN) (2004),09-Jun-23,0.239,NaN,NaN,11.64,NaN,22.82,NaN,35.30,41.89,48.91,NaN,8.59,NaN,8.94,NaN,8.01,7.59,7.12,7,6
"Garland, Kyle (USA) (2000)",21-Jun-24,NaN,NaN,NaN,11.33,NaN,22.30,NaN,34.95,NaN,48.91,NaN,8.83,NaN,9.12,NaN,7.91,NaN,7.16,7,6
"Yoshitsu, Takao (JPN)",21-Oct-16,NaN,NaN,6.59,12.17,17.82,23.59,29.55,35.68,42.02,48.92,7.59,8.96,8.85,8.67,8.39,8.16,7.89,7.25,1,8
"Sakai, Yu (JPN)",26-May-17,NaN,NaN,NaN,12.23,NaN,23.61,NaN,35.67,NaN,48.92,NaN,8.18,NaN,8.79,NaN,8.29,NaN,7.55,9,8
"Yoshioka, Fumiya (JPN) (1996)",16-Oct-15,NaN,NaN,6.49,11.78,17.32,23.09,28.99,35.19,41.66,48.93,7.70,9.45,9.03,8.67,8.47,8.06,7.73,6.88,NaN,8
"Taue, Shun (JPN) (1997)",06-May-23,0.141,NaN,6.49,11.74,17.11,22.79,28.82,35.12,41.76,48.94,7.70,9.52,9.31,8.80,8.29,7.94,7.53,6.96,8,2
"Maruyama, Yuma (JPN) (1998)",30-Apr-22,0.151,NaN,6.52,11.94,17.42,23.15,29.08,35.30,41.88,48.96,7.67,9.23,9.12,8.73,8.43,8.04,7.60,7.06,4,2
"Ebed, Amar Ebed (QAT) (2002)",10-May-24,0.206,NaN,6.43,11.79,17.33,22.99,28.96,35.30,41.86,48.97,7.78,9.33,9.03,8.83,8.38,7.89,7.62,7.03,6,4
"Berner, Markus Nikolai (NOR) (1997)",13-Jun-19,0.210,NaN,NaN,11.6,NaN,22.7,NaN,35.3,NaN,48.99,NaN,8.62,NaN,9.01,NaN,7.94,NaN,7.30,8,6
"Raja, Andres (EST) (1982)",19-Aug-09,0.170,NaN,NaN,11.67,NaN,22.98,NaN,35.79,NaN,49.00,NaN,8.57,NaN,8.84,NaN,7.81,NaN,7.57,2,3
"Steigerwald, Ernö (HUN) (2002)",15-Jul-21,0.203,NaN,NaN,12.26,NaN,23.71,NaN,35.84,NaN,49.00,NaN,8.16,NaN,8.73,NaN,8.24,NaN,7.60,2,7
"Farmer, Josh (USA) (1999)",21-Jun-24,NaN,NaN,NaN,11.42,NaN,22.43,NaN,34.80,NaN,49.00,NaN,8.76,NaN,9.08,NaN,8.08,NaN,7.04,4,6
"Grimerud, Andreas (NOR) (2003)",15-Jul-21,0.190,NaN,NaN,12.40,NaN,24.11,NaN,36.68,NaN,49.01,NaN,8.06,NaN,8.54,NaN,7.96,NaN,8.11,1,8
"Ogi, Moeto (JPN) (1994)",29-Jul-12,NaN,NaN,NaN,12.33,NaN,24.02,NaN,35.86,NaN,49.03,NaN,8.11,NaN,8.55,NaN,8.45,NaN,7.59,4,7
"Ino, Yoshihiko (JPN)",29-Jul-15,NaN,NaN,6.64,12.05,17.70,23.72,29.82,36.10,42.49,49.03,7.53,9.24,8.85,8.31,8.20,7.96,7.82,7.65,NaN,6
"Baldwin, Heath (USA) (2001)",02-Aug-24,0.149,NaN,6.49,11.72,17.16,22.88,28.83,35.14,41.87,49.04,7.70,9.56,9.19,8.74,8.40,7.92,7.43,6.97,4,8
"Kakuho, Miyauchi (JPN) (1999)",08-Oct-17,0.244,NaN,NaN,11.87,NaN,23.24,NaN,35.58,NaN,49.05,NaN,8.42,NaN,8.80,NaN,8.10,NaN,7.42,3,8
"Ebed, Amar Ebed (QAT) (2002)",05-May-23,0.277,NaN,6.40,11.61,17.07,22.80,28.77,34.96,41.56,49.09,7.81,9.60,9.16,8.73,8.38,8.08,7.58,6.64,8,5
"Al-Mabsali, Mohammed Said Aamir (C Wokayama, JPN)",16-May-25,0.247,NaN,6.57,11.89,17.38,23.12,28.95,35.12,41.68,49.09,7.61,9.40,9.11,8.71,8.58,8.10,7.62,6.75,6,5
"Maruike, Yuta (JPN) (1994)",29-Jul-12,NaN,NaN,NaN,12.59,NaN,24.87,NaN,36.93,NaN,49.12,7.94,NaN,8.14,NaN,8.29,NaN,8.20,8.14,9,8
"Taue, Shun (JPN) (1997)",26-Sep-20,NaN,NaN,6.57,12.02,17.60,23.36,29.36,35.55,42.09,49.12,7.61,9.17,8.96,8.68,8.33,8.08,7.65,7.11,6,3
"Kaul, Niklas (GER) (1998)",02-Aug-24,0.173,NaN,6.65,12.06,17.70,23.43,29.28,35.47,42.08,49.13,7.52,9.24,8.87,8.73,8.55,8.08,7.56,7.09,5,3
"Öiglane, Janek (EST) (1994)",23-Jul-22,0.148,NaN,NaN,11.59,NaN,22.76,NaN,35.11,NaN,49.16,NaN,8.63,NaN,8.95,NaN,8.10,NaN,7.12,8,1
"Cleve, Moritz (GER) (1987)",19-Aug-09,0.195,NaN,NaN,12.08,NaN,23.43,NaN,35.36,NaN,49.17,NaN,8.28,NaN,8.81,NaN,8.38,NaN,7.24,8,6
"Nakamura, Akihiko (JPN) (1990)",16-Jun-18,NaN,NaN,6.51,11.97,17.75,23.80,29.98,36.19,42.53,49.17,7.68,9.16,8.65,8.26,8.09,8.05,7.89,7.53,6,1
"Jutzet, Juri (SUI) (2005)",22-Aug-24,0.180,NaN,6.62,12.16,17.77,23.58,29.65,35.96,42.39,49.17,7.55,9.03,8.91,8.61,8.24,7.92,7.78,7.37,3,6
"Aieda, Kyoya (JPN)",29-Jul-17,0.273,NaN,6.90,12.76,18.70,25.03,31.22,37.12,43.05,49.18,7.25,8.53,8.42,7.90,8.08,8.47,8.43,8.16,6,7
"Okuda, Keisuke (JPN) (1996)",30-Apr-22,0.146,NaN,6.32,11.65,17.08,22.79,28.73,34.97,41.67,49.18,7.91,9.38,9.21,8.76,8.42,8.01,7.46,6.66,3,1
"Gahne, Gustav (SWE) (2001)",02-Jun-24,0.177,NaN,6.51,11.88,17.39,23.12,29.15,35.57,42.16,49.19,7.68,9.31,9.07,8.73,8.29,7.79,7.59,7.11,1,8
"Kopecky, Ondfej (CZE) (1998)",20-Sep-25,0.194,NaN,NaN,11.55,NaN,22.64,NaN,NaN,NaN,49.19,NaN,8.66,NaN,9.02,NaN,NaN,NaN,7.53,5,3
"Matsuo, Ruhei (JPN)",10-Oct-16,0.172,NaN,6.63,12.26,18.00,23.92,30.16,36.52,42.76,49.21,7.54,8.88,8.71,8.45,8.01,7.86,8.01,7.75,9,8
"Yamane, Kota (JPN)",26-May-17,NaN,NaN,NaN,12.05,NaN,23.30,NaN,35.46,NaN,49.22,NaN,8.30,NaN,8.89,NaN,8.22,NaN,7.27,3,6
"Nakazawa, Shunsuke (JPN) (1999)",08-Oct-17,0.188,NaN,NaN,11.83,NaN,23.19,NaN,35.51,NaN,49.24,NaN,8.45,NaN,8.80,NaN,8.12,NaN,7.28,8,7
"Matsuura, Taiga (JPN) (2002)",11-Jul-20,NaN,NaN,NaN,11.38,NaN,22.73,NaN,35.41,NaN,49.24,NaN,8.79,NaN,8.81,NaN,7.89,NaN,7.23,6,1
"Garland, Kyle (USA) (2000)",25-Aug-23,0.156,NaN,NaN,11.76,NaN,23.34,NaN,35.89,NaN,49.24,NaN,8.50,NaN,8.64,NaN,7.97,NaN,7.49,5,5
"Mullings, Ken (BAH) (1997)",23-Jul-22,0.137,NaN,NaN,11.87,NaN,23.64,NaN,36.13,NaN,49.25,NaN,8.42,NaN,8.50,NaN,8.01,NaN,7.62,5,2
"Mfomkpa, Alain-Hervé (SUI) (1996)",26-Aug-21,0.149,NaN,6.5,12.0,17.6,23.5,29.5,35.7,42.2,49.27,7.69,9.09,8.93,8.47,8.33,8.06,7.69,7.07,6,4
"Victor, Lindon (GRN) (1993)",23-Jul-22,0.141,NaN,NaN,11.70,NaN,23.50,NaN,35.68,NaN,49.27,NaN,8.55,NaN,8.47,NaN,8.21,NaN,7.36,3,2
"Junya, Nagahisa (JPN)",02-Aug-07,NaN,NaN,6.60,12.29,18.25,24.28,30.37,36.41,42.63,49.29,7.58,8.79,8.39,8.29,8.21,8.28,8.04,7.51,NaN,2
"Ouyamna, Abdelaali (MAR) (2004)",05-Jun-22,0.205,NaN,6.56,12.04,17.73,23.53,29.73,36.20,42.57,49.29,7.62,9.12,8.79,8.62,8.06,7.73,7.85,7.44,7,6
"Sýkora, Jiří (CZE) (1995)",23-Jul-22,0.145,NaN,NaN,12.13,NaN,23.72,NaN,35.97,NaN,49.29,NaN,8.24,NaN,8.63,NaN,8.16,NaN,7.51,1,3
"Strenstad-Løseth, Thomas (NOR) (2)",12-Jun-25,0.160,NaN,6.44,11.80,17.47,23.39,29.46,35.71,42.19,49.29,7.76,9.33,8.82,8.45,8.24,8.00,7.72,7.04,2,5
"Yu, Satomi (JPN)",06-Apr-17,NaN,NaN,NaN,NaN,NaN,23.02,NaN,35.47,NaN,49.30,NaN,NaN,NaN,NaN,NaN,8.03,NaN,7.23,2,8
"Saito, Jona (JPN)",24-May-19,NaN,NaN,NaN,12.09,NaN,23.71,NaN,36.00,NaN,49.30,NaN,8.27,NaN,8.61,NaN,8.14,NaN,7.52,6,1
"Ferreira Santana, Jose (BRA) (1999)",25-Aug-23,0.147,NaN,NaN,12.16,NaN,23.67,NaN,36.03,NaN,49.31,NaN,8.22,NaN,8.69,NaN,8.09,NaN,7.53,6,3
"Sysoyev, Aleksey (RUS) (1985)",19-Aug-09,0.141,NaN,NaN,11.79,NaN,23.23,NaN,35.48,NaN,49.32,NaN,8.48,NaN,8.74,NaN,8.16,NaN,7.23,5,2
"Kazmirek, Kai (GER) (1991)",23-Jul-22,0.145,NaN,NaN,11.60,NaN,22.68,NaN,35.14,NaN,49.33,NaN,8.62,NaN,9.03,NaN,8.03,NaN,7.05,7,4
"Dieterle, Cédric (SUI) (2000)",26-Aug-21,0.165,NaN,6.4,11.8,17.5,23.4,29.5,35.7,42.3,49.36,7.81,9.26,8.77,8.47,8.20,8.06,7.58,7.08,1,5
"Hauttekeete, Jente (BEL) (2002)",20-Sep-25,0.149,NaN,NaN,11.62,NaN,22.81,NaN,35.23,NaN,49.36,NaN,8.61,NaN,8.94,NaN,8.05,NaN,7.08,6,5
"Kawauchi, Mitsuki (JPN) (1997)",05-Oct-15,NaN,NaN,6.66,12.10,17.63,23.39,29.44,35.63,42.22,49.38,7.51,9.19,9.04,8.68,8.26,8.08,7.59,6.98,NaN,7
"Ake, Paul-Auguste (FRA) (1999)",20-Jun-25,0.206,NaN,6.38,11.71,17.30,23.27,29.35,35.60,42.01,49.38,7.84,9.38,8.94,8.38,8.22,8.00,7.80,6.78,2,7
"Nakamura, Akihiko (JPN) (1990)",26-Sep-20,NaN,NaN,6.52,12.00,17.68,23.52,29.55,35.83,42.38,49.39,7.67,9.12,8.80,8.56,8.29,7.96,7.63,7.13,5,6
"Mayer, Kevin (FRA) (1992)",23-Jul-22,0.164,NaN,NaN,12.07,NaN,23.74,NaN,36.09,NaN,49.40,NaN,8.29,NaN,8.57,NaN,8.10,NaN,7.51,6,5
"Coquoz, Samuel (SUI) (1996)",22-Aug-24,0.182,NaN,6.36,11.69,17.21,22.95,29.02,35.44,42.19,49.42,7.86,9.38,9.06,8.71,8.24,7.79,7.41,6.92,1,7
"Mullings, Ken (BAH) (1997)",02-Aug-24,0.177,NaN,6.30,11.52,13.97,22.75,28.86,35.23,42.04,49.43,7.94,9.58,20.41,5.69,8.18,7.85,7.34,6.77,7,4
"Stráský, Vilém (CZE) (1999)",20-Sep-25,0.144,NaN,NaN,11.50,NaN,22.80,NaN,35.37,NaN,49.43,NaN,8.70,NaN,8.85,NaN,7.96,NaN,7.11,5,6
"Golubovic, Daniel (AUS) (1993)",23-Jul-22,0.149,NaN,NaN,12.05,NaN,23.73,NaN,36.08,NaN,49.44,NaN,8.30,NaN,8.56,NaN,8.10,NaN,7.49,2,6
"Karpov, Dmitriy (KAZ) (1981)",19-Aug-09,0.127,NaN,NaN,11.89,NaN,23.17,NaN,35.47,NaN,49.45,NaN,8.41,NaN,8.87,NaN,8.13,NaN,7.15,7,1
"Yamade, Masaki (JPN)",26-May-17,NaN,NaN,NaN,11.68,NaN,22.64,NaN,35.21,NaN,49.53,NaN,8.56,NaN,9.12,NaN,7.96,NaN,6.98,8,8
"Ziemek, Zachery (USA) (1993)",23-Jul-22,0.185,NaN,NaN,11.58,NaN,22.98,NaN,35.45,NaN,49.56,NaN,8.64,NaN,8.77,NaN,8.02,NaN,7.09,4,3
"Mammadov, Javid (AZE) (1994)",20-Jun-23,0.191,NaN,NaN,11.87,NaN,23.05,NaN,35.36,NaN,49.58,NaN,8.42,NaN,8.94,NaN,8.12,NaN,7.03,6,2
"Ito, Chikki (JPN)",25-May-18,NaN,NaN,NaN,12.43,NaN,24.50,NaN,36.71,NaN,49.60,NaN,8.05,NaN,8.29,NaN,8.19,NaN,7.76,6,1
"Bregenzer, Pierre-Yves (SUI) (2000)",22-Aug-24,0.172,NaN,6.39,11.71,17.23,23.04,29.07,35.51,42.35,49.60,7.82,9.40,9.06,8.61,8.29,7.76,7.31,6.90,6,8
"Kawauchi, Shogo (JPN) (2003)",28-Jul-21,0.183,NaN,6.70,12.42,18.30,24.31,30.40,36.61,42.90,49.61,7.46,8.74,8.50,8.32,8.21,8.05,7.95,7.45,7,8
"Ozawa, Yohei (JPN) (2007)",28-Jul-24,0.280,NaN,NaN,12.06,NaN,22.62,NaN,34.83,NaN,49.63,NaN,8.29,NaN,9.47,NaN,8.19,NaN,6.76,4,8
"Kajima, Ayato (JPN) (2003)",28-May-21,NaN,NaN,NaN,12.15,NaN,23.47,NaN,35.67,NaN,49.64,NaN,8.23,NaN,8.83,NaN,8.20,NaN,7.16,4,1
"Garland, Kyle (USA) (2000)",23-Jul-22,0.152,NaN,NaN,11.71,NaN,23.58,NaN,36.07,NaN,49.64,NaN,8.54,NaN,8.42,NaN,8.01,NaN,7.37,5,7
"Ushiro, Keisuke (JPN) (1986)",31-May-14,NaN,NaN,6.45,11.90,17.55,23.38,29.51,35.98,42.57,49.66,7.75,9.17,8.85,8.58,8.16,7.73,7.59,7.05,4,3
"Merheb, Noah Digernes (NOR) (2007)",12-Jun-25,0.192,NaN,6.71,12.31,18.12,24.13,30.25,36.65,43.07,49.67,7.45,8.93,8.61,8.32,8.17,7.81,7.79,7.58,1,6
"Taue, Shun (JPN) (1997)",10-Jun-23,NaN,NaN,6.56,11.97,17.56,23.33,29.42,35.84,42.49,49.69,7.62,9.24,8.94,8.67,8.21,7.79,7.52,6.94,7,4
"Morimoto, Kimihito (JPN) (1993)",16-Jun-18,NaN,NaN,6.41,11.89,17.63,23.71,30.01,36.41,42.93,49.70,7.80,9.12,8.71,8.22,7.94,7.81,7.67,7.39,5,3
"Taue, Shun (JPN) (1997)",30-Apr-22,0.138,NaN,6.58,11.88,17.33,23.11,29.21,35.65,42.43,49.74,7.60,9.43,9.17,8.65,8.20,7.76,7.37,6.84,8,2
"Otobe, Takumi (JPN) (1989)",26-Apr-14,NaN,NaN,6.34,11.78,17.52,23.48,29.68,36.02,42.58,49.75,7.89,9.19,8.71,8.39,8.06,7.89,7.62,6.97,5,3
"Stelen, Lars Gausemel (NOR) (1997)",13-Jun-19,0.171,NaN,NaN,11.8,NaN,23.0,NaN,35.6,NaN,49.75,NaN,8.47,NaN,8.93,NaN,7.94,NaN,7.07,7,7
"Hamano, Junpei (JPN) (1989)",02-Aug-07,NaN,NaN,6.25,11.77,17.78,24.08,30.28,36.34,42.64,49.76,8.00,9.06,8.32,7.94,8.06,8.25,7.94,7.02,NaN,3
"Ferreira Santana, Jose (BRA) (1999)",20-Sep-25,0.166,NaN,NaN,11.93,NaN,23.19,NaN,NaN,NaN,49.78,NaN,8.38,NaN,8.88,NaN,NaN,NaN,7.52,7,4
"Skotheim, Sander (NOR) (2002)",23-Jul-22,0.154,NaN,NaN,11.95,NaN,23.40,NaN,35.89,NaN,49.80,NaN,8.37,NaN,8.73,NaN,8.01,NaN,7.19,8,8
"Gendre, Vincent (SUI) (2001)",26-Aug-21,0.166,NaN,6.7,12.3,17.9,23.8,30.0,36.4,42.9,49.81,7.46,8.93,8.93,8.47,8.06,7.81,7.69,7.24,8,7
"Ikeda, Daisuke (JPN) (1986)",25-Jun-09,NaN,NaN,6.78,12.66,18.57,24.58,30.70,36.92,43.24,49.82,7.37,8.50,8.46,8.32,8.17,8.04,7.91,7.60,1,3
"Ushiro, Keisuke (JPN) (1986)",26-Apr-14,NaN,NaN,6.55,12.00,17.65,23.55,29.68,36.09,42.69,49.84,7.63,9.17,8.85,8.47,8.16,7.80,7.58,6.99,5,3
"Hasnaoui, Farid (MAR) (2005)",28-May-23,0.147,NaN,6.62,12.13,17.80,23.71,29.81,36.09,42.63,49.85,7.55,9.07,8.82,8.46,8.20,7.96,7.65,6.93,1,8
"Golubovic, Daniel (AUS) (1993)",25-Aug-23,0.180,NaN,NaN,12.09,NaN,23.60,NaN,36.22,NaN,49.87,NaN,8.27,NaN,8.69,NaN,7.92,NaN,7.33,3,6
"Tanaka, Hiromasa (JPN) (1981)",10-Oct-09,NaN,NaN,6.52,12.15,18.00,23.94,30.06,36.38,42.90,49.89,7.67,8.88,8.55,8.42,8.17,7.91,7.67,7.15,6,2
"Kotake, Rion (JPN) (1999)",09-Oct-17,0.148,NaN,NaN,11.88,NaN,23.68,NaN,36.31,NaN,49.92,NaN,8.42,NaN,8.47,NaN,7.92,NaN,7.35,2,8
"Tveit, Espen (NOR) (1991)",13-Jun-19,0.194,NaN,NaN,12.2,NaN,23.9,NaN,36.4,NaN,49.92,NaN,8.20,NaN,8.55,NaN,8.00,NaN,7.40,2,8
"Ahmeti, Granit (KOS) (2003)",20-Jun-23,0.270,NaN,NaN,12.13,NaN,23.51,NaN,36.26,NaN,49.92,NaN,8.24,NaN,8.79,NaN,7.84,NaN,7.32,4,3
"Vos, Ingmar (NED) (1986)",19-Aug-09,0.155,NaN,NaN,11.68,NaN,22.90,NaN,35.21,NaN,49.99,NaN,8.56,NaN,8.91,NaN,8.12,NaN,6.77,6,5
"Maruyama, Yuma (JPN) (1998)",08-Jun-19,NaN,NaN,6.41,11.81,17.38,23.29,29.49,35.85,42.65,49.99,7.80,9.26,8.98,8.46,8.06,7.86,7.35,6.81,5,1
"Arai, Iori (JPN)",26-May-22,NaN,NaN,NaN,12.18,NaN,24.05,NaN,36.61,NaN,49.99,NaN,8.21,NaN,8.42,NaN,7.96,NaN,7.47,8,1
"Nishikori, Yushin (JPN)",24-May-24,NaN,NaN,NaN,12.13,NaN,23.93,NaN,36.49,NaN,49.99,NaN,8.24,NaN,8.47,NaN,7.96,NaN,7.41,8,3
"Yamane, Yusuke (JPN) (2003)",28-May-21,NaN,NaN,NaN,12.05,NaN,23.38,NaN,35.76,NaN,50.00,NaN,8.30,NaN,8.83,NaN,8.08,NaN,7.02,3,2
"Spejcher, Daniel (USA) (2000)",21-Jun-24,NaN,NaN,NaN,11.56,NaN,22.85,NaN,35.71,NaN,50.00,NaN,8.65,NaN,8.86,NaN,7.78,NaN,7.00,8,2
"Mishima, Sota (JPN)",26-May-22,NaN,NaN,NaN,12.12,NaN,24.00,NaN,26.56,NaN,50.03,NaN,8.25,NaN,8.42,NaN,39.06,NaN,4.26,4,2
"Flood, Jack (USA) (1995)",21-Jun-24,NaN,NaN,NaN,11.99,NaN,23.25,NaN,35.81,NaN,50.03,NaN,8.34,NaN,8.88,NaN,7.96,NaN,7.03,5,3
"Nakamura, Akihiko (JPN) (1990)",08-Jun-19,NaN,NaN,6.45,11.90,17.48,23.39,29.57,35.95,42.67,50.06,7.75,9.17,8.96,8.46,8.09,7.84,7.44,6.77,7,4
"Tanaka, Hiromasa (JPN) (1981)",18-Apr-09,NaN,NaN,6.35,11.73,17.27,23.20,29.30,35.55,42.09,50.08,7.87,9.29,9.03,8.43,8.20,8.00,7.65,6.26,6,3
"Newdick, Brent (NZL) (1985)",19-Aug-09,0.158,NaN,11.76,NaN,23.29,NaN,35.62,NaN,50.10,50.10,8.50,NaN,8.67,NaN,8.11,NaN,6.91,7.98,8,6
"Tanaka, Rui (2000)",25-May-18,NaN,NaN,12.43,NaN,24.47,NaN,36.93,NaN,50.13,50.13,8.05,NaN,8.31,NaN,8.03,NaN,7.58,7.98,4,3
"Shimato, Shin (JPN) (2004)",03-Aug-22,0.196,NaN,11.67,NaN,23.09,NaN,36.04,NaN,50.14,50.14,8.57,NaN,8.76,NaN,7.72,NaN,7.09,7.98,5,8
"Katayama, Kazuya (JPN) (1995)",04-Jun-22,NaN,NaN,6.56,11.94,17.50,23.44,29.70,36.16,42.89,50.15,7.62,9.29,8.99,8.42,7.99,7.74,7.43,6.89,2,4
"Sargsyan, Davit (ARM) (2001)",20-Jun-23,0.184,NaN,12.01,NaN,23.53,NaN,36.16,NaN,50.15,50.15,8.33,NaN,8.68,NaN,7.92,NaN,7.15,7.98,7,4
"Fremstad-Waldro, Theodore Einar (N)",12-Jun-25,0.162,NaN,6.28,11.63,17.33,23.39,29.73,36.40,43.16,50.19,7.96,9.35,8.77,8.25,7.89,7.50,7.40,7.11,3,7
Fei Xiang (CHN) (1998),20-Sep-25,0.168,NaN,12.05,NaN,23.46,NaN,36.16,NaN,50.19,50.19,8.30,NaN,8.76,NaN,7.87,NaN,7.13,7.97,3,7
"Musa, Mubarak Abdulkarim (QAT) (2)",05-May-23,0.230,NaN,6.85,12.63,18.93,25.04,31.06,36.98,43.33,50.20,7.30,8.65,7.94,8.18,8.31,8.45,7.87,7.28,6,6
"Yuzhen, Jingshan (JPN)",30-May-25,NaN,NaN,12.25,NaN,23.67,NaN,36.31,NaN,50.20,50.20,8.16,NaN,8.76,NaN,7.91,NaN,7.20,7.97,5,1
"Ushiro, Keisuke (JPN) (1986)",30-Sep-14,NaN,NaN,6.52,11.88,17.63,23.82,30.12,36.58,43.23,50.25,7.67,9.33,8.70,8.08,7.94,7.74,7.52,7.12,NaN,4
"Nakamura, Akihiko (JPN) (1990)",30-Apr-22,0.139,NaN,6.58,12.16,17.78,23.69,29.84,36.29,43.05,50.26,7.60,8.96,8.90,8.46,8.13,7.75,7.40,6.93,4,4
"Pogorelov, Aleksandr (RUS) (1980)",19-Aug-09,0.171,NaN,12.05,NaN,23.81,NaN,36.41,NaN,50.27,50.27,8.30,NaN,8.50,NaN,7.94,NaN,7.22,7.96,4,3
"Maruyama, Yuma (JPN) (1998)",16-Jun-18,NaN,NaN,6.56,12.15,17.93,24.05,30.38,36.85,43.37,50.27,7.62,8.94,8.65,8.17,7.90,7.73,7.67,7.25,3,5
Han Zhiyu (CHN) (2004),02-Jun-23,NaN,NaN,NaN,12.05,NaN,23.41,NaN,36.04,42.93,50.33,NaN,8.30,NaN,8.80,NaN,7.92,7.26,6.76,2,8
"Golubovic, Daniel (AUS) (1993)",02-Aug-24,0.165,NaN,6.68,12.12,17.82,23.72,29.99,36.55,43.35,50.37,7.49,9.19,8.77,8.47,7.97,7.62,7.35,7.12,8,5
"Uibo, Maicel (EST) (1992)",23-Jul-22,0.197,NaN,NaN,11.94,NaN,23.55,NaN,36.29,NaN,50.38,NaN,8.38,NaN,8.61,NaN,7.85,NaN,7.10,7,4
"Nakamura, Akihiko (JPN) (1990)",10-Jun-23,NaN,NaN,6.85,12.49,18.31,24.37,30.65,37.13,43.65,50.40,7.30,8.87,8.59,8.25,7.96,7.72,7.67,7.41,7,2
"Sebrle, Roman (CZE) (1974)",19-Aug-09,0.164,NaN,NaN,11.99,NaN,23.55,NaN,36.11,NaN,50.42,NaN,8.34,NaN,8.65,NaN,7.96,NaN,6.99,2,7
"Umeiuchi, Eiichi (JPN)",09-Jul-17,NaN,NaN,NaN,11.95,NaN,23.58,NaN,36.04,NaN,50.42,NaN,8.37,NaN,8.60,NaN,8.03,NaN,6.95,8,3
"Ushiro, Keisuke (JPN) (1986)",01-Jun-13,NaN,NaN,6.66,12.23,17.88,23.85,30.04,36.41,43.16,50.43,7.51,8.98,8.85,8.38,8.08,7.85,7.41,6.88,6,4
"Gletty, Makenson (FRA) (1999)",20-Sep-25,0.211,NaN,NaN,11.89,NaN,23.37,NaN,NaN,NaN,50.49,NaN,8.41,NaN,8.71,NaN,NaN,NaN,7.37,8,5
"Armadi, Daoud Ismail (SUD) (2006)",05-May-23,0.241,NaN,6.59,11.86,17.54,23.58,30.03,36.57,43.26,50.50,7.59,9.49,8.80,8.28,7.75,7.65,7.47,6.91,1,7
"Jones, Hunter (USA) (2000)",21-Jun-24,NaN,NaN,NaN,11.71,NaN,23.14,NaN,36.09,NaN,50.51,NaN,8.54,NaN,8.75,NaN,7.72,NaN,6.93,9,4
"Arai, Iori (JPN)",28-May-21,NaN,NaN,NaN,12.45,NaN,24.48,NaN,36.88,NaN,50.52,NaN,8.03,NaN,8.31,NaN,8.06,NaN,7.33,5,3
"Funo, Shintaro (JPN)",26-May-23,NaN,NaN,NaN,12.70,NaN,24.83,NaN,37.47,NaN,50.52,NaN,7.87,NaN,8.24,NaN,7.91,NaN,7.66,3,2
"Mitsunari, Reo (JPN)",24-May-19,NaN,NaN,NaN,12.82,NaN,24.82,NaN,37.25,NaN,50.53,NaN,7.80,NaN,8.33,NaN,8.05,NaN,7.53,5,2
"Ushiro, Keisuke (JPN) (1986)",12-Jun-10,NaN,NaN,6.80,12.45,18.22,24.18,30.15,36.48,43.26,50.58,7.35,8.85,8.67,8.39,8.38,7.90,7.37,6.83,NaN,NaN
"Ushiro, Keisuke (JPN) (1986)",02-Jun-12,NaN,NaN,6.66,12.17,17.76,23.64,29.70,36.15,43.01,50.58,7.51,9.07,8.94,8.50,8.25,7.75,7.29,6.61,6,4
"Hasnaoui, Farid (MAR) (2005)",05-Jun-22,0.144,NaN,6.72,12.35,18.27,24.40,30.75,37.27,43.80,50.49,7.44,8.88,8.45,8.16,7.87,7.67,7.66,7.47,1,7
"Kupunia, Luka (GEO) (2000)",20-Jun-23,0.184,NaN,NaN,11.83,NaN,23.27,NaN,36.02,NaN,50.59,NaN,8.45,NaN,8.74,NaN,7.84,NaN,6.86,9,5
"Ushiro, Keisuke (JPN) (1986)",18-Apr-09,NaN,NaN,6.92,12.57,18.17,24.06,30.13,36.38,42.93,50.60,7.23,8.85,8.93,8.49,8.24,8.00,7.63,6.52,9,3
"Ushiro, Keisuke (JPN) (1986)",24-Apr-10,NaN,NaN,7.01,12.69,18.55,24.50,30.63,36.91,43.52,50.61,7.13,8.80,8.53,8.40,8.16,7.96,7.56,7.05,8,4
"Tanaka, Hiromasa (JPN) (1981)",25-Jun-09,NaN,NaN,6.52,12.28,18.29,24.38,30.61,37.03,43.62,50.65,7.67,8.68,8.32,8.21,8.03,7.79,7.59,7.11,2,5
"Taue, Shun (JPN) (1997)",22-Jun-24,NaN,NaN,6.70,12.21,17.96,23.92,30.16,36.67,43.43,50.65,7.46,9.07,8.70,8.39,8.01,7.68,7.40,6.93,6,4
"Tobita, Riku (JPN)",11-Jul-20,NaN,NaN,NaN,11.81,NaN,23.50,NaN,36.53,NaN,50.72,NaN,8.47,NaN,8.55,NaN,7.67,NaN,7.05,7,2
"Miyahiro, Mitsuki (JPN)",24-May-24,NaN,NaN,NaN,12.67,NaN,24.57,NaN,37.21,NaN,50.72,NaN,7.89,NaN,8.40,NaN,7.91,NaN,7.40,6,4
"Johansen, Tobias (NOR) (2003)",12-Jun-25,0.220,NaN,6.69,12.15,17.86,23.88,30.10,36.68,43.41,50.72,7.47,9.16,8.76,8.31,8.04,7.60,7.43,6.84,8,8
"Shimizu, Tsuyoshi (JPN) (1993)",21-Apr-18,NaN,NaN,6.56,12.12,17.77,23.61,29.71,36.22,43.13,50.73,7.62,8.99,8.85,8.56,8.20,7.68,7.24,6.58,4,3
"Ushiro, Keisuke (JPN) (1986)",08-Aug-12,0.190,NaN,6.70,12.34,18.12,24.13,30.39,36.87,43.61,50.78,7.46,8.87,8.65,8.32,7.99,7.72,7.42,6.97,7,4
"Naruto, Ueki (JPN)",24-May-24,NaN,NaN,NaN,12.77,NaN,24.93,NaN,37.51,NaN,50.78,NaN,7.83,NaN,8.22,NaN,7.95,NaN,7.54,2,5
"Ziemek, Zachery (USA) (1993)",02-Aug-24,0.172,NaN,6.37,11.45,16.83,22.39,28.37,35.01,42.39,50.79,7.85,9.84,9.29,8.99,8.36,7.53,6.78,5.95,3,6
"Ushiro, Keisuke (JPN) (1986)",23-Apr-11,NaN,NaN,6.73,12.42,18.30,24.45,30.74,37.19,43.75,50.80,7.43,8.79,8.50,8.13,7.95,7.75,7.62,7.09,6,3
"Ushiro, Keisuke (JPN) (1986)",21-Apr-18,NaN,NaN,6.62,12.10,17.72,23.67,29.84,36.37,43.28,50.80,7.55,9.12,8.90,8.40,8.10,7.66,7.24,6.65,5,5
"Ushiro, Keisuke (JPN) (1986)",16-Jun-18,NaN,NaN,6.55,12.17,17.95,24.06,30.33,36.76,43.49,50.80,7.63,8.90,8.65,8.18,7.97,7.78,7.43,6.84,5,5
"Ibukun, Hisashiyo (JPN)",11-Jul-20,NaN,NaN,NaN,12.14,NaN,24.08,NaN,36.83,NaN,50.80,NaN,8.24,NaN,8.38,NaN,7.84,NaN,7.16,4,3
"Tsuchie, Ryu (JPN)",24-May-19,NaN,NaN,NaN,12.34,NaN,24.27,NaN,37.01,NaN,50.82,NaN,8.10,NaN,8.38,NaN,7.85,NaN,7.24,2,3
"Miyahiro, Mitsuki (JPN)",30-May-25,NaN,NaN,NaN,12.75,NaN,24.22,NaN,37.36,NaN,50.84,NaN,7.84,NaN,8.72,NaN,7.61,NaN,7.42,6,2
"Ushiro, Keisuke (JPN) (1986)",10-Oct-09,NaN,NaN,6.95,12.75,18.68,24.69,30.77,37.09,43.73,50.88,7.19,8.62,8.43,8.32,8.22,7.91,7.53,6.99,3,5
"Miyamura, Yushi (JPN)",24-May-24,NaN,NaN,NaN,12.65,NaN,24.77,NaN,37.50,NaN,50.88,NaN,7.91,NaN,8.25,NaN,7.86,NaN,7.47,3,6
"Maruyama, Yuma (JPN) (1998)",22-Jun-24,NaN,NaN,6.57,12.11,17.87,23.90,30.08,36.63,43.47,50.88,7.61,9.03,8.68,8.29,8.09,7.63,7.31,6.75,8,5
"Sugitate, Yasuharu (JPN)",25-May-18,NaN,NaN,NaN,12.08,NaN,23.98,NaN,36.49,NaN,50.92,NaN,8.28,NaN,8.40,NaN,7.99,NaN,6.93,3,4
"Nowak, Tim (GER) (1995)",23-Jul-22,0.161,NaN,NaN,11.86,NaN,23.17,NaN,36.03,NaN,50.94,NaN,8.43,NaN,8.84,NaN,7.78,NaN,6.71,2,5
"Sakamoto, Yuto (JPN)",24-May-19,NaN,NaN,NaN,12.90,NaN,25.36,NaN,38.03,NaN,50.97,NaN,7.75,NaN,8.03,NaN,7.89,NaN,7.73,7,4
"Matsubara, Shuichiro (JPN) (1997)",29-Jul-15,NaN,NaN,6.55,12.04,17.72,23.65,29.93,36.59,43.58,50.98,7.63,9.11,8.80,8.43,7.96,7.51,7.15,6.76,NaN,8
"Tobita, Riku (JPN)",24-May-19,NaN,NaN,NaN,12.09,NaN,24.21,NaN,37.47,NaN,50.99,NaN,8.27,NaN,8.25,NaN,7.54,NaN,7.40,8,5
"Terada, Shohei (JPN)",30-May-25,NaN,NaN,NaN,12.70,NaN,24.95,NaN,37.63,NaN,51.02,NaN,7.87,NaN,8.16,NaN,7.89,NaN,7.47,7,3
"Mizunara, Oba (JPN)",24-May-19,NaN,NaN,NaN,12.37,NaN,24.36,NaN,37.35,NaN,51.03,NaN,8.08,NaN,8.34,NaN,7.70,NaN,7.31,3,6
"Fujimoto, Takashi (JPN)",26-May-23,NaN,NaN,NaN,12.35,NaN,24.32,NaN,37.11,NaN,51.04,NaN,8.10,NaN,8.35,NaN,7.82,NaN,7.18,8,3
"Horinishi, Koji (JPN)",24-May-19,NaN,NaN,NaN,12.65,NaN,25.04,NaN,38.05,NaN,51.05,NaN,7.91,NaN,8.07,NaN,7.69,NaN,7.69,4,7
"Ushiro, Keisuke (JPN) (1986)",27-Apr-13,NaN,NaN,6.66,12.23,17.92,23.90,30.22,36.76,43.66,51.11,7.51,8.98,8.79,8.36,7.91,7.65,7.25,6.71,6,4
"Ushiro, Keisuke (JPN) (1986)",24-Nov-10,NaN,NaN,6.80,12.54,18.50,24.70,31.04,37.49,44.12,51.14,7.35,8.71,8.39,8.06,7.89,7.75,7.54,7.12,NaN,4
"Arai, Yuta (JPN)",28-May-21,NaN,NaN,NaN,13.13,NaN,25.37,NaN,37.73,NaN,51.15,NaN,7.62,NaN,8.17,NaN,8.09,NaN,7.45,8,4
"Ushiro, Keisuke (JPN) (1986)",21-Apr-12,NaN,NaN,6.59,12.16,17.88,23.89,30.10,36.68,43.67,51.16,7.59,8.98,8.74,8.32,8.05,7.60,7.15,6.68,NaN,NaN
"Ito, Chikki (JPN)",26-May-17,NaN,NaN,NaN,12.43,NaN,24.47,NaN,37.57,NaN,51.18,NaN,8.05,NaN,8.31,NaN,7.63,NaN,7.35,9,2
"Fukuyoshi, Takuma (JPN)",30-May-25 time,NaN,NaN,13.30,NaN,25.47,NaN,38.17,NaN,51.22,51.22,7.52,NaN,8.22,NaN,7.87,NaN,7.66,7.81,9,4
"Fukuma, Yuto (JPN)",30-May-25 time,NaN,NaN,13.45,NaN,26.02,NaN,38.68,NaN,51.29,51.29,7.43,NaN,7.96,NaN,7.90,NaN,7.93,7.80,8,5
"Higo, Akiteru (JPN)",30-May-25 time,NaN,NaN,13.75,NaN,25.42,NaN,37.74,NaN,51.29,51.29,7.27,NaN,8.57,NaN,8.12,NaN,7.38,7.80,4,6
"Higo, Akiteru (JPN)",24-May-24 time,NaN,NaN,12.80,NaN,24.90,NaN,37.57,NaN,51.32,51.32,7.81,NaN,8.26,NaN,7.89,NaN,7.27,7.79,9,8
"Tenkawa, Ten (JPN)",26-May-23 time,NaN,NaN,12.93,NaN,25.30,NaN,38.06,NaN,51.33,51.33,7.73,NaN,8.08,NaN,7.84,NaN,7.54,7.79,4,4
"Nilsson, Marcus (SWE) (1991)",25-Aug-23 time,0.204 interval,NaN,12.33,NaN,24.09,NaN,37.17,NaN,51.36,51.36,8.11,NaN,8.50,NaN,7.65,NaN,7.05,7.79,3,5
"Yamao, Yuto (JPN)",30-May-25 time,NaN,NaN,12.95,NaN,24.33,NaN,37.44,NaN,51.36,51.36,7.72,NaN,8.79,NaN,7.63,NaN,7.18,7.79,2,7
"Zakaria, Abdulmajid (QAT)",03-May-19 time,0.164 interval,NaN,12.5,NaN,24.5,NaN,37.7,NaN,51.44,51.44,8.00,NaN,8.33,NaN,7.58,NaN,7.28,7.78,1,5
"Hazzard, Aiden (AIA) (1998)",17-Jul-22 time,0.128 interval,NaN,11.75,NaN,23.40,NaN,36.39,NaN,51.44,51.44,8.51,NaN,8.58,NaN,7.70,NaN,6.64,7.78,3,7
"Ushiro, Keisuke (JPN) (1986)",08-Jun-19 time,NaN,NaN,12.28,18.05,24.15,30.54,36.97,43.85,51.46,51.46,7.52,8.88,8.67,8.20,7.82,7.78,7.27,6.57,6,4
"Ishibashi, Naoaki (JPN)",26-May-23 time,NaN,NaN,12.20,NaN,24.17,NaN,37.08,NaN,51.54,51.54,8.20,NaN,8.35,NaN,7.75,NaN,6.92,7.76,7,5
"Adachi, Yuki (JPN)",26-May-17 time,NaN,NaN,12.53,NaN,24.27,NaN,37.73,NaN,51.56,51.56,7.98,NaN,8.52,NaN,7.43,NaN,7.23,7.76,5,3
"Aoki, Haruka (JPN)",25-May-18 time,NaN,NaN,12.48,NaN,24.75,NaN,37.33,NaN,51.69,51.69,8.01,NaN,8.15,NaN,7.95,NaN,6.96,7.74,2,5
"Nakao, Hyousei (JPN)",28-May-21,NaN,NaN,12.95,NaN,25.03,NaN,37.79,NaN,51.79,51.79,7.72,NaN,8.28,NaN,7.84,NaN,7.14,7.72,1,6
"Yamane, Yusuke (JPN) (2003)",11-Jul-20,NaN,NaN,11.91,NaN,24.00,NaN,37.41,NaN,51.85,51.85,8.40,NaN,8.27,NaN,7.46,NaN,6.93,7.71,8,4
"Miyazaki, Yumeta (JPN)",26-May-22,NaN,NaN,12.43,NaN,24.33,NaN,37.48,NaN,51.85,51.85,8.05,NaN,8.40,NaN,7.60,NaN,6.96,7.71,9,4
"Yamami, Yusho (JPN)",30-May-25,NaN,NaN,13.38,NaN,24.63,NaN,37.67,NaN,51.90,51.90,7.47,NaN,8.89,NaN,7.67,NaN,7.03,7.71,3,8
"Pešić, Dragan (MNE) (1993)",20-Jun-23,0.201,NaN,12.18,NaN,23.85,NaN,36.83,NaN,51.98,51.98,8.21,NaN,8.57,NaN,7.70,NaN,6.60,7.70,8,6
"Tenkawa, Ten (JPN)",26-May-22,NaN,NaN,12.97,NaN,25.43,NaN,38.28,NaN,51.99,51.99,7.71,NaN,8.03,NaN,7.78,NaN,7.29,7.69,7,5
"Ushiro, Keisuke (JPN) (1986)",26-Sep-20,NaN,NaN,6.71,12.34,18.17,24.30,30.61,37.24,44.30,52.11,7.45,8.88,8.58,8.16,7.92,7.54,7.08,6.40,5,6
"Fujimoto, Takashi (JPN)",26-May-22,NaN,NaN,12.65,NaN,24.70,NaN,38.16,NaN,52.16,52.16,7.91,NaN,8.30,NaN,7.43,NaN,7.14,7.67,2,6
"Hashiwata, Hibiki (JPN)",26-May-23,NaN,NaN,12.57,NaN,24.92,NaN,38.23,NaN,52.28,52.28,7.96,NaN,8.10,NaN,7.51,NaN,7.12,7.65,5,6
Wang Xingwei (CHN),03-May-25,0.190,NaN,6.75,12.52,18.46,24.62,31.03,37.72,44.78,52.31,7.41,8.67,8.42,8.12,7.80,7.47,7.08,6.64,5,2
"Morinaga, Natsuno (JPN)",25-May-18,NaN,NaN,12.83,NaN,25.33,NaN,38.28,NaN,52.33,52.33,7.79,NaN,8.00,NaN,7.72,NaN,7.12,7.64,8,6
Li Siyuan (CHN),03-May-25,0.231,NaN,6.72,12.29,18.27,24.59,31.26,38.14,45.15,52.44,7.44,8.98,8.36,7.91,7.50,7.27,7.13,6.86,2,3
Ma Peng (CHN),03-May-25,0.246,NaN,7.10,12.98,19.09,25.47,32.04,38.71,45.52,52.53,7.04,8.50,8.18,7.84,7.61,7.53,7.13,7.61,1,4
"Ushiro, Keisuke (JPN) (1986)",04-Jun-22,NaN,NaN,6.69,12.21,17.97,24.07,30.54,37.37,44.64,52.57,7.47,9.06,8.68,8.20,7.73,7.32,6.88,6.31,3,9
"Ushiro, Keisuke (JPN) (1986)",06-May-23,0.187,NaN,6.84,12.47,18.00,24.41,30.80,37.57,44.75,52.61,7.31,8.88,9.04,7.80,7.82,7.39,6.96,6.36,7,5
Lee Zheyu (CHN),03-May-25,0.219,NaN,7.03,12.91,18.91,25.18,31.70,38.32,45.24,52.62,7.11,8.50,8.33,7.97,7.67,7.55,7.23,6.78,4,5
"Watanabe, Koki (JPN)",26-May-17,NaN,NaN,NaN,12.87,NaN,25.50,NaN,39.03,NaN,52.70,NaN,7.77,NaN,7.92,NaN,7.39,NaN,7.32,4,4
"Miyazaki, Kanta (JPN)",26-May-17,NaN,NaN,NaN,12.47,NaN,24.87,NaN,38.63,NaN,52.73,NaN,8.02,NaN,8.06,NaN,7.27,NaN,7.09,6,5
"Higashihara, Shun (JPN)",26-May-23,NaN,NaN,NaN,12.67,NaN,25.25,NaN,38.73,NaN,52.77,NaN,7.89,NaN,7.95,NaN,7.42,NaN,7.12,2,7
"Ushiro, Keisuke (JPN) (1986)",30-Apr-22,0.174,NaN,6.75,12.37,18.11,24.23,30.62,37.43,44.83,52.93,7.41,8.90,8.71,8.17,7.82,7.34,6.76,6.17,5,5
"Kitamura, Yasukazu (JPN)",28-May-21,NaN,NaN,NaN,12.80,NaN,24.93,NaN,37.83,NaN,52.99,NaN,7.81,NaN,8.24,NaN,7.75,NaN,6.60,2,7
"Mukuno, Ryosuke (JPN)",26-May-23,NaN,NaN,NaN,13.20,NaN,26.37,NaN,39.57,NaN,53.21,NaN,7.58,NaN,7.59,NaN,7.58,NaN,7.33,1,8
"Timbaci, Obediah (VAN) (2003)",17-Jul-22,0.209,NaN,NaN,12.30,NaN,24.49,NaN,37.87,NaN,53.32,NaN,8.13,NaN,8.20,NaN,7.47,NaN,6.47,4,7
"Haroun, Mohamed Darm (QAT)",03-May-19,0.163,NaN,NaN,13.0,NaN,25.9,NaN,39.4,NaN,53.47,NaN,7.69,NaN,7.75,NaN,7.41,NaN,7.11,8,6
"Kanetsuki, Satoshi (JPN)",28-May-21,NaN,NaN,NaN,13.53,NaN,26.72,NaN,40.22,NaN,54.01,NaN,7.39,NaN,7.58,NaN,7.41,NaN,7.25,7,8
Cheng Yudong (CHN),03-May-25,0.217,NaN,7.12,13.12,19.39,26.02,32.91,39.96,47.17,54.62,7.02,8.33,7.97,7.54,7.26,7.09,6.93,6.71,6,6
"Nishikori, Yushin (JPN)",26-May-22,NaN,NaN,NaN,12.65,NaN,25.30,NaN,39.29,NaN,54.68,NaN,7.91,NaN,7.91,NaN,7.15,NaN,6.50,3,7
"Matsumura, Kohei (JPN)",25-May-18,NaN,NaN,NaN,13.18,NaN,26.18,NaN,39.98,NaN,55.21,NaN,7.59,NaN,7.69,NaN,7.25,NaN,6.57,7,8
"Hashiwata, Hibiki (JPN)",26-May-22,NaN,NaN,NaN,12.40,NaN,24.72,NaN,39.39,NaN,56.79,NaN,8.06,NaN,8.12,NaN,6.82,NaN,5.75,6,8
Zeng Shuheng (CHN),03-May-25,0.185,NaN,6.91,12.61,18.96,25.99,33.77,42.32,51.58,61.47,7.24,8.77,7.87,7.11,6.43,5.85,5.40,5.06,7,7
Xu Junhao (CHN),03-May-25,0.168,NaN,6.99,13.07,19.72,26.89,34.68,43.10,52.52,63.76,7.15,8.22,7.52,6.97,6.42,5.94,5.31,4.45,8,8
"Doom, Alexander (BEL) (1997)",06-Aug-24,0.150,NaN,6.26,11.12,16.01,21.09,26.48,32.88,NaN,NaN,7.99,10.29,10.22,9.84,9.28,7.81,NaN,NaN,6,8
"Hudson-Smith, Matthew (GBR) (1994)",13-Sep-24,0.164,NaN,6.22,11.18,17.43,27.19,NaN,NaN,NaN,NaN,8.04,10.08,8.00,5.12,NaN,NaN,NaN,NaN,5,8
"Ismail, Ibrahim (QAT) (1972)",29-Jul-96,0.365,NaN,NaN,NaN,NaN,21.65,NaN,NaN,NaN,NaN,NaN,NaN,NaN,9.24,NaN,NaN,NaN,NaN,7,-
"Alexander, Akeem (USA) (1994)",28-Jun-14,NaN,NaN,NaN,11.5,NaN,22.5,NaN,33.9,NaN,NaN,NaN,8.70,NaN,9.09,NaN,8.77,NaN,NaN,NaN,8
"Gardiner, Steven (BAH) (1995)",30-Aug-18,0.126,NaN,NaN,12.1,NaN,NaN,NaN,NaN,NaN,NaN,NaN,8.26,NaN,NaN,NaN,NaN,NaN,NaN,4,-
"Makwala, Isaac (BOT) (1986)",18-May-19,0.211,NaN,NaN,11.9,NaN,22.3,NaN,NaN,NaN,NaN,NaN,8.40,NaN,9.62,NaN,NaN,NaN,NaN,7,-
"Jones, Jonathan (BAR) (1999)",12-Jul-19,NaN,NaN,NaN,11.2,NaN,21.5,NaN,32.6,NaN,nt,NaN,8.93,NaN,9.71,NaN,9.01,NaN,NaN,7,-
"Zambrano, Anthony (COL) (1998)",12-Jul-19,NaN,NaN,NaN,11.3,NaN,21.9,NaN,NaN,NaN,nt,NaN,8.85,NaN,9.43,NaN,NaN,NaN,NaN,8,-
"Makwala, Isaac (BOT) (1986)",06-Sep-19,NaN,NaN,6.4,11.3,16.5,21.9,27.3,33.1,39.4,NaN,7.81,10.20,9.62,9.26,9.26,8.62,7.94,NaN,8,-
"Warner, Damian (CAN) (1989)",23-Jul-22,0.139,NaN,NaN,11.15,NaN,NaN,NaN,NaN,NaN,NaN,NaN,NaN,NaN,NaN,NaN,NaN,NaN,NaN,1,--
"Amene, Dubem (NGR) (2002)",05-Aug-22,0.189,NaN,6.4,11.5,17.0,22.8,28.8,NaN,NaN,NaN,NaN,9.80,9.09,8.62,8.33,NaN,NaN,NaN,9,--
"Borlée, Kevin (BEL) (1988)",16-Aug-22,0.166,NaN,NaN,11.30,NaN,NaN,NaN,NaN,NaN,NaN,NaN,NaN,NaN,NaN,NaN,NaN,NaN,NaN,6,--
"Litvin, Mikhail (KAZ) (1996)",05-May-23,0.222,NaN,6.4,11.6,17.6,NaN,NaN,NaN,NaN,NaN,NaN,9.62,8.33,NaN,NaN,NaN,NaN,NaN,5,--
"Hudson-Smith, Matthew (GBR) (1994)",28-May-23,0.156,NaN,6.21,NaN,NaN,NaN,NaN,NaN,NaN,NaN,150m,200m,250m,300m,350m,400m,Official Time,Lane / Place,4,--
"Samukonga, Muzala (ZAM) (2002)",16-Jul-23,0.218,NaN,6.27,11.22,21.80,NaN,NaN,NaN,NaN,NaN,NaN,10.10,4.73,NaN,NaN,NaN,NaN,NaN,NaN,NaN
"Boyce, Desean (BAR) (2001)",20-Aug-23,0.168,NaN,NaN,11.14,NaN,21.82,NaN,33.77,NaN,NaN,NaN,NaN,NaN,9.36,NaN,8.37,NaN,NaN,8,--
"Gardiner, Steven (BAH) (1995)",22-Aug-23,0.221,NaN,NaN,11.17,NaN,21.15,NaN,32.57,NaN,NaN,NaN,NaN,NaN,10.02,NaN,8.76,NaN,NaN,6,--
"Ndori, Bayapo (BOT) (1999)",22-Aug-23,0.159,NaN,NaN,12.69,NaN,NaN,NaN,NaN,NaN,NaN,NaN,NaN,NaN,NaN,NaN,NaN,NaN,NaN,8,--
"Hudson-Smith, Matthew (GBR) (1994)",16-Sep-23,0.166,NaN,6.17,11.16,17.22,NaN,NaN,NaN,NaN,NaN,NaN,10.02,8.25,NaN,NaN,NaN,NaN,NaN,5,--
"Victor, Lindon (GRN) (1993)",21-Jun-24,NaN,NaN,NaN,11.22,NaN,22.52,NaN,NaN,NaN,NaN,NaN,NaN,NaN,8.85,NaN,NaN,NaN,NaN,3,--
"Ekwam, Zablon Ekhal (KEN) (1997)",04-Aug-24,0.142,NaN,6.09,10.95,15.94,21.50,NaN,NaN,NaN,NaN,NaN,10.29,10.02,8.99,NaN,NaN,NaN,NaN,6,--
"Bailey, Sean (JAM) (1997)",05-Aug-24,0.184,NaN,6.26,11.36,NaN,NaN,NaN,NaN,NaN,NaN,NaN,NaN,NaN,NaN,NaN,NaN,NaN,NaN,5,6
"Frackowiak, Oliwier (POL) 2007",08-Aug-25,0.152,NaN,6.45,11.84,37.43,NaN,NaN,NaN,NaN,NaN,7.75,9.28,1.95,NaN,NaN,NaN,NaN,NaN,8,8
